snapshot_date,video_id,view_count,like_count,comment_count
2026-07-21,K6inhdZotBA,343500,7929.0,979.0
2026-07-21,VLRwTIc_iPU,45851,816.0,41.0
2026-07-21,OSWJut6AGZ4,119302,1421.0,39.0
2026-07-21,3UEKgJlfNo0,568079,9234.0,570.0
2026-07-21,8Nwf7kjg2DQ,932049,26282.0,344.0
2026-07-21,6iJJf0UrNGc,109915,2499.0,66.0
2026-07-21,BPtb9WWqe4c,236212,4427.0,83.0
2026-07-21,udko1Z6zg2U,3279849,60361.0,4854.0
2026-07-21,J-buiTKFR0U,746164,10824.0,357.0
2026-07-21,PPRUq_lJ2BE,1133897,22992.0,2366.0
2026-07-21,cXUjaYvp0xk,48194,810.0,17.0
2026-07-21,T3sjpFXvdFo,203480,3577.0,446.0
2026-07-21,y17vWDmDLLU,73071,1667.0,35.0
2026-07-21,kUkoP7D19FU,97062,1748.0,37.0
2026-07-21,mu4YWCkKoDk,859385,16178.0,686.0
2026-07-21,2isdqFF0MYI,518473,8797.0,140.0
2026-07-21,WnvPjGoeIyQ,37880,549.0,20.0
2026-07-21,gbRkYlK-AW0,203561,3496.0,225.0
2026-07-21,vLXcVJGciMM,82844,1578.0,58.0
2026-07-21,udAVvAaVh6k,1494067,26534.0,2264.0
2026-07-21,ftrwUn1WEX4,782092,8967.0,1051.0
2026-07-21,jZtVd0j_Yic,126583,1958.0,54.0
2026-07-21,DQl32Kjouqw,118289,1957.0,37.0
2026-07-21,voVSMSJ9ewU,527546,6247.0,407.0
2026-07-21,nOJYE2uLlDU,948665,10110.0,1078.0
2026-07-21,e1ehNZzQLkA,119912,2224.0,114.0
2026-07-21,QhNkG7Z_FjA,199075,1822.0,33.0
2026-07-21,KdFj7m7Vi6U,221297,3533.0,160.0
2026-07-21,bdsXqWZX_C4,260917,4281.0,75.0
2026-07-21,KNwqT1tgbKU,48704,965.0,26.0
2026-07-21,p9YmY8Nh8kQ,614494,9050.0,950.0
2026-07-21,M7eF66fQBxs,152794,2939.0,78.0
2026-07-21,WON67J0NJB4,147414,2501.0,119.0
2026-07-21,kFxuDAajkB4,1456675,33871.0,3537.0
2026-07-21,J8AQ96FPwsg,922722,12742.0,162.0
2026-07-21,jemBC8agGf4,1284667,20395.0,1710.0
2026-07-21,bhV5Mvhn2RA,1805958,22285.0,719.0
2026-07-21,-8Jqg3cymSs,185326,2280.0,352.0
2026-07-21,sgFbsOG_y58,64081,658.0,32.0
2026-07-21,UY0hNkXcK6A,438424,3759.0,532.0
2026-07-21,YEAIgTzYmMo,122682,1811.0,58.0
2026-07-21,b6GCP9otK_Y,245043,1138.0,218.0
2026-07-21,3Wf4UxaJ-zo,76076,806.0,12.0
2026-07-21,ZAwRlnGva_w,550426,8368.0,533.0
2026-07-21,gMAU2PdFggg,905052,12380.0,455.0
2026-07-21,p_vbneEIfm8,574183,7717.0,1055.0
2026-07-21,Rp-_-EKVb1o,360045,5283.0,254.0
2026-07-21,tboE3v0NDfs,292365,3252.0,108.0
2026-07-21,NjsYyPA8Wic,3348466,64300.0,4692.0
2026-07-21,vzPb8j0w9ks,262467,2785.0,91.0
2026-07-21,44Z8I1L1Gg0,660870,5402.0,639.0
2026-07-21,tc9rDfTXGK8,729088,6004.0,345.0
2026-07-21,Lh54UyiPr6s,412215,5335.0,355.0
2026-07-21,Hc81mqEjK4A,374714,6302.0,510.0
2026-07-21,ITU7kU8Pdtw,98763,1784.0,140.0
2026-07-21,9VcAFieFARI,206450,1540.0,249.0
2026-07-21,tnpgwdGOZq8,151697,2074.0,36.0
2026-07-21,ujOybtSQ_dc,276154,3359.0,264.0
2026-07-21,sVeucKGTsnQ,693118,7321.0,478.0
2026-07-21,ydy3nSE7ywQ,293198,2386.0,318.0
2026-07-21,E8x56e38ATM,308843,4994.0,135.0
2026-07-21,66VVCava7-Y,1773875,21385.0,1029.0
2026-07-21,EJFV0dV9uDo,532591,7007.0,218.0
2026-07-21,jGrA3JTWmIY,526431,6833.0,160.0
2026-07-21,krwAJblmVPU,117628,832.0,89.0
2026-07-21,Lez3FG1fZxc,210133,3099.0,143.0
2026-07-21,vOlwhC4yn4w,54055,1179.0,40.0
2026-07-21,5OqpeSSYYtI,671800,13169.0,232.0
2026-07-21,wszdluHzTak,729399,8729.0,585.0
2026-07-21,ZeEqpS2Fiy8,295593,4091.0,305.0
2026-07-21,0EATAxsSnKk,360810,4132.0,331.0
2026-07-21,L60oEgOQdvk,1373766,25113.0,582.0
2026-07-21,Ygi0JsphXok,535972,12116.0,182.0
2026-07-21,1hqgUdZKbjM,270024,1132.0,22.0
2026-07-21,GHe8GOKV5dk,442282,16148.0,1149.0
2026-07-21,FOu0L1nYRkM,189954,3112.0,67.0
2026-07-21,444EDKBid2w,744812,11356.0,548.0
2026-07-21,dA2QVBtEVps,24995,364.0,14.0
2026-07-21,cC-hKpbuqS0,530977,6647.0,1181.0
2026-07-21,n2SkFb6M24w,109890,1803.0,47.0
2026-07-21,HsOEdfrgeZk,362500,4791.0,465.0
2026-07-21,OeafMZyEcgg,117755,2010.0,57.0
2026-07-21,KzNWUxU0HCk,936477,9320.0,598.0
2026-07-21,7r-qoSzWXHo,157835,2668.0,304.0
2026-07-21,ZHus-bYc4es,140156,2099.0,61.0
2026-07-21,wW6ycct7SZo,443062,5182.0,450.0
2026-07-21,6NudKxFWJ2k,760695,10542.0,568.0
2026-07-21,IsgXGbK4Uak,87659,1088.0,37.0
2026-07-21,yXq9L2M1dy4,261034,3497.0,138.0
2026-07-21,5iiVtuwweZM,633040,9694.0,129.0
2026-07-21,nUuj48gvNvA,203142,2731.0,204.0
2026-07-21,VSYDmR0pRd8,511269,6291.0,273.0
2026-07-21,IMTaW-qDd7g,325218,5121.0,192.0
2026-07-21,-1mIe6Puq9s,540917,9715.0,989.0
2026-07-21,JfQ3t9d7UFw,277344,4223.0,358.0
2026-07-21,FKKpTDGspJk,570003,7691.0,398.0
2026-07-21,KGwFYiQyYsQ,190097,3652.0,154.0
2026-07-21,0eF81AyV_us,92856,1851.0,115.0
2026-07-21,OTG5RGeLAQQ,339380,6401.0,839.0
2026-07-21,h70ZfDVvk1I,584939,2493.0,241.0
2026-07-21,8_VRut08Xps,475905,9621.0,496.0
2026-07-21,OrTX8OiR-FQ,617238,7656.0,212.0
2026-07-21,ryNeFTtcOwY,412336,2701.0,226.0
2026-07-21,036GoyUgzjs,404768,7241.0,240.0
2026-07-21,9nFyt6m4U-g,56407,1263.0,21.0
2026-07-21,-0HtTCRXI4Q,19639,268.0,10.0
2026-07-21,t-KgPvvbr4w,503571,7164.0,323.0
2026-07-21,FXNreX94exU,378040,6042.0,102.0
2026-07-21,35cM167x9T8,261850,3386.0,43.0
2026-07-21,T-zEQfaRRYA,108110,1551.0,18.0
2026-07-21,Y8jRolTmRu4,862149,13210.0,291.0
2026-07-21,6EgMX_dqAuE,75810,1369.0,19.0
2026-07-21,fa5-N2uJjOg,686745,15482.0,8781.0
2026-07-21,sZdnmdc5cnE,503137,8246.0,653.0
2026-07-21,hA8jtBjWlug,145971,1486.0,37.0
2026-07-21,juPA9SgqxiY,363510,8053.0,629.0
2026-07-21,hJ0WUR_D2jY,494968,7423.0,312.0
2026-07-21,IlPIfGojmcc,885550,8124.0,638.0
2026-07-21,2ZNk0d6vfwQ,610756,7959.0,481.0
2026-07-21,oSigp7C5vlw,1332367,10498.0,878.0
2026-07-21,PE_hTsHTBzE,510759,8310.0,384.0
2026-07-21,InngxYidux4,342530,3537.0,209.0
2026-07-21,1zpZp63p4to,439921,7424.0,560.0
2026-07-21,nq-TiAyCE-o,44129,733.0,12.0
2026-07-21,kleRKYvlHh8,64507,747.0,18.0
2026-07-21,eLtPN9udQdw,1481390,16224.0,550.0
2026-07-21,gRnhMUzDtAM,36627,744.0,6.0
2026-07-21,KvQ6_bPTC8k,1561304,6296.0,624.0
2026-07-21,NUy9yH9Yq0A,22566,395.0,5.0
2026-07-21,DJf7gPo-hTM,70347,920.0,15.0
2026-07-21,IMsIcsWcHf0,457806,8065.0,521.0
2026-07-21,XiEZ02qVYVo,33349,498.0,6.0
2026-07-21,NlyedY95lpM,230140,2452.0,146.0
2026-07-21,HKmbQaet1DM,137907,1596.0,119.0
2026-07-21,WD1BBxsxfpE,391430,4349.0,532.0
2026-07-21,j1MqFAhBcUw,310605,2745.0,226.0
2026-07-21,zlnlIB1_7Wk,35383,558.0,23.0
2026-07-21,bOsVzamA4P4,634782,7937.0,419.0
2026-07-21,9dFV4FkkRhM,756377,12469.0,559.0
2026-07-21,MN0hpcQ7j10,541242,8227.0,561.0
2026-07-21,HhQ4VH1UTU4,30584,476.0,6.0
2026-07-21,rzHv20HND1k,63162,1254.0,83.0
2026-07-21,X5aY3DNljUI,1217658,10813.0,655.0
2026-07-21,tRC-dglnpgA,614886,12746.0,831.0
2026-07-21,vcl9IM6fvzE,96501,1180.0,32.0
2026-07-21,hFLyhPeFHPc,46710,1029.0,20.0
2026-07-21,5xccHa9UxKk,1126418,24550.0,1689.0
2026-07-21,gQnKk3RulQo,551285,5665.0,873.0
2026-07-21,0Gzk13yadmA,413717,5466.0,332.0
2026-07-21,MzqrZ_a_DPg,50427,1028.0,18.0
2026-07-21,JSc4c4BEhag,53387,657.0,9.0
2026-07-21,ymQcV_wxK8g,790767,14061.0,982.0
2026-07-21,nzrBI-7tZvg,725351,7785.0,539.0
2026-07-21,1LLbClNRXt0,1365281,24144.0,1759.0
2026-07-21,Jq7llIkbJeA,524398,5656.0,449.0
2026-07-21,yOjD-6_Y0as,134454,2473.0,97.0
2026-07-21,brirXPljYso,529880,1924.0,44.0
2026-07-21,A8FCfN-WlyI,105605,1379.0,68.0
2026-07-21,XrZSufCvG6g,25925,379.0,16.0
2026-07-21,_8hRTF0EFb8,1170966,31247.0,3073.0
2026-07-21,n9OSyFouJMM,428145,3339.0,264.0
2026-07-21,GecjuFqSz2Q,107255,1265.0,32.0
2026-07-21,Cx4j-dux-ac,103430,834.0,24.0
2026-07-21,xe2Yg2aBflQ,179198,1662.0,179.0
2026-07-21,D-o6sQPQJpg,1069326,8084.0,1421.0
2026-07-21,DQ3fxfUWf-w,1127773,15426.0,1661.0
2026-07-21,WAveXqb7FRE,356480,2414.0,373.0
2026-07-21,XU6u5Ro-lFw,590532,7481.0,448.0
2026-07-21,rI5YuE5mIS4,418872,3780.0,550.0
2026-07-21,AVR93bW9ZDI,1251145,9647.0,754.0
2026-07-21,jl87f-4iwU4,785536,4662.0,424.0
2026-07-21,405qhpa0Lzg,146823,1794.0,56.0
2026-07-21,qBRc7m3VmFU,525730,5576.0,460.0
2026-07-21,DaOX3715CU0,107566,1358.0,73.0
2026-07-21,gHt8mEoGJLU,636556,7573.0,596.0
2026-07-21,ftwV9Q0e7Jo,498731,5255.0,127.0
2026-07-21,Oto6n6n3vao,148636,2321.0,83.0
2026-07-21,KJknopvpsT4,198104,3029.0,435.0
2026-07-21,DV5rAm1pGEU,369314,4820.0,381.0
2026-07-21,FnH7QXfDRJQ,1787199,17205.0,846.0
2026-07-21,CnoGML_LIbk,1314411,21548.0,1504.0
2026-07-21,drZYsIgqSIo,527879,6008.0,501.0
2026-07-21,D-y3MFi30fg,428472,7538.0,83.0
2026-07-21,XHZLE-g8t4Q,621073,7070.0,162.0
2026-07-21,9sFUCrxaYWo,185087,2661.0,71.0
2026-07-21,sFElH41zvHk,397415,4097.0,313.0
2026-07-21,xf4ssP9JoHw,514626,5618.0,87.0
2026-07-21,2rV5htxZ2KU,387042,4366.0,416.0
2026-07-21,AzzwhsEiLLA,463982,5648.0,355.0
2026-07-21,6UyF4TSv8tI,695923,11003.0,586.0
2026-07-21,FQEJ57GG2CI,414819,7798.0,627.0
2026-07-21,ax6PbVOZZIU,612758,7478.0,227.0
2026-07-21,qUNjT9WWMvU,590005,6721.0,599.0
2026-07-21,b4RkSPpbwP0,610476,7243.0,252.0
2026-07-21,mUvWxHJfqDA,249587,2465.0,131.0
2026-07-21,j_2rJO0QAeY,434233,6964.0,389.0
2026-07-21,5FHIgRnz7k4,936567,12697.0,813.0
2026-07-21,VqXR85V902g,417701,4177.0,187.0
2026-07-21,VUEb3AqoA8A,598744,9230.0,454.0
2026-07-21,-TtwFUmGvvU,403145,5670.0,358.0
2026-07-21,tCJ_UVBO9Oc,179271,2329.0,45.0
2026-07-21,pby-8b_K1XA,1065489,19145.0,1160.0
2026-07-21,Z1F3-eSKoTs,503260,3875.0,69.0
2026-07-21,9ApEaLbgP5g,818609,10350.0,375.0
2026-07-21,4yxINDGiS9U,286872,3595.0,215.0
2026-07-21,RqVROZYpGgg,175194,2022.0,32.0
2026-07-21,K2m1wAftEko,1311926,16793.0,964.0
2026-07-21,LEHtf4LnXmg,756194,11302.0,826.0
2026-07-21,0IpJuqW6_OM,665962,6725.0,353.0
2026-07-21,8v4bTQeOLro,944212,10129.0,570.0
2026-07-21,JAB8P3ZAd8s,1723935,23754.0,911.0
2026-07-21,EAhfBmMv2OI,195269,3279.0,161.0
2026-07-21,vkV3X-4fMlo,68181,760.0,21.0
2026-07-21,BnL-BXjomLQ,229415,2138.0,81.0
2026-07-21,oKx2NEA_Aj8,487667,5851.0,315.0
2026-07-21,NSvBVaZ8Moc,1081293,32222.0,356.0
2026-07-21,FsPPrwFpy8E,58062,822.0,19.0
2026-07-21,LWPyeLnVnxE,730253,2995.0,171.0
2026-07-21,m55L44FH46A,157176,3289.0,109.0
2026-07-21,aoefpJJJfNY,239828,3347.0,30.0
2026-07-21,FLpMCJ-uIqc,199774,3422.0,66.0
2026-07-21,S-4N8BMP3-o,1454113,16493.0,810.0
2026-07-21,6Np0Y9niE7g,479719,5040.0,228.0
2026-07-21,_82eh6twyko,1544447,21014.0,569.0
2026-07-21,NKo_tPVbBAc,319669,3475.0,198.0
2026-07-21,VZMWQtbeTd0,247105,2073.0,97.0
2026-07-21,DD7D5Vq2SiA,71341,1162.0,31.0
2026-07-21,x1yWjVs60oM,322162,5228.0,276.0
2026-07-21,VUcq_blQDhY,84999,1601.0,70.0
2026-07-21,YKWthEQNGsE,460493,5426.0,117.0
2026-07-21,vibKG9jswRI,442801,5564.0,560.0
2026-07-21,zpRIYhNWwlI,911339,8141.0,729.0
2026-07-21,n7L1rpqKp-s,206564,3482.0,155.0
2026-07-21,Ckof-QvJLqA,137493,1571.0,21.0
2026-07-21,9UgO-Fq8IRY,456570,5217.0,600.0
2026-07-21,wqSLQ550CT8,90044,585.0,34.0
2026-07-21,lE6DlmdiAA0,67436,757.0,35.0
2026-07-21,WFtkXX9mWug,914196,9379.0,408.0
2026-07-21,_7-OQtOPCZM,982999,8525.0,1268.0
2026-07-21,rl4YQjT5dBI,1278121,15260.0,224.0
2026-07-21,zOPEKLgy0OY,175785,2881.0,90.0
2026-07-21,Ue5orMobxDY,491648,4797.0,201.0
2026-07-21,l55qh0XmVqM,239707,2684.0,76.0
2026-07-21,c-L58cCrRn4,547746,6389.0,555.0
2026-07-21,OPg0rpaqZng,458685,6115.0,163.0
2026-07-21,EqTMPCRCCJI,474502,6403.0,256.0
2026-07-21,4-eHWTHOP9I,305539,4928.0,263.0
2026-07-21,RFne0wdpVTw,451185,9102.0,1535.0
2026-07-21,Y1m-AHLSg-A,309719,3554.0,80.0
2026-07-21,wkXW8ryejcQ,95230,1146.0,63.0
2026-07-21,n9jNAzTMSZI,220226,3012.0,86.0
2026-07-21,xNYTPde_ZC8,248587,2203.0,379.0
2026-07-21,If_2YsNlXuY,989128,12168.0,155.0
2026-07-21,0n4bKVcVIv0,175362,1585.0,45.0
2026-07-21,usTHgaMiu4I,638507,11866.0,1115.0
2026-07-21,e14uxSqof0Q,226139,3869.0,197.0
2026-07-21,jc2Y5eGdWBc,411243,4122.0,525.0
2026-07-21,LEzNOKX1QR4,147841,2063.0,17.0
2026-07-21,T0KAU7uBDak,150881,2498.0,65.0
2026-07-21,u0nFfjgn694,703817,7479.0,593.0
2026-07-21,VihZQffK240,756382,8506.0,126.0
2026-07-21,bt85BTgbiSo,516182,7181.0,244.0
2026-07-21,s8zOWV5_RkI,116794,1450.0,80.0
2026-07-21,ZX0gYlL1fBU,337522,4515.0,718.0
2026-07-21,5VwN3f7oOqI,138627,1642.0,48.0
2026-07-21,3B7S02e4kSU,495556,4623.0,397.0
2026-07-21,_dd53Dybu1U,34923,557.0,36.0
2026-07-21,oOFhvKKfIS0,43746,634.0,17.0
2026-07-21,ukXrRqWoMNc,703876,7720.0,372.0
2026-07-21,8xA0lHsJmn0,472429,7169.0,212.0
2026-07-21,PRMx0IKHnmY,920992,16204.0,244.0
2026-07-21,lyCSLfdh69I,176834,1937.0,46.0
2026-07-21,fibSaE6fApU,633246,6576.0,549.0
2026-07-21,cQVbKp8EQQI,191398,2313.0,125.0
2026-07-21,1VV_Kp98fsQ,191932,2447.0,44.0
2026-07-21,E2b69_BDh4Y,62898,1296.0,23.0
2026-07-21,BQ5RcFYU9NE,271848,1855.0,39.0
2026-07-21,sX9MgWz5xw0,400567,5391.0,115.0
2026-07-21,DzGL5meSCyI,176553,2755.0,213.0
2026-07-21,oQRRySDKz7U,72367,950.0,59.0
2026-07-21,b06Buo1w3g0,27598,530.0,11.0
2026-07-21,pxbCIQ9_s70,471351,5960.0,395.0
2026-07-21,PqlRnvsC59Q,442850,4094.0,192.0
2026-07-21,YePsJGqlLm4,548545,7353.0,552.0
2026-07-21,yez92X6yX8g,113472,2045.0,125.0
2026-07-21,k3Sjrq44bao,726903,7861.0,397.0
2026-07-21,BaBR8qtSVg8,604358,6933.0,378.0
2026-07-21,qcZXiWQ3ds4,252850,2338.0,43.0
2026-07-21,TxV6adl256U,326889,8030.0,840.0
2026-07-21,UV6wX8SLAHM,355914,4713.0,83.0
2026-07-21,ZNF45t6HQHU,38263,448.0,5.0
2026-07-21,k79RZH_3Bns,895667,13497.0,871.0
2026-07-21,hQmYsZvE2SQ,474610,4621.0,73.0
2026-07-21,OdFF7eIM8DA,116517,1274.0,34.0
2026-07-21,UglHsqhbbUY,586955,7930.0,357.0
2026-07-21,-kzdKcsZrn8,300548,3654.0,104.0
2026-07-21,hq7KRQ72rMM,696049,10290.0,759.0
2026-07-21,yk94w5D2BRw,1225542,22956.0,360.0
2026-07-21,oLudI6eWLsM,150353,1454.0,52.0
2026-07-21,3tosFNAk8PU,425158,4782.0,120.0
2026-07-21,TFF2IP025C4,1031302,14116.0,684.0
2026-07-21,005a8GllC20,1217544,13762.0,605.0
2026-07-21,qJcxdtBBeHA,112196,1719.0,25.0
2026-07-21,dUZ9vOH1gx0,1774627,17144.0,743.0
2026-07-21,Lplr69ViTF4,428262,4871.0,625.0
2026-07-21,mpSaeFKBa6E,328260,6897.0,1075.0
2026-07-21,xGyJnBDIsdA,530041,8206.0,764.0
2026-07-21,JhpaUXwZEgw,486818,6541.0,334.0
2026-07-21,fyGnls7PCmI,625999,7536.0,463.0
2026-07-21,FkiXREdD-Yc,310771,5723.0,504.0
2026-07-21,3wVj1tGEdxY,65710,1183.0,54.0
2026-07-21,3xN2CBwCuGU,90316,1080.0,62.0
2026-07-21,wXrU2QjPHrQ,521187,6215.0,75.0
2026-07-21,XNPvSLHqf1k,984608,11204.0,762.0
2026-07-21,ZVwT73yB7Fo,72872,1236.0,10.0
2026-07-21,Q1yWS0Cx_Tc,1205998,16599.0,1250.0
2026-07-21,kibk-NsCRTk,796566,11040.0,119.0
2026-07-21,5MKgEt5Nxa0,423580,6517.0,120.0
2026-07-21,Wt6-2PysTY0,617383,7795.0,499.0
2026-07-21,YTyRC8vp3WI,333105,3201.0,118.0
2026-07-21,TIz4dZLDxeY,542211,5379.0,517.0
2026-07-21,_EGhSLAs57k,600296,5337.0,363.0
2026-07-21,ZqZXCFbusZ8,281632,2415.0,26.0
2026-07-21,KIRtgAddTk4,264016,2074.0,113.0
2026-07-21,d2-9qzKxIcQ,608003,4883.0,541.0
2026-07-21,xVpNDW4satM,1505375,14647.0,1215.0
2026-07-21,lxzvDZcO8n4,720342,4969.0,82.0
2026-07-21,D7trASXHL3I,582676,5196.0,25.0
2026-07-21,N-pfEtaL6wo,805463,11251.0,534.0
2026-07-21,OM57GewXsyE,1197110,12940.0,241.0
2026-07-21,sxGH8365kQw,411110,4238.0,95.0
2026-07-21,MI4WRENAxZM,115729,1730.0,86.0
2026-07-21,XtCVotttsks,542752,4496.0,201.0
2026-07-21,dGsitIKbyBw,499664,5471.0,439.0
2026-07-21,hC1yVhrTqqk,376302,3683.0,174.0
2026-07-21,JwBaKvKz3wg,1652253,18826.0,1460.0
2026-07-21,9CVOQA8yMZM,679288,6423.0,349.0
2026-07-21,ygSBXv-IgGg,553043,4209.0,221.0
2026-07-21,6-TeFHplXgE,689245,7895.0,555.0
2026-07-21,Yv4Ae_t99Uc,116734,965.0,28.0
2026-07-21,t8yxu_JstYA,2083006,32633.0,782.0
2026-07-21,po24OFyyOBo,747414,8074.0,563.0
2026-07-21,5V0oZyGjgzQ,74715,687.0,9.0
2026-07-21,Ch3iXiv1uyY,98781,1195.0,41.0
2026-07-21,zs3muz-XXPM,427272,4765.0,431.0
2026-07-21,jAW3nt1QekI,405926,4899.0,69.0
2026-07-21,3mZB_dr4mdc,2063474,36208.0,322.0
2026-07-21,3C8nj7wwMtY,397966,3858.0,225.0
2026-07-21,M54g3HMaXK0,46096,600.0,19.0
2026-07-21,wBnkLMwEa4k,83139,1320.0,38.0
2026-07-21,-jzz4YhzW2c,465440,5231.0,489.0
2026-07-21,HRD7u-dzjkU,2394887,26060.0,1604.0
2026-07-21,NN6YKD_bErI,97473,2377.0,52.0
2026-07-21,P3VpPa4uH3w,277780,3896.0,149.0
2026-07-21,s1CG21cnYXM,275135,4352.0,82.0
2026-07-21,XqekMvr-4zE,483354,9207.0,122.0
2026-07-21,arxHyiDv7VQ,1615523,20022.0,1079.0
2026-07-21,1LFhhQzEEmk,231610,6298.0,157.0
2026-07-21,r09UNWEvvMY,185923,6340.0,94.0
2026-07-21,bT8wdYP-4TM,55249,1041.0,17.0
2026-07-21,AG71F5Tg1UA,3023574,90447.0,6331.0
2026-07-21,qaXS7PzGbNg,980846,16984.0,764.0
2026-07-21,A_X6BpOkvEI,1891727,19540.0,327.0
2026-07-21,oI8LzKckOeU,824599,8309.0,792.0
2026-07-21,GiXkZRZFtRg,387928,8086.0,129.0
2026-07-21,NoyERwLSyR4,213850,2354.0,39.0
2026-07-21,GdaaEug5rBA,230327,5774.0,103.0
2026-07-21,dRP4qv_ympQ,911486,14739.0,704.0
2026-07-21,qbngFf0aOZo,290222,4986.0,102.0
2026-07-21,ixv9ZWHCSGs,367483,11168.0,477.0
2026-07-21,1TB8bkYNMD8,249766,5243.0,103.0
2026-07-21,fUS1l6VbWPU,340508,8677.0,154.0
2026-07-21,bVgXndmEFcs,438045,5665.0,529.0
2026-07-21,mHzpl5yeKHg,117771,2885.0,61.0
2026-07-21,tvCgpM3kFzk,354042,5430.0,173.0
2026-07-21,-N5Rys0rUpM,211947,3050.0,75.0
2026-07-21,ec_Knbmr5GI,212656,3996.0,109.0
2026-07-21,idOX4nh7SUE,445825,5691.0,670.0
2026-07-21,L8AT1OVX8gY,37111,925.0,17.0
2026-07-21,KE-zGpgITBE,85529,1248.0,117.0
2026-07-21,-sz7vMvJIXQ,232127,3919.0,102.0
2026-07-21,RRfU0L0_VX8,869571,9998.0,801.0
2026-07-21,ISRmrQND1E8,260585,7131.0,86.0
2026-07-21,FQdnSRofAxE,74700,1430.0,84.0
2026-07-21,PWsO5fZW_Xk,104290,2621.0,70.0
2026-07-21,_lZpaplHja8,1456807,19828.0,509.0
2026-07-21,xMRWe8L2vDc,996512,15452.0,155.0
2026-07-21,AERd2mm6N8A,214397,3782.0,334.0
2026-07-21,gvTHJf5DSq8,101933,1999.0,145.0
2026-07-21,3kcA0Hjjfzk,364926,7225.0,2937.0
2026-07-21,wI2V_PQBKgc,840994,9210.0,565.0
2026-07-21,BOr74FT0vKI,303720,3597.0,602.0
2026-07-21,IGp6P1ICa6g,450007,4694.0,407.0
2026-07-21,brvuhoE8iIQ,464835,5194.0,426.0
2026-07-21,N4xZCeSksic,303256,2362.0,380.0
2026-07-21,GGaglnio_OE,495990,5261.0,556.0
2026-07-21,bGVoJBgSkOo,1520805,20164.0,882.0
2026-07-21,uwNz5fdnUnw,717161,8669.0,380.0
2026-07-21,l7ddSTLcV7s,447050,6291.0,338.0
2026-07-21,l-ce2GEyfrI,365747,2174.0,215.0
2026-07-21,DEF9fW63il4,42171,651.0,30.0
2026-07-21,-CDoUY27Gj4,181612,4136.0,140.0
2026-07-21,Ior8_9hvw_M,276474,4105.0,89.0
2026-07-21,hWvocJR_4fc,84239,1159.0,21.0
2026-07-21,SxMLEsBGl5Y,141895,2397.0,81.0
2026-07-21,Jr7YcSKmC6k,251034,4258.0,360.0
2026-07-21,9Fa0FSpKsgI,564065,7832.0,455.0
2026-07-21,rNlH4mG0C4U,757666,7935.0,522.0
2026-07-21,MQHJ_7bMuTg,269710,5722.0,243.0
2026-07-21,SHyNUOaT_hU,258954,4611.0,88.0
2026-07-21,hF8b9qukpNU,85699,1973.0,67.0
2026-07-21,UNgZG01vzDA,199796,4019.0,115.0
2026-07-21,O_LRCpDOIZ4,69149,1542.0,46.0
2026-07-21,ifBe8hoihTQ,24472,730.0,9.0
2026-07-21,tadjP94YOEg,694237,13494.0,172.0
2026-07-21,KVw-8_95gAo,792616,9019.0,520.0
2026-07-21,82lcyVVlSGc,109111,2451.0,46.0
2026-07-21,cVo0fN1vcb0,824164,8191.0,74.0
2026-07-21,MdYZSNv1KpA,592646,8011.0,465.0
2026-07-21,O886VHifoMs,513148,9811.0,463.0
2026-07-21,RS8QqbF2fpk,1346781,39781.0,221.0
2026-07-21,uAKCJJtDwI4,516021,4884.0,554.0
2026-07-21,lJvnbvTxGwg,845666,7137.0,281.0
2026-07-21,V1aM41ETxYY,350121,6937.0,1366.0
2026-07-21,WR9bi11sEzo,138282,2811.0,48.0
2026-07-21,tE-hmw2ZRaM,1026006,8423.0,487.0
2026-07-21,ZobG2c4Fcr0,364624,6507.0,536.0
2026-07-21,JWKwr7DOFIw,387671,,118.0
2026-07-21,N0gobQIyi9w,445872,5417.0,1326.0
2026-07-21,N92CHWr1B_8,1066076,8499.0,367.0
2026-07-21,HjXGhbujADQ,5002790,73799.0,534.0
2026-07-21,oXbflkncrCs,681817,8511.0,763.0
2026-07-21,StNhD0FY5Ic,211862,2387.0,1209.0
2026-07-21,QPpbudpd20U,384512,6892.0,170.0
2026-07-21,gg5Ep6PVLrs,251892,3421.0,328.0
2026-07-21,NWTerc3yEfk,477413,6771.0,396.0
2026-07-21,6n6TZKFl7c4,196503,3490.0,244.0
2026-07-21,AWLG1x5styo,883530,10775.0,623.0
2026-07-21,Hejh29fjeJk,206233,2459.0,3054.0
2026-07-21,k78-gi_GZ9A,698386,9461.0,448.0
2026-07-21,zrGiR15hv7g,37961,734.0,21.0
2026-07-21,GBmsKpAGJKA,1097367,14300.0,840.0
2026-07-21,6phQa8GR97E,195449,2678.0,845.0
2026-07-21,wezva9-OooI,280050,6856.0,384.0
2026-07-21,HpogY8d4ibM,213964,6143.0,35.0
2026-07-21,eNXw5AI6O4U,444995,8335.0,702.0
2026-07-21,kvEjPGaJv68,65152,1758.0,56.0
2026-07-21,6S-pPaUJPPk,652855,6824.0,457.0
2026-07-21,5-O9_uNlMG4,615215,9494.0,638.0
2026-07-21,RYJpMHaXw4I,95828,1761.0,29.0
2026-07-21,-tdCv38d57s,2047505,18797.0,1693.0
2026-07-21,UhnCRTpwIok,208010,2245.0,1227.0
2026-07-21,wm2s0q98-dQ,369808,7223.0,607.0
2026-07-21,M2GlVTQby24,321026,3794.0,314.0
2026-07-21,G2GMkGzLD-w,252419,9425.0,102.0
2026-07-21,zXHVazKMbk8,711040,11211.0,769.0
2026-07-21,ocgSQm-P3Ew,201149,2547.0,189.0
2026-07-21,0P3nHhPxyuE,213724,2254.0,1063.0
2026-07-21,zgYtIrKIQm8,262139,2937.0,521.0
2026-07-21,SBhwZQN1aiw,608399,5400.0,672.0
2026-07-21,JuGIBygBKMs,22390,527.0,6.0
2026-07-21,e-dk8Rk7NTM,20658,481.0,14.0
2026-07-21,foEGXfxR4QE,284627,4571.0,481.0
2026-07-21,6FrgQBZGvZk,1335457,23562.0,1854.0
2026-07-21,r52IeNaDCDw,32662,708.0,16.0
2026-07-21,qdFkk29g18Y,254133,2732.0,1636.0
2026-07-21,dFlPxMxmsMQ,428908,9476.0,2149.0
2026-07-21,ccrQfG6Xvqk,479984,9634.0,217.0
2026-07-21,K7sGQzxrmo4,328619,3592.0,217.0
2026-07-21,fkC7YmeYyBs,535875,5833.0,706.0
2026-07-21,TvXHxn-uU2E,230815,2501.0,1106.0
2026-07-21,rSHsO4CIBxc,77560,822.0,33.0
2026-07-21,13U-c62C5QY,54322,1151.0,42.0
2026-07-21,PnYmB1VMv2k,219395,2496.0,1602.0
2026-07-21,aeI3j7IOpjQ,656731,6188.0,269.0
2026-07-21,HW-6dkNNflk,375916,10993.0,349.0
2026-07-21,2YEq5U9oK40,411731,5311.0,304.0
2026-07-21,po8LTdZOuAM,36049,963.0,31.0
2026-07-21,nND8bgloOyc,237478,2426.0,660.0
2026-07-21,PGyybvOLAQ8,40937,918.0,22.0
2026-07-21,V1Jhc7IF4Kg,763811,16367.0,2153.0
2026-07-21,ZjuT4zkzV7Y,240538,2587.0,875.0
2026-07-21,eoGRjUxVITg,634224,10170.0,592.0
2026-07-21,dByUlzwq3yg,820489,8037.0,491.0
2026-07-21,wpHJq-Na_ic,273295,2880.0,1340.0
2026-07-21,7Q1Aq84HbPk,327687,3255.0,1294.0
2026-07-21,oAHmNxJSuLQ,1011177,31597.0,423.0
2026-07-21,CcoTgUcUPOA,894885,20665.0,222.0
2026-07-21,J4J4RmRoSRc,108394,1847.0,51.0
2026-07-21,RgNO-U5tV2E,516556,5567.0,565.0
2026-07-21,PGCKnn-jRT0,962938,20541.0,3954.0
2026-07-21,gG4k1XyIans,346219,3770.0,1452.0
2026-07-21,WQgoQ0ZGY6w,41402,968.0,58.0
2026-07-21,8iPvn7r0oPI,468738,6193.0,643.0
2026-07-21,NXkJ8q4tYik,403164,4834.0,3125.0
2026-07-21,7ooNzHex8MA,1020774,10031.0,841.0
2026-07-21,JAKHdfkwqmI,764163,17293.0,2977.0
2026-07-21,CaTJdJPDzc8,458284,5023.0,1477.0
2026-07-21,E-NlTve6jZ8,390450,6501.0,299.0
2026-07-21,QmrEK1nJ47g,554028,7078.0,1177.0
2026-07-21,Dq7ADR6tGL4,519338,5622.0,688.0
2026-07-21,pBu0f3024jw,862875,14715.0,1986.0
2026-07-21,EbQWa2uR1xo,775686,19568.0,1519.0
2026-07-21,JLx3aPbpKZ0,549873,6792.0,1323.0
2026-07-21,_5yRP7xc63c,547677,5654.0,1501.0
2026-07-21,h87DqA4-BnM,715239,11917.0,467.0
2026-07-21,rnyDg0_a4Xk,514864,5485.0,423.0
2026-07-21,zT83fawS5t4,260930,3572.0,201.0
2026-07-21,_e9GWEHtIgk,625211,7004.0,2476.0
2026-07-21,4Bc7dbPCjVk,481464,17216.0,1360.0
2026-07-21,pO8qt8r4EEU,782230,8602.0,2335.0
2026-07-21,7Ve8p_iqqDA,304128,3595.0,412.0
2026-07-21,BgC7u9HqxeY,239173,9663.0,101.0
2026-07-21,U7OAW-_CL2k,983902,14899.0,913.0
2026-07-21,AiV3vVylkxY,1066011,14083.0,3033.0
2026-07-21,1Td-0APNtv0,573943,8657.0,1042.0
2026-07-21,eXJPoGWz2DA,85213,2194.0,40.0
2026-07-21,cS-kxbnVFUI,151246,3575.0,115.0
2026-07-21,cabXMIKPErc,458111,6479.0,542.0
2026-07-21,KmOsGsDi0Rc,214230,3681.0,96.0
2026-07-21,9qQJ1wWWW7E,195708,3486.0,58.0
2026-07-21,Y6FcI6YkyxU,1099474,20232.0,1140.0
2026-07-21,J3uTxdbA-Gk,1504808,24632.0,3123.0
2026-07-21,qQMj3Y49pgY,145572,2481.0,65.0
2026-07-21,jwf3qdKZaWA,374702,4477.0,430.0
2026-07-21,7YAtArcnnpk,751800,10847.0,4406.0
2026-07-21,5CGYq22OrD0,439110,6903.0,434.0
2026-07-21,x5_jysnrLUc,708957,8487.0,816.0
2026-07-21,z9cUO1bsbKk,563473,7944.0,1065.0
2026-07-21,GdqaTFzJlx0,150475,3255.0,148.0
2026-07-21,lZkbnDSu9l0,432469,8790.0,458.0
2026-07-21,fVbsra-vyk0,343349,5792.0,200.0
2026-07-21,u-9NcjZU5hE,461072,4622.0,460.0
2026-07-21,erfR0r1g5cA,148468,3587.0,90.0
2026-07-21,FHnP5_9_hMQ,660326,14143.0,688.0
2026-07-21,alR4Vb-VGBg,2529901,48795.0,3904.0
2026-07-21,HbMVZBT5INU,64491,1138.0,18.0
2026-07-21,pWqtBopHReA,333841,3266.0,287.0
2026-07-21,5DyuFsO775w,31295,683.0,9.0
2026-07-21,iyv6FtLZ0JI,641251,5973.0,526.0
2026-07-21,9mvgmTzccQQ,211561,2166.0,177.0
2026-07-21,X6X33N3zAms,513789,8369.0,553.0
2026-07-21,PzuImXiRA8w,401780,4753.0,426.0
2026-07-21,daie87LyhR0,53896,1043.0,29.0
2026-07-21,SnyX8QWPjRk,62568,1245.0,22.0
2026-07-21,pGDSkkgtTDs,614141,6574.0,561.0
2026-07-21,FzwY6CVdVzY,818966,8661.0,599.0
2026-07-21,Ll87-kf8B7s,363167,4160.0,410.0
2026-07-21,n21NBJl6U3M,257083,790.0,20.0
2026-07-21,9Gnby1PhpUI,1186231,12397.0,798.0
2026-07-21,oXsjyB2Rmew,95974,2257.0,56.0
2026-07-21,EoXkGTi2MZU,192698,4380.0,151.0
2026-07-21,O6oDJRDBD2Q,474220,8554.0,1007.0
2026-07-21,LBld2lQXzCg,620460,8162.0,1000.0
2026-07-21,JaR0cHmtKsc,479487,11079.0,1844.0
2026-07-21,pvvY3g3RsDs,712829,9131.0,452.0
2026-07-21,oWfQQL8jUKg,207540,3786.0,64.0
2026-07-21,DbTHWGW5zb4,315008,3173.0,60.0
2026-07-21,qstdz2GV4SI,1754773,48680.0,6323.0
2026-07-21,mbOGi1W_kgg,218773,,137.0
2026-07-21,fQWQd-rBcsA,2263955,28193.0,1907.0
2026-07-21,nB6BGAcPnbw,774194,9751.0,1208.0
2026-07-21,S2USz2A4LtA,222728,3699.0,159.0
2026-07-21,wmKLyPkDsv4,86790,1775.0,49.0
2026-07-21,vz1kMzPS-XM,388492,4973.0,317.0
2026-07-21,883YQQwcW_Q,601696,11222.0,1002.0
2026-07-21,25KZV0SeQxg,640750,9494.0,436.0
2026-07-21,0Y2awkmOqD8,1450756,25155.0,3292.0
2026-07-21,xyFHO7rnj4s,1185308,14724.0,1180.0
2026-07-21,uE3ZOtQ-d6s,493096,5288.0,705.0
2026-07-21,3qay5E8rWmk,351980,3847.0,288.0
2026-07-21,ZWhRHgfbUNA,49728,947.0,41.0
2026-07-21,caxs_KhG8Sw,497724,9226.0,86.0
2026-07-21,kq86XPHhwjw,37385,678.0,15.0
2026-07-21,fEsFvxj-0To,560682,5009.0,253.0
2026-07-21,3UtbWLk8PBM,35832,1014.0,81.0
2026-07-21,zEexVqhdU2c,158032,2722.0,111.0
2026-07-21,njOUQCIPMwI,430333,5094.0,462.0
2026-07-21,A6u3mYWbRRU,64402,741.0,27.0
2026-07-21,VdoV8cmMJ9g,569436,13096.0,507.0
2026-07-21,0U2jqhF3hT4,868441,8909.0,815.0
2026-07-21,hYLd6Ru-Ckc,107798,2514.0,72.0
2026-07-21,0SLlNn3kQDo,182376,4154.0,131.0
2026-07-21,14dUcGOm_2I,428729,6367.0,434.0
2026-07-21,mOHDjUJ6bgI,334183,3359.0,357.0
2026-07-21,79MX2ehOS1k,147267,3088.0,85.0
2026-07-21,yass3_pOl9g,280929,2412.0,144.0
2026-07-21,uGxmzqkYCeo,396061,4662.0,411.0
2026-07-21,pZQlNFu8un0,115507,1406.0,32.0
2026-07-21,WahgYnpR614,170001,2720.0,57.0
2026-07-21,i0tNXtqSoeM,688526,5819.0,327.0
2026-07-21,m6DqioHCEoY,1388094,23063.0,644.0
2026-07-21,OehNZcia7dQ,309619,1373.0,90.0
2026-07-21,h4Nl5kI75Z8,57891,764.0,32.0
2026-07-21,Y0yCo9m5WMs,73800,1638.0,52.0
2026-07-21,w3KCWcbuhHc,165347,2940.0,41.0
2026-07-21,HBwSNLDLMgE,1003288,8739.0,879.0
2026-07-21,wqR40qDR5Yg,493299,9757.0,177.0
2026-07-21,QnaEN86Yeqw,90140,1729.0,44.0
2026-07-21,2b5kQWoOD44,391613,8976.0,252.0
2026-07-21,_muIpWZR004,59434,1319.0,61.0
2026-07-21,HQZ9u7Rzw38,46541,741.0,27.0
2026-07-21,ePdgi7qhgHw,113653,2403.0,64.0
2026-07-21,a62k_b-nzVc,414852,5117.0,460.0
2026-07-21,ujs-zSoiHkQ,1648618,28127.0,446.0
2026-07-21,H-TeyADKU8Y,146608,2731.0,419.0
2026-07-21,aDMy8zpvoY8,36775,701.0,27.0
2026-07-21,qhtofQ5eDRw,1266851,19840.0,1246.0
2026-07-21,oUqCSnV7flc,382684,4877.0,466.0
2026-07-21,2iYGeMfipkE,278584,4129.0,385.0
2026-07-21,nnWczCTZp18,169173,3380.0,146.0
2026-07-21,Vss3c-6lyYg,307866,6701.0,288.0
2026-07-21,R5E-YojM1KM,93200,1674.0,98.0
2026-07-21,ULIPBPa4SfU,904316,6999.0,470.0
2026-07-21,lJZMUQp8EKo,1380244,33334.0,2603.0
2026-07-21,UkZdyUHXS8Y,1614578,42055.0,545.0
2026-07-21,JkU7PuYnZVU,318179,7535.0,137.0
2026-07-21,DcnY-kBiqEw,340689,4739.0,391.0
2026-07-21,rdTKvRgovCw,49963,2209.0,71.0
2026-07-21,oa9KAysIIVk,694304,17106.0,508.0
2026-07-21,oSvslpPUNYA,408429,7645.0,285.0
2026-07-21,sReiGg5cTIs,192405,,60.0
2026-07-21,Kr3QgmS6WgQ,334602,8931.0,168.0
2026-07-21,Rv_RJD1TC8A,456020,5235.0,326.0
2026-07-21,wnXFd-VhipI,518497,7503.0,882.0
2026-07-21,3mHkh_YJus4,481600,10949.0,242.0
2026-07-21,2fhr0vgxI7A,342563,9717.0,113.0
2026-07-21,zEjw00Cp-FY,585995,10188.0,518.0
2026-07-21,W8Esmw3cTzI,33020,620.0,15.0
2026-07-21,0g3ak12tr_0,456973,5163.0,439.0
2026-07-21,HtLvpLmdJb8,39559,698.0,9.0
2026-07-21,ciJgagMfEuU,50409,824.0,25.0
2026-07-21,7Z4tqorJZGw,753679,13999.0,1093.0
2026-07-21,cjVa2rZXQh0,51007,1063.0,48.0
2026-07-21,SOqlEtJlk24,45518,856.0,50.0
2026-07-21,ev1T_dHNIDk,20508,383.0,21.0
2026-07-21,Tr6_QX8hLlM,230897,3326.0,310.0
2026-07-21,c_mn-T7H90g,478189,5604.0,488.0
2026-07-21,AA8IwxhSx84,196049,3431.0,116.0
2026-07-21,K0BMWahyyIA,923575,18648.0,2062.0
2026-07-21,AD6_QKearY8,332472,7971.0,1283.0
2026-07-21,mKmfXKQg-X8,197350,4084.0,120.0
2026-07-21,YyhcrcokyDU,376360,7040.0,326.0
2026-07-21,Ss84VWA5Ixs,59698,679.0,29.0
2026-07-21,ygJ1xUEF3zc,366498,4542.0,348.0
2026-07-21,opx_gFtRloQ,234003,5020.0,78.0
2026-07-21,ALIdXqcOrPM,61648,1509.0,70.0
2026-07-21,5B1WHTu2B1I,682366,10559.0,736.0
2026-07-21,ftaYBwnXJsk,246368,4885.0,178.0
2026-07-21,Rnfo9Rh_k3Q,441633,7026.0,527.0
2026-07-21,rioJ6TNFlYc,417986,3418.0,325.0
2026-07-21,X_1aonjNt_o,260418,5968.0,108.0
2026-07-21,l24p4KDQNLE,315267,4493.0,768.0
2026-07-21,ST7tI7Mo7DY,488662,8712.0,523.0
2026-07-21,STQiBH4L7so,248250,5191.0,91.0
2026-07-21,D6Pssi_duF8,219794,2396.0,146.0
2026-07-21,WR-RcLu7ZUM,133880,1790.0,194.0
2026-07-21,paJbaOmENaI,41858,726.0,28.0
2026-07-21,bfenetDJ02U,1144635,20385.0,319.0
2026-07-21,l8x7VVhW1sE,638979,6465.0,494.0
2026-07-21,igY8SrLE5P4,246773,5307.0,126.0
2026-07-21,xa14nwyYcO0,1966558,37135.0,684.0
2026-07-21,V8vTYx9MBz8,229234,5787.0,121.0
2026-07-21,nYKLeVnX7B4,327141,6858.0,188.0
2026-07-21,Tl20LjQFUXE,752125,12610.0,738.0
2026-07-21,tTOXHHBS-Wg,218769,4867.0,138.0
2026-07-21,lkTMki6KZ1E,60169,1128.0,43.0
2026-07-21,QJPm1kkiTaQ,709145,7931.0,603.0
2026-07-21,H6j54drpgUk,52668,1083.0,25.0
2026-07-21,y7Zsc8FN0L4,1104141,18364.0,135.0
2026-07-21,xRqDeX-SYWI,97578,1174.0,58.0
2026-07-21,BwZarVAtSbo,764044,8494.0,678.0
2026-07-21,yzZ2_jCFXgY,104733,1381.0,69.0
2026-07-21,SubB9I2-nCI,777489,11283.0,569.0
2026-07-21,3Q-Mcow-i4I,1778983,32689.0,689.0
2026-07-21,nCSYnkAnIVw,163828,4336.0,72.0
2026-07-21,RTlmmToGUdo,110343,2051.0,103.0
2026-07-21,ajK5BoDNW4c,42575,535.0,28.0
2026-07-21,aXkwYtRmFqk,645117,8641.0,701.0
2026-07-21,yuFIKmQXERE,1181722,21096.0,218.0
2026-07-21,ZmM67BlYfEE,91164,1924.0,68.0
2026-07-21,JkvuvugbmJw,1684401,26744.0,2627.0
2026-07-21,iLuwT84GYO4,58022,559.0,25.0
2026-07-21,njbS2NycD8k,259707,6591.0,144.0
2026-07-21,nFoh6aUpr7I,162238,3678.0,93.0
2026-07-21,t3YaLnLMgmg,389349,6928.0,555.0
2026-07-21,xqRCioJXXyI,837078,10217.0,760.0
2026-07-21,hi4WqUtygV8,444377,8942.0,231.0
2026-07-21,z6XO0vXJCbI,1535412,22048.0,1787.0
2026-07-21,EQJQAg5s5NM,1252373,22732.0,1522.0
2026-07-21,xLLa8aVZ8EM,119705,909.0,41.0
2026-07-21,Eu7FcQOlCxw,314971,4215.0,249.0
2026-07-21,DbENsQG2AvM,47456,850.0,27.0
2026-07-21,yorMfrPjJr0,68653,972.0,30.0
2026-07-21,vBqPQiKpUmI,251565,3950.0,263.0
2026-07-21,Sbn6_H9IVtA,1017008,13264.0,550.0
2026-07-21,OaXNLfnsgmM,143740,4036.0,230.0
2026-07-21,qVXEr1x2Pwc,468139,8412.0,319.0
2026-07-21,F-2cP-rr7aY,60861,922.0,45.0
2026-07-21,C-nOuJbQnXE,523747,7220.0,667.0
2026-07-21,LhZoQqbcIdg,333755,3217.0,271.0
2026-07-21,mHRFdvNRTJI,30936,393.0,15.0
2026-07-21,-RuD_U2FDgw,71565,894.0,42.0
2026-07-21,XEghzjTAg5M,309509,4775.0,644.0
2026-07-21,lML4MwiYGOI,64514,1573.0,58.0
2026-07-21,IV2Wa7fZ-Mc,76083,1672.0,22.0
2026-07-21,SRTi59KqjnU,532156,11395.0,441.0
2026-07-21,T1eUtj44Uco,390892,5181.0,426.0
2026-07-21,sKV9ayOHCeE,293716,10340.0,641.0
2026-07-21,HtC4OAr7_vU,273401,7847.0,134.0
2026-07-21,CrwE9k_ji-U,394447,5556.0,1035.0
2026-07-21,C0mXHGmtsWw,45003,905.0,20.0
2026-07-21,bbygNJPYtnA,304756,9655.0,626.0
2026-07-21,lj05jFhLm5w,73927,1197.0,27.0
2026-07-21,ZPssfec9DGk,150428,3110.0,96.0
2026-07-21,fy_OzfGxioM,422882,5641.0,313.0
2026-07-21,yc9EZlPrXOo,945366,9529.0,407.0
2026-07-21,Bzmtl23_PIU,74177,1126.0,62.0
2026-07-21,4Fct9vAEA6w,1481644,35171.0,491.0
2026-07-21,cssZ2sCSXTk,775855,10996.0,1125.0
2026-07-21,rbo7uL6mxgw,33846,593.0,26.0
2026-07-21,8QNE9Jc0Kdw,377075,6768.0,113.0
2026-07-21,L3Hc_i7ISpQ,132760,2432.0,58.0
2026-07-21,lE3kOLeDHdM,404437,7792.0,903.0
2026-07-21,VhMoSjrF6Mg,397966,5905.0,412.0
2026-07-21,r_up9lhgvSk,67504,1155.0,40.0
2026-07-21,p_XrL2iHztA,179402,2669.0,131.0
2026-07-21,m2gGWCkKkIM,859990,22252.0,2191.0
2026-07-21,wtocK4mGGs4,766637,14708.0,276.0
2026-07-21,1uuB_A7GVmE,42359,616.0,38.0
2026-07-21,RIDRevVdhOI,381925,5970.0,652.0
2026-07-21,IF-8Ad7bfcI,248416,5920.0,342.0
2026-07-21,s5mO8OkJ2Mc,104624,1975.0,60.0
2026-07-21,M6UB6hkbTPI,61686,768.0,26.0
2026-07-21,TESgOkDhcQY,884172,20131.0,899.0
2026-07-21,D68DM0FaMPQ,333322,5784.0,481.0
2026-07-21,eqVb8jx8rPI,205596,3202.0,87.0
2026-07-21,XLWk1usEf2k,113996,1718.0,133.0
2026-07-21,mUsAr2Fm8Bg,559126,8354.0,820.0
2026-07-21,67esP10SvT4,132571,2516.0,264.0
2026-07-21,ds7RR1XwCqI,1040809,15659.0,661.0
2026-07-21,jyHTZvG_CYo,98677,1556.0,62.0
2026-07-21,V0kt3BLvJDs,227444,3035.0,270.0
2026-07-21,IVQ6LbB9wNg,42196,788.0,39.0
2026-07-21,pvqhWk6nZb0,700380,9944.0,603.0
2026-07-21,F7fjBEdnb3o,419110,6249.0,323.0
2026-07-21,HquWaQARgkg,85240,1960.0,44.0
2026-07-21,2Ry3-Y_Ogcs,331321,7432.0,991.0
2026-07-21,pnnv2XCM6R4,54354,1132.0,68.0
2026-07-21,nfDDrtp6FJk,1516296,23933.0,2345.0
2026-07-21,d0zhS5BccjI,2173598,72911.0,19944.0
2026-07-21,HsmjEwZq1do,255724,3865.0,398.0
2026-07-21,XGIePxlhfEU,804722,12151.0,4278.0
2026-07-21,9jWZZ2FoXcQ,191061,1340.0,1330.0
2026-07-21,4dmvQIAE4J0,222384,1134.0,143.0
2026-07-21,V8gkWmdjzqg,348870,10331.0,189.0
2026-07-21,vg-euFMHNwk,599982,8533.0,1291.0
2026-07-21,L_KtuPq_GGU,486181,8504.0,3072.0
2026-07-21,xKO7ni6rS8I,1583487,23444.0,945.0
2026-07-21,aOSaIPAg8hE,247637,2520.0,61.0
2026-07-21,OeTGrc3QDVw,101635,2382.0,55.0
2026-07-21,mUqTILQxdz0,122784,2461.0,89.0
2026-07-21,2TcDFMwTn6Y,120175,2311.0,243.0
2026-07-21,7_uZ5JSfHYE,318507,7678.0,181.0
2026-07-21,lAc_2slwUns,441005,4842.0,403.0
2026-07-21,3EHSKs7VkpY,88682,1721.0,53.0
2026-07-21,R1f6aDNdsKk,375130,2963.0,138.0
2026-07-21,8ijDQTWwm5M,493723,6657.0,627.0
2026-07-21,fqusWcSscpo,244570,3187.0,190.0
2026-07-21,s75EI9HxVCU,643699,18732.0,369.0
2026-07-21,pqIXtals8Ec,327564,5368.0,564.0
2026-07-21,IpanzFMJbv8,76734,2039.0,55.0
2026-07-21,USlXSSfaEkk,429283,15098.0,195.0
2026-07-21,0H9vXCYuO2U,1701184,46439.0,1186.0
2026-07-21,pJbc1Tw13R4,915486,12004.0,1682.0
2026-07-21,cC0ZU5Y3lpg,2919955,38207.0,14291.0
2026-07-21,UdkePViEfOE,258004,3998.0,249.0
2026-07-21,A1uI8Hyo9FQ,73493,1954.0,47.0
2026-07-21,fVI7dZEwp2w,53765,765.0,32.0
2026-07-21,e-g_aOLxxcQ,723790,10795.0,1294.0
2026-07-21,_gvGQCaBPN0,808936,18160.0,2435.0
2026-07-21,maAbwK22zX4,58087,1305.0,22.0
2026-07-21,-w22PmWZgkI,483044,4519.0,303.0
2026-07-21,4Xv9TLO0bT0,104550,1883.0,58.0
2026-07-21,E3oLwJrJ7Gc,828344,8854.0,736.0
2026-07-21,K9VSEstQfuU,32890,567.0,4.0
2026-07-21,f17mDgBzymg,342244,4344.0,195.0
2026-07-21,FVyqTAZyGHQ,829277,6600.0,674.0
2026-07-21,erMyXkfgC0w,569395,6028.0,613.0
2026-07-21,HM_LZhHzLT8,813296,9803.0,1139.0
2026-07-21,A70cE2T6a4A,248128,5807.0,103.0
2026-07-21,aKjVNbFidHA,1249447,16562.0,1534.0
2026-07-21,Zi4-OCT2xQA,87662,1157.0,57.0
2026-07-21,o4kq4xd7NgU,1058366,14885.0,1606.0
2026-07-21,31NKUkNz_ZE,175150,1434.0,134.0
2026-07-21,F9p4o5sDIF4,1169052,15273.0,1528.0
2026-07-21,JbKcxWfOAyc,1101389,14406.0,1505.0
2026-07-21,HFE3qKKFEFo,63567,1553.0,37.0
2026-07-21,ZaIv-Nx7W7I,247057,4690.0,169.0
2026-07-21,0Sg-UytVhJg,520256,10751.0,501.0
2026-07-21,R3KErksHKa4,274414,3851.0,354.0
2026-07-21,fDkZWS1QSPo,107808,2459.0,35.0
2026-07-21,6k4S_tZbbgw,36341,659.0,12.0
2026-07-21,ypALSLetYzQ,483790,6110.0,350.0
2026-07-21,5XRVhe-9m4k,894215,19720.0,1420.0
2026-07-21,EBpOQHIzRWE,108139,1462.0,41.0
2026-07-21,atxAfQJaQ2Q,110447,2118.0,202.0
2026-07-21,l-m2X_RbVKQ,46492,1072.0,43.0
2026-07-21,z8zd7ophZi8,470160,5817.0,401.0
2026-07-21,r0T7cKDk2UE,95604,1941.0,64.0
2026-07-21,M3tUcP3rNkA,36955,787.0,21.0
2026-07-21,wd6Klzm3B7U,56915,1253.0,23.0
2026-07-21,AOwRWLnxFUk,428569,2250.0,163.0
2026-07-21,S4na4QCmykY,198134,5265.0,551.0
2026-07-21,yH-p_NyxkGs,640372,7166.0,428.0
2026-07-21,vBoadcFkPJU,26543,497.0,6.0
2026-07-21,Z-wPqp1UPBA,27579,595.0,7.0
2026-07-21,Jkz2S6swFGM,893624,10243.0,552.0
2026-07-21,IqEHwL9EveY,500052,9666.0,253.0
2026-07-21,iKfdtXlthHs,230430,3665.0,71.0
2026-07-21,_4TwI4A8lrQ,508144,5763.0,362.0
2026-07-21,wfvRg_amrYg,60407,1555.0,12.0
2026-07-21,AM_xQZFs7bY,184170,2169.0,57.0
2026-07-21,me7AAtLQ99k,29865,504.0,7.0
2026-07-21,NevdTGq5kEI,165575,3793.0,63.0
2026-07-21,UbOoQ-L98-g,68845,1197.0,15.0
2026-07-21,WP2w2I9qgas,87819,782.0,43.0
2026-07-21,DB4GpBTlcmM,1656717,16767.0,1148.0
2026-07-21,xuAt1FnOjhY,53522,886.0,7.0
2026-07-21,LoYQRnYgyZY,38364,531.0,4.0
2026-07-21,D3dMg1JrGH8,758580,7103.0,295.0
2026-07-21,KZC_0ft3MfE,35638,639.0,3.0
2026-07-21,OZXl2akE7IY,38511,550.0,23.0
2026-07-21,n9FShTOu83Y,36873,865.0,11.0
2026-07-21,N-vsCail1Z0,53511,1346.0,23.0
2026-07-21,cPlOdCqiOIM,1988599,22912.0,881.0
2026-07-21,1-49kHEc40k,555518,6716.0,888.0
2026-07-21,UbqxN56vrk0,27949,530.0,12.0
2026-07-21,42TYIoxdJ78,558689,9200.0,724.0
2026-07-21,Ra8QJbOJ218,454817,5048.0,81.0
2026-07-21,wrmEyCmWdkQ,234962,2460.0,141.0
2026-07-21,OKdqEM0eNvk,972826,9083.0,603.0
2026-07-21,ad4Sn9Obchg,153393,2697.0,55.0
2026-07-21,r50-6_ZjrK8,50975,1012.0,27.0
2026-07-21,iJamSjFZY7Y,535886,4376.0,573.0
2026-07-21,a4Bral8cl9I,113720,1799.0,23.0
2026-07-21,1z4dKxdmblU,109258,1984.0,27.0
2026-07-21,gn1He1mCSIo,1798035,25349.0,1489.0
2026-07-21,a7M_dcX1x_Q,594741,9899.0,156.0
2026-07-21,29rgY7h8vbY,493380,7230.0,385.0
2026-07-21,iQnJufjtml0,646564,10528.0,318.0
2026-07-21,z2_kKx8NGhg,486199,5860.0,666.0
2026-07-21,JHHH3KZNGHs,302020,1849.0,122.0
2026-07-21,Ns1vpxykf5k,91133,1416.0,66.0
2026-07-21,DH4ZUk_ACq4,488107,5848.0,242.0
2026-07-21,BG5nj5gAlws,1479999,12019.0,636.0
2026-07-21,Im3HsXeTzX4,738848,13254.0,116.0
2026-07-21,1OF8doyCYoc,615442,11157.0,529.0
2026-07-21,6TcEYiiUYP4,1570472,30471.0,408.0
2026-07-21,DHCg34W_ARs,911493,16713.0,261.0
2026-07-21,Z42363G72GY,455018,4976.0,474.0
2026-07-21,WWNX-LrKTQQ,652759,10774.0,821.0
2026-07-21,w3lc7s57_FI,404493,3269.0,300.0
2026-07-21,6A755QAxJfg,1213102,11402.0,423.0
2026-07-21,GMNJYVcaCno,908358,27922.0,4328.0
2026-07-21,aaIXLOnsQ4c,263462,3183.0,581.0
2026-07-21,_75KMSWNI8o,359916,821.0,108.0
2026-07-21,uRd135xhw1g,718662,7256.0,500.0
2026-07-21,HpHlJhwPmOs,402979,5214.0,328.0
2026-07-21,_DW6WMYFuhc,288689,3499.0,192.0
2026-07-21,O14dY_wnn08,817738,13066.0,586.0
2026-07-21,PryIU7x8jJY,730937,8585.0,620.0
2026-07-21,z9PMKxQja3k,64807,1144.0,27.0
2026-07-21,hllr9hnwPwE,973501,14080.0,809.0
2026-07-21,GqOnNCq5VQ0,884390,17323.0,1761.0
2026-07-21,niMrZqr-KUw,157764,3146.0,98.0
2026-07-21,zzaRXVVgjiM,1159165,18862.0,1448.0
2026-07-21,oqEvOHspv2U,856683,11324.0,951.0
2026-07-21,SSMCWrzFYiA,399052,10034.0,894.0
2026-07-21,LQYeAl6GEQA,512154,6540.0,675.0
2026-07-21,X9rgnYi3UFw,201523,1417.0,149.0
2026-07-21,161-DJXcPD8,367530,1787.0,136.0
2026-07-21,WIuA12U6Lhk,882705,16321.0,739.0
2026-07-21,ImafWBn0qeQ,1213941,16158.0,1151.0
2026-07-21,wUebiYIc9gY,758882,14607.0,770.0
2026-07-21,F8KxgLoHqYg,692136,8106.0,423.0
2026-07-21,nENYcGYI0Mw,798248,9511.0,1055.0
2026-07-21,Wz6O19W21zg,545692,5638.0,934.0
2026-07-21,TzMKTGoIkGA,449807,5989.0,395.0
2026-07-21,DttGzU6xqL0,597982,6583.0,579.0
2026-07-21,I9cqlAIO8-w,365724,8800.0,463.0
2026-07-21,NhSMfo-SSFg,721405,7248.0,647.0
2026-07-21,LkCV7tBExOw,362867,3972.0,332.0
2026-07-21,EFagoLPCmWU,199865,2002.0,576.0
2026-07-21,rJsKUm4fhIs,315534,4128.0,597.0
2026-07-21,3x4Tg05z6Yg,306234,4608.0,595.0
2026-07-21,TMyrtdjIHgE,729096,8554.0,726.0
2026-07-21,zQVYsPNvzzw,293373,3092.0,156.0
2026-07-21,KYpEKIBw3Ls,346425,4149.0,161.0
2026-07-21,t1pXsCJ3vFI,194021,3158.0,134.0
2026-07-21,Azzc1zPnEa8,817219,10573.0,1692.0
2026-07-21,mBeWta8gJQQ,1107020,12595.0,970.0
2026-07-21,N0Nm03vLSHE,474637,10859.0,699.0
2026-07-21,WH0aNUW8UX4,144726,1697.0,90.0
2026-07-21,81zyMesQNUc,1417120,32363.0,2207.0
2026-07-21,dF_fSU9EnrI,204911,3029.0,279.0
2026-07-21,KKaLh9yu2iY,297426,4584.0,630.0
2026-07-21,6BrJa5chT9M,699307,6566.0,288.0
2026-07-21,Pl5gtvINZ9k,502861,6602.0,936.0
2026-07-21,hK11qfRU_UI,1211822,14795.0,2073.0
2026-07-21,4o-MFQWNIBE,529707,3018.0,287.0
2026-07-21,SWyHd_OvpR8,286355,2552.0,157.0
2026-07-21,9DNalUhcDsg,481121,11570.0,121.0
2026-07-21,VzHax3HQI0A,168129,970.0,85.0
2026-07-21,WqM99LW21Ck,206646,4327.0,51.0
2026-07-21,CCIYJGVzDy8,613936,6848.0,649.0
2026-07-21,yKU9lRfIPXQ,628458,6050.0,361.0
2026-07-21,vqlvE-I6F7U,441800,6249.0,271.0
2026-07-21,DtfXB6w3QQU,576881,6754.0,750.0
2026-07-21,VXHeakmusPU,289427,3048.0,688.0
2026-07-21,os74NzRvQeU,583813,6705.0,313.0
2026-07-21,qgsxTA-y_sA,723210,7743.0,417.0
2026-07-21,BMi3mFq5U44,259546,5284.0,725.0
2026-07-21,MECQjNKuCto,53645,1482.0,53.0
2026-07-21,YrZS-5N_cn4,547566,7473.0,941.0
2026-07-21,fGai88-Fzr4,712907,10796.0,517.0
2026-07-21,93A5AK2fpM0,61460,1125.0,47.0
2026-07-21,knt4yvAfdQ0,168649,3259.0,117.0
2026-07-21,w5sOqUuyGLk,304328,3836.0,484.0
2026-07-21,LR_HGML0_8M,864488,12348.0,1218.0
2026-07-21,Tpyhf5okhnI,1286344,23078.0,1405.0
2026-07-21,gSlqIeq0GrM,1629030,66047.0,11183.0
2026-07-21,0hpcjvInL8Q,169866,2568.0,128.0
2026-07-21,akjAOTLlo1Q,640587,8536.0,846.0
2026-07-21,HvsokQKO8s8,50331,881.0,20.0
2026-07-21,OFwB39moInw,242151,3189.0,341.0
2026-07-21,38K6b3XkKCw,1817609,16204.0,1341.0
2026-07-21,ump-wm8rNcY,175572,4496.0,102.0
2026-07-21,EFqF6PtSuGA,87210,1950.0,30.0
2026-07-21,rAoO0oNzicM,49099,895.0,31.0
2026-07-21,B1qa59zB1_M,42767,833.0,29.0
2026-07-21,-Rv6DP-roWw,384026,15769.0,82.0
2026-07-21,aVnJ93E4i-Y,534975,6999.0,800.0
2026-07-21,bXLJNXypu1k,70913,1385.0,21.0
2026-07-21,Oqc1gKMXsVE,248034,2953.0,153.0
2026-07-21,rtDRROHkij4,48694,1159.0,38.0
2026-07-21,UlKJQFQtCZE,1569577,27534.0,3320.0
2026-07-21,5xyA3njtfM8,805083,23069.0,228.0
2026-07-21,Ia8SU_mrwfc,647568,8144.0,705.0
2026-07-21,SZDSEzAgNvM,477543,5890.0,372.0
2026-07-21,rsPHved4SVU,552587,6080.0,437.0
2026-07-21,j3-PVX2C7z4,557295,8240.0,338.0
2026-07-21,OQLwssllv9U,369881,5511.0,484.0
2026-07-21,jpzGB5lz8U0,724875,6463.0,404.0
2026-07-21,BDxrTUaENWw,249061,4070.0,212.0
2026-07-21,4A8J2bBH3fw,1161073,10335.0,768.0
2026-07-21,2wyi8DBnxBw,1513077,26765.0,407.0
2026-07-21,Oks40zIImSc,732200,9472.0,443.0
2026-07-21,Z7BFEbAMpss,674246,13894.0,1005.0
2026-07-21,9WL7AlmOLXs,357181,4439.0,188.0
2026-07-21,BKZXC4BeiWI,1587829,26833.0,1672.0
2026-07-21,_GNz0PeFIuM,1621435,19182.0,966.0
2026-07-21,7Xje149SpsY,787730,6691.0,503.0
2026-07-21,4u9seiWEYdQ,1931794,32862.0,626.0
2026-07-21,BW8C6X4ee9w,1137030,10466.0,614.0
2026-07-21,JZK-tP7bT7I,1203306,14065.0,589.0
2026-07-21,E7C5Xh5oz9U,227463,2359.0,143.0
2026-07-21,nk_qsKpvMQo,1354979,2571.0,353.0
2026-07-21,vv4ihIfnfVs,457275,6994.0,1549.0
2026-07-21,Z000iINTP8s,988530,9715.0,492.0
2026-07-21,8kPFAm-8kOU,1084188,31305.0,2114.0
2026-07-21,1TrzSxgGObI,371635,4560.0,370.0
2026-07-21,LOBKhpf-oKE,732294,7036.0,419.0
2026-07-21,Yq0EEnOvp9c,712385,23436.0,7590.0
2026-07-21,_DDHqcjzO4k,514569,6583.0,487.0
2026-07-21,H2Xq8ty0QaY,596943,5259.0,318.0
2026-07-21,97EwPHUJ_NI,793592,9312.0,605.0
2026-07-21,J90TTQpspd0,306837,3911.0,246.0
2026-07-21,H70ERz8gMlM,1099340,8801.0,582.0
2026-07-21,ZeXpLdo_Vd8,3147398,62450.0,3874.0
2026-07-21,oYtwKOKU0BY,582134,6735.0,336.0
2026-07-21,-Y8N0KSs7U4,720450,22116.0,2549.0
2026-07-21,ZZCUOdRn2hM,908763,11683.0,702.0
2026-07-21,9-4rhsK_7Lo,528823,5071.0,495.0
2026-07-21,3jutcJj1e_w,349106,4374.0,280.0
2026-07-21,x1O3FZ8MsM8,1199512,10634.0,799.0
2026-07-21,F9ObOPQeWeU,275247,3438.0,159.0
2026-07-21,WApEI0IaJEc,1405180,10611.0,682.0
2026-07-21,dFujMyICK-U,2243068,28973.0,1111.0
2026-07-21,jEnqop_lanA,453806,5116.0,399.0
2026-07-21,3FCv9MvDdFA,1027225,6919.0,555.0
2026-07-21,X-z2JSMWlH0,1181846,11837.0,705.0
2026-07-21,F2iCM2qSOGY,658871,8737.0,942.0
2026-07-21,7XZwOeSa6WY,297983,3385.0,344.0
2026-07-21,GOz2uVzX5mw,601187,5272.0,523.0
2026-07-21,tIHs0W8IVIk,46314,659.0,8.0
2026-07-21,PRp3kJtMQwU,664626,13840.0,665.0
2026-07-21,AuCukfaG9hU,357395,2100.0,111.0
2026-07-21,c2A_cTJIqYE,624915,9163.0,928.0
2026-07-21,uRyuWGqa8QU,505830,7272.0,409.0
2026-07-21,gA7h4OelMyw,345114,4046.0,304.0
2026-07-21,2h9eXfGois0,545766,12776.0,987.0
2026-07-21,OnG1Qx7xe1I,600469,7536.0,694.0
2026-07-21,3fclWKQ2C7w,330927,4268.0,356.0
2026-07-21,TKy2LrYcHD4,551508,4837.0,369.0
2026-07-21,q01xZBCnhNA,779120,8107.0,898.0
2026-07-21,jysx6Fx6i_w,348854,4819.0,364.0
2026-07-21,YEnaITOkEd8,1501520,14128.0,583.0
2026-07-21,tgz7ol-ra3I,926586,11712.0,615.0
2026-07-21,9x4TKHQoWBw,704957,8286.0,711.0
2026-07-21,AGB710SYruo,339832,6011.0,526.0
2026-07-21,wdGq6ZxBKJk,343250,5289.0,512.0
2026-07-21,QF5QC-DizYQ,1171478,15779.0,1532.0
2026-07-21,S7QYsRTLCMw,888006,13605.0,531.0
2026-07-21,tA-0nB_8yCY,1226825,17458.0,1677.0
2026-07-21,k7f31Xn_1n8,524454,17480.0,1604.0
2026-07-21,fA8AQOj8F_I,452332,4963.0,727.0
2026-07-21,KCTQH29Qg-Y,758079,5877.0,425.0
2026-07-21,eBgJTutuwSc,927823,11608.0,694.0
2026-07-21,rk-OwXrNxoU,968268,9754.0,743.0
2026-07-21,ZUZWGmc23l8,3438056,34663.0,1775.0
2026-07-21,-8aTzd6F5QQ,331344,2738.0,225.0
2026-07-21,Ga22mpTDS6A,1736553,16488.0,1219.0
2026-07-21,eiHZaTlMHmQ,305368,4201.0,542.0
2026-07-21,dR50ced-8dI,217412,3249.0,196.0
2026-07-21,LYAqKEH23x0,1121452,16737.0,1138.0
2026-07-21,p5cyDhVXi7A,519506,6090.0,1019.0
2026-07-21,I5uELkKf294,598787,8523.0,1197.0
2026-07-21,L_x8J1bHFKQ,961798,11611.0,1139.0
2026-07-21,bjVRlHg2roU,656894,8504.0,606.0
2026-07-21,GUgPYAWpOZ0,1978611,30660.0,1888.0
2026-07-21,FYALksVxpvo,2032472,29357.0,1906.0
2026-07-21,tyvxFAas-Fw,1134323,17289.0,1893.0
2026-07-21,OohH63cEV_s,696128,7906.0,746.0
2026-07-21,8UnGXCzqWT8,486851,6445.0,474.0
2026-07-21,4f9aW8ibAkQ,402328,5147.0,471.0
2026-07-21,iVEgbs0crZ0,495346,6800.0,505.0
2026-07-21,W6_isgPHWvU,865715,8240.0,538.0
2026-07-21,LYCQNkthLyM,611614,6534.0,368.0
2026-07-21,Sa0xVPldSPI,174395,1667.0,220.0
2026-07-21,GecojKkw7Es,927572,7730.0,554.0
2026-07-21,_4Ovlz973iQ,1289945,17029.0,1072.0
2026-07-21,xGIF-iT4GCs,653686,7069.0,585.0
2026-07-21,lY70g8t2-Zo,883792,9406.0,724.0
2026-07-21,njJ6GsH_oH0,1339225,8191.0,434.0
2026-07-21,0DVYOUVxjM0,479730,4911.0,296.0
2026-07-21,TbZAc5gi1lg,635533,8389.0,644.0
2026-07-21,q-s18A_NStc,617505,5220.0,369.0
2026-07-21,VhUQg7bSayg,288210,4100.0,224.0
2026-07-21,PqNIq_yFZok,838847,12647.0,985.0
2026-07-21,nvxm9atR6i4,292393,5421.0,523.0
2026-07-21,9pXHw8ypHm0,398778,6125.0,966.0
2026-07-21,RyibuB-DUTs,421742,5522.0,1009.0
2026-07-21,h4jh_ZeF-Qo,348849,4912.0,418.0
2026-07-21,NWZdlvevZ1U,589315,6999.0,588.0
2026-07-21,x9K2yVWCnqg,132962,2296.0,121.0
2026-07-21,4tOSUbRaSsY,688052,8569.0,736.0
2026-07-21,lPWZS0TxykQ,666750,8672.0,1045.0
2026-07-21,PIBQFd-YAfU,266788,3380.0,210.0
2026-07-21,rhA7snMYs7g,978308,16545.0,874.0
2026-07-21,4_NCqZ7FIt0,417423,8333.0,334.0
2026-07-21,fEAoVt6vajg,283869,3223.0,322.0
2026-07-21,TzXPxEjEzmw,1162495,12070.0,1587.0
2026-07-21,CRE-orJTLO0,2174373,26057.0,1397.0
2026-07-21,rwvi8jAbN8k,1052576,11622.0,1029.0
2026-07-21,ITYM66o2wIw,407908,6115.0,1084.0
2026-07-21,MESiIYUc2vc,846711,10028.0,764.0
2026-07-21,aceNrMAVM5U,680335,8156.0,527.0
2026-07-21,m0HApYaBXjw,732625,8673.0,1074.0
2026-07-21,oTabQrtv84M,116719,2351.0,42.0
2026-07-21,lwRPPuCn668,415071,3191.0,331.0
2026-07-21,k6EXynJwKXY,676775,10023.0,637.0
2026-07-21,xSYD9e1EuRU,1646004,17495.0,1103.0
2026-07-21,yzc9YzV7Syw,273782,3352.0,452.0
2026-07-21,O91nsg9kRZQ,879751,12798.0,566.0
2026-07-21,LvohTo7WGt0,301375,4414.0,372.0
2026-07-21,VksRswA-Ns4,752955,15630.0,1967.0
2026-07-21,ZapmC1A-cv4,812965,10990.0,1412.0
2026-07-21,UcWFMZEKkrc,537308,5826.0,479.0
2026-07-21,IYgjUrHqDvE,919919,11670.0,718.0
2026-07-21,BIplHfTPuxI,397751,6412.0,383.0
2026-07-21,ijVVHIL7C0g,1608508,25822.0,2894.0
2026-07-21,quEh5LoFH_c,1123771,35991.0,2743.0
2026-07-21,flZGbAoEihc,203573,4385.0,165.0
2026-07-21,xeN7e-LqxlI,843195,10224.0,1334.0
2026-07-21,YmmW8V7b73M,605564,6713.0,494.0
2026-07-21,RUqiqSxLjxg,272057,2614.0,258.0
2026-07-21,MQ7ruD4w6-M,317685,2833.0,276.0
2026-07-21,mWZZCZGRGF4,134346,2453.0,143.0
2026-07-21,DTopRyWTstQ,1006730,14524.0,1266.0
2026-07-21,8lo3Dmg5uP4,241622,3989.0,626.0
2026-07-21,tw0i-3GbDLs,282089,2897.0,572.0
2026-07-21,phEcZPONXxc,809797,13222.0,1201.0
2026-07-21,eBMWMliI_vQ,355421,7037.0,564.0
2026-07-21,RGTj4ciIB24,355689,5200.0,689.0
2026-07-21,hMGVkdQk16Y,1988673,17928.0,8475.0
2026-07-21,A9joKYgpUT8,238470,3286.0,156.0
2026-07-21,8j4sI5lHtKo,1051097,12675.0,1458.0
2026-07-21,qtwXsAlAimw,620218,6799.0,351.0
2026-07-21,u-Mzr0PHCQM,276117,3329.0,507.0
2026-07-21,XajfPW1lhyA,2769250,28703.0,1578.0
2026-07-21,L9QRybzWstk,1451065,23460.0,1740.0
2026-07-21,p3fTRa9N_IU,287567,3426.0,237.0
2026-07-21,iIR2pYVLqtw,412125,5863.0,989.0
2026-07-21,6_d_hU5Jqdo,245142,2920.0,199.0
2026-07-21,DYNfpSSMJzw,1089991,8150.0,735.0
2026-07-21,4OLostqHleA,875456,8805.0,726.0
2026-07-21,4LHUrIERM50,2137514,14780.0,904.0
2026-07-21,YCwCKU06xNM,2264002,24656.0,1381.0
2026-07-21,ee9cA0dq77I,427991,3995.0,342.0
2026-07-21,tCZeTqEjHVo,238339,3498.0,333.0
2026-07-21,r1zW8tqOyas,390223,4707.0,244.0
2026-07-21,0yJL4x_G3rg,1179402,14275.0,2686.0
2026-07-21,2UuftnOVm2s,409238,4580.0,277.0
2026-07-21,2WODWnq1-xQ,967959,9398.0,629.0
2026-07-21,Wl1yGkiDaFA,407870,5536.0,745.0
2026-07-21,fFI9uVdf6sk,2398176,23214.0,1335.0
2026-07-21,poV4ne5Pd5Q,512938,5249.0,691.0
2026-07-21,8P6aUNS6Y2g,600825,7760.0,695.0
2026-07-21,OvX0T76qbVY,798872,10203.0,893.0
2026-07-21,pR6Q7Tk0A_k,432272,5193.0,611.0
2026-07-21,O5pscw-Uck0,498944,6576.0,666.0
2026-07-21,bC-78cLA86E,1840170,21195.0,1233.0
2026-07-21,LFYMaHcnBVQ,968899,9505.0,575.0
2026-07-21,ouqFdCPuN3s,413380,5070.0,305.0
2026-07-21,A3wxNMANQIU,474791,6720.0,456.0
2026-07-21,k8tKBbreRNM,386631,6072.0,493.0
2026-07-21,GkVWBb2-KeY,449244,3915.0,297.0
2026-07-21,nAtujJm5PNc,2252027,22089.0,948.0
2026-07-21,KkYwOniDuMo,2073707,19626.0,1144.0
2026-07-21,cEScUqJeQzA,1456974,38826.0,2200.0
2026-07-21,dY7kntGnJdM,195205,5517.0,334.0
2026-07-21,12Q8i81DLUo,336515,7084.0,563.0
2026-07-21,wnrZeMS5qMI,460032,9498.0,678.0
2026-07-21,D6V_zVqub-E,320915,8193.0,568.0
2026-07-21,GacFTjwDZAk,823696,7673.0,392.0
2026-07-21,D6KtZp2T258,231407,3044.0,393.0
2026-07-21,k8BBSaHf6iI,1079212,8917.0,513.0
2026-07-21,Kx_WQFscKq0,457607,6516.0,582.0
2026-07-21,ZFIbYRhg51Q,387786,4387.0,292.0
2026-07-21,RLDhVpqqnJE,845250,11563.0,764.0
2026-07-21,1iesSR0phFY,376415,3995.0,376.0
2026-07-21,n8AfusLmE7w,660043,7429.0,515.0
2026-07-21,Zc7Ftti3_aw,776010,16839.0,969.0
2026-07-21,SbxhyVb7JMQ,493065,6195.0,386.0
2026-07-21,G3DXXvcX7Ew,296000,3496.0,165.0
2026-07-21,r6MDw9Gb070,243414,3460.0,560.0
2026-07-21,Do0epabd-Ew,607484,9614.0,1013.0
2026-07-21,DcS68SucHcU,1565541,51978.0,3741.0
2026-07-21,Pnexn6J5PW4,901881,12083.0,446.0
2026-07-21,dZUq8xVXPgE,242304,2843.0,176.0
2026-07-21,xaqp4pBdPok,278043,3776.0,176.0
2026-07-21,NAoHr3xEguQ,948437,10415.0,827.0
2026-07-21,cBXtgcjg1N0,1253264,12221.0,981.0
2026-07-21,TUTdJxNrG4c,797573,2306.0,137.0
2026-07-21,GhIHK6Xqv1M,2048927,30217.0,2116.0
2026-07-21,guc10_Ydzo4,903408,10471.0,633.0
2026-07-21,nttE3-8_boQ,626010,6800.0,625.0
2026-07-21,JQ_q2024vT4,446588,5796.0,690.0
2026-07-21,ImruSbg0iQ8,897044,9974.0,1015.0
2026-07-21,387emEw5JwU,381570,9919.0,732.0
2026-07-21,9CjRb72GC0k,575613,4708.0,384.0
2026-07-21,Tw1B3IDJvVY,3165302,27174.0,1442.0
2026-07-21,ddMOtaFwDcM,798870,18430.0,1149.0
2026-07-21,IBA3k7GBsWc,1961312,34699.0,3298.0
2026-07-21,NTndXfhR0zE,73963,892.0,125.0
2026-07-21,VY6D1_7Ajr0,766644,7585.0,697.0
2026-07-21,ri1WfmgMFz0,705482,6298.0,650.0
2026-07-21,KSAHyCNYw1A,376550,5225.0,484.0
2026-07-21,xGAEMUCjWTM,777092,16985.0,885.0
2026-07-21,yxqrbHNwT_E,1158807,11478.0,747.0
2026-07-21,U8-FHsAPIr4,608031,8158.0,789.0
2026-07-21,1-nWL4gBqaM,838887,9860.0,538.0
2026-07-21,Bc0Wv_6STYI,920095,13522.0,912.0
2026-07-21,DlLE8b3CC44,328054,4957.0,425.0
2026-07-21,XFia3csKyWg,553067,19083.0,962.0
2026-07-21,v5tiuJav8b0,345939,4887.0,328.0
2026-07-21,q3KydX1F3sg,841579,9997.0,982.0
2026-07-21,Q_8D-adAjtU,515407,6032.0,543.0
2026-07-21,fg2cbRRTaEY,654118,4886.0,648.0
2026-07-21,sy5CPsAnN7M,1934285,25086.0,1600.0
2026-07-21,7U_eiJYNytQ,491175,7177.0,594.0
2026-07-21,p4R6NECDpOQ,680792,10773.0,951.0
2026-07-21,a5kEFaNstVI,1447021,29252.0,2378.0
2026-07-21,n0l54H7Q418,562040,7315.0,453.0
2026-07-21,QejzcDzvmkQ,1045964,15775.0,1680.0
2026-07-21,N8i6ePzVfbk,820615,11704.0,981.0
2026-07-21,rzjcUtXQz4E,359015,3850.0,313.0
2026-07-21,kWMmRyTrjps,690410,8721.0,679.0
2026-07-21,_UtXbictJtQ,323839,6832.0,845.0
2026-07-21,30jyM3KGd8U,164758,2368.0,171.0
2026-07-21,nE8qkQ6uHy0,491866,5618.0,350.0
2026-07-21,ZfggNr7Dxig,642927,7734.0,1065.0
2026-07-21,Zk2fDzPBiIw,688871,5966.0,409.0
2026-07-21,AFwMil7lapQ,859298,9472.0,952.0
2026-07-21,UfWnEHGZVQY,552502,9367.0,767.0
2026-07-21,WwUy5dGh1DE,953527,11550.0,733.0
2026-07-21,BluAOlK8jYw,1088059,11820.0,1137.0
2026-07-21,VqdXWwzkaKw,861560,12924.0,1543.0
2026-07-21,pN6pbHITBfk,349159,10048.0,673.0
2026-07-21,ub0IMsI7d8U,1111664,14470.0,880.0
2026-07-21,_TApfEWBsPo,1709269,31816.0,2193.0
2026-07-21,mo07lEx0Qaw,435737,10433.0,365.0
2026-07-21,LEpSiICAlvo,1553470,16027.0,1243.0
2026-07-21,jmtA3Ll3mcI,1275828,19491.0,2156.0
2026-07-21,NIX1BbU3aE0,1082496,13517.0,888.0
2026-07-21,YJt4DL0RavA,422740,7240.0,910.0
2026-07-21,By1f5K_SmLo,272569,3269.0,417.0
2026-07-21,YT4eqCBxTXs,808528,9726.0,913.0
2026-07-21,7UXQ7nr25DE,426661,8813.0,965.0
2026-07-21,3fsfp4WnxDA,518273,7239.0,822.0
2026-07-21,Qc95J1JMF5s,1026411,14760.0,1172.0
2026-07-21,ILeK_Y1sZHk,877806,8464.0,761.0
2026-07-21,VcEpa5cDIGA,803816,9987.0,795.0
2026-07-21,5b0F39pruH0,1371664,18980.0,1689.0
2026-07-21,qVXKZPCe_nI,561161,7051.0,539.0
2026-07-21,P7I_HE41W3o,232493,2182.0,258.0
2026-07-21,rdNEfWRRAxA,254943,4443.0,353.0
2026-07-21,VbsbOijW_3k,2481189,37625.0,2612.0
2026-07-21,cJd3ofMvKOc,1624794,23434.0,1107.0
2026-07-21,JAaCFI6TNsc,77344,2203.0,54.0
2026-07-21,QnmYd9ieJzM,355571,4449.0,303.0
2026-07-21,ll1YEAtOlYQ,366670,5779.0,554.0
2026-07-21,-Ye75PaVOnI,486847,12096.0,377.0
2026-07-21,M9STobkX6L0,1594616,41056.0,372.0
2026-07-21,gnagPlzL1yQ,710428,10602.0,874.0
2026-07-21,S5P_VWbGUq4,502930,5952.0,698.0
2026-07-21,93Tu3r-II1M,595712,5456.0,399.0
2026-07-21,ZN-AoO4IHQA,289232,3795.0,331.0
2026-07-21,QxeUb4nfefU,457493,5656.0,867.0
2026-07-21,CMMoPWICfrU,337364,5188.0,342.0
2026-07-21,5tPLntHymt4,733477,5645.0,602.0
2026-07-21,2IGpI-r3Ays,780898,7957.0,839.0
2026-07-21,YD3eQUwR-sE,495900,7241.0,1963.0
2026-07-21,FmT3XRyIhVE,925751,9099.0,1062.0
2026-07-21,yfYXcsM5S4c,299677,4610.0,541.0
2026-07-21,P8BeiHZ7fPQ,1257596,13097.0,913.0
2026-07-21,CHwIOQC6meo,303300,3476.0,771.0
2026-07-21,IT1mWbw8KS4,608688,7596.0,440.0
2026-07-21,nBTOHF9c5Ls,684426,7377.0,837.0
2026-07-21,lGvaPEcFuNM,451760,5747.0,529.0
2026-07-21,KHxKhTNjGvc,891500,9489.0,966.0
2026-07-21,ugpS8F2Xq2g,457388,6254.0,747.0
2026-07-21,69YqG3ZidOo,258532,2427.0,230.0
2026-07-21,TwhDNSEuTRE,521047,6038.0,1083.0
2026-07-21,wCy1uZoCorw,332669,8063.0,1928.0
2026-07-21,ZfWbVQy5qTo,578122,7506.0,534.0
2026-07-21,h7qBg9cxmrk,570830,6332.0,638.0
2026-07-21,OAhpLf8Cxzg,2374128,33854.0,3203.0
2026-07-21,beuF_SMc0hU,627171,7356.0,683.0
2026-07-21,yRHby2FgUTY,286472,3961.0,331.0
2026-07-21,53rIbdhjYms,995898,12229.0,1302.0
2026-07-21,63n9zCbqKF0,535553,6479.0,502.0
2026-07-21,YSVHfx3_CAE,386432,5903.0,454.0
2026-07-21,gQu_ZdbzpzE,364889,5673.0,933.0
2026-07-21,lEvEMg74pE4,1381366,14458.0,1091.0
2026-07-21,A72d784WRfk,382314,5930.0,1494.0
2026-07-21,VtvnzFxi2vc,726943,6887.0,1164.0
2026-07-21,Ckdll3aNpYQ,702462,9441.0,1369.0
2026-07-21,TCd1SXwamEE,186998,3069.0,271.0
2026-07-21,EaHYZXa46H4,227047,4246.0,485.0
2026-07-21,Q6mks64845g,1222125,12280.0,869.0
2026-07-21,drIHSOcf9tk,588319,7243.0,512.0
2026-07-21,oYO_paloGr8,215043,2960.0,460.0
2026-07-21,Wf_IOU9QTVo,273764,3670.0,287.0
2026-07-21,yZc6iBhKIWw,787980,9744.0,1006.0
2026-07-21,VJRCzcB13Ek,1370517,17735.0,4114.0
2026-07-21,-7nFDxxoEcU,155800,2794.0,322.0
2026-07-21,omcr6-TGWdM,378069,5443.0,478.0
2026-07-21,FcqWRi8j9CY,734069,7659.0,1163.0
2026-07-21,yIrgcb_UlH4,593735,6957.0,781.0
2026-07-21,7nkU5WOW5XE,156495,1636.0,119.0
2026-07-21,J1qUmNujAKg,171515,2852.0,534.0
2026-07-21,V-qhbdJKD14,1205069,17657.0,1267.0
2026-07-21,Ru2Xm0pTnaw,540944,6918.0,565.0
2026-07-21,UzZp0LIwJu4,219739,4342.0,347.0
2026-07-21,llTYjUeEDz0,1229557,9972.0,567.0
2026-07-21,2upe3h1XeZc,1461828,13510.0,1304.0
2026-07-21,bGOG2YXFnK0,423465,6577.0,2345.0
2026-07-21,o7p6KpjZfi8,332619,4908.0,282.0
2026-07-21,ZtvBqJ_Jy3I,221407,1548.0,149.0
2026-07-21,DesVudIM7K0,440700,9746.0,520.0
2026-07-21,i3z-2hH0OYc,434735,4872.0,257.0
2026-07-21,nKbbhOiodj0,593244,6182.0,593.0
2026-07-21,iETX-0aXL9o,437664,6091.0,725.0
2026-07-21,lHO1MCSMiRA,479707,7524.0,466.0
2026-07-21,RMiQVFnd2Ts,1308297,11804.0,892.0
2026-07-21,jN8-p-u6EpQ,411647,4756.0,525.0
2026-07-21,1R3EvJVuokE,342205,4623.0,869.0
2026-07-21,cCD2TH2BEzM,324307,3435.0,408.0
2026-07-21,_rfLMFvqM_g,1112437,11600.0,1744.0
2026-07-21,5WGPnS9Vefs,251143,2775.0,210.0
2026-07-21,W5RWAPoajtA,368442,4562.0,284.0
2026-07-21,rqFTeQM3Kh0,620675,5408.0,1129.0
2026-07-21,9hyMJX6WZy4,213483,4523.0,324.0
2026-07-21,ErxJ-2dZewg,117141,1828.0,169.0
2026-07-21,BOcQwiN41sU,236515,3150.0,359.0
2026-07-21,dpnXcw-8EfE,925541,10228.0,816.0
2026-07-21,1OdYs6HSiFg,1051344,18832.0,1223.0
2026-07-21,oMYmXQo_niI,385124,3054.0,688.0
2026-07-21,hDBLhQWX8v8,945294,8900.0,1033.0
2026-07-21,999AzbfM7kw,116910,2127.0,493.0
2026-07-21,7Z9is71Sx4M,696664,9052.0,630.0
2026-07-21,EzvX6DhNpvE,1464708,11027.0,1086.0
2026-07-21,V6Txn2cGHt8,734874,9285.0,978.0
2026-07-21,K-ht_Fk4Ewo,263446,3594.0,335.0
2026-07-21,A_G6UNFI9Ic,189006,4527.0,390.0
2026-07-21,gj53ZSshqzo,1274464,11963.0,1115.0
2026-07-21,wogACRFnBc4,1393964,18326.0,1302.0
2026-07-21,0px13Ek75Q0,338252,6201.0,338.0
2026-07-21,glWoWOYGksk,1291403,9103.0,1092.0
2026-07-21,1XBvKNHBgWo,781788,7802.0,1207.0
2026-07-21,F5TTseXNxYs,332580,4504.0,739.0
2026-07-21,4iAPsAPPWQM,403362,4224.0,574.0
2026-07-21,4oQtkXFMVco,1250892,22403.0,1883.0
2026-07-21,f8eGEK4Apzg,1105249,10961.0,857.0
2026-07-21,m9jr18Jb6eE,429987,6061.0,1100.0
2026-07-21,A7FGqfN2A-U,2327677,19024.0,1610.0
2026-07-21,0vEjblLx1oM,908642,13228.0,18492.0
2026-07-21,U6gBVE-fy0k,369920,3720.0,396.0
2026-07-21,KU6bE6ZVZb4,611942,7377.0,768.0
2026-07-21,HMMiB5oMd6k,868679,11250.0,1463.0
2026-07-21,4qGhBeetoqI,835395,23729.0,2327.0
2026-07-21,xSUntunUqdE,689505,7126.0,2050.0
2026-07-21,_xNlwFckDyY,946082,11867.0,773.0
2026-07-21,CmjwCpcbLpM,546715,7660.0,550.0
2026-07-21,j_6KzZFJUxM,2786663,26457.0,1776.0
2026-07-21,W5S-FT6XOsA,263363,4116.0,436.0
2026-07-21,Vi4PV3zyWoI,592495,8751.0,221.0
2026-07-21,JU6w5k8Lreg,200202,3283.0,299.0
2026-07-21,KYX_UCJZpAc,545206,7615.0,1040.0
2026-07-21,Ve5YQUC-E4A,1147910,13589.0,1588.0
2026-07-21,M1hDFPejDAo,669164,17023.0,1043.0
2026-07-21,ZbpQEoLIEYw,551690,5931.0,442.0
2026-07-21,-KBFHzLttaA,2086889,16845.0,1181.0
2026-07-21,BFFY_s38udE,770163,6357.0,1126.0
2026-07-21,bUAQB2QIJjw,248576,2731.0,441.0
2026-07-21,q6w4mxPvVeg,1219758,12242.0,1463.0
2026-07-21,NHPcqPbbFBc,376827,5789.0,298.0
2026-07-21,vYkCwHsk0iY,637092,6563.0,457.0
2026-07-21,eWaqwCJHMMg,660594,8147.0,919.0
2026-07-21,CMxFKATq2OI,932350,11846.0,1723.0
2026-07-21,EAA933VzHwc,1030151,15022.0,1400.0
2026-07-21,RJ44QO7fRvo,846182,14663.0,1549.0
2026-07-21,T0ECukvHsF0,445313,2355.0,235.0
2026-07-21,hdnRXrETuMM,1102578,19608.0,2120.0
2026-07-21,XN-om29--Bc,834856,9043.0,681.0
2026-07-21,UCGIvN-Bdc4,629807,8187.0,665.0
2026-07-21,k3oZqkK8_fs,1022158,11112.0,698.0
2026-07-21,gGF0Kt5Z4HQ,1207893,13458.0,2491.0
2026-07-21,O2n9bS_wVAE,375757,4613.0,817.0
2026-07-21,aOcm-wy8-eA,359250,7291.0,535.0
2026-07-21,OhSonbjjfCk,961682,12092.0,1273.0
2026-07-21,bIyxX6VoeSk,826656,8256.0,773.0
2026-07-21,AWsojsqqbNA,366689,6385.0,445.0
2026-07-21,bAR8XrGBKzg,1823288,15446.0,1166.0
2026-07-21,u3RDTxQuCs8,669789,7850.0,917.0
2026-07-21,z1y6AUgZ7ig,629955,5364.0,349.0
2026-07-21,Je1V8eNWojk,282783,5593.0,526.0
2026-07-21,BuYxygvFWsU,1293031,32645.0,2723.0
2026-07-21,qjDX7NNDMWM,2137206,34192.0,2227.0
2026-07-21,UGgMyheufpo,1289353,17304.0,1579.0
2026-07-21,mF585Jls4_k,1106181,12779.0,984.0
2026-07-21,hx-H9Ap2pes,326503,4000.0,357.0
2026-07-21,YXlmojPmcCs,946237,8271.0,904.0
2026-07-21,9u603l1OruU,525735,5926.0,906.0
2026-07-21,Ry6HisoBajY,732357,8088.0,881.0
2026-07-21,PLTgzjcPGiY,799140,5569.0,1017.0
2026-07-21,EZFEkimPEHk,1042341,10038.0,976.0
2026-07-21,d0y2lJjHwV8,533997,4415.0,450.0
2026-07-21,x-WdnahVUFs,503581,6825.0,434.0
2026-07-21,uFx-BuMBZIA,417968,5856.0,797.0
2026-07-21,mzhifxAJ3js,1866539,16682.0,597.0
2026-07-21,VDr2hYZDOYE,2691196,18080.0,1992.0
2026-07-21,-wSDbNopGOU,548281,8517.0,539.0
2026-07-21,jsS3vMzddfw,440347,5538.0,461.0
2026-07-21,LLCX3CMmNL0,367026,4026.0,696.0
2026-07-21,hDy4Jz1seJE,677151,7474.0,670.0
2026-07-21,0fpRHgpZTXg,229639,4400.0,517.0
2026-07-21,FRNGzjwrXys,745905,11298.0,694.0
2026-07-21,K-JBmDmBL1I,1142867,8736.0,1034.0
2026-07-21,GnSJWX1dipQ,357866,4987.0,870.0
2026-07-21,Cto5NsBuR9k,1383575,13745.0,1746.0
2026-07-21,WqLNBvffN8k,1295659,15677.0,948.0
2026-07-21,XNWEopen1Uo,1988130,20764.0,818.0
2026-07-21,kHc8Jc_7Xlg,572541,7638.0,578.0
2026-07-21,fKXwGNzuf3Y,927603,10375.0,919.0
2026-07-21,xkVX4uJrJ0w,1313195,34418.0,3863.0
2026-07-21,WOm1uEdhcPg,525361,13522.0,1185.0
2026-07-21,k19irwUABe0,884787,11588.0,1200.0
2026-07-21,H5tki3IQqaI,695077,5422.0,657.0
2026-07-21,cPatcAQupHY,296803,4397.0,781.0
2026-07-21,Pmz3ziooa_c,1022643,15531.0,1346.0
2026-07-21,fTWbhxA6mxg,580421,9812.0,772.0
2026-07-21,TBp0OUwhJbw,478565,5841.0,556.0
2026-07-21,WQJ3X-qgPik,627341,4878.0,704.0
2026-07-21,kx59DjsZ_2Q,2030640,21520.0,1480.0
2026-07-21,WAeDKj2oG7E,420383,5596.0,597.0
2026-07-21,Favgw7hbTtA,524984,7817.0,1196.0
2026-07-21,FCwpkLI5cwo,1318895,17723.0,1072.0
2026-07-21,lqgZpChmZ-s,959845,7377.0,1190.0
2026-07-21,xZcIFS0_XnE,445934,9253.0,736.0
2026-07-21,qCjt-eM2L-A,1863605,23237.0,2549.0
2026-07-21,LyMbNq3SUXA,1894519,20979.0,2345.0
2026-07-21,qeX4_MEnLLo,1399332,15584.0,1863.0
2026-07-21,XxY-9w0yTcE,1561972,15808.0,1087.0
2026-07-21,6W6MvEMYN50,498856,7522.0,1123.0
2026-07-21,Xf67MHSWZKk,449845,3723.0,347.0
2026-07-21,t5WZJGQZR40,575274,6598.0,722.0
2026-07-21,HU0cvWlVUdk,236817,3499.0,504.0
2026-07-21,p0vqEId3PCc,1099955,11998.0,1320.0
2026-07-21,ZozbCbayo7g,338316,4692.0,336.0
2026-07-21,nSWkHyRSRMs,636558,6742.0,966.0
2026-07-21,KckPU8D6ebc,1703519,19037.0,1649.0
2026-07-21,H-BcE5n-OzQ,1063444,13225.0,926.0
2026-07-21,DrfZI-fU1Cw,239205,3901.0,286.0
2026-07-21,cjIMSjNKXos,652193,8917.0,1501.0
2026-07-21,F99YrfCzJ7o,529153,6413.0,742.0
2026-07-21,4Yg2CVSssfY,2871688,24683.0,1967.0
2026-07-21,W5hAIRbs_lk,219944,4580.0,1179.0
2026-07-21,fgBvEdppqyk,545555,7700.0,472.0
2026-07-21,b_B2cKsS-go,2174355,18482.0,1770.0
2026-07-21,6SaUBsiBXsw,579159,7197.0,595.0
2026-07-21,wB4CcBJe98Q,280025,3377.0,358.0
2026-07-21,ha8dwsIDgBA,712159,11168.0,727.0
2026-07-21,IHSSpPs7_rE,173057,2455.0,301.0
2026-07-21,kHEhNYm-3p8,219995,3492.0,301.0
2026-07-21,lvYNWQEgwAA,595726,8214.0,685.0
2026-07-21,WrFzSd2TktQ,342331,4706.0,629.0
2026-07-21,_x-kKqaqZXE,938910,21322.0,1732.0
2026-07-21,BQ-On-c-Yrk,424414,5422.0,529.0
2026-07-21,oigksFaA-J8,629449,10056.0,870.0
2026-07-21,yFIq6d4IhAk,699006,8367.0,976.0
2026-07-21,y0_KWZkxJ7k,912628,14384.0,3427.0
2026-07-21,HKqOWlqVilA,243492,3760.0,331.0
2026-07-21,Q02Jq0VCP18,933515,15680.0,1258.0
2026-07-21,vhoGaZ44bdQ,3731038,34940.0,3708.0
2026-07-21,6xkvZZLmjZ4,169152,2712.0,209.0
2026-07-21,wpHR7N_opwM,2398633,25821.0,2309.0
2026-07-21,S7IfX8efLSs,795641,7330.0,1218.0
2026-07-21,aVvOl_EvYlM,432261,5921.0,779.0
2026-07-21,540GthDxyew,373602,6547.0,714.0
2026-07-21,myQyT_rHMkU,1633329,17142.0,1025.0
2026-07-21,TM-wkzUuX7w,401177,8250.0,581.0
2026-07-21,VQL_fNLKrFU,2322415,49159.0,4217.0
2026-07-21,L1vzoJdnAhA,1576686,16640.0,1229.0
2026-07-21,ivfIKHRrrq8,820704,9773.0,1169.0
2026-07-21,Dn37H1eTRkU,2951528,27025.0,1740.0
2026-07-21,DkTJpUE0WgE,804332,11789.0,1689.0
2026-07-21,RPPqNsiZdkw,714518,13816.0,3031.0
2026-07-21,zbS30B7Oslc,1777187,18480.0,3345.0
2026-07-21,MFx37Fs5Q44,493919,5935.0,882.0
2026-07-21,ijWKaN5spcU,706333,11022.0,1560.0
2026-07-21,1h5hbDxKR_o,1426112,16685.0,2025.0
2026-07-21,8iuO7bSNnF8,778361,8310.0,760.0
2026-07-21,2kqANdtRAvg,325668,4909.0,563.0
2026-07-21,9oFmAFWWJzE,434064,5178.0,1135.0
2026-07-21,PXDAfvNuB_U,424601,6673.0,720.0
2026-07-21,LIcDZYNt_ps,795040,9626.0,1591.0
2026-07-21,UTMBo9NTuqM,512244,7867.0,619.0
2026-07-21,leecaCYua9s,193558,3192.0,327.0
2026-07-21,BhXWm1spQg8,770563,7525.0,558.0
2026-07-21,N8o81-h3crE,533586,6186.0,760.0
2026-07-21,FTz7IyYhKQk,203597,3937.0,573.0
2026-07-21,MtsahMpXOls,279375,5110.0,417.0
2026-07-21,jVN2Qblo3iE,636093,12568.0,1430.0
2026-07-21,MQZSzG8hjdA,621714,7491.0,483.0
2026-07-21,OJ8yhbqSRfQ,375281,4563.0,338.0
2026-07-21,0Bx5rJNoGkY,288269,4909.0,521.0
2026-07-21,vQPfpyjV658,381953,5109.0,1100.0
2026-07-21,2lz26bokLig,1073191,11134.0,1124.0
2026-07-21,rLyymNzFyfU,521002,6478.0,1177.0
2026-07-21,n62TlrmMNho,867911,14349.0,2037.0
2026-07-21,d8b2dzP8_qg,983662,14208.0,1464.0
2026-07-21,dZdwdWd0kx0,200406,5597.0,610.0
2026-07-21,ibA1vL-JkdM,464518,6898.0,2650.0
2026-07-21,zqo0fFFgwQU,194345,2270.0,260.0
2026-07-21,VfehP2h61lo,435067,4937.0,285.0
2026-07-21,p4JuVQSqGvE,685334,9347.0,1348.0
2026-07-21,TLMbSn-nmZw,373810,5100.0,414.0
2026-07-21,eYp1EAM3c1U,904904,9082.0,1142.0
2026-07-21,Vh7yP4UWlnI,747820,6708.0,1238.0
2026-07-21,UhwsCd8EsS8,883179,10345.0,532.0
2026-07-21,sKfEoPr9CKM,736514,11950.0,857.0
2026-07-21,8Ylqreer_1k,142817,2107.0,192.0
2026-07-21,U2v59sd_9IE,484020,5253.0,465.0
2026-07-21,NsI6PyAGbNk,297945,5151.0,196.0
2026-07-21,efmlR9-r2H0,742022,5690.0,475.0
2026-07-21,LtRucA4hT_M,495349,4698.0,569.0
2026-07-21,ggkZcLn2m0I,1355619,19025.0,1228.0
2026-07-21,k1WTInxNyxE,844742,9393.0,738.0
2026-07-21,6p7_j8ff9Cc,750593,10152.0,741.0
2026-07-21,EodUiAMfpBM,685286,9192.0,810.0
2026-07-21,tUH_bDQL5bY,859946,10737.0,1887.0
2026-07-21,0cZqBDBW_XA,297158,6531.0,1343.0
2026-07-21,6IKGq6Akd_A,745132,7664.0,462.0
2026-07-21,sBZFk2CxYM4,1251738,17625.0,901.0
2026-07-21,Y_N-bH7ZDuc,612034,6753.0,900.0
2026-07-21,xENw-PAG1jQ,623945,10070.0,807.0
2026-07-21,iqk4vtXcdSU,245081,3652.0,343.0
2026-07-21,G3MbfnnlUlE,1062775,14165.0,876.0
2026-07-21,o2i8vD1Ab4E,880191,14064.0,2043.0
2026-07-21,Rpy4Rztmu1g,1197890,18585.0,1843.0
2026-07-21,gHz0-eM2Q1w,969978,8060.0,727.0
2026-07-21,BfQmqXLLs4k,171365,2978.0,420.0
2026-07-21,j60yWVGNeYU,1205996,5123.0,838.0
2026-07-21,_K3dcRWPAIg,823072,11518.0,777.0
2026-07-21,uqeu-lP5wJg,340337,3573.0,450.0
2026-07-21,qllfii86tKQ,447746,4876.0,398.0
2026-07-21,ZUpNPdhCOWQ,928455,24371.0,1430.0
2026-07-21,uPTdpnRTBIE,530317,6266.0,850.0
2026-07-21,gH7GuLRhHgs,1492613,15481.0,1342.0
2026-07-21,0iaoggmejcA,675477,7124.0,702.0
2026-07-21,utyYSlsmsMw,1081460,16027.0,2616.0
2026-07-21,OrJ7c67dXuw,942257,17977.0,2000.0
2026-07-21,bk07JY0fggM,382278,3421.0,478.0
2026-07-21,DP5r6jHluvo,585286,6491.0,494.0
2026-07-21,mPWWiNHYxWs,221368,3610.0,354.0
2026-07-21,KufKb7hUCyI,1340920,10768.0,1102.0
2026-07-21,Y-avnK_whrE,342092,4071.0,511.0
2026-07-21,s9vTi2B7xVQ,486306,5073.0,448.0
2026-07-21,13DxVgo13WM,292061,6717.0,715.0
2026-07-21,vsf1Uxxog_Y,487465,13651.0,1499.0
2026-07-21,R6C3ER-YltI,343472,4119.0,447.0
2026-07-21,CdX8PeCXYkI,884186,8776.0,865.0
2026-07-21,XVJXEYMyYf8,1363218,11248.0,1148.0
2026-07-21,Ys7UkQMrGeM,1149499,16937.0,2054.0
2026-07-21,L69W_p8BYcQ,500977,8117.0,321.0
2026-07-21,GlxPyh4P878,450914,6073.0,1049.0
2026-07-21,yEhMSeW5xkQ,306367,5622.0,773.0
2026-07-21,gi02NaedFBE,972142,11351.0,894.0
2026-07-21,RNvetTpVK_w,487299,5696.0,399.0
2026-07-21,bW-LkNCUgeg,450741,6303.0,435.0
2026-07-21,5CuRmbMazVA,494911,7535.0,376.0
2026-07-21,FZAwR75qoTU,151843,2256.0,346.0
2026-07-21,6-zhtnQJkG0,1193734,20264.0,2097.0
2026-07-21,bQbD4zDi3DI,568191,10521.0,2861.0
2026-07-21,t6lYzvjOLtg,659704,7358.0,999.0
2026-07-21,UiBa7j8eL-s,912967,6831.0,458.0
2026-07-21,xM-SL-cR0cQ,1341688,16407.0,1951.0
2026-07-21,DGOY2HnlMi0,1021099,22257.0,2708.0
2026-07-21,IZzFknrU0II,506835,6757.0,796.0
2026-07-21,hiK_eOEHbAc,414673,6137.0,486.0
2026-07-21,b3XQm398kuM,1304317,12914.0,1326.0
2026-07-21,sZc-TrOpNno,2485612,25551.0,1752.0
2026-07-21,v4LK3iNQN2s,1617229,6206.0,608.0
2026-07-21,-JAnQov4oGs,1449373,19324.0,1471.0
2026-07-21,haJjvg0UMqg,864727,10593.0,1578.0
2026-07-21,bb_tLpJoy3E,1290177,11174.0,1808.0
2026-07-21,L0-ntbMEhDI,386213,4604.0,422.0
2026-07-21,cLrTcsC6crc,328944,4849.0,314.0
2026-07-21,3PCZvMlPj2Q,441286,8219.0,1382.0
2026-07-21,rPuZRQMWfck,710477,9618.0,759.0
2026-07-21,sYYV1uo62V0,110768,2078.0,261.0
2026-07-21,_Df4yhV1LLQ,377949,4503.0,387.0
2026-07-21,ACjRbuSjQps,584225,9584.0,665.0
2026-07-21,FmVXdKwOAYM,438895,6048.0,756.0
2026-07-21,Q2r8OO4tGbk,105729,1600.0,99.0
2026-07-21,UQiGXNIU_g0,1030360,12319.0,703.0
2026-07-21,aZ9VW4nNJz0,2265372,15220.0,1976.0
2026-07-21,fhntc2Lopic,928672,12281.0,1888.0
2026-07-21,sIvS3ov5P78,419995,5808.0,824.0
2026-07-21,wqrBHM4YpQI,239944,3841.0,326.0
2026-07-21,ug-Fk8Ol07k,664704,7789.0,951.0
2026-07-21,h76QTiQ1FwE,906269,10331.0,917.0
2026-07-21,PTIBpwUDwO0,887817,15193.0,893.0
2026-07-21,V33iV8NObZ0,578809,7632.0,1167.0
2026-07-21,lBS9YC3HYPE,175226,2967.0,515.0
2026-07-21,MelnpjQPHaE,654363,10507.0,1431.0
2026-07-21,JZ_PkLAZAXQ,219804,2678.0,248.0
2026-07-21,-FkR-uajc9I,442815,5962.0,1270.0
2026-07-21,M3YA4WiKTfA,595209,7787.0,1856.0
2026-07-21,lrSZy7sbzQ0,760778,8677.0,536.0
2026-07-21,JCub653FBqg,226975,3468.0,552.0
2026-07-21,uQGnPa_MIbA,297672,3674.0,490.0
2026-07-21,GnZ4RA7DwUU,223925,3302.0,548.0
2026-07-21,1RtogAfIiQQ,659578,10776.0,1027.0
2026-07-21,E2HESXpT1HY,3356204,123999.0,13263.0
2026-07-21,DZSTQ61t0hQ,435849,5714.0,1222.0
2026-07-21,A7Lzpv3ZSsU,557864,6010.0,568.0
2026-07-21,8oHES2X-5qI,1804187,23877.0,1688.0
2026-07-21,egb2LK4a-ng,431328,9010.0,481.0
2026-07-21,AluxyaxmaAA,737260,2954.0,312.0
2026-07-21,kj3H47naUpM,1011421,14326.0,1786.0
2026-07-21,s5M5aKi-8ZA,3157833,31834.0,1633.0
2026-07-21,AHPTpO_EOTQ,336528,3136.0,478.0
2026-07-21,Fh_haJQbSe8,729857,7627.0,856.0
2026-07-21,hf5Jm6Th4u4,347013,4010.0,1086.0
2026-07-21,mOBaKwe5t8M,216830,3152.0,249.0
2026-07-21,RZ9KNVU8704,280838,3453.0,379.0
2026-07-21,9DJRkGtj1Cc,523713,6875.0,1114.0
2026-07-21,IBbDIpEixrU,9870539,107297.0,11872.0
2026-07-21,waP15uXl2eQ,563023,12269.0,1087.0
2026-07-21,p1L1W3nW__M,444920,10295.0,921.0
2026-07-21,duq7YdlwY8Y,419915,8977.0,1541.0
2026-07-21,TicLlMu_urA,322390,5759.0,405.0
2026-07-21,I3STO7HbCcE,271445,3393.0,417.0
2026-07-21,b1VPVFGVfRA,2220850,19785.0,1482.0
2026-07-21,SK3rhTUG6eY,1590395,17480.0,2339.0
2026-07-21,BUJ9MWAq5Wo,889277,12923.0,1179.0
2026-07-21,HS7ErGM7p3k,1510471,12193.0,1152.0
2026-07-21,RByRvtl2N94,992731,10293.0,1078.0
2026-07-21,49aSAc17WeU,1044776,17413.0,978.0
2026-07-21,7ct1dY8y9f0,294230,4260.0,339.0
2026-07-21,nBMfBFXGc20,1028279,12009.0,955.0
2026-07-21,7RLrz2gycU8,1820094,17932.0,1755.0
2026-07-21,Hq_Kr8mSiEI,583727,6809.0,1218.0
2026-07-21,HUZki1tTB0A,1623383,17605.0,1100.0
2026-07-21,4BMRPkX5my4,1304996,24938.0,1526.0
2026-07-21,TrdYVMCGSQ4,1284884,12948.0,1106.0
2026-07-21,V6VZxtfetJA,411188,4264.0,593.0
2026-07-21,IRwUXabFAWE,1234734,11911.0,788.0
2026-07-21,gIgGUSyItQk,2036757,26572.0,2856.0
2026-07-21,XND8GC7SpDw,2651941,28161.0,1411.0
2026-07-21,-3fm2P9wNDs,689004,7793.0,594.0
2026-07-21,g8Q69gVN5mc,829408,10804.0,636.0
2026-07-21,7O5ptq0RSB8,1284129,21412.0,1257.0
2026-07-21,SXMHmhtilV4,3020888,44444.0,1467.0
2026-07-21,Qnoy24aCTDk,987983,15481.0,1554.0
2026-07-21,OhB73K2iDO0,1070076,11346.0,827.0
2026-07-21,mp20RqlJwbo,10571516,168412.0,11105.0
2026-07-21,DX3nt8_flQQ,710467,13935.0,1461.0
2026-07-21,g6SwFXwkBhM,493628,5773.0,669.0
2026-07-21,DNsVx83c0fQ,425290,5507.0,473.0
2026-07-21,It8A4pPrKkw,741268,6618.0,492.0
2026-07-21,tTgjy7REHhM,1922270,24468.0,1108.0
2026-07-21,KO9kP8SJFq4,797262,13131.0,3389.0
2026-07-21,kKx4hKZWR5U,598084,10561.0,811.0
2026-07-21,moJVYyvsy30,456654,7802.0,736.0
2026-07-21,cDVFG2n2EU8,828488,11292.0,1104.0
2026-07-21,6oUIxtbCERw,456383,5008.0,444.0
2026-07-21,RAVecQNdqdw,601022,8246.0,771.0
2026-07-21,d-aqQ0C_9MM,809944,12695.0,642.0
2026-07-21,GnjhzA8oXyY,2270671,23594.0,2393.0
2026-07-21,-DzCX7cGcGU,816171,9845.0,1272.0
2026-07-21,vQXqxXUS6S4,1074553,8955.0,1888.0
2026-07-21,m-rTJGpBFAE,339365,4605.0,389.0
2026-07-21,fA-6kNf5su4,245706,3023.0,331.0
2026-07-21,hXjrqKrd5Vo,726008,8049.0,1066.0
2026-07-21,fV0svoJpsMg,2439028,20699.0,2211.0
2026-07-21,uu_7yI9exgk,3269839,33590.0,1743.0
2026-07-21,vbTQuWo8n90,851165,12673.0,1031.0
2026-07-21,B6QBNQkIQnc,1038796,23115.0,1848.0
2026-07-21,tGgbVgtq6Lc,945049,11645.0,791.0
2026-07-21,QRDLa_T42D4,1023681,9873.0,992.0
2026-07-21,lLkOEZdlbtQ,2688588,35662.0,4107.0
2026-07-21,KjuSAnjyr0M,1545412,14196.0,1795.0
2026-07-21,_Lf9wj4LE7c,1689997,24309.0,1172.0
2026-07-21,96MpMPaKaHE,1625426,22993.0,1966.0
2026-07-21,6_xPoxL-4bQ,457961,5881.0,810.0
2026-07-21,1d_9iAb0ZMA,1000032,8961.0,767.0
2026-07-21,rpkwbRi21pA,506105,5864.0,711.0
2026-07-21,fLs7Gg_VJ10,646313,6633.0,749.0
2026-07-21,j6ivBI8zDNM,455270,6557.0,884.0
2026-07-21,WKTJTnRUXMw,377043,4701.0,298.0
2026-07-21,w-XYOQQF6BY,548474,6461.0,886.0
2026-07-21,cBTgxDvTMxw,771742,6758.0,545.0
2026-07-21,fGvMf0OehHw,1121052,16364.0,1281.0
2026-07-21,lha9oHsu2ag,2012417,23833.0,1122.0
2026-07-21,q4JitO4t2bo,492761,7386.0,1182.0
2026-07-21,FWEoR4Fgk_Y,901210,12201.0,946.0
2026-07-21,Z3I0vVdqJ7k,2070787,21712.0,1092.0
2026-07-21,KR_88YodpRY,495162,4211.0,401.0
2026-07-21,Bwe26hmEhW0,1340837,24167.0,1185.0
2026-07-21,IowzQAi5Xno,374854,9320.0,1299.0
2026-07-21,ZaenA101S-M,372413,4626.0,720.0
2026-07-21,ihpfkmtqulU,622561,8412.0,2003.0
2026-07-21,T100und5zIk,7312001,56959.0,5800.0
2026-07-21,MIc6WINmW0w,583038,4682.0,1333.0
2026-07-21,3k1z4M2cc1E,2007913,25388.0,2584.0
2026-07-21,U0WJVifUnJQ,929307,11191.0,1372.0
2026-07-21,A2FTFoy8PV8,1277990,12235.0,807.0
2026-07-21,kxIpQ_ORXUg,684619,16040.0,1679.0
2026-07-21,IiTSI9-q0ps,219658,2576.0,399.0
2026-07-21,pSZ7FnZI8_c,473953,6906.0,853.0
2026-07-21,rRVNfBuGClA,311328,5696.0,898.0
2026-07-21,ddJUu5Hw9cU,2195063,29716.0,1366.0
2026-07-21,jL87hgzO7vA,990745,6018.0,482.0
2026-07-21,X87MG5lv1W0,782927,25028.0,2516.0
2026-07-21,2w-iWVqf0oM,882222,3576.0,426.0
2026-07-21,4R62pP2X9aE,886048,14075.0,1097.0
2026-07-21,KQxYWsW6z-U,1505798,13719.0,1181.0
2026-07-21,oXmyb_QJUFk,1950902,24779.0,1607.0
2026-07-21,aLviHKgeJOY,455366,6150.0,1056.0
2026-07-21,IYwG8EtimJE,349397,4982.0,751.0
2026-07-21,DzI8ssstKcQ,649831,9872.0,1487.0
2026-07-21,wZEIhXXM3xk,1155480,18385.0,3927.0
2026-07-21,Wb4ZCxbSlQ8,1243355,12579.0,1380.0
2026-07-21,id3xxfgQvjI,555082,13165.0,1038.0
2026-07-21,8Jnwg3Wn1MQ,958063,11937.0,1140.0
2026-07-21,F5Mwkl5DgJg,822620,11781.0,461.0
2026-07-21,w6iPA9_CuwA,462109,5329.0,582.0
2026-07-21,VaXb0g4G4Ug,1015640,8398.0,943.0
2026-07-21,QA-ywcfbiMA,2364709,26452.0,2667.0
2026-07-21,Rh4aR4Wukug,477297,5905.0,615.0
2026-07-21,aeXo1Uz8FDU,334289,4703.0,622.0
2026-07-21,4wB4iGPdPXw,1647853,12357.0,1269.0
2026-07-21,e-56mOkILms,1480925,15207.0,1263.0
2026-07-21,BCYrb8BmM1k,504292,6858.0,996.0
2026-07-21,SZ1a_v1TsI4,698145,5119.0,880.0
2026-07-21,oQYPgD3cIP0,1163234,13366.0,1754.0
2026-07-21,GcHTXEYCXNg,1087549,18079.0,1985.0
2026-07-21,93pLN-LUqV4,355465,5156.0,958.0
2026-07-21,6gf9egw2DJA,505343,5568.0,601.0
2026-07-21,DkmzHrUYs2w,301123,5460.0,860.0
2026-07-21,CPrTegO9aSA,202123,4975.0,344.0
2026-07-21,gr9MVXkXuxs,668113,7909.0,594.0
2026-07-21,BazRmtH26g4,491944,6036.0,867.0
2026-07-21,fGD6qE0i__4,631049,8289.0,856.0
2026-07-21,3IeYYN0Kz2c,2150041,20540.0,1481.0
2026-07-21,XdaZyOjUjF8,1736616,19429.0,2768.0
2026-07-21,9lYDS3_oV64,407695,5109.0,334.0
2026-07-21,3hThHvQAZro,863293,10163.0,1101.0
2026-07-21,00AxXFbgvgE,328271,3907.0,527.0
2026-07-21,E2MD_21MNwU,212529,4075.0,412.0
2026-07-21,HiGuvsUiCNI,1003874,9067.0,1652.0
2026-07-21,Yx_vpgtHN_U,507474,5400.0,855.0
2026-07-21,TseYUQKrMZs,487657,6585.0,975.0
2026-07-21,l6Roq91gYj0,475168,5236.0,897.0
2026-07-21,wfIpOtgJ2iw,1488812,35285.0,1375.0
2026-07-21,g52Beas26lQ,539837,12864.0,1513.0
2026-07-21,okFrYeZb96o,519018,6710.0,1417.0
2026-07-21,SMpf3Uc0JrU,446485,5228.0,562.0
2026-07-21,ZAegVqPa3EA,600725,7593.0,856.0
2026-07-21,HX1WLSHI-LA,818165,15526.0,2056.0
2026-07-21,wtlXnpZAnOo,633017,7357.0,810.0
2026-07-21,U8h0m7s7V5s,273441,5067.0,569.0
2026-07-21,QJ02NHju5oY,780240,9041.0,640.0
2026-07-21,WNdCY-HDm0Y,642382,6954.0,1354.0
2026-07-21,sDBpEOAPvOw,944997,15158.0,1440.0
2026-07-21,_T0dQYbJMAU,1746934,17999.0,1250.0
2026-07-21,cUMX4wminc4,2060721,17301.0,1661.0
2026-07-21,h-jiw3kY-sI,222682,3023.0,347.0
2026-07-21,bhnMtEHHYiY,590997,5936.0,1035.0
2026-07-21,IrJ8TUsjRh8,890295,10336.0,954.0
2026-07-21,DYZ7IaLmiTw,592557,8603.0,1198.0
2026-07-21,iIUPwXr0eBg,842410,7521.0,980.0
2026-07-21,pJAuyAgKCF8,346912,4874.0,474.0
2026-07-21,VBRgy3Wao30,832690,17099.0,1486.0
2026-07-21,15Sg28kI_G4,570246,10811.0,1879.0
2026-07-21,zaKT4RDGpqI,898313,15736.0,1730.0
2026-07-21,yJglsCBPnV4,340367,4664.0,463.0
2026-07-21,gpJrZdVLfHU,275451,3663.0,379.0
2026-07-21,N_SBd9wm4Ys,526649,6996.0,1461.0
2026-07-21,95fbfWQRKA4,590293,24088.0,3734.0
2026-07-21,S8_OH3Ey7ko,465844,6177.0,1626.0
2026-07-21,NHH6ng7612o,1977724,33119.0,2271.0
2026-07-21,0xexSuj1s3g,1296202,16259.0,1229.0
2026-07-21,WHAIO6lxe9M,1314676,33721.0,4584.0
2026-07-21,ljgoKjMvMWM,468983,5169.0,528.0
2026-07-21,551Sj3w0Avk,379049,5855.0,488.0
2026-07-21,LsmwR2meu4Y,821909,7448.0,987.0
2026-07-21,0WLoZOAZWzk,556842,6909.0,1006.0
2026-07-21,k5StMNkZNJE,5586567,64103.0,4210.0
2026-07-21,vjOsO2yMv7Y,349252,4702.0,1253.0
2026-07-21,fJaV3XpMRmk,323545,3687.0,687.0
2026-07-21,Ej03Bq99xj0,224638,3139.0,366.0
2026-07-21,Sl3j14jdnE0,1322610,10980.0,3366.0
2026-07-21,aRvDnZMz6j4,525199,6259.0,1142.0
2026-07-21,FFc-Ot356I8,663968,6833.0,833.0
2026-07-21,vUMcKiUvOOk,972743,12308.0,2943.0
2026-07-21,NvNKtZo3Lvc,453372,5608.0,740.0
2026-07-21,Rx-K760ugxA,1876056,25557.0,4049.0
2026-07-21,23x3sU35l28,241537,3140.0,716.0
2026-07-21,-Fd63ME1imw,885714,10969.0,1760.0
2026-07-21,nNvLfteovls,390551,4903.0,706.0
2026-07-21,zfvULDMKWF8,1450924,13088.0,1589.0
2026-07-21,OShWitxiqM4,243123,3401.0,429.0
2026-07-21,k29O2xAezeo,2393373,18998.0,2468.0
2026-07-21,FcpP9eObRYk,389348,5268.0,907.0
2026-07-21,iSeklNYXoTU,537348,7568.0,562.0
2026-07-21,C_MSqj7B5p8,1531576,13626.0,1146.0
2026-07-21,ciqEWfLktLE,965241,7541.0,713.0
2026-07-21,Vke0KSOmCUw,838667,7874.0,834.0
2026-07-21,QLf_cBZl-2Y,868296,7233.0,783.0
2026-07-21,brI00_-KBCg,487753,5733.0,896.0
2026-07-21,8SWyHMXKL68,1002504,11522.0,795.0
2026-07-21,9hKHC32aYE0,635302,12066.0,2319.0
2026-07-21,VQ66rU_MHV0,343862,4185.0,503.0
2026-07-21,CHtJHfUGBIM,256185,4378.0,387.0
2026-07-21,V96hV1Jysp8,402983,4747.0,375.0
2026-07-21,JWToEtJI4Qw,1461755,10849.0,1432.0
2026-07-21,hfnuU3IH6gQ,967232,8468.0,645.0
2026-07-21,evEqnPKMO5M,398988,4799.0,561.0
2026-07-21,CxkYRi-BGjA,1212231,9405.0,792.0
2026-07-21,3Do7nNCDP2g,406819,9254.0,616.0
2026-07-21,zZANIjocxUo,393679,7117.0,841.0
2026-07-21,qJVKaXuQ98E,692387,7332.0,777.0
2026-07-21,q0MbI31R4UE,234080,3844.0,337.0
2026-07-21,0LayfKCcz0w,893250,8254.0,608.0
2026-07-21,KfTgmSIS1uE,611198,7521.0,421.0
2026-07-21,mnFC_xvfK2U,800083,6578.0,757.0
2026-07-21,rr5p7H11CxA,586430,5190.0,568.0
2026-07-21,uKIN3Rvn8aA,2223643,22636.0,1275.0
2026-07-21,Vnbkl1Lla04,442767,7505.0,593.0
2026-07-21,qA32IGVuODE,1154559,5370.0,529.0
2026-07-21,XSzfXoYx0Xg,2720260,18331.0,811.0
2026-07-21,Ypw2XVpz4a4,2734348,27610.0,3713.0
2026-07-21,N14t_U0GIAI,427109,4391.0,475.0
2026-07-21,u4sRWXu87ks,863056,12619.0,625.0
2026-07-21,qOxYKLOG_nA,889052,15938.0,943.0
2026-07-21,AYZED_Zx6Hc,333102,3477.0,326.0
2026-07-21,Ly0IMZCMG6s,1142690,11004.0,1348.0
2026-07-21,iyStz9bZHnY,1809082,18599.0,1109.0
2026-07-21,dA0ttQ6lnP4,452176,5522.0,545.0
2026-07-21,8C_I8pJhfbk,2692629,26823.0,1495.0
2026-07-21,hWe1DAp8GV4,877142,9260.0,1520.0
2026-07-21,3fUgTV6VKDY,911341,13071.0,986.0
2026-07-21,3_8ef7xJaaU,2313059,23306.0,2417.0
2026-07-21,bvCQnu2mnfY,449790,13902.0,1540.0
2026-07-21,1CUq9Lq5UEY,2449471,31433.0,3331.0
2026-07-21,HIjCZL8BiAo,1146717,14815.0,1128.0
2026-07-21,aFqfOkXGg58,664002,6440.0,801.0
2026-07-21,Bog8P_smKlA,362856,4858.0,493.0
2026-07-21,d1PCw1yp4Xc,681069,6301.0,798.0
2026-07-21,7Y57gnHTUno,824828,8953.0,1267.0
2026-07-21,35Hj9MAzdPQ,1177961,9338.0,930.0
2026-07-21,uvtcxKXU_9k,435005,4809.0,583.0
2026-07-21,ZGZj3zv5RK8,377071,4761.0,470.0
2026-07-21,biDuhz-5ESo,1577926,18302.0,1718.0
2026-07-21,CEmkNCx5ruA,705341,6471.0,366.0
2026-07-21,w-63QNeJoKM,640884,6140.0,910.0
2026-07-21,gL4svcBDI0Y,587270,5085.0,592.0
2026-07-21,uYcmx5Vqu0g,492963,12724.0,1491.0
2026-07-21,h0jagPStHlU,2994676,21991.0,1711.0
2026-07-21,LFY2D-U6XwE,402238,4703.0,414.0
2026-07-21,Xaq04iOJqjY,685435,7736.0,712.0
2026-07-21,Y0WUW8UUkLs,154426,2292.0,418.0
2026-07-21,vPzx9kHeQAs,1143006,21535.0,6128.0
2026-07-21,kgDafQZMuP0,383776,4363.0,330.0
2026-07-21,AvoS2G9WMP8,416739,4859.0,330.0
2026-07-21,JjT3sZmWCHs,248696,2984.0,333.0
2026-07-21,cuVnXayR4wc,223168,4283.0,1330.0
2026-07-21,gC-gzoPD6Is,2361368,18418.0,1314.0
2026-07-21,QC6sOJ032h8,332299,2431.0,252.0
2026-07-21,Hdh4V_Uk5as,494060,4580.0,269.0
2026-07-21,fIgncRfM9KE,1050057,13003.0,2984.0
2026-07-21,gLwBYTShzB4,275015,2855.0,151.0
2026-07-21,3l1CIX23mrI,1199411,9603.0,784.0
2026-07-21,0smKHQMDCNM,314005,2983.0,243.0
2026-07-21,-WEqFzyrbbs,387015,4308.0,275.0
2026-07-21,4Oq2zjt_wTU,225692,2072.0,163.0
2026-07-21,DC7Joo94BAM,278514,5215.0,381.0
2026-07-21,WziVdoonTCw,358799,4118.0,442.0
2026-07-21,aT0k1R2D1-0,300419,4207.0,378.0
2026-07-21,_BUepsKPoFw,929947,7231.0,839.0
2026-07-21,Djhya5G3BSk,3594683,27910.0,1068.0
2026-07-21,vdN-Eii2fOw,784683,8638.0,623.0
2026-07-21,7rk7LBAoqzU,1081674,14079.0,1029.0
2026-07-21,h2kzp_C9Z6E,1686339,14041.0,1017.0
2026-07-21,N6cZXZktnO4,765011,7249.0,932.0
2026-07-21,yxU6xkVSNrc,339391,4794.0,393.0
2026-07-21,fBraVQd5T7k,734648,5931.0,408.0
2026-07-21,q2s47_57U1k,1108007,13314.0,2956.0
2026-07-21,bPJ3Fzd_T-U,1364978,12885.0,891.0
2026-07-21,vU6glnBBXqE,593913,5204.0,1492.0
2026-07-21,L44FI_1y7RQ,142460,2636.0,166.0
2026-07-21,O0Wj0mzq9VE,279084,3668.0,324.0
2026-07-21,qG2ZiOnls1M,622628,7291.0,793.0
2026-07-21,GmpeliHmNhQ,688040,7458.0,350.0
2026-07-21,vTVwIhJoejk,559898,4583.0,572.0
2026-07-21,vaWKlwOrgts,522852,5026.0,544.0
2026-07-21,SNhua9p8QGk,680179,7239.0,538.0
2026-07-21,BmQ5l042_78,582399,5811.0,461.0
2026-07-21,mffCD2M5rtM,1591235,11136.0,945.0
2026-07-21,fpbJNx3u8DA,259719,3905.0,451.0
2026-07-21,_Ppxac4LAzQ,1785911,15523.0,1392.0
2026-07-21,HpY2A3CM0WI,613081,5339.0,446.0
2026-07-21,MeAplifMdRU,463972,4669.0,423.0
2026-07-21,85SVBp0KkYk,313175,4307.0,347.0
2026-07-21,SDynekmtAKA,297319,3414.0,484.0
2026-07-21,t5MhdpIIULw,478331,8132.0,476.0
2026-07-21,rejP68_1VcI,707041,5478.0,306.0
2026-07-21,fGSiSRhPkyA,474410,5782.0,290.0
2026-07-21,nsWuy9DflLE,1903552,15339.0,365.0
2026-07-21,Bcrpn7tkoy0,267628,3295.0,583.0
2026-07-21,d7U0By1Fi4k,1250213,15869.0,1159.0
2026-07-21,O4fFZH6Uczw,329845,3148.0,401.0
2026-07-21,A22tHrQKL3s,781907,6000.0,227.0
2026-07-21,tEkapo_gcUU,442267,6458.0,560.0
2026-07-21,OAA1WNJ67PA,1322816,13344.0,2465.0
2026-07-21,HVaUSn4wBM0,250596,2495.0,330.0
2026-07-21,MaLhp45w_Pg,1122033,10395.0,834.0
2026-07-21,rS2mdMF6zSI,183531,2870.0,245.0
2026-07-21,aDwuUoimcIo,425626,4283.0,296.0
2026-07-21,JfCAKrJdUzk,1576890,21842.0,1741.0
2026-07-21,4_SrVvL6EWE,855514,8286.0,525.0
2026-07-21,OQd2uzgKhrg,759847,6885.0,1140.0
2026-07-21,_eX0EUe-meU,361807,3386.0,472.0
2026-07-21,qrRyKwR7REI,886400,5820.0,769.0
2026-07-21,ewJIgpFRrw8,251487,3094.0,282.0
2026-07-21,BROyQTDpMjI,2047580,18922.0,3241.0
2026-07-21,n_6a9K-6-Ak,111758,1569.0,145.0
2026-07-21,VwQjFOAH-7g,196194,2672.0,127.0
2026-07-21,7ytD2mi2NhI,838831,5520.0,587.0
2026-07-21,MgPq9HpZj3Y,160826,2124.0,625.0
2026-07-21,GRd6LLt20Ew,1158939,8303.0,311.0
2026-07-21,cabzUqnj_-o,256429,2128.0,291.0
2026-07-21,kpfdr4lcbss,339270,3152.0,460.0
2026-07-21,ZRaaSouGxWo,760432,8843.0,497.0
2026-07-21,0P5M0JFuRE0,161706,2091.0,203.0
2026-07-21,CRXm8J2JS5g,1311126,6329.0,280.0
2026-07-21,xZLLa3lMxlE,495732,4802.0,392.0
2026-07-21,EDjwSZOr4rA,876210,6829.0,190.0
2026-07-21,2oMf5H7hSM8,438356,3239.0,416.0
2026-07-21,5yCJSF9U60o,964626,10653.0,1129.0
2026-07-21,d4rt1NdWazw,225267,3630.0,429.0
2026-07-21,m-xUa-J5Njc,257055,2161.0,234.0
2026-07-21,wVE-hSewOq0,460991,6579.0,812.0
2026-07-21,NdCJ15dkh-Y,217055,2241.0,286.0
2026-07-21,sZRCiezYKLM,1209371,8291.0,1067.0
2026-07-21,0gYTNN7RAjY,782769,7151.0,469.0
2026-07-21,1eSZLvbHekA,668929,6127.0,634.0
2026-07-21,NZgAEQjxI0w,914519,9384.0,657.0
2026-07-21,x3NoBHvaowQ,1077246,5906.0,277.0
2026-07-21,69k24LCaVkg,141691,2327.0,210.0
2026-07-21,YX230Pq7T1w,346231,3066.0,320.0
2026-07-21,gDihfbThVOA,198767,2168.0,220.0
2026-07-21,rWxwFpJcFFk,751344,5069.0,643.0
2026-07-21,VsEwYQl1EQQ,865435,13135.0,687.0
2026-07-21,A5TQxgxBqsU,1046086,8188.0,946.0
2026-07-21,5exKZ2QZqwg,205200,2345.0,225.0
2026-07-21,VawTdGA2jE4,1263024,8378.0,442.0
2026-07-21,jEjRFBpQ9EA,261271,2537.0,422.0
2026-07-21,Z2y80Y8aFIw,544521,4995.0,1199.0
2026-07-21,bsdTMJbgJ6k,129716,2783.0,274.0
2026-07-21,M6CPdl__m84,559746,4494.0,971.0
2026-07-21,QJPmI0YP3Ag,3079978,22155.0,732.0
2026-07-21,30fg_vgQvD4,626969,5607.0,601.0
2026-07-21,bxidkpUBVIU,311787,3556.0,610.0
2026-07-21,fgJEzUwG_0c,274310,2970.0,179.0
2026-07-21,s-wrBC0CbDw,352401,6927.0,959.0
2026-07-21,PFuV00ybEjc,318655,3405.0,470.0
2026-07-21,MRaJ47qFVXE,1181873,8628.0,290.0
2026-07-21,7My-sdXv__w,1127241,9888.0,393.0
2026-07-21,cOF6N4Ut8Z0,833612,7460.0,1362.0
2026-07-21,o_NujHwIkW4,5468391,43911.0,1476.0
2026-07-21,KvoqlA_-h5g,891845,8774.0,767.0
2026-07-21,0kFCq_sdzgw,1290346,10447.0,1315.0
2026-07-21,VEe2zrygZ80,1049168,19708.0,5220.0
2026-07-21,X2O6Jf_AR6s,683276,6142.0,820.0
2026-07-21,zlHHufsT3XI,1192805,14588.0,1539.0
2026-07-21,Lz7U_TJ6bwY,537618,5067.0,713.0
2026-07-21,CKX3E9-pXyY,282605,3068.0,464.0
2026-07-21,rNT7MR0UMBM,533986,10522.0,408.0
2026-07-21,5ukXQn4jXxI,747454,6295.0,540.0
2026-07-21,7YQijKljKYU,1370841,9925.0,929.0
2026-07-21,xvGvAJrmL9g,91357,1827.0,155.0
2026-07-21,xkm-oSOgE_U,1330517,11922.0,1132.0
2026-07-21,VItB7Aw5tNg,1063789,9619.0,705.0
2026-07-21,eeN5wQopy0g,49218,690.0,127.0
2026-07-21,Hc6gcrQ9Gy0,268911,1965.0,137.0
2026-07-21,1Bi1NxJD-os,2712647,31286.0,2683.0
2026-07-21,k_HnFP7cPbU,992983,9480.0,1174.0
2026-07-21,tZ0vQrWbx7s,1108006,10628.0,572.0
2026-07-21,u4xQHdZhod0,286039,3041.0,309.0
2026-07-21,BoqZT1N6Z14,603249,4474.0,308.0
2026-07-21,o54tUwTAr34,675348,4560.0,579.0
2026-07-21,oAOYg_2v9ok,429805,3629.0,410.0
2026-07-21,w5HPy1af6OY,225581,2811.0,544.0
2026-07-21,2pCra_ARWb8,673173,6111.0,554.0
2026-07-21,nqPNSD99GMc,525259,9327.0,362.0
2026-07-21,wtEclq9XZBI,96782,1700.0,240.0
2026-07-21,SvB55au-wXk,588595,5193.0,737.0
2026-07-21,1CVmfXfR_Qs,62352,818.0,79.0
2026-07-21,pGeTwrU1xzA,786009,5843.0,634.0
2026-07-21,WibB7xBimfM,547436,4830.0,631.0
2026-07-21,BELhyPVFvZc,261447,2263.0,168.0
2026-07-21,Oe8PTYvRlz4,587121,11594.0,704.0
2026-07-21,ePaNUKwNoJc,408274,3098.0,242.0
2026-07-21,NHkcli4Z8j4,509998,6137.0,403.0
2026-07-21,RrDjgBSnNsM,620076,5926.0,271.0
2026-07-21,34SyuNAoC_w,45128,833.0,126.0
2026-07-21,7Ig9uPUskzk,97906,637.0,123.0
2026-07-21,Eti46UfgF04,8104615,19278.0,1678.0
2026-07-21,DjZgOco3P48,760017,5174.0,262.0
2026-07-21,goVREpjdI2A,114034,1987.0,271.0
2026-07-21,cyj_NdjSMBU,576450,6397.0,833.0
2026-07-21,ql2yQz5NkoA,1011923,12659.0,1991.0
2026-07-21,nlDpdyNLFKk,709245,4727.0,352.0
2026-07-21,NC1gN-ZE1uQ,332548,2945.0,396.0
2026-07-21,mczpIo6GiM0,814461,7153.0,1476.0
2026-07-21,Wam0_dQ8pAc,128177,1507.0,132.0
2026-07-21,W_KXknv61Sw,632745,6351.0,922.0
2026-07-21,4UmIAzX8JUU,123971,1920.0,176.0
2026-07-21,52QqfG-vXr8,1735248,10514.0,385.0
2026-07-21,UkE-iEzCeDU,663811,5509.0,612.0
2026-07-21,MbFCKEbRUKs,1974019,13484.0,1683.0
2026-07-21,DSJzyTM3VtQ,227540,1785.0,161.0
2026-07-21,0fKNV5I7v18,60151,3179.0,369.0
2026-07-21,QafuMMK6TVg,138583,1604.0,340.0
2026-07-21,1IDgid_sLW8,1059004,10954.0,674.0
2026-07-21,Hww-Xzxklz8,765470,6100.0,617.0
2026-07-21,SYEOykw__f4,724084,13095.0,655.0
2026-07-21,giBzqkzRb4g,159359,679.0,145.0
2026-07-21,OiaiXV7_WPQ,1139968,9276.0,1011.0
2026-07-21,WkA2Kvsum2o,2597108,12140.0,1194.0
2026-07-21,nG_q3lkLyJg,260111,4905.0,7522.0
2026-07-21,EO55c_AKr-U,526579,3347.0,531.0
2026-07-21,RF2nU7KjF-A,934050,11267.0,848.0
2026-07-21,xI1HorgQP3k,653467,4440.0,424.0
2026-07-21,0wlLVfFgDQg,756605,6156.0,1010.0
2026-07-21,qNRtpBSqQxM,57144,712.0,248.0
2026-07-21,_Gr0M9GH3nU,66104,1049.0,1179.0
2026-07-21,nPYpxYerSxA,381635,2420.0,442.0
2026-07-21,AsWnubXWaJ4,330553,2092.0,174.0
2026-07-21,io-wS1A3ZE8,337723,2397.0,647.0
2026-07-21,GIkbCDmLUHI,408226,3108.0,241.0
2026-07-21,XjNo8Pt_zxM,156215,1098.0,156.0
2026-07-21,Tl-bcZvkF4k,206801,1860.0,95.0
2026-07-21,OPuY-T9QXEY,406044,3714.0,143.0
2026-07-21,LuOJ8DGm64Q,85967,1119.0,139.0
2026-07-21,_zfqmyKOz9M,279367,1857.0,444.0
2026-07-21,C4iaybr2dng,422820,3673.0,569.0
2026-07-21,3Cb30HTvyHE,512294,4635.0,659.0
2026-07-21,oFavSHIOqM0,157433,1605.0,152.0
2026-07-21,kL0vmk7sGlI,123727,1387.0,150.0
2026-07-21,E529JRmNUWM,804898,11124.0,1424.0
2026-07-21,kxdP4k1AmgE,781417,4211.0,551.0
2026-07-21,Y0iiZVxieBI,1268700,6228.0,582.0
2026-07-21,er65lweGy3c,450577,2932.0,328.0
2026-07-21,RsYxBN_LwgY,2238456,11495.0,886.0
2026-07-21,jtn-IOiDyJM,244943,1882.0,370.0
2026-07-21,bZ3gFqhOqRM,270365,3286.0,334.0
2026-07-21,6FjAL_WBR7A,616773,6320.0,643.0
2026-07-21,uDA5-v3qoE0,479814,3792.0,489.0
2026-07-21,vn3VvyKp12I,611933,6387.0,759.0
2026-07-21,MDSiSlIWIN0,511818,3653.0,328.0
2026-07-21,Qgy3qL70wEQ,139180,1519.0,166.0
2026-07-21,Xs08DUcaGnw,556660,3173.0,261.0
2026-07-21,nQd79HXdWoU,606710,4085.0,397.0
2026-07-21,YSwXdYoN0fM,899130,8403.0,674.0
2026-07-21,xd85fqk6ih0,323995,3340.0,262.0
2026-07-21,toh-dFf5mpk,226196,1713.0,245.0
2026-07-21,gvIuMknWlH8,724842,4800.0,380.0
2026-07-21,rgVUTgyHy6A,1921564,16314.0,1579.0
2026-07-21,pO9sQdWBqMQ,406484,2515.0,174.0
2026-07-21,wZhvUGNl90c,198391,2472.0,240.0
2026-07-21,jDsSPWeOXL0,86810,1260.0,80.0
2026-07-21,ITjceNkI3Kw,642282,4430.0,375.0
2026-07-21,I3g4-hX76D0,576623,4173.0,383.0
2026-07-21,S7ipqvNQfLY,1877557,16852.0,3064.0
2026-07-21,3FMEcyfNUc0,193105,2118.0,281.0
2026-07-21,Y5BSWm2x4k4,290161,2297.0,200.0
2026-07-21,kSYJ-0Dza-k,24093,593.0,125.0
2026-07-21,xTLfIWdaugE,36680,1608.0,423.0
2026-07-21,WMBcaqKjBrA,83811,1327.0,90.0
2026-07-21,1-xV8Ay-59E,319269,1436.0,158.0
2026-07-21,6I_476IjM1k,91207,1022.0,70.0
2026-07-21,g2MblLYAZyI,1814097,7862.0,896.0
2026-07-21,2IB_AVC-lTI,403448,2847.0,303.0
2026-07-21,xHaaC5tTGYo,110617,1022.0,70.0
2026-07-21,LAGRFgJJ6pc,51936,506.0,40.0
2026-07-21,dYtXNGTQk0o,792635,5555.0,339.0
2026-07-21,MTU7EOqTLq4,260793,2462.0,240.0
2026-07-21,5-Rc9fohxt8,560429,3514.0,196.0
2026-07-21,uJdAXOkjQeU,97501,744.0,75.0
2026-07-21,6WbtomYQScE,1740148,11212.0,463.0
2026-07-21,0y_L_ToZjk4,112773,1126.0,37.0
2026-07-21,PkUH4erhyLY,1320668,7073.0,192.0
2026-07-21,qmQcizLAEog,80531,743.0,50.0
2026-07-21,CVPtEKtffXo,699820,4254.0,334.0
2026-07-21,dW6WjAzMGFc,1054128,4609.0,480.0
2026-07-21,vtwltBfAUT4,243881,1378.0,154.0
2026-07-21,aLYn2DTEycs,15666,76.0,8.0
2026-07-21,3ijUQ3-uVXE,183845,790.0,119.0
2026-07-21,dcr4Z8Wb91A,90268,435.0,70.0
2026-07-21,rtHEwnyi8RM,213866,1743.0,337.0
2026-07-21,VHZF7CSgvss,37582,334.0,43.0
2026-07-21,w5edgmMxKG4,215847,1864.0,79.0
2026-07-21,hyO53EvdskY,184468,1641.0,79.0
2026-07-21,bZuDPk_e8Rk,316375,823.0,131.0
2026-07-21,74L6pJKpqpQ,570813,4952.0,459.0
2026-07-21,0kUE7e2LSDU,71428,468.0,28.0
2026-07-21,CjuCrer7iIo,194237,644.0,123.0
2026-07-21,1qACG4nOohA,17743,191.0,37.0
2026-07-21,dC61VNpT6s4,70537,330.0,65.0
2026-07-21,Ib7Ijg4vcBw,312159,2082.0,103.0
2026-07-21,QksEwOPwSIg,927675,9830.0,460.0
2026-07-21,SgF1RdEvSlc,207937,1008.0,182.0
2026-07-21,0WKKtUknW34,136216,487.0,103.0
2026-07-21,YQmXOCRcQB8,20332,131.0,15.0
2026-07-21,yLCvxL3TJVE,1443249,10149.0,827.0
2026-07-21,_L651B-DiOg,37507,194.0,23.0
2026-07-21,gNXU7TuJ1Mc,193855,2151.0,196.0
2026-07-21,Wft92kUUJkM,1164004,9053.0,844.0
2026-07-21,zXryG3UWDHk,105109,841.0,34.0
2026-07-21,1I5Fgkxc6jM,83377,364.0,40.0
2026-07-21,2GFtnC5WZKo,344507,2325.0,237.0
2026-07-21,-hjrIyU7Zak,36752,229.0,33.0
2026-07-21,-NvptE-Lybc,606433,1552.0,184.0
2026-07-21,XVeJs2qCAVA,557097,3198.0,813.0
2026-07-21,AvZbrq4tZco,35796,160.0,16.0
2026-07-21,Kmlolv9GqVw,116622,542.0,72.0
2026-07-21,OXB-73Fy42k,74101,614.0,44.0
2026-07-21,kBGiN1YQGJA,90081,572.0,62.0
2026-07-21,3ou0EqpgNn4,616501,5402.0,525.0
2026-07-21,R09808z1Gvg,198731,1033.0,107.0
2026-07-21,fmKMTnavskc,130388,1053.0,78.0
2026-07-21,dzbuWnTlT-w,50468,291.0,65.0
2026-07-21,2NAiVtAHFKk,226403,1529.0,166.0
2026-07-21,IGQueStDVFE,64125,327.0,52.0
2026-07-21,0q1qc6LvxeU,96683,641.0,64.0
2026-07-21,bKdNvgzg4VQ,337239,1528.0,159.0
2026-07-21,A8jruM0jyvs,107480,597.0,129.0
2026-07-21,GTNlhJJ87Rw,74463,520.0,30.0
2026-07-21,CSMe2IFwh7M,12621,80.0,8.0
2026-07-21,7Ym3lUFDhds,50626,295.0,31.0
2026-07-21,eOAsGd-8YCk,15190,76.0,38.0
2026-07-21,q_XDFvi-B0s,47947,676.0,83.0
2026-07-21,pOUcPUDGz0s,18698,36.0,10.0
2026-07-21,mjWHR01sO7s,12298,126.0,3.0
2026-07-21,Pubb9YV9Gjg,105648,893.0,63.0
2026-07-21,xyw0nQx0IV0,8964,62.0,14.0
2026-07-21,4PKFiVSf5cE,10906,68.0,9.0
2026-07-21,URuu7n4JKf4,14414,223.0,16.0
2026-07-21,QvTp6y1JqYU,308034,1020.0,78.0
2026-07-21,AztWbH3NDaM,371481,4270.0,261.0
2026-07-21,lnvOPizyMU4,272863,1327.0,258.0
2026-07-21,GCKiFdNClmQ,513115,2773.0,309.0
2026-07-21,IxN36uJsaAk,10010,203.0,34.0
2026-07-21,a1YbR37eCeI,127879,732.0,51.0
2026-07-21,-k5ScuZG41U,685576,3738.0,511.0
2026-07-21,Hj3cRwMqEmQ,21837,215.0,26.0
2026-07-21,CpcrvHYQXkg,274323,2046.0,106.0
2026-07-21,HkzlhOBX_fY,290513,1840.0,158.0
2026-07-21,qS4YIPbNmFE,14868,259.0,36.0
2026-07-21,PRtPrULxO_g,278757,1924.0,271.0
2026-07-21,MFJbEReQiow,425192,859.0,238.0
2026-07-21,rR9Ndh0Qfc4,79152,197.0,71.0
2026-07-21,jVHR5nK5_Jw,67140,227.0,118.0
2026-07-21,DNjao1uS878,79716,733.0,57.0
2026-07-21,Ii5LR3vKknY,157405,1146.0,217.0
2026-07-21,f5MKx71pN_M,394079,2095.0,138.0
2026-07-21,dS6o-dQGfWU,159954,988.0,110.0
2026-07-21,ykBPOh6BmZg,253128,2229.0,237.0
2026-07-21,LTKJVyvRWLI,819891,4251.0,254.0
2026-07-21,hkClHbGf5wo,153029,805.0,79.0
2026-07-21,EbQ4kPpChrc,4327,14.0,2.0
2026-07-21,vxVN1s-WiXE,9110,49.0,10.0
2026-07-21,Llc4iipJtLk,5639,32.0,7.0
2026-07-21,XRYgEKaTHbA,7717,30.0,5.0
2026-07-21,N_VONZfduqU,4900,27.0,0.0
2026-07-21,8mGaKOcUoU4,544514,2675.0,331.0
2026-07-21,O0nApAme3hg,26835,54.0,12.0
2026-07-21,JvCxwTmFbP8,8411,17.0,6.0
2026-07-21,jXhdRYMKq3M,8217,24.0,4.0
2026-07-21,oQNEdEjpgl8,1513268,7318.0,1207.0
2026-07-21,5DUXRU9x47Y,5654,42.0,4.0
2026-07-21,ixndIZzghI8,3971,12.0,0.0
2026-07-21,DDDsz3Ym0Qc,4084,12.0,2.0
2026-07-21,giTVvgj-mu4,4417,26.0,2.0
2026-07-21,oeEDltA9l-Q,11458,57.0,3.0
2026-07-21,46DebIWqZiw,8952,25.0,5.0
2026-07-21,HiTNQQECxZU,8742,22.0,1.0
2026-07-21,UDPN8kAFw1M,8656,24.0,1.0
2026-07-21,b_qdMy6__Z8,11706,31.0,1.0
2026-07-21,pPqfkxFxDAA,18102,37.0,4.0
2026-07-21,C0-Ot3BE3LY,13315,29.0,1.0
2026-07-21,OC39uCwyLhA,41151,119.0,32.0
2026-07-21,bFS3qN20tG8,18066,136.0,35.0
2026-07-21,u1jrLvi_X58,43700,372.0,28.0
2026-07-21,QY33o2vBjvU,2028,8.0,1.0
2026-07-21,XYv1mnaVg7A,1055,5.0,2.0
2026-07-21,7bpW5kGStO4,982,5.0,2.0
2026-07-21,Y7j0NlFWEds,2331,12.0,1.0
2026-07-21,LlecuEIyiGo,12413,52.0,7.0
2026-07-21,_4lAeYP4DO4,86447,655.0,47.0
2026-07-21,4x7v5wujs64,5457,32.0,3.0
2026-07-21,tVEJNwK857I,4187,21.0,2.0
2026-07-21,Zj69VeaU6EA,11974,54.0,4.0
2026-07-21,N3822ySCWhM,16034,54.0,5.0
2026-07-21,UBAZLz7ZZM8,43581,176.0,9.0
2026-07-21,MWPX7KYiGu8,16050,104.0,7.0
2026-07-21,66eVooFV3wA,6643,36.0,3.0
2026-07-21,nxXG_-VEQME,5943,26.0,2.0
2026-07-21,Z4DjTZTh4xk,6494,44.0,1.0
2026-07-21,HVSnm-QAtKI,26225,118.0,19.0
2026-07-21,FJU0_APn5b0,24205,92.0,11.0
2026-07-21,POJRUAa_hdk,56746,255.0,21.0
2026-07-21,uCx0Wz2whCM,3007,12.0,2.0
2026-07-21,QV0Lx1WDwj8,13029,83.0,9.0
2026-07-21,Hj9WZDgF6Mk,7184,40.0,9.0
2026-07-21,sBjA_27eSBs,7640,39.0,2.0
2026-07-21,V3m2fJk6SEA,13359,100.0,12.0
2026-07-21,77MuiFsx2_o,156861,523.0,85.0
2026-07-21,G4OF9sSHdaI,1298,4.0,0.0
2026-07-21,Vj_p_05Yr9E,2292,16.0,2.0
2026-07-21,tch1WXlX0ao,2619,21.0,5.0
2026-07-21,jrBCJ4S9zfc,1033,8.0,1.0
2026-07-21,_FcHZKUl_VE,161642,623.0,68.0
2026-07-21,1jw1mglX3uw,1457,4.0,1.0
2026-07-21,25rznqH3a2k,1004,4.0,0.0
2026-07-21,CUDbpo7Mwpc,1298,6.0,2.0
2026-07-21,_pQVVCKkGxk,1135,5.0,1.0
2026-07-21,jePkP4npiKY,884,4.0,1.0
2026-07-21,muuzVuYzUTY,1140,9.0,4.0
2026-07-21,svkL1v0LJ9k,881,7.0,3.0
2026-07-21,J9r7fkaVmtc,1199,1.0,0.0
2026-07-21,cjXAReYH474,1392,3.0,0.0
2026-07-21,dA6H-DMl-Eg,874,1.0,0.0
2026-07-21,qkCWX8_CCuI,4623,11.0,2.0
2026-07-21,xZ8s7E19vqw,750,5.0,0.0
2026-07-21,zbhSnC8P5pM,3716,10.0,0.0
2026-07-21,735zTpNb0zY,820,3.0,3.0
2026-07-21,8Fq1RhgzcIg,1468,7.0,0.0
2026-07-21,YTo4gF0ucSk,1206,6.0,5.0
2026-07-21,vmWuVxkb42Q,816,1.0,1.0
2026-07-21,yWZuuhccKQQ,1455,4.0,1.0
2026-07-21,hlKQ8-ZWPS4,93414,526.0,59.0
2026-07-21,e8y2D8DyoUE,3025,12.0,2.0
2026-07-21,kEB6Tg4fGGA,2572,2.0,1.0
2026-07-21,zDdcKUv5gQo,2147,9.0,1.0
2026-07-21,c-oO-K0Jlwo,1679,3.0,0.0
2026-07-21,YRAOp-8SvJI,1642,1.0,0.0
2026-07-21,Bg1ursiF7Eo,2374,6.0,0.0
2026-07-21,5XUIuPi9fsA,1877,7.0,0.0
2026-07-21,qFdPnZFun-A,2087,4.0,1.0
2026-07-21,1zp4INOQbeQ,2815,9.0,0.0
2026-07-21,aNSFf_O1Ogk,2662,6.0,0.0
2026-07-21,eIHay2nwiVE,2404,7.0,0.0
2026-07-21,upDocOrc9pI,2162,11.0,0.0
2026-07-21,Jl4LYm04r98,4664,23.0,0.0
2026-07-21,0kd_OFyAVBE,1476,7.0,0.0
2026-07-21,MzmQ8-pxYL0,1643,5.0,1.0
2026-07-21,QtgXrBmISQY,4237,12.0,1.0
2026-07-21,qO2YBUzQbv4,901,4.0,1.0
2026-07-21,XxbsfsQp88U,56276,600.0,40.0
2026-07-21,lr8-P6LbWFY,931,1.0,0.0
2026-07-21,8jaGlPKyCAc,1329,7.0,0.0
2026-07-21,fbtlNw4EgAQ,1607,9.0,1.0
2026-07-21,YrASeKOylYE,958,3.0,1.0
2026-07-21,nb-u0maPEXk,1769,10.0,3.0
2026-07-21,IzaqlF1EpOY,1588,6.0,1.0
2026-07-21,ltlS9pAaKRw,1087,4.0,0.0
2026-07-21,1Ye_26vDCuQ,2945,10.0,2.0
2026-07-21,EDSJjtDCz5c,1185,3.0,1.0
2026-07-21,F5PTd8V4UBU,20403,55.0,
2026-07-21,jWd9dsmcUI8,3622,14.0,0.0
2026-07-21,pxWmnRE1dbU,3910,12.0,1.0
2026-07-21,n44ZS4LnxD0,3197,6.0,0.0
2026-07-21,6El-Ey9myWM,3962,15.0,0.0
2026-07-21,CQlMgh4ON_Q,17362,61.0,8.0
2026-07-21,3wLqa62LNJI,7989,28.0,3.0
2026-07-21,LagNvboJG-M,14416,46.0,3.0
2026-07-21,1JP47loZM1Q,2691,9.0,1.0
2026-07-21,M_9ilJsqpEo,27884,82.0,7.0
2026-07-21,mQSXUS2ELlY,25494,65.0,8.0
2026-07-21,3b5YtBsHN4E,135579,435.0,42.0
2026-07-21,0wEGv53OBgs,3968,20.0,4.0
2026-07-21,YCwuGKyXHJE,3880,12.0,4.0
2026-07-21,dDPzNlY0jmA,1503,4.0,1.0
2026-07-21,ICUXmw3IVug,1178,2.0,1.0
2026-07-21,Z5JozHvMxbE,616,3.0,1.0
2026-07-21,wM3te4nXinw,714,2.0,0.0
2026-07-21,c4n_nf3pbsI,752,2.0,1.0
2026-07-21,zXd5tWKf0bM,925,3.0,1.0
2026-07-21,FyMkNZmuNBM,1056,7.0,0.0
2026-07-21,X6Tz1aLid1g,809,1.0,0.0
2026-07-21,z7QluJpOj3c,793,4.0,1.0
2026-07-21,qcOiWL0rbiY,584,2.0,0.0
2026-07-21,IyWaKFOdKes,590,2.0,1.0
2026-07-21,X3wldEoPHco,1441,9.0,1.0
2026-07-21,0RosioBfUA0,726,5.0,0.0
2026-07-21,p36O2WOHP1E,883,6.0,0.0
2026-07-21,a1TmiVhgl9s,1404,11.0,0.0
2026-07-21,7YUClGtcQQw,3377,21.0,6.0
2026-07-21,qWhcqn2S9NU,1970,3.0,1.0
2026-07-21,Hnk0p-1iRZE,2454,7.0,2.0
2026-07-21,WQnAs-0OF1Y,1607,9.0,1.0
2026-07-21,9n2GAmtIVgg,5924,26.0,2.0
2026-07-21,Nk2hWyPz1vM,907,5.0,3.0
2026-07-21,cpGWIk7JcFM,925,4.0,1.0
2026-07-21,lQ-TS4prRs8,802,1.0,0.0
2026-07-21,bchWKkBcXZs,1641,6.0,1.0
2026-07-21,m-FQmkaxuNM,761,2.0,0.0
2026-07-21,uBgJiF2GMa8,1037,4.0,0.0
2026-07-21,ph2Y4AMbu-Y,594,3.0,0.0
2026-07-21,tx9nrxDfYu4,617,1.0,1.0
2026-07-21,kZlW1cIFYCw,626,4.0,0.0
2026-07-21,4DNjDbnTDXQ,590,3.0,0.0
2026-07-21,Yu06PvTKwXc,1809,10.0,3.0
2026-07-21,lnSzl_fek74,876,2.0,2.0
2026-07-21,H7-UuxUptBM,834,4.0,1.0
2026-07-21,E6FCizmPGZY,1293,5.0,0.0
2026-07-21,WBuVpTOpsq0,1675,10.0,3.0
2026-07-21,W38b13-62-o,716,6.0,0.0
2026-07-21,emdCvtQFxgQ,647,1.0,2.0
2026-07-21,D9ImI1jO9JU,580,0.0,1.0
2026-07-21,HSGvcGK__wg,584,0.0,0.0
2026-07-21,BOQjVHCtN3Q,606,2.0,0.0
2026-07-21,NXMH66cXF54,591,5.0,2.0
2026-07-21,mbKgYgX8xv8,654,2.0,1.0
2026-07-21,kGuyVkXYfvg,3252,23.0,5.0
2026-07-21,toNYZttGTC8,936,2.0,0.0
2026-07-21,z92h6N4qimU,1005,2.0,0.0
2026-07-21,tMQASG-TZFw,769,2.0,1.0
2026-07-21,mWI2dL8XPi0,1177,3.0,0.0
2026-07-21,o0hM5Suv0SY,1272,4.0,0.0
2026-07-21,d1BVfVVXE6M,2265,6.0,1.0
2026-07-21,va6zzUyrHUw,5963,33.0,6.0
2026-07-21,xgpNnn1S_OA,7692,27.0,4.0
2026-07-21,3N-mPxd7h80,34641,52.0,6.0
2026-07-21,SjSQGBoMQy0,2208,11.0,0.0
2026-07-21,AglThwKWxgM,3066,7.0,0.0
2026-07-21,ZVQrqaqXoT0,6337,9.0,1.0
2026-07-21,ubpDnFILIU4,2269,4.0,0.0
2026-07-21,8fy6yXhCGGo,4592,13.0,0.0
2026-07-21,HykfX_A2wY0,4439,14.0,0.0
2026-07-21,MtDdrOy89kA,2227,5.0,0.0
2026-07-21,IUBDxGVjCVY,1694,2.0,0.0
2026-07-21,jB9wd7uGjXY,1929,2.0,0.0
2026-07-21,f2mk1l_mRhE,2526,3.0,2.0
2026-07-21,xBMbRf4ZmS4,2781,7.0,1.0
2026-07-21,iDqM2_StAr8,2585,4.0,0.0
2026-07-21,Rk8PR51Sojg,2456,5.0,0.0
2026-07-21,FgHlLLnEQNM,1617,4.0,0.0
2026-07-21,1nwgBJRpiN4,2570,3.0,0.0
2026-07-21,4cDHICeAAiw,17747,47.0,4.0
2026-07-21,SlmIxWlvOXo,27671,47.0,12.0
2026-07-21,WzNoX5EE-ps,22308,33.0,9.0
2026-07-21,_KQVbi8TtQ8,4686,10.0,1.0
2026-07-21,DFh40raE6v8,3788,9.0,1.0
2026-07-21,mvrGOZQA2zc,3121,7.0,0.0
2026-07-21,gVb1i_84lfs,2425,7.0,0.0
2026-07-21,VyR18jVVsOo,2496,4.0,2.0
2026-07-21,BPZ_D3oDB30,2668,6.0,1.0
2026-07-21,urgYhZ28J6Y,25274,31.0,6.0
2026-07-21,KazL_H4FG60,25919,41.0,5.0
2026-07-21,h02Vlv3HPB8,31354,54.0,4.0
2026-07-21,8XC0RrM72mw,27931,43.0,6.0
2026-07-21,2iT0RPgGiYw,4702,12.0,0.0
2026-07-21,owHKsLBGkgY,5926,14.0,0.0
2026-07-21,uUWpuhYFFIM,3832,12.0,2.0
2026-07-21,xm23wWh2dDI,3474,7.0,1.0
2026-07-21,1zH9GfyNuwU,36455,63.0,25.0
2026-07-21,AGjqDV1_VM8,27320,52.0,4.0
2026-07-21,TDpI4W-EZhw,30566,64.0,12.0
2026-07-21,yMM8WhFSzvg,29366,53.0,9.0
2026-07-21,p3PM836S1xw,94735,246.0,31.0
2026-07-21,pDc2_5onajw,4459,10.0,1.0
2026-07-21,XJEvL5aBKJk,4460,7.0,0.0
2026-07-21,t2uK3N3h1Tk,12043,27.0,6.0
2026-07-21,aNwe3L31Wfo,2416,3.0,1.0
2026-07-21,FMSzwLLr5CU,3599,12.0,1.0
2026-07-21,ZoxN-OnPU-8,2690,9.0,1.0
2026-07-21,mCGfOSfwBs0,3782,19.0,6.0
2026-07-21,htv6gpIAODA,4105,10.0,0.0
2026-07-21,TCfZHXk2WAU,2428,5.0,0.0
2026-07-21,J8SopAvLZDY,1785,4.0,1.0
2026-07-21,tieg9crbllM,1771,4.0,0.0
2026-07-21,wp4tD9k1_TU,2335,8.0,0.0
2026-07-21,NgYzX5T42hA,2003,4.0,0.0
2026-07-21,ua-9daknZtk,1629,5.0,0.0
2026-07-21,-6FBuHQB_3w,2328,6.0,0.0
2026-07-21,7D7yhh-n5GE,2104,5.0,1.0
2026-07-21,uLInLg_Odeo,2709,4.0,1.0
2026-07-21,mZWc6GYLaA0,1977,6.0,2.0
2026-07-21,BWX4RW7R4l0,2603,8.0,1.0
2026-07-21,UUyV07HvFUw,3543,11.0,0.0
2026-07-21,dOyrSpX_Ao8,11458,34.0,14.0
2026-07-21,flG6OrDq73s,2361,7.0,0.0
2026-07-21,sHCwwtbtwL0,3844,7.0,0.0
2026-07-21,FZPxaygVzTg,2757,9.0,1.0
2026-07-21,ms7OjsuvCi8,2090,2.0,0.0
2026-07-21,GUWgvVlZGl4,1776,3.0,0.0
2026-07-21,o65Uk2fBsRI,1597,3.0,0.0
2026-07-21,8Lkgv-xLP7M,1756,3.0,1.0
2026-07-21,wghpqXoyrIU,1713,3.0,0.0
2026-07-21,VFzddYvDPkA,2901,8.0,1.0
2026-07-21,7_zyhDYJNOc,1509,3.0,0.0
2026-07-21,fpUOjfgLH-g,1415,1.0,0.0
2026-07-21,e3xnTtbkWWc,2047,2.0,0.0
2026-07-21,4eGiGf8sSJI,1999,4.0,3.0
2026-07-21,bOZxPUptk6M,1701,2.0,1.0
2026-07-21,wmdFbPn2A-k,1557,3.0,0.0
2026-07-21,PsgBlXLIsWw,2364,1.0,0.0
2026-07-21,Gu8iHXJ8e5o,1992,5.0,3.0
2026-07-21,nAuYGHgnCnI,2199,10.0,0.0
2026-07-21,kD_pij93U9o,1967,6.0,0.0
2026-07-21,EB_BvBOVsWg,1725,4.0,0.0
2026-07-21,nfX1YtFnO9w,8234,31.0,0.0
2026-07-21,Dge3PlSuVuw,1835,4.0,0.0
2026-07-21,5CDOKmIdjPw,2456,3.0,2.0
2026-07-21,IxEH80t9qTw,2234,4.0,1.0
2026-07-21,R-zqLBKyU1E,3136,8.0,1.0
2026-07-21,Ef1AMIfMQMw,6142,9.0,2.0
2026-07-21,qUW-yHLJCGo,3213,5.0,0.0
2026-07-21,c4TqbgGUQKw,2477,8.0,0.0
2026-07-21,vjUzpJW82nA,2168,5.0,1.0
2026-07-21,LvTFolHU5rA,2523,4.0,1.0
2026-07-21,-NJouXehlqA,2450,7.0,1.0
2026-07-21,9FSlDjSlpV8,2254,6.0,0.0
2026-07-21,A6eNVINRBjM,2806,7.0,0.0
2026-07-21,PzUg_DdB0cI,2367,2.0,0.0
2026-07-21,inL6VYHyGcM,14776,114.0,16.0
2026-07-21,FUqOhMGxT40,2439,6.0,0.0
2026-07-21,LcVc7Np9OZU,2195,4.0,0.0
2026-07-21,6YI5Tt5HaN4,6703,16.0,2.0
2026-07-21,ouWy8XWdl1I,3421,6.0,0.0
2026-07-21,ABtmHZh-Lz4,13134,19.0,0.0
2026-07-21,Ag6pw3GKvfM,3881,8.0,2.0
2026-07-21,3VGzs64MP3w,3360,5.0,2.0
2026-07-21,30LKs6C5us8,3039,9.0,0.0
2026-07-21,xCiVKPBnZDg,2937,7.0,1.0
2026-07-21,adFnCqUptQY,4771,15.0,3.0
2026-07-21,AIkUGWe1KpE,11192,29.0,6.0
2026-07-21,MK6iq3_nPVE,879,3.0,2.0
2026-07-21,34Zg5tiG24E,1004,5.0,2.0
2026-07-21,Q_eMbw92lwI,776,1.0,0.0
2026-07-21,rfbEt7Pm6OM,674,1.0,0.0
2026-07-21,6Us5tl-fWPM,812,1.0,1.0
2026-07-21,u0o24W-lApk,860,2.0,0.0
2026-07-21,IsClHGmtD9Y,1099,3.0,0.0
2026-07-21,JsKiiAuACq8,947,3.0,0.0
2026-07-21,LSBwrqtvqQQ,905,3.0,0.0
2026-07-21,Vq3jW8YbnS4,976,1.0,0.0
2026-07-21,iZ6s1vkW4BU,1102,3.0,0.0
2026-07-21,jmDAUHeaZOA,1055,4.0,0.0
2026-07-21,oJdOUH0UmXM,1045,2.0,2.0
2026-07-21,GyOnvs4SGBA,3320,15.0,6.0
2026-07-21,ZFM3FvheRxg,1471,8.0,3.0
2026-07-21,-7jE5lN3GvU,1779,7.0,3.0
2026-07-21,uXmqQEJo-bw,4570,21.0,2.0
2026-07-21,RRFPFQO3Vfo,1907,6.0,4.0
2026-07-21,Kp3rpdtcIVw,1044,3.0,1.0
2026-07-21,Lmq4kofiW3Y,1088,5.0,1.0
2026-07-21,ZOk9cnLn6TA,963,0.0,0.0
2026-07-21,ugOzQ-Oycy8,960,6.0,1.0
2026-07-21,ZgbNwKGQkF8,1056,2.0,0.0
2026-07-21,riqM1BoCmY0,1220,4.0,0.0
2026-07-21,GWBMkISy0AE,1350,1.0,0.0
2026-07-21,huRNJPaFQRE,1232,2.0,0.0
2026-07-21,NQbShdnE7nU,1153,1.0,1.0
2026-07-21,JlOJuGBH_KY,1387,7.0,0.0
2026-07-21,3pWQ58wHsyU,1124,2.0,1.0
2026-07-21,3sVsMeAfRMs,1220,2.0,2.0
2026-07-21,E1WXWxnxaJ8,1373,3.0,0.0
2026-07-21,bWElvnOwezc,5187,26.0,15.0
2026-07-21,Gu_7_3dHDyo,1295,3.0,0.0
2026-07-21,ZXVMmRW2HZI,1165,4.0,1.0
2026-07-21,TEFeXq4lgL0,2309,6.0,1.0
2026-07-21,sVja85MalV4,1782,5.0,2.0
2026-07-21,vexG25TCGrc,919,4.0,3.0
2026-07-21,X-DdPnXlS8E,1936,7.0,0.0
2026-07-21,tcfg9Xz-lp4,1866,3.0,1.0
2026-07-21,4uC6yMeoS3w,1785,7.0,1.0
2026-07-21,GOS5MdNxSOc,7344,31.0,0.0
2026-07-21,fDMckocHYhE,3578,10.0,3.0
2026-07-21,udnWzL9kPN0,990,3.0,0.0
2026-07-21,oSqxx-WIvZg,1564,9.0,0.0
2026-07-21,hqJjaAAFhHg,3612,9.0,2.0
2026-07-21,ItxbAMznZ_g,2121,1.0,0.0
2026-07-21,t3p2YnVvnfk,1787,3.0,0.0
2026-07-21,nMq16EId_eI,2811,3.0,1.0
2026-07-21,ObBLCzSbAOo,2826,3.0,2.0
2026-07-21,SayBEH-4nxY,3117,19.0,2.0
2026-07-21,YH9UsKPwnPw,3195,7.0,2.0
2026-07-21,mo2HgvQrMpg,3441,7.0,0.0
2026-07-21,FNmQtThyYBU,6120,2.0,2.0
2026-07-21,A5kHdbxmPi4,4637,9.0,1.0
2026-07-21,ZKW8Y-PlFPw,4904,4.0,4.0
2026-07-21,sK3ZwXzHkl8,12406,17.0,0.0
2026-07-21,KkFueo-Bi5A,2194351,3358.0,173.0
2026-07-21,nT_l8w_I4Zo,1173,1.0,0.0
2026-07-21,5LTxwWujAVc,1235,2.0,0.0
2026-07-21,tqghZbq25-o,1649,3.0,0.0
2026-07-21,bxHm1u5yBPI,1647,3.0,0.0
2026-07-21,a-69myjJIZU,13571,84.0,22.0
2026-07-21,Idx5IGzx4Zc,2624,17.0,3.0
2026-07-21,m2Hf0ngvfbk,1291,5.0,0.0
2026-07-21,tt8oYhAfatc,1546,7.0,0.0
2026-07-21,HCDV4bzeBhE,1602,4.0,5.0
2026-07-21,BmOuqKgxSW8,1382,4.0,3.0
2026-07-21,uzO39v4RG9Q,1405,2.0,1.0
2026-07-21,mrJpNoRVFl0,2124,3.0,2.0
2026-07-21,crHJ_gmLjpc,1893,2.0,0.0
2026-07-21,gbLJSTzEDhI,2109,7.0,0.0
2026-07-21,HS5iwaHIzfg,2628,9.0,1.0
2026-07-21,yAJYZT0MfZ8,1240,8.0,1.0
2026-07-21,A4K7C02MfUU,963,4.0,0.0
2026-07-21,fWn2XcQrS5Y,1574,17.0,5.0
2026-07-21,vq8AXNyNwcw,12578,45.0,6.0
2026-07-21,1TrSdixZPQI,2483,9.0,0.0
2026-07-21,6CozFX3GK_o,3341,18.0,1.0
2026-07-21,chcnY4n2vY8,3080,5.0,13.0
2026-07-21,Cw3QMN_gcnk,3366,13.0,3.0
2026-07-21,YmLqJT_tv8Y,9555,41.0,7.0
2026-07-21,mF5TlE5Z--M,1333,2.0,0.0
2026-07-21,GaVQPzefj1A,1506,3.0,0.0
2026-07-21,ZJT5ydcRKHQ,1671,3.0,0.0
2026-07-21,LOClSv1znFU,4166,20.0,1.0
2026-07-21,A3CtLT_be_w,1394,5.0,1.0
2026-07-21,FBFdf_zEOP8,1539,3.0,2.0
2026-07-21,KI-fKIJDHAs,2619,11.0,3.0
2026-07-21,1UBAFp2lIzo,1580,4.0,0.0
2026-07-21,tmuL8-DBtVI,1848,4.0,0.0
2026-07-21,o-HUrA0-FAI,1746,3.0,1.0
2026-07-21,m1K-8QhELVk,1611,4.0,0.0
2026-07-21,2pnV3w09h-g,2708,4.0,1.0
2026-07-21,mfr9dQhY6wQ,2234,7.0,0.0
2026-07-21,EIMIwb6nJAA,2714,8.0,0.0
2026-07-21,wED0tJIeINE,1245,7.0,0.0
2026-07-21,T95agrCD_ck,1411,8.0,0.0
2026-07-21,YSJhEtV-P04,1385,3.0,0.0
2026-07-21,7wsKS10X0Ls,26420,207.0,47.0
2026-07-21,J0vSn3OGIz8,1855,6.0,1.0
2026-07-21,sQjpPBSu1vw,3981,12.0,1.0
2026-07-21,P0n6Qkt8wUU,3789,15.0,1.0
2026-07-21,5IvSm6mBHGw,8789,43.0,13.0
2026-07-21,GzYgkICvCAA,137848,1446.0,247.0
2026-07-21,-glCjnhuLPY,101238,588.0,112.0
2026-07-21,v4qL2B3dk7c,3412,10.0,3.0
2026-07-21,iUr3IbEwwHs,2195,9.0,1.0
2026-07-21,OrL32cyR21o,72025,267.0,22.0
2026-07-21,yRtU0gfTe5c,1395,5.0,0.0
2026-07-21,1M7mpZIp6I0,1554,3.0,1.0
2026-07-21,bmpLARbqx8o,19351,77.0,14.0
2026-07-21,hZSmprVwPMo,1753,6.0,3.0
2026-07-21,vSUzlwX19Vk,1840,7.0,2.0
2026-07-21,0kUw6H1-W7I,1197,1.0,0.0
2026-07-21,SVdagZekwjA,1334,3.0,0.0
2026-07-21,36jxgIP2qGE,1723,2.0,0.0
2026-07-21,3afTM_-pxZA,869,4.0,1.0
2026-07-21,LU8Qms65w1w,5235,55.0,5.0
2026-07-21,oyz2vG8VBBY,1465,3.0,0.0
2026-07-21,-l4RUrqm7zg,1613,3.0,2.0
2026-07-21,TY8E4G-coVc,1361,2.0,0.0
2026-07-21,5wkiLLZEHYw,1798,3.0,0.0
2026-07-21,Nj2XxSsdBTc,1359,3.0,1.0
2026-07-21,6olRTB-2hPw,1617,2.0,0.0
2026-07-21,emfT2nDcTB0,1381,3.0,0.0
2026-07-21,GYT9j7CSrWs,1837,4.0,1.0
2026-07-21,DKKqzE1TotM,2012,4.0,0.0
2026-07-21,r0KPTl8Wsmk,5959,22.0,3.0
2026-07-21,DLJ2f267giY,2928,9.0,0.0
2026-07-21,6YYDuupRQiw,3957,41.0,5.0
2026-07-21,qS4HAxNcn-o,2960,8.0,2.0
2026-07-21,TBX--OPEijI,888,2.0,0.0
2026-07-21,_J1VBbOi7UA,731,3.0,0.0
2026-07-21,SlTzZee9Qf0,1049,2.0,0.0
2026-07-21,La40BBMoatA,983,2.0,0.0
2026-07-21,JmDKhnHicnw,904,4.0,0.0
2026-07-21,s2X_r725wMY,752,3.0,0.0
2026-07-21,H_VaMZgaDNw,906,8.0,0.0
2026-07-21,8sX4mXaXamY,754,1.0,1.0
2026-07-21,hPTwEXo15nw,854,6.0,0.0
2026-07-21,kgjfm1tv4Gc,1346,3.0,0.0
2026-07-21,xUhEdrq3dAI,1034,3.0,1.0
2026-07-21,Q5o1WJ8WKEo,823,3.0,0.0
2026-07-21,U6ytUAlWwFQ,932,5.0,1.0
2026-07-21,nNVYagRTQ0Q,1615,5.0,0.0
2026-07-21,SyQWzvjwGy4,1618,4.0,0.0
2026-07-21,sZL7RxsGdbw,4323,21.0,5.0
2026-07-21,0OVxMr-zkys,1209,7.0,4.0
2026-07-21,l16I3hBO7ZU,3711,18.0,3.0
2026-07-21,7cs3qAFaov0,526,5.0,0.0
2026-07-21,5STQoZOsj1U,1369,8.0,1.0
2026-07-21,i4QJH3TT0_E,1544,5.0,1.0
2026-07-21,OYShv3_PMEQ,1051,9.0,0.0
2026-07-21,zksdJWLiSPs,2460,19.0,3.0
2026-07-21,7X7XudRjwK8,3745,10.0,5.0
2026-07-21,ZIDoakhqLrI,4234,16.0,3.0
2026-07-21,ds3w8dDus5E,4184,21.0,1.0
2026-07-21,5iVZZ5QlX8w,3906,17.0,1.0
2026-07-21,s1eH1fZrd1M,2947,13.0,0.0
2026-07-21,J5ThVCRTlE8,3215,13.0,7.0
2026-07-21,t0Y4CCrDir8,3827,14.0,4.0
2026-07-21,j6TyLQDx70s,2972,16.0,6.0
2026-07-21,FjEpjk6Zrbg,3154,15.0,0.0
2026-07-21,9YZNZnWFrz8,3497,19.0,15.0
2026-07-21,OlrByp6Rfd8,7244,38.0,5.0
2026-07-21,TL6mKdJbRyU,2845,15.0,2.0
2026-07-21,SVc07hzAH9k,1267,6.0,2.0
2026-07-21,ZOoUPUX3vIk,788,3.0,0.0
2026-07-21,Zk4kqcCJKbg,1284,5.0,0.0
2026-07-21,5LR1c3QyCb0,797,5.0,1.0
2026-07-21,zLLJM8-SbMc,741,4.0,1.0
2026-07-21,C_4B9r_Vgx0,761,3.0,1.0
2026-07-21,YRzZh60dxy0,1131,3.0,0.0
2026-07-21,Cpye1RwR9rw,968,6.0,4.0
2026-07-21,ygHaLzQCYJA,864,4.0,2.0
2026-07-21,LSC12fIgfo4,1527,5.0,1.0
2026-07-21,It4l2kPUsu4,22306,125.0,13.0
2026-07-21,6o5M6Es7zZU,1875,3.0,0.0
2026-07-21,tXmKGpsn9-M,1755,9.0,0.0
2026-07-21,zb9iy1L_NzM,1433,7.0,0.0
2026-07-21,_PfUmTsSUN4,5972,38.0,2.0
2026-07-21,4jdRhJh7NV8,9520,17.0,12.0
2026-07-21,U-AVCPWKTyo,4896,10.0,2.0
2026-07-21,AL1AT-2n3Os,4519,5.0,5.0
2026-07-21,k2xXwdJSyTw,2664,7.0,3.0
2026-07-21,wQHQ801OOpM,18444,35.0,8.0
2026-07-21,_ZhCqRaLr-g,7386,9.0,3.0
2026-07-21,xTTohAq-MBo,4130,6.0,2.0
2026-07-21,DS2mJYQUP-E,6647,12.0,1.0
2026-07-21,u5VWXx_eDwU,5856,5.0,3.0
2026-07-21,kvc6WPidSNg,3876,4.0,2.0
2026-07-21,BHO6LM9ny8k,4836,5.0,3.0
2026-07-21,CvPFJlm3us0,3543,9.0,0.0
2026-07-21,dDTO4ryN7S8,3465,4.0,2.0
2026-07-21,K22Sp0cuZlw,3046,4.0,1.0
2026-07-21,a7r39DXJ3jU,2396,2.0,0.0
2026-07-21,mRVVD_ahKVo,2368,4.0,0.0
2026-07-21,7BXSyrBcI64,2937,3.0,2.0
2026-07-21,CUBPLfnj7xA,3775,6.0,9.0
2026-07-21,3EEBtA9rhUA,2617,3.0,0.0
2026-07-21,kO6cTPv4U_0,2435,7.0,0.0
2026-07-21,2L2pSiDRYIY,2224,2.0,1.0
2026-07-21,AiEb0q8doS8,3126,10.0,2.0
2026-07-21,DONgiR81OII,2765,6.0,0.0
2026-07-21,smikVOVxRIg,4352,6.0,3.0
2026-07-21,IYkuBRgAgBo,4457,9.0,1.0
2026-07-21,eEyflYeBaSM,3542,6.0,0.0
2026-07-21,1rugGjsdcMw,3712,5.0,0.0
2026-07-21,PByRckqSAb4,4195,11.0,0.0
2026-07-21,umUSCmHZfew,4360,8.0,1.0
2026-07-21,wWhniqu4GZU,4510,7.0,2.0
2026-07-21,sW4e5Q1LJ-s,4954,4.0,0.0
2026-07-21,d1okmmxsGpc,6342,13.0,1.0
2026-07-21,2QYpDe1hGrE,4363,47.0,7.0
2026-07-21,D08eMW0JUPI,6255,44.0,6.0
2026-07-21,K75FTUqH4r8,10336,22.0,10.0
2026-07-21,NBzv8MQJRUg,1687,9.0,0.0
2026-07-21,kOaNrPRqnUE,2119,11.0,6.0
2026-07-21,vmf1q-B6iH4,5692,38.0,10.0
2026-07-21,-qb_9gNhozA,10824,79.0,9.0
2026-07-21,LWRM6dxoVsA,355,3.0,0.0
2026-07-21,CjmYLF8Bx3M,293,3.0,2.0
2026-07-21,Z9PyGm-NBEA,363,2.0,0.0
2026-07-21,hBaeztJ2tls,40802,316.0,37.0
2026-07-21,GNwycvokxb4,6257,48.0,3.0
2026-07-21,UPp-bg1SBQw,7657,55.0,3.0
2026-07-21,U8lhpcNuKI4,20464,111.0,12.0
2026-07-21,pMzR4EcJYFM,2516,15.0,1.0
2026-07-21,-JDdIEKpMSI,2499,27.0,3.0
2026-07-21,YEunmkmgSIo,4853,16.0,2.0
2026-07-21,81nWFgwShn8,1463,5.0,3.0
2026-07-21,IjYQg5j5kgE,9875,41.0,13.0
2026-07-21,1AJlZT-bIhY,2342,19.0,0.0
2026-07-21,56FZ-MuHASU,2577,11.0,1.0
2026-07-21,2zo3TPPgMSE,1481,4.0,0.0
2026-07-21,nHMgMgJivVQ,3985,16.0,3.0
2026-07-21,rC6kl6rEhCE,569,0.0,2.0
2026-07-21,OmHEdSpgzFA,85677,340.0,66.0
2026-07-21,yltF7C4XGkQ,7770,28.0,15.0
2026-07-21,u89T7xqyJPY,5056,9.0,2.0
2026-07-21,q6tjnntTUCA,3794,7.0,5.0
2026-07-21,hcPILEO6hTI,2941,5.0,0.0
2026-07-21,Q5J1k1Zgn1g,2903,5.0,3.0
2026-07-21,nYDiqO9jZQM,3189,6.0,1.0
2026-07-21,WPYhmdeepd0,3186,4.0,0.0
2026-07-21,u9UQmzkN42c,3220,6.0,0.0
2026-07-21,0gJ1XAssiHY,2669,4.0,0.0
2026-07-21,UOd4PTF8ECg,2855,2.0,1.0
2026-07-21,gqbOvD7HAvc,3575,5.0,0.0
2026-07-21,TRb7xPwhxQo,3468,4.0,1.0
2026-07-21,couJvuixfzY,3625,8.0,0.0
2026-07-21,U-fVg_--AfY,3983,6.0,1.0
2026-07-21,9LagG3k6_-4,1270,9.0,0.0
2026-07-21,Zd4m-ptngBg,4823,12.0,0.0
2026-07-21,63X09rFzVRI,447,1.0,0.0
2026-07-21,qXEQYmReoB0,17596,43.0,10.0
2026-07-21,p5x0hJfEWfU,436,1.0,1.0
2026-07-21,YXGPNFpRJ0I,481,1.0,0.0
2026-07-21,mchZ3Ui6toM,2155,9.0,2.0
2026-07-21,BhsMRvjVbbw,3874,16.0,2.0
2026-07-21,T_JRER1Adpo,2839,12.0,4.0
2026-07-21,nDU1j4rNVx0,9417,63.0,5.0
2026-07-21,Ocgla1c0rPw,1412,5.0,2.0
2026-07-21,P1O4bOAzjZY,2150,16.0,1.0
2026-07-21,vEkyy5e8BZo,7100,25.0,6.0
2026-07-21,vJANpSWIjr0,5408,21.0,2.0
2026-07-21,YJmIBZQ3u9s,484,2.0,0.0
2026-07-21,U76pQGL6IwE,5255,15.0,0.0
2026-07-21,HEFiybYfTT4,2557,14.0,0.0
2026-07-21,WbzhC_-qvP0,2448,13.0,0.0
2026-07-21,sAKVv4TvLl0,3622,18.0,4.0
2026-07-21,XoUOmkH5EkM,2088,10.0,1.0
2026-07-21,P2xp2YYSyLY,1878,5.0,0.0
2026-07-21,Hby_ovidyrw,19970,19.0,8.0
2026-07-21,MC3ruN5OHck,499,4.0,0.0
2026-07-21,E1JqSmboBIQ,23636,34.0,13.0
2026-07-21,YaTJvjV6DXQ,2667,9.0,1.0
2026-07-21,g1OHHyLE8Gs,10302,47.0,6.0
2026-07-21,qrx_KivVKuU,467,2.0,1.0
2026-07-21,dBIq9OH1mKY,12565,17.0,3.0
2026-07-21,kCMH5RBG4sY,6170,17.0,6.0
2026-07-21,PTMt8KqBAbg,534,2.0,0.0
2026-07-21,2u8sqfXgz3w,507,2.0,0.0
2026-07-21,gL2YuhSVckY,10568,18.0,8.0
2026-07-21,8mC6MpTzw-0,637,6.0,1.0
2026-07-21,taz-4l5gyBc,13714,28.0,1.0
2026-07-21,VLIxce5i9Zw,558,2.0,0.0
2026-07-21,gJkWvIKWVVM,4358,22.0,1.0
2026-07-21,cCF23yBF67Y,885,3.0,2.0
2026-07-21,WBd1fAMpWak,6388,23.0,1.0
2026-07-21,AFrsnqaukY4,2898,17.0,7.0
2026-07-21,xe5KcIYPank,6745,26.0,2.0
2026-07-21,e9bXkZNSDxk,3077,35.0,4.0
2026-07-21,JQskaZSn_Ac,998,7.0,4.0
2026-07-21,Sy1nCs9C9e4,1794,8.0,3.0
2026-07-21,mMtejQ5EQ9s,9419,36.0,7.0
2026-07-21,zsB8_5WYzQ0,20234,96.0,19.0
2026-07-21,qw4OgPf0Iq4,901,9.0,0.0
2026-07-21,GSCR9kpi24c,1191,2.0,0.0
2026-07-21,uusnkKLhgUc,1089,1.0,1.0
2026-07-21,P8gR_ErVT7M,995,8.0,0.0
2026-07-21,7ejjIODU4yE,7672,35.0,6.0
2026-07-21,u6u7wiynD1Y,11782,38.0,24.0
2026-07-21,Rp0GJjh7qV8,6775,17.0,2.0
2026-07-21,DDOqsNNgzmM,1811,12.0,1.0
2026-07-21,GDmRszC8Iyk,4945,14.0,3.0
2026-07-21,RZlENgHGAaE,1241,14.0,1.0
2026-07-21,mtLOVMKz_LY,8638,41.0,3.0
2026-07-21,T5fZh5oKSf8,1912,9.0,3.0
2026-07-21,-XB5JY0zNX0,6338,28.0,1.0
2026-07-21,zVKZheSnxGY,2716,10.0,1.0
2026-07-21,jJXF-JPprCs,1797,14.0,1.0
2026-07-21,VtLnbZbpCf4,16833,15.0,5.0
2026-07-21,sHMMqtESGO4,3378,17.0,11.0
2026-07-21,BJVY54gz0-k,8751,27.0,8.0
2026-07-21,_nj-HJdHJ9w,755,3.0,1.0
2026-07-21,cWe36vSePJI,10148,53.0,4.0
2026-07-21,P-TF2E5TfGs,1481,9.0,0.0
2026-07-21,6Ntkpw5tnuc,6593,31.0,5.0
2026-07-21,hvQBEICliDI,14905,93.0,9.0
2026-07-21,kjR259c35mU,28537,42.0,21.0
2026-07-21,xv2a0E1tlZI,2544,12.0,1.0
2026-07-21,C5GTmJfLBGQ,3310,34.0,4.0
2026-07-21,N6HebsiMNIM,4080,19.0,1.0
2026-07-21,QU4ANysrV4o,2553,9.0,1.0
2026-07-21,LZwONleWh_Q,2753,7.0,1.0
2026-07-21,Hup3AjpIj8U,735,9.0,0.0
2026-07-21,jXoCZcCy0jU,3349,21.0,0.0
2026-07-21,EelCQ57NMqc,5642,36.0,14.0
2026-07-21,foLn8_XZvqc,1631,12.0,0.0
2026-07-21,ppVjLChUV4A,2052,20.0,1.0
2026-07-21,ogZyy1MK6eM,681,6.0,1.0
2026-07-21,5wuTkNLA5HQ,6001,15.0,4.0
2026-07-21,TJwrf7_gIyw,4407,27.0,4.0
2026-07-21,-gc_DPdB6bk,2039,8.0,3.0
2026-07-21,wrRNyXSDG9g,1984,9.0,1.0
2026-07-21,eBMRL0ck0XI,19040,21.0,4.0
2026-07-21,nDYggUB_2Y8,63789,49.0,21.0
2026-07-21,aV9xuU47rnc,4386,15.0,1.0
2026-07-21,cHELHeM5qxs,1877,8.0,1.0
2026-07-21,LWN6_57JYMI,1699,8.0,1.0
2026-07-21,iJkPY4-rf34,2353,6.0,1.0
2026-07-21,WTOIaUJ8ET4,1923,2.0,1.0
2026-07-21,h6PFi1O3LuU,1317,2.0,0.0
2026-07-21,mkr092aEpHg,738,5.0,1.0
2026-07-21,0oaSWOvTYzY,1097,2.0,1.0
2026-07-21,Anw6GK8HBQg,1122,2.0,1.0
2026-07-21,FW9PIjzMPKU,938,0.0,0.0
2026-07-21,ZW8cWBuMJ6U,1501,2.0,0.0
2026-07-21,t2nfcMynW_s,1081,2.0,0.0
2026-07-21,w4ehW-xZpy8,751,5.0,0.0
2026-07-21,9gbm_Bs4r3k,1751,6.0,0.0
2026-07-21,sbI3HQ1C9bc,1593,5.0,1.0
2026-07-21,YlHGzUFp6mg,1914,11.0,2.0
2026-07-21,uvsmGGpW-zw,4522,33.0,2.0
2026-07-21,FbtiGeiCMs4,6210,38.0,6.0
2026-07-21,-trj8imc8CE,1543,5.0,2.0
2026-07-21,p6PDwb1Mf9U,1939,8.0,2.0
2026-07-21,xP0cNV2_9V4,3300,16.0,1.0
2026-07-21,C_OExN1-lsk,1427,4.0,0.0
2026-07-21,T9JzlnOWdCY,2683,13.0,2.0
2026-07-21,vlc3rB2_RY8,2768,11.0,1.0
2026-07-21,PDK6wF4dtTU,1696,7.0,1.0
2026-07-21,5DWrNp0uZcc,3555,12.0,1.0
2026-07-21,a_BAWa7j4Vw,3033,21.0,3.0
2026-07-21,WHm3QHs4doc,5433,21.0,4.0
2026-07-21,otHYz1YuPlE,71067,576.0,93.0
2026-07-21,DXY8x2y6ANg,2545,11.0,2.0
2026-07-21,IdbATO4E1sI,5228,14.0,5.0
2026-07-21,BjzALjrjywo,2045,11.0,3.0
2026-07-21,NsAFXLFQvPg,13848,44.0,7.0
2026-07-21,g8gye0fxpDE,10767,36.0,12.0
2026-07-21,XQ5R18HVdyk,4023,18.0,1.0
2026-07-21,KvaV4qc_gFY,2727,11.0,3.0
2026-07-21,5uiGWua6xF4,5147,20.0,2.0
2026-07-21,Bx8viFYAQeI,6705,25.0,5.0
2026-07-21,QRwj9yhmxq8,2912,9.0,1.0
2026-07-21,_ix-52jtVEs,6759,30.0,8.0
2026-07-21,ejBPLzGoxvc,26503,123.0,24.0
2026-07-21,TLUl_2yvVh8,28303,83.0,37.0
2026-07-21,JPJ4cbE9hYE,15700,21.0,2.0
2026-07-21,jvZs8XgOcBI,632,3.0,0.0
2026-07-21,-cxSL6D0Q3Q,39104,64.0,32.0
2026-07-21,TxmYq0CmEfo,799,2.0,1.0
2026-07-21,EkU-rzBqI_s,1706,6.0,0.0
2026-07-21,DH9N1MXDQuA,3305,10.0,3.0
2026-07-21,_Qh8-hgWllo,1499,0.0,0.0
2026-07-21,FW5UPVoFYFA,1012,5.0,1.0
2026-07-21,2JyFLFYrUa0,21456,50.0,25.0
2026-07-21,DT8QKHlcxKQ,2249,8.0,0.0
2026-07-21,LBSCIbSSIu4,4520,21.0,4.0
2026-07-21,skEGjyN6tSo,1400,9.0,0.0
2026-07-21,t398vfAUoFs,755,3.0,0.0
2026-07-21,yUXzpj8bnKA,5647,27.0,9.0
2026-07-21,bxKF2Ah6_v8,3825,3.0,2.0
2026-07-21,ZxNyKj3UAgU,7489,7.0,4.0
2026-07-21,sunzfAAWJXo,1272,3.0,1.0
2026-07-21,jhR0L5EE9c4,1276,0.0,1.0
2026-07-21,RFNGlEoYcHk,1135,1.0,2.0
2026-07-21,_w3iKMQijzo,585,0.0,2.0
2026-07-21,GPpFu9ttw5g,20204,36.0,8.0
2026-07-21,cCf5K_wXJtE,7557,26.0,8.0
2026-07-21,eIr9Lob_XZ0,2355,5.0,2.0
2026-07-21,fOJHD2JPjFY,1123,6.0,3.0
2026-07-21,p6lUFVXB9t4,838,3.0,1.0
2026-07-21,ZZRUgbW57Ec,2013,9.0,0.0
2026-07-21,biU15Hhw2vM,12951,40.0,32.0
2026-07-21,aWe1xNoCXQE,2121,6.0,1.0
2026-07-21,dPby51ubRXw,1991,4.0,0.0
2026-07-21,K49fywpugDg,2709,6.0,0.0
2026-07-21,cqKASYqXDlw,1584,5.0,1.0
2026-07-21,3PAw5zC7Ldg,22585,23.0,8.0
2026-07-21,3qMEZAa8h7E,17481,56.0,25.0
2026-07-21,ghqS9VHXhh4,1459,6.0,0.0
2026-07-21,hjYi8W8Hz70,1525,3.0,1.0
2026-07-21,5CNIrknZ50A,19242,36.0,7.0
2026-07-21,GCPy84-J8ts,1245,4.0,4.0
2026-07-21,Ku4vDGsmID0,1245,2.0,0.0
2026-07-21,w0i2hxLLqd0,1006,5.0,0.0
2026-07-21,I4KAiEF4Rcg,2051,20.0,16.0
2026-07-21,dQPNadhm7M4,17763,62.0,24.0
2026-07-21,2-sd5tVHzd8,34880,78.0,32.0
2026-07-21,llUr6yOdaQk,111898,275.0,94.0
2026-07-21,ywY2MBs9hos,83126,121.0,20.0
2026-07-21,6itPVHAMUJA,2449,7.0,1.0
2026-07-21,t6Ih032TAAU,1629,6.0,1.0
2026-07-21,Z8PetbI3gXE,2067,6.0,0.0
2026-07-21,gg4Npu_u-3U,2407,10.0,2.0
2026-07-21,X2SqYtNfo-w,7098,38.0,5.0
2026-07-21,nK768_du__0,1261,3.0,2.0
2026-07-21,aTe20j7TqFg,1376,4.0,0.0
2026-07-21,9ZBRO0KfGhM,1544,4.0,5.0
2026-07-21,ffnc_2A20vw,1166,3.0,1.0
2026-07-21,2jxTUmojoas,1228,5.0,5.0
2026-07-21,Xs8I6V415Sc,1178,3.0,2.0
2026-07-21,0O4HUZujpww,886,2.0,1.0
2026-07-21,8vvbMG719_w,5378,24.0,11.0
2026-07-21,Sat-2Ip_hqE,859,2.0,0.0
2026-07-21,kSbLQHMHceg,1366,4.0,0.0
2026-07-21,kVYTLqe89BQ,640,1.0,0.0
2026-07-21,YJdLexufkMM,3670,3.0,5.0
2026-07-21,yVzFY5kHz9s,15273,47.0,25.0
2026-07-21,e6_NIzkvIvQ,5674,15.0,8.0
2026-07-21,DL-4ABP4A_8,665,1.0,0.0
2026-07-21,6BF1DMFGL5M,1293,6.0,0.0
2026-07-21,azprAboy5mc,1010,4.0,0.0
2026-07-21,GVJPsXMJHv0,1458,7.0,4.0
2026-07-21,iiOLlsuv6W8,1437,10.0,1.0
2026-07-21,eSN1StghXsk,1482,7.0,1.0
2026-07-21,GKbHta9gTjg,1064,5.0,0.0
2026-07-21,yS5m6x2Nyf8,32379,54.0,19.0
2026-07-21,D3CizPsw2kU,5457,22.0,5.0
2026-07-21,T4C_01jeaqk,11846,70.0,17.0
2026-07-21,QckSQZqE6II,6326,29.0,18.0
2026-07-21,yP7xgvZkRNw,44328,59.0,17.0
2026-07-21,7MbCMbhlSCA,12739,22.0,6.0
2026-07-21,D0LB2o3okcI,10700,40.0,42.0
2026-07-21,hOZ1fld1Ieo,1372,1.0,2.0
2026-07-21,qWWQmDnKQcQ,8208,31.0,10.0
2026-07-21,GnubCDFSza8,1536,2.0,4.0
2026-07-21,V1m3v5p0OR8,858,4.0,0.0
2026-07-21,DK7l-XfM6iA,16040,28.0,10.0
2026-07-21,Y1OzuuoX2M4,1391,3.0,1.0
2026-07-21,_lq-uxKcRiY,889,4.0,0.0
2026-07-21,xrARG_dp6_k,1154,6.0,0.0
2026-07-21,w_4SSGKmy3s,870,7.0,4.0
2026-07-21,lsMriAgu1mc,726,5.0,1.0
2026-07-21,Z6tOJ2FekoE,993,1.0,0.0
2026-07-21,3r2WH2zdJ3U,633,5.0,0.0
2026-07-21,H6LWhyFrnD0,575,5.0,5.0
2026-07-21,nEsbLmv5w4c,33908,53.0,30.0
2026-07-21,zH82xjlYXSY,640,4.0,0.0
2026-07-21,hZ0RZ0dKI8w,1208,3.0,2.0
2026-07-21,2-o3n0hERx8,855,4.0,3.0
2026-07-21,0WDoyWF7ClM,1241,5.0,6.0
2026-07-21,IHRERdVOzXs,1000,8.0,4.0
2026-07-21,DvrLz-sU628,10207,32.0,20.0
2026-07-21,wrsDfIV9El0,1436,9.0,3.0
2026-07-21,qfeq3z9J2ZE,1846,9.0,7.0
2026-07-21,KSKo9oCfcRw,3266,24.0,6.0
2026-07-21,OpzFcGwpjJ8,13279,30.0,14.0
2026-07-21,AcWUe58L0Rw,4400,17.0,4.0
2026-07-21,gH1RpcLmkP0,5746,14.0,4.0
2026-07-21,5QoM-RP9Skw,18534,75.0,15.0
2026-07-21,-lyXfAVo840,7483,27.0,3.0
2026-07-21,2SoMTNTwIL0,71398,149.0,17.0
2026-07-21,dd1RO76XBdk,13859,24.0,7.0
2026-07-21,PPkvhFGO8Mk,11003,39.0,13.0
2026-07-21,A2qN_Auc8DE,100432,237.0,95.0
2026-07-21,V4fOFOj1P2M,147395,368.0,133.0
2026-07-21,g1LWpWk5Hjk,21711,72.0,16.0
2026-07-21,FkCvJv0Bx-Y,14666,16.0,9.0
2026-07-21,6QFM8eXWu34,15128,63.0,20.0
2026-07-21,9Kw433B380o,3652,12.0,2.0
2026-07-21,gqbHODsm1-c,5724,12.0,2.0
2026-07-21,_1J5fqmexsk,2119,12.0,1.0
2026-07-21,IUNmPEo_gDg,8312,22.0,1.0
2026-07-21,Y2nUw8La9sc,21895,83.0,29.0
2026-07-21,YBC6xkVGXv0,14342,24.0,0.0
2026-07-21,taTn_QO43MQ,13324,30.0,5.0
2026-07-21,eB6G99ED1gM,23303,65.0,5.0
2026-07-21,_OvCidUgZ00,27887,51.0,6.0
2026-07-21,kD6kCJBuMBQ,17767,65.0,7.0
2026-07-21,1H-j0c5ZHNE,34509,85.0,4.0
2026-07-21,2JjJn6GrF7Q,26663,32.0,4.0
2026-07-21,HnxpS9gN6M4,32059,70.0,14.0
2026-07-21,6jgxdk7ZsCQ,61014,72.0,19.0
2026-07-21,fzOlNau3gC0,9618,10.0,3.0
2026-07-21,BMUzzkKsyuo,4351,11.0,0.0
2026-07-21,K9MD5pXXISc,4874,7.0,0.0
2026-07-21,WgY8uTKmnr0,47408,72.0,9.0
2026-07-21,Jrww7EGqi5I,10332,9.0,5.0
2026-07-21,LX1noW6zmuU,75153,110.0,28.0
2026-07-21,_BOeeqgWUts,23475,23.0,2.0
2026-07-21,yGenWUxe1-c,72386,111.0,19.0
2026-07-21,rmZpbNJvcbk,10967,46.0,13.0
2026-07-21,Q-EOOpqYM2Y,24172,26.0,1.0
2026-07-21,4TDAXPM-ulY,7690,86.0,8.0
2026-07-21,e07mSDFWyjQ,12514,56.0,14.0
2026-07-21,tY6NMvXCPOc,1591,1.0,1.0
2026-07-21,F4P07_I3U3Q,1766,1.0,1.0
2026-07-21,No-RHot-6QA,948,1.0,2.0
2026-07-21,CHk7DB3jBbU,3344,3.0,2.0
2026-07-21,bXc-ZeQfIt0,2229,4.0,1.0
2026-07-21,cxstWzmDawE,1068,3.0,1.0
2026-07-21,rMtPCCoBj4k,2897,4.0,3.0
2026-07-21,vwp84wBrS5w,5910,12.0,1.0
2026-07-21,R_DTyYG0Trc,968,2.0,2.0
2026-07-21,5qQpnSMhs_w,986,1.0,1.0
2026-07-21,8PF1SjbDTpY,873,1.0,0.0
2026-07-21,yt00OZRocOg,842,1.0,3.0
2026-07-21,f9_ozzNKu3Q,934,0.0,0.0
2026-07-21,UYqEII7SKNI,1013,0.0,2.0
2026-07-21,VyMPjqFsY2s,1114,1.0,0.0
2026-07-21,55RnSdCO9xc,907,0.0,0.0
2026-07-21,O5ghvXgm_Kg,929,2.0,1.0
2026-07-21,Aj_l9JjA88s,504,0.0,0.0
2026-07-21,2Q3Ypot72dU,626,0.0,3.0
2026-07-21,Ep__XCrZqpw,721,0.0,0.0
2026-07-21,bZKPNlrDEJA,589,0.0,0.0
2026-07-21,4P9JCfgq95Q,2190,3.0,2.0
2026-07-21,JPtrouBRVmE,878,1.0,0.0
2026-07-21,wsrbyGn-Ry4,889,2.0,0.0
2026-07-21,JFftqCsysLo,40714,29.0,4.0
2026-07-21,ckqd7ZgikEI,4314,9.0,3.0
2026-07-21,2AoEHPBtXPo,3807,16.0,11.0
2026-07-21,mBG8qFP11rY,7583,30.0,8.0
2026-07-21,XVlLmhbwnDU,2,9.0,0.0
2026-07-21,HcrLty70HL4,1498,9.0,0.0
2026-07-21,bZmkstIMbss,1498,2.0,2.0
2026-07-21,d0PJIt3Id6Q,2771,7.0,3.0
2026-07-21,sulYg17Eay0,908,5.0,0.0
2026-07-21,duy1bcYiPSo,200060,1119.0,143.0
2026-07-21,liJkX1oHj-k,20745,108.0,8.0
2026-07-21,1-vwTK2EyUk,8605,53.0,11.0
2026-07-21,4vrAcF2FaDs,2953,12.0,0.0
2026-07-21,qRkBuxA_hEE,1926,5.0,1.0
2026-07-21,rPSa_3wmeT0,1194,6.0,0.0
2026-07-21,1P6T6ED80wg,1081,7.0,0.0
2026-07-21,jIslK0JsyeA,954,9.0,0.0
2026-07-21,cZMx0m8NoKc,2088,7.0,0.0
2026-07-21,mgDLO9kpSks,5151,55.0,4.0
2026-07-21,AA3gmDOTANE,6641,53.0,12.0
2026-07-21,T_6lGXMg3yE,1661,8.0,1.0
2026-07-21,x7ud-hjTL_g,2141,12.0,2.0
2026-07-21,OINUsiDaRek,1339,5.0,0.0
2026-07-21,RzVt3R58fMM,7231,39.0,6.0
2026-07-21,tQSsxqhZHz0,2783,26.0,1.0
2026-07-21,4SEr0i7Glkw,1330,5.0,0.0
2026-07-21,Y6drPkmWqGg,4181,19.0,3.0
2026-07-21,F_S3orPbSxc,5909,24.0,5.0
2026-07-21,fVx5JWZnlQE,4385,14.0,4.0
2026-07-21,2VaO67C14BY,15893,49.0,15.0
2026-07-21,lGYf0aIiYRE,9393,30.0,12.0
2026-07-21,ikfbzoQdXWc,96528,187.0,36.0
2026-07-21,cwdbnPjNFqo,13990,18.0,5.0
2026-07-21,ylrQj5oUMAo,8250,103.0,30.0
2026-07-21,1ysOsxbNV44,6888,15.0,2.0
2026-07-21,agzV8lR59DY,4604,21.0,1.0
2026-07-21,-j1Hb1kTfLw,3741,10.0,0.0
2026-07-21,5mE0nyfVZHs,4124,11.0,1.0
2026-07-21,n8ktXMOzhkw,4039,10.0,2.0
2026-07-21,miBTlphlwWY,7020,29.0,2.0
2026-07-21,R4o9_2bUZzU,4806,10.0,1.0
2026-07-21,u93RPO49noo,4115,5.0,3.0
2026-07-21,wnc6Czh9NNk,32268,133.0,19.0
2026-07-21,gRjahafwLKA,51333,202.0,39.0
2026-07-21,1aO8XgobVec,31969,104.0,30.0
2026-07-21,6G_v10PDlq8,26861,107.0,13.0
2026-07-21,pMdQ4a5tca0,47552,243.0,25.0
2026-07-21,FOhytM9gQrw,5814,14.0,3.0
2026-07-21,vAWlFJFbn_k,4143,11.0,6.0
2026-07-21,GQLEI6YoYBA,6555,75.0,7.0
2026-07-21,MRoHRNbKB0Q,10576,65.0,23.0
2026-07-21,DuXwrgBpGC0,4766,63.0,10.0
2026-07-21,t-MhEEcEimg,10091,18.0,9.0
2026-07-21,4UcW9P0-Kd4,16313,103.0,15.0
2026-07-21,AR4_VMIlGvQ,18859,62.0,9.0
2026-07-21,cJnlBYhtR4E,33642,174.0,24.0
2026-07-21,rM3qGLbDrbg,25576,115.0,62.0
2026-07-21,t7E1HHnCOrE,21044,103.0,13.0
2026-07-21,9ccsYi3uupg,4125,16.0,5.0
2026-07-21,mDYn9u9oLHQ,11639,93.0,18.0
2026-07-21,OqvBRpf0K6c,4357,33.0,7.0
2026-07-21,RJV-4MIBWGY,66714,590.0,149.0
2026-07-21,_cIc5E4amOw,3690,13.0,10.0
2026-07-21,bN6lKmCEi9c,63063,603.0,135.0
2026-07-21,-cQUeFRpnYU,14974,63.0,34.0
2026-07-21,hD7r0Bt2iaI,26967,353.0,36.0
2026-07-21,YcPPSgg3C5g,5634,30.0,10.0
2026-07-21,pTQ63hjWC1I,10823,99.0,42.0
2026-07-21,hJ172_gLR1k,5954,21.0,12.0
2026-07-21,Z1EmQDH49YU,21796,75.0,24.0
2026-07-21,j4VqKVoETwc,10432,31.0,6.0
2026-07-21,x0ZY_OwOBOo,11481,40.0,18.0
2026-07-21,cn6T978hfwU,15986,84.0,42.0
2026-07-21,PYEcVnbxSAM,18346,56.0,32.0
2026-07-21,-tkBT10f_y4,15442,33.0,13.0
2026-07-21,csPVONsbZMs,3899,40.0,11.0
2026-07-21,QI5YTQiQsWU,887,9.0,1.0
2026-07-21,SdO-qOPSdMo,522,6.0,0.0
2026-07-21,_jxwrZNw6go,474,5.0,0.0
2026-07-21,_-du9V4D4A8,17454,55.0,24.0
2026-07-21,Fd5XJllAt8k,21206,78.0,51.0
2026-07-21,7APqOjccrCE,9610,71.0,19.0
2026-07-21,HQ8jB8BCTG0,6839,23.0,10.0
2026-07-21,VGTXOTb-HdM,7289,31.0,9.0
2026-07-21,qn6EYTf7CgM,32537,102.0,50.0
2026-07-21,KIgjpfw83Ww,19123,62.0,40.0
2026-07-21,_naeGhqgCNA,54020,150.0,78.0
2026-07-21,1d2Y0eljeko,3719,10.0,2.0
2026-07-21,EohjZ_51EtU,1269,5.0,0.0
2026-07-21,QiIs-J36O8U,2559,11.0,2.0
2026-07-21,F4NFxkTUgOw,4047,12.0,5.0
2026-07-21,Peb3HYvkOeo,2182,10.0,5.0
2026-07-21,AFEtFXzC0f8,3406,18.0,3.0
2026-07-21,obXwspjNoSQ,7524,29.0,6.0
2026-07-21,vdhkwLx4_fs,1618,5.0,3.0
2026-07-21,Q52s3CIcPrc,3392,6.0,10.0
2026-07-21,8sGAHc9Lb4o,3408,45.0,10.0
2026-07-21,hY-onuivHGE,6785,35.0,10.0
2026-07-21,umxcxg3rzTg,5607,11.0,3.0
2026-07-21,PFgq8zovNyQ,4374,20.0,4.0
2026-07-21,U4S6vRJlCUI,3070,15.0,1.0
2026-07-21,xDnHPYF-Mu4,3357,5.0,2.0
2026-07-21,yk0-i7k2blk,6038,16.0,10.0
2026-07-21,_0EyEhTCPio,2612,2.0,2.0
2026-07-21,pwtPnNJRrjI,2191,2.0,3.0
2026-07-21,3pv3A2RB2g4,3085,2.0,2.0
2026-07-21,S5Cn4xUV0oM,3284,2.0,1.0
2026-07-21,ehRta6hg9zM,4211,7.0,0.0
2026-07-21,5mA2zrvprHI,520,3.0,0.0
2026-07-21,fDmhXUlNxl8,504,5.0,0.0
2026-07-21,hWUxMxuHZ8A,291,6.0,1.0
2026-07-21,3Qfm5uiqfF0,368,5.0,0.0
2026-07-21,luIQ5tuqN1Y,337,0.0,1.0
2026-07-21,vtp-bQ90jmk,553,8.0,0.0
2026-07-21,gGyzpRxFZ0I,426,4.0,1.0
2026-07-21,N5a2koTTxDg,750,5.0,0.0
2026-07-21,eLNwcaTqjqM,1045,15.0,2.0
2026-07-21,pDiRAOphKhU,6066,11.0,3.0
2026-07-21,sFTf03aCOcc,10450,20.0,4.0
2026-07-21,h5OSd1_NIFU,3384,11.0,5.0
2026-07-21,3ZlejyX3W38,3577,16.0,16.0
2026-07-21,YM5uuzyg5_s,1648,7.0,3.0
2026-07-21,ezT0ReTLysA,3086,23.0,9.0
2026-07-21,UvmoaZIQSUw,10632,65.0,27.0
2026-07-21,1dNhqpjVsrU,3425,16.0,3.0
2026-07-21,SiBXkBUZWZY,2751,6.0,5.0
2026-07-21,I4w2HwKhj78,7362,30.0,8.0
2026-07-21,-eDzdhYh5SM,1009,7.0,2.0
2026-07-21,0CihuyGc2I8,2685,9.0,3.0
2026-07-21,Vd_0NpyCzgQ,54011,101.0,27.0
2026-07-21,YVgSdu_51c4,23882,85.0,22.0
2026-07-21,mdAgcDDFWrs,9983,34.0,13.0
2026-07-21,_z81-RByRzM,7532,22.0,4.0
2026-07-21,7fOGAh3AbHM,4959,12.0,4.0
2026-07-21,wlRsj-QnCAM,7156,19.0,5.0
2026-07-21,F_mTGK77m7s,2284,9.0,1.0
2026-07-21,Ghq9M9urMEY,7017,18.0,12.0
2026-07-21,x9HaR8OslqE,11825,33.0,8.0
2026-07-21,kb8hybpnwSI,2825,3.0,4.0
2026-07-21,2c8xiBLBiuI,2777,2.0,1.0
2026-07-21,9uP_yYdTG-4,12266,28.0,23.0
2026-07-21,oC--enBG5ss,1743,5.0,3.0
2026-07-21,ppUqJkBoOSY,7406,8.0,10.0
2026-07-21,2AK014olaNs,9364,49.0,19.0
2026-07-21,93B86z1FO9E,8009,22.0,9.0
2026-07-21,9t-YFrBnAhw,1475,1.0,1.0
2026-07-21,cbcjkVSm1ss,2553,5.0,4.0
2026-07-21,y27rK5T1FmQ,2324,5.0,1.0
2026-07-21,wZF4ETeCjJk,9611,,10.0
2026-07-21,T9SUIUXNzvM,3457,9.0,4.0
2026-07-21,cXGszpik5LU,10318,34.0,7.0
2026-07-21,-yoz9B4ol6s,6235,18.0,9.0
2026-07-21,H9LnpFp29fE,2060,6.0,0.0
2026-07-21,jnOVYFmIhaI,2966,5.0,1.0
2026-07-21,PUP04Y-m1eQ,3262,6.0,2.0
2026-07-21,yYjceQ0JhmI,6327,15.0,15.0
2026-07-21,sgFCkmA3HPY,4415,10.0,9.0
2026-07-21,zDe2rgqw49k,3236,7.0,4.0
2026-07-21,AugERc48Llw,14929,24.0,14.0
2026-07-21,e2v_xL4P95g,7889,32.0,5.0
2026-07-21,UAk_AcqfOmg,7962,22.0,7.0
2026-07-21,5g_yUu_k-9g,3137,4.0,2.0
2026-07-21,zfTABRccHHg,6555,18.0,6.0
2026-07-21,HABCLyxHCqI,7778,35.0,7.0
2026-07-21,KLTBAN3Epw8,6840,23.0,9.0
2026-07-21,xhZvn3lB2Us,16859,41.0,17.0
2026-07-21,ypw6FKU8xig,11788,27.0,28.0
2026-07-21,eGhtPeYpj44,10162,34.0,9.0
2026-07-21,lkfQJP-bYNM,8121,16.0,9.0
2026-07-21,dI2CjTfoRyc,3201,5.0,0.0
2026-07-21,m5vtd08j9AI,3666,9.0,1.0
2026-07-21,w96rZVaGE1s,14272,20.0,19.0
2026-07-21,cCRxXrAcEjE,8226,21.0,17.0
2026-07-21,Tfv_1GifhgE,8931,23.0,7.0
2026-07-21,VO1Lp903B6U,9859,14.0,6.0
2026-07-21,g-Ro-n93hso,30360,79.0,31.0
2026-07-21,exKGTaXHLO8,9688,41.0,25.0
2026-07-21,Fj3lZp5JEbA,125708,339.0,110.0
2026-07-21,x6dJ1IfZM6Q,12486,16.0,7.0
2026-07-21,R5eymu_HqO8,7591,17.0,4.0
2026-07-21,N_p8eToFNWk,12132,26.0,14.0
2026-07-21,V61jr8eLDBM,622452,4013.0,996.0
2026-07-21,SNXgc4HV9HE,10576,60.0,15.0
2026-07-21,Swn8_Lh50bU,5058,4.0,2.0
2026-07-21,hscIbFuLK28,4891,2.0,0.0
2026-07-21,fgt-PpZ5Iis,6680,8.0,4.0
2026-07-21,qIE--6nPbJI,3488,6.0,0.0
2026-07-21,RJfitAL3VDk,8389,13.0,7.0
2026-07-21,IZHstG0Td0M,3710,4.0,0.0
2026-07-21,xOvvpV_T6eI,26991,52.0,23.0
2026-07-21,MnxmItS7gmQ,24150,176.0,47.0
2026-07-21,BtlNIMe-sVo,42016,237.0,49.0
2026-07-21,jBQ_CyZ6VzU,19227,58.0,15.0
2026-07-21,BQBdJWFBWc4,10866,15.0,9.0
2026-07-21,ww3HN3g4XIo,15388,33.0,13.0
2026-07-21,sZDNWqDIM2Q,13203,30.0,6.0
2026-07-21,Y2Bt3XNk-yQ,8207,7.0,1.0
2026-07-21,if-wkzz8qk4,12860,19.0,11.0
2026-07-21,Yg5wcWjxK1M,5383,15.0,0.0
2026-07-21,V8Ht36GYV8s,5515,4.0,1.0
2026-07-21,Su-SN5v27hQ,21357,86.0,12.0
2026-07-21,hz5_W-pZH4c,5183,13.0,3.0
2026-07-21,stwdP7wPx1E,4670,4.0,1.0
2026-07-21,llweDdDTX7o,6323,12.0,5.0
2026-07-21,TONyUwW8btY,5368,12.0,4.0
2026-07-21,f5ZkvWgTfh4,11333,20.0,6.0
2026-07-21,7DvGuXRrjgE,16417,54.0,17.0
2026-07-21,q9t13SCMm2Y,7999,33.0,31.0
2026-07-21,OL2YJrfPq2Q,7399,10.0,4.0
2026-07-21,T3RoPQk1jTQ,39948,74.0,25.0
2026-07-21,NZ1EQKUHB78,12849,38.0,2.0
2026-07-21,p-1XNJ2hICQ,15432,44.0,14.0
2026-07-21,s_TcuBGFp7w,59071,118.0,26.0
2026-07-21,Fl5N0fbY9dQ,21990,49.0,12.0
2026-07-21,2IXCQ100K48,58355,198.0,20.0
2026-07-21,U56vXM_G2Dc,82790,220.0,34.0
2026-07-21,V4RziHigpgQ,6603,25.0,8.0
2026-07-21,vFLMeUeFGB4,11684,18.0,13.0
2026-07-21,7gl9Fufgv2g,87723,251.0,83.0
2026-07-21,EYkdD5E_DOU,91935,278.0,86.0
2026-07-21,-3ht_8QpoQ8,32690,199.0,77.0
2026-07-21,CifF7Y4mdgs,11147,21.0,9.0
2026-07-21,LC6jwXD0EYg,14453,24.0,15.0
2026-07-21,X0vo4weBRoU,281195,3621.0,417.0
2026-07-21,_375NPGTfO8,8700,24.0,16.0
2026-07-21,n7tb2o5IJqw,17120,147.0,16.0
2026-07-21,nP8hAB6cgRE,142574,502.0,59.0
2026-07-21,vYtYqMmBT9s,23411,85.0,20.0
2026-07-21,FVUtH_icRi0,14502,31.0,16.0
2026-07-21,ouNpQhcRLIA,35948,45.0,21.0
2026-07-21,7ui8R_fm9UQ,142732,496.0,70.0
2026-07-21,t8yq0PQbovI,61668,115.0,28.0
2026-07-21,nSSD_i1Abc8,11202,63.0,24.0
2026-07-21,tdNz5Fwhd74,80533,119.0,34.0
2026-07-21,wnMcxedZyis,9554,21.0,3.0
2026-07-21,IPco3RbIwFw,20358,79.0,16.0
2026-07-21,lfmFvpERs9E,195755,797.0,70.0
2026-07-21,1xDNZ9XDkPc,20106,12.0,13.0
2026-07-21,S0h_e5sN19I,18504,33.0,12.0
2026-07-21,QQy0vEmvMbQ,17058,12.0,2.0
2026-07-21,1bDek4lZg_c,19659,82.0,40.0
2026-07-21,ctkUImGnmGg,219953,1217.0,140.0
2026-07-21,_gRqrOI5xwU,150118,185.0,139.0
2026-07-21,zGzWHZPsTl8,9345,17.0,20.0
2026-07-21,zQoLZRZvGGs,34129,64.0,29.0
2026-07-21,0b9uOmnZtUU,11302,14.0,11.0
2026-07-21,nzGsMgK75_M,11231,22.0,15.0
2026-07-21,_ij1Bd0txvk,18658,26.0,9.0
2026-07-21,9fbFE4pvpO8,41811,54.0,43.0
2026-07-21,dhFSnId_5VM,3998,11.0,6.0
2026-07-21,nQtlwCPq9Og,137866,909.0,142.0
2026-07-21,jDL7jaIt2w0,5063,6.0,4.0
2026-07-21,OoOT6zwwsGI,9055,16.0,16.0
2026-07-21,pQWORPQawcA,6585,16.0,12.0
2026-07-21,sI9Zj4flqaE,65742,125.0,35.0
2026-07-21,ghY1wW40dbk,6171,12.0,13.0
2026-07-21,fd0mmu2S6wQ,54090,68.0,26.0
2026-07-21,livHlEjA8LY,47697,65.0,24.0
2026-07-21,5VHWeTn6o0w,7501,49.0,10.0
2026-07-21,cFIkNP_qzYM,141806,314.0,67.0
2026-07-21,rNwm6wz_EzE,8692,11.0,8.0
2026-07-21,FKYgSPRmufk,3488,5.0,1.0
2026-07-21,uMmkRePgPDY,11989,23.0,11.0
2026-07-21,5t8Z-h3wt-4,47976,67.0,28.0
2026-07-21,kcVfKD5xwEI,7349,11.0,10.0
2026-07-21,s9by-Qsu5KI,7912,12.0,9.0
2026-07-21,D8lS59xEg_g,7568,12.0,11.0
2026-07-21,nrQIoHEKVCk,13082,14.0,14.0
2026-07-21,j9jF7u0_WIY,8263,13.0,9.0
2026-07-21,wzrgG5RhcfQ,11667,19.0,13.0
2026-07-21,pjmXauK_2Qw,34036,29.0,12.0
2026-07-21,I2TJvOBmRNE,18975,22.0,11.0
2026-07-21,UCe0AXCnVaM,4568,6.0,5.0
2026-07-21,MAFOgLN1b-Q,2664,8.0,2.0
2026-07-21,0gxPfm-ULz8,3977,8.0,1.0
2026-07-21,pBHanSTUdWg,3935,4.0,3.0
2026-07-21,G_7dH9sC92k,3769,7.0,6.0
2026-07-21,yQa_KqDAB5E,4013,22.0,6.0
2026-07-21,9mmrtZ0Y1cY,143308,277.0,67.0
2026-07-21,KnWNXlOGxGo,9180,11.0,6.0
2026-07-21,upD9VNWm9L4,10622,10.0,10.0
2026-07-21,kt2G2Ms9tZM,5514,7.0,10.0
2026-07-21,ZLmIeZSdKmA,34714,55.0,27.0
2026-07-21,oD-nIH_nKMs,8827,28.0,13.0
2026-07-21,kQL3y4Ed-sU,8474,21.0,14.0
2026-07-21,9IRSXUBTeG0,8692,17.0,7.0
2026-07-21,C8OUaHBUl18,28316,78.0,33.0
2026-07-21,ICOvhgPsnqk,4252,7.0,3.0
2026-07-21,JOpLs-HaI4E,2941,3.0,2.0
2026-07-21,GEVRSvDyPbA,9693,10.0,6.0
2026-07-21,OPQhj4g9Kns,5057,6.0,0.0
2026-07-21,Y3DZWfc0cuU,11072,36.0,29.0
2026-07-21,0JdzN__6Gcs,3196,2.0,1.0
2026-07-21,w7iaMHG_swQ,4336,4.0,6.0
2026-07-21,q-c2tYCtEeY,3311,6.0,0.0
2026-07-21,tnhFgUVv2OU,5341,9.0,6.0
2026-07-21,h_mTgG_Vq5s,3297,2.0,4.0
2026-07-21,_9INFfsbpSM,4341,2.0,0.0
2026-07-21,T7r7jdTMMno,4123,4.0,3.0
2026-07-21,DBuLCE2JNDU,3937,2.0,0.0
2026-07-21,7ZGim62t1M8,1696,2.0,3.0
2026-07-21,SRNzur5qW84,217808,257.0,47.0
2026-07-21,VvMtHFq700s,1314,13.0,7.0
2026-07-21,Lg3Bz_KyVu0,27550,48.0,12.0
2026-07-21,qgpGhnaVBkU,5791,9.0,5.0
2026-07-21,Hnl1RqZ5MTw,3038,1.0,9.0
2026-07-21,JfaHt6kkIm0,2558,7.0,9.0
2026-07-21,a5ykIs_D-PM,6381,31.0,15.0
2026-07-21,CtzHgpzy1zQ,2586,7.0,4.0
2026-07-21,DngWqsukF3M,15257,104.0,37.0
2026-07-21,Si9NiRVrXOk,2454,4.0,4.0
2026-07-21,soTtT8zK4TY,1351,2.0,5.0
2026-07-21,9Y5JodjjbJI,4536,6.0,4.0
2026-07-21,vq-E2LheceY,1410,2.0,7.0
2026-07-21,pWI9N-skiuE,4245,6.0,4.0
2026-07-21,RpMKtZDEOrY,1935,2.0,2.0
2026-07-21,IWMY9Og19c0,2639,3.0,1.0
2026-07-21,JrEWJwkZUZI,2635,3.0,2.0
2026-07-21,hX0Lz0LWCdY,4416,6.0,1.0
2026-07-21,HedQmzkKQyg,11858,21.0,2.0
2026-07-21,5wYrNgxoieA,3139,2.0,3.0
2026-07-21,Py6xz42GiVc,4394,9.0,0.0
2026-07-21,L0NUy_SlFCY,2536,3.0,1.0
2026-07-21,4vgIQzl1qN0,1989,1.0,5.0
2026-07-21,yfv2zymOEQE,4516,4.0,8.0
2026-07-21,ScxMJrgy2ro,29338,85.0,40.0
2026-07-21,IYnBgrFqMEM,4773,8.0,6.0
2026-07-21,dIxGXeLFFew,10742,10.0,10.0
2026-07-21,ZaQsWc7r5is,58593,135.0,30.0
2026-07-21,CbdP29vtArg,19505,58.0,18.0
2026-07-21,QAGzn3Q9ejA,85871,162.0,40.0
2026-07-21,x6XTd5asck4,53562,52.0,7.0
2026-07-21,rdexQEa8P94,3274,4.0,5.0
2026-07-21,j5kkT9Rqyxo,3030,3.0,3.0
2026-07-21,dquxyDkQ_EQ,4862,7.0,4.0
2026-07-21,q5k_htRU_wQ,9745,16.0,7.0
2026-07-21,l1AgEOmcygM,10806,14.0,9.0
2026-07-21,DpuzzrhHep0,43353,89.0,36.0
2026-07-21,mJnVfDqpNqA,12409,21.0,12.0
2026-07-21,_Fs3cOPGoBo,3323,3.0,0.0
2026-07-21,ycyKiKcR-gU,3243,3.0,1.0
2026-07-21,jS0Xpuw4c7A,4607,7.0,4.0
2026-07-21,g2tRUhBjMJ4,2063,4.0,1.0
2026-07-21,hkKnvYlAbS8,3995,2.0,2.0
2026-07-21,sV_b_IYS-PY,3637,1.0,2.0
2026-07-21,cwlvD77q6Zw,4755,3.0,5.0
2026-07-21,i2Zq9MZMIFY,4683,4.0,7.0
2026-07-21,3IZYKL-CTDM,65159,157.0,53.0
2026-07-21,WUf0jPHRgtw,2733,5.0,3.0
2026-07-21,pIOGAq5E1qY,11270,10.0,7.0
2026-07-21,u36E9fbWevE,6973,5.0,3.0
2026-07-21,-RZl-ZfIBFQ,2312,4.0,5.0
2026-07-21,opLvpF8u5_I,2744,0.0,4.0
2026-07-21,a5LjP8BKJes,3544,2.0,2.0
2026-07-21,eC8dM24WSUY,4210,5.0,7.0
2026-07-21,pioI8tt8EoA,10702,8.0,7.0
2026-07-21,5017Sh9-OKs,2846,1.0,3.0
2026-07-21,dv65JIi32fg,1664,1.0,1.0
2026-07-21,auLdwCPE-OM,4425,8.0,6.0
2026-07-21,AFBj8PmcuN0,2155,3.0,1.0
2026-07-21,EHI3tSSN7dc,2437,2.0,6.0
2026-07-21,DWr855P1i1A,4516,12.0,2.0
2026-07-21,-c0hPNk_Y-I,2207,4.0,3.0
2026-07-21,j8CXhphXPaA,2638,10.0,0.0
2026-07-21,q9TNMZZRCZw,2825,5.0,6.0
2026-07-21,kZQwF3VSFI8,2827,3.0,1.0
2026-07-21,aehXt0KqSbM,2063,4.0,0.0
2026-07-21,rE2-7bk5KhQ,2414,8.0,3.0
2026-07-21,vhc4gVwJi14,2787,5.0,1.0
2026-07-21,uR6-BAdUSfU,3268,13.0,0.0
2026-07-21,eiEwQNfC_RE,5207,4.0,8.0
2026-07-21,Ys3C0kwUXC0,2904,2.0,2.0
2026-07-21,XotoigyuxZQ,2951,7.0,3.0
2026-07-21,HtFX_bDK5yk,4608,3.0,1.0
2026-07-21,tw3MxSOfpGQ,4159,11.0,0.0
2026-07-21,H_TWHCfg_mA,10850,10.0,3.0
2026-07-21,LPjhMlcZrh4,13051,14.0,2.0
2026-07-21,gJZzIvgaerM,3128,7.0,2.0
2026-07-21,zg_QYnrrPj4,2844,7.0,0.0
2026-07-21,lUQXVxHy8Eg,2681,4.0,3.0
2026-07-21,kGLhUyodZRo,2961,2.0,0.0
2026-07-21,1C_2LS1Szqk,4202,3.0,0.0
2026-07-21,jtfcIFZWD5k,2158,2.0,2.0
2026-07-21,hydvJzZfDS0,1953,4.0,3.0
2026-07-21,Deqr6q5YWbk,2887,5.0,2.0
2026-07-21,io_PyddpcxE,2306,2.0,2.0
2026-07-21,ZmWLAjuMPOQ,2400,3.0,2.0
2026-07-21,usC1DEoFWMo,1853,1.0,2.0
2026-07-21,xqMv7nfT-LI,1997,3.0,2.0
2026-07-21,HwzS3STeC00,3925,5.0,1.0
2026-07-21,Atwjj3UFGzI,12855,8.0,22.0
2026-07-21,fd9xWojxzMo,12666,13.0,1.0
2026-07-21,BQ0-HtVr_pM,16654,20.0,8.0
2026-07-21,UQLm1lizlnk,51045,70.0,17.0
2026-07-21,UlLvSE3iQgQ,4357,2.0,2.0
2026-07-21,R90VEf9oSeQ,4164,6.0,3.0
2026-07-21,BiZGQ1oaRx8,3263,3.0,2.0
2026-07-21,NA-qELak_9g,1970,5.0,1.0
2026-07-21,G0E1Q6qkrj0,4708,5.0,1.0
2026-07-21,GNU2CYFGuDI,2182,4.0,4.0
2026-07-21,fbdXnQHZt6I,1990,4.0,1.0
2026-07-21,YUXedZTb-Tw,3057,5.0,3.0
2026-07-21,FKW6QY2QXpk,47549,69.0,17.0
2026-07-21,4kVn4bqT880,2261,2.0,2.0
2026-07-21,gLnN38dXJIQ,1796,1.0,1.0
2026-07-21,yGYNajmH8Mw,2851,4.0,2.0
2026-07-21,vK29cIH4oJQ,3347,7.0,0.0
2026-07-21,RJxa6ZYcum4,3295,9.0,2.0
2026-07-21,5R3-KexF7Xg,4352,4.0,1.0
2026-07-21,EOTy4QSTLE4,6457,7.0,2.0
2026-07-21,LMpGL_gA_mg,5535,6.0,4.0
2026-07-21,YqmKgqB9Bb4,2041,4.0,0.0
2026-07-21,Nu42qyjgIHM,1781,3.0,5.0
2026-07-21,RCuEGvhwnbg,1952,3.0,0.0
2026-07-21,vX931V7wUvQ,2123,3.0,0.0
2026-07-21,dX25FTPL_98,2190,2.0,1.0
2026-07-21,TEAGC9fqeRY,2039,1.0,1.0
2026-07-21,4gYHX6hFK_w,2109,2.0,0.0
2026-07-21,Z4PlHBEj7Ko,2690,4.0,1.0
2026-07-21,EjMTYAL0Kfk,2861,6.0,1.0
2026-07-21,QrDgV3r5Z_4,3599,4.0,5.0
2026-07-21,dcUyqnc42sI,3621,2.0,3.0
2026-07-21,mF3z5Mf_XU8,3222,7.0,1.0
2026-07-21,L0P-ae1jXLw,3381,5.0,2.0
2026-07-21,7yR0Ni7tE9M,3921,2.0,4.0
2026-07-21,ewhIQSKXNFY,4072,6.0,2.0
2026-07-21,-S6c1DXsBw0,5586,8.0,0.0
2026-07-21,Xsl6RRwTgC0,5184,5.0,3.0
2026-07-21,xsxv8ow3slE,6117,4.0,0.0
2026-07-21,DNsjQaRjM90,4791,3.0,8.0
2026-07-21,PQuvA1JdRQA,2589,6.0,3.0
2026-07-21,0btJHrj0NaE,2417,3.0,0.0
2026-07-21,iTTuH4NFAks,3019,0.0,3.0
2026-07-21,Bqb7USFcDEQ,3753,2.0,2.0
2026-07-21,OgK-gIAkPMM,2487,1.0,0.0
2026-07-21,V0L0rley3ZA,2727,3.0,3.0
2026-07-21,YFsxMZmxLZk,2597,1.0,3.0
2026-07-21,C5p8SuuJ7tM,3019,3.0,0.0
2026-07-21,Wz_5wOYfpUo,4262,4.0,3.0
2026-07-21,rB6kU6xwFyw,3280,5.0,8.0
2026-07-21,e3_sYJ1BDus,2731,0.0,2.0
2026-07-21,UxgRbEn1UNA,2793,2.0,1.0
2026-07-21,4Q-mIds9Nck,3920,3.0,9.0
2026-07-21,96aw-FLLwq4,2695,2.0,0.0
2026-07-21,wPI6dPXzzLE,3019,2.0,1.0
2026-07-21,OgGuGun_fu4,3450,3.0,1.0
2026-07-21,2A-j5A4u9c4,15497,15.0,9.0
2026-07-21,aPEvMAHhc6Y,19672,7.0,4.0
2026-07-21,kgJf0yT7Mew,170518,195.0,84.0
2026-07-21,5IrzGeP-sf8,3192,4.0,1.0
2026-07-21,poLpF9aY6kM,2941,3.0,0.0
2026-07-21,a1AfNzavoQU,3939,2.0,2.0
2026-07-21,lPhg9jE_zhE,5543,2.0,4.0
2026-07-21,IN8j_4y8YC4,5766,2.0,6.0
2026-07-21,S9jw909KsFI,5532,0.0,1.0
2026-07-21,lPriGU-1UH0,4621,3.0,2.0
2026-07-21,w9wf2xolYZs,10093,10.0,3.0
2026-07-21,PCeedZ5DzMk,8967,4.0,3.0
2026-07-21,Dta-RfQ1GXM,9048,10.0,4.0
2026-07-21,FRHBY1ZZ2cU,9509,60.0,20.0
2026-07-21,i793EixvCnk,6681,3.0,9.0
2026-07-21,8fl3oz6Wskw,6365,5.0,3.0
2026-07-21,HVEU_aRmMkU,8531,5.0,4.0
2026-07-21,9EtAq0pXlJg,4383,6.0,5.0
2026-07-21,tlbTQvbsC7E,6002,5.0,0.0
2026-07-21,xgEKJni5VEY,4493,10.0,10.0
2026-07-21,YlBI1I9DnP8,4375,4.0,1.0
2026-07-21,byGEd85AFck,26113,15.0,11.0
2026-07-21,cUqS4SEzDlc,42660,31.0,8.0
2026-07-21,6cKM7DfJisQ,20681,11.0,4.0
2026-07-21,dIeHNcUwntI,37499,29.0,3.0
2026-07-21,hLVaSBcBp-U,28663,24.0,13.0
2026-07-21,UkJLTDlePCA,15044,12.0,6.0
2026-07-21,5A6meVykk4Q,11463,10.0,8.0
2026-07-21,xQxEK_Pc2t0,8747,13.0,6.0
2026-07-21,Cui3FDl4byA,27587,25.0,16.0
2026-07-21,kXjsBBuz8oQ,3139,4.0,4.0
2026-07-21,OquJUte9P4M,1310,4.0,1.0
2026-07-21,-M3Nt_7svoU,1404,5.0,0.0
2026-07-21,CX16zM45VbI,1220,4.0,0.0
2026-07-21,KZvXj4qbq30,1028,5.0,1.0
2026-07-21,GJoN9NTkL4k,7412,6.0,1.0
2026-07-21,t2GCR0h_0ro,11936,10.0,2.0
2026-07-21,qy3YnPVf_fo,16219,14.0,2.0
2026-07-21,z7HSOQPr8bU,14728,14.0,3.0
2026-07-21,n9WypkR8h0Y,13672,14.0,1.0
2026-07-21,H9-mT6W3UaA,12793,6.0,2.0
2026-07-21,L_791IVm85g,16722,20.0,4.0
2026-07-21,4Z6H8pIgCGc,11851,17.0,6.0
2026-07-21,KdpsGXtvG1M,13352,18.0,4.0
2026-07-21,ZYXkk33FZKU,10574,16.0,5.0
2026-07-21,EodzbbH1Cvk,30178,243.0,97.0
2026-07-21,mNUqbev43Xg,8006,16.0,0.0
2026-07-21,LY6AyM8aANo,9338,12.0,12.0
2026-07-21,gMpxG6RIG4A,28214,31.0,16.0
2026-07-21,hlb2vqFWmCc,16471,25.0,4.0
2026-07-21,iNsMMW6xGPU,2004,4.0,0.0
2026-07-21,YQZ3BRRKp14,1840,4.0,3.0
2026-07-21,8VLehQ9pw0k,2327,3.0,2.0
2026-07-21,ikyxuHakyqc,2967,5.0,0.0
2026-07-21,EJPaGX0EdAw,2978,7.0,1.0
2026-07-21,8uWAJChZYYk,4250,9.0,1.0
2026-07-21,beUyVkeRzdQ,7397,13.0,5.0
2026-07-21,m0egXDNtBS8,8738,9.0,3.0
2026-07-21,1Gs55GQeK1U,10057,11.0,7.0
2026-07-21,CoRFUJ_Zf0Q,7978,13.0,4.0
2026-07-21,hD8TSVPy5d8,6016,11.0,4.0
2026-07-21,68Zp6WdN2x4,4932,5.0,7.0
2026-07-21,3M1-LpjiTyM,3721,5.0,3.0
2026-07-21,TFbRqJxsIz0,4046,4.0,4.0
2026-07-21,yxJuPPcoXCM,5790,14.0,6.0
2026-07-21,d_mu_RpPg78,8442,11.0,4.0
2026-07-21,tjK4BjU6PJ4,6880,12.0,6.0
2026-07-21,cZjvtR37K74,8616,14.0,7.0
2026-07-21,zTyVVTyZmk8,9189,9.0,2.0
2026-07-21,ZrhQtlda4CY,2284,7.0,2.0
2026-07-21,nsabiNz6lEg,2665,7.0,2.0
2026-07-21,i7WmJaySwG0,2178,7.0,0.0
2026-07-21,bRIhne2t1v8,6351,8.0,3.0
2026-07-21,sM2R5Yuflek,5421,8.0,2.0
2026-07-21,bOIxRx6vqUI,10499,8.0,1.0
2026-07-21,T3WTyvXvFtA,5474,9.0,7.0
2026-07-21,rAX5UINFaGc,1890,7.0,0.0
2026-07-21,FwHJ_wbH22k,1842,7.0,0.0
2026-07-21,hGZMXU_giT8,1503,6.0,0.0
2026-07-21,Xg7qAA7Xtp8,1192,9.0,2.0
2026-07-21,LLVtA756x0Q,1713,7.0,3.0
2026-07-21,W5QbIe4kfqA,1959,10.0,2.0
2026-07-21,ueD-9eWlO7M,2322,7.0,2.0
2026-07-21,5bnLXlauJVs,3172,13.0,1.0
2026-07-21,Jg8adfUFlPM,2200,9.0,0.0
2026-07-21,fcpf_wJA9u8,3790,11.0,0.0
2026-07-21,RTXy4RhNZx4,7667,34.0,13.0
2026-07-21,2yzW7jXUSsM,1536,12.0,2.0
2026-07-21,wRoJ5bNdBXg,2080,16.0,2.0
2026-07-21,H0uELoOgBbY,2313,16.0,1.0
2026-07-21,04B3i1qonM8,2136,14.0,3.0
2026-07-21,31ecum64YY4,3666,18.0,2.0
2026-07-21,CNACosCVkCU,3095,20.0,3.0
2026-07-21,rzv0HBt9_h8,4253,29.0,6.0
2026-07-21,dxxR4-Bovu8,5803,44.0,14.0
2026-07-21,6a58xHUU0lM,69731,797.0,451.0
2026-07-29,0BVdKWFx8oI,631932,14166.0,602.0
2026-07-29,_xv786d9A-E,904363,18932.0,1544.0
2026-07-29,PKkkM9OXnFM,63941,1175.0,69.0
2026-07-29,2bplSe6pkLE,21132,409.0,10.0
2026-07-29,Di9P7et21xs,275607,3772.0,314.0
2026-07-29,g63Hjg9OD50,69736,1381.0,67.0
2026-07-29,K6inhdZotBA,815782,14531.0,1546.0
2026-07-29,VLRwTIc_iPU,117358,1681.0,112.0
2026-07-29,OSWJut6AGZ4,147794,1761.0,45.0
2026-07-29,3UEKgJlfNo0,709175,11423.0,662.0
2026-07-29,8Nwf7kjg2DQ,1095750,30073.0,379.0
2026-07-29,6iJJf0UrNGc,120047,2632.0,70.0
2026-07-29,BPtb9WWqe4c,247216,4629.0,83.0
2026-07-29,udko1Z6zg2U,3552412,62740.0,5003.0
2026-07-29,J-buiTKFR0U,772183,11273.0,361.0
2026-07-29,PPRUq_lJ2BE,1198242,23710.0,2399.0
2026-07-29,cXUjaYvp0xk,52578,869.0,18.0
2026-07-29,T3sjpFXvdFo,216712,3741.0,455.0
2026-07-29,y17vWDmDLLU,75382,1689.0,35.0
2026-07-29,kUkoP7D19FU,98870,1761.0,37.0
2026-07-29,mu4YWCkKoDk,883744,16463.0,686.0
2026-07-29,2isdqFF0MYI,587517,9869.0,143.0
2026-07-29,WnvPjGoeIyQ,40064,579.0,20.0
2026-07-29,gbRkYlK-AW0,207495,3558.0,225.0
2026-07-29,vLXcVJGciMM,85940,1616.0,58.0
2026-07-29,udAVvAaVh6k,1546309,27067.0,2281.0
2026-07-29,ftrwUn1WEX4,806845,9204.0,1065.0
2026-07-29,jZtVd0j_Yic,128017,1980.0,56.0
2026-07-29,DQl32Kjouqw,120269,1981.0,37.0
2026-07-29,voVSMSJ9ewU,532943,6278.0,407.0
2026-07-29,nOJYE2uLlDU,957710,10160.0,1081.0
2026-07-29,e1ehNZzQLkA,122214,2249.0,115.0
2026-07-29,QhNkG7Z_FjA,260627,2091.0,34.0
2026-07-29,KdFj7m7Vi6U,222299,3540.0,160.0
2026-07-29,bdsXqWZX_C4,263384,4316.0,76.0
2026-07-29,KNwqT1tgbKU,49492,972.0,26.0
2026-07-29,p9YmY8Nh8kQ,633643,9205.0,956.0
2026-07-29,M7eF66fQBxs,177292,3422.0,87.0
2026-07-29,WON67J0NJB4,148668,2512.0,118.0
2026-07-29,kFxuDAajkB4,1497780,34505.0,3555.0
2026-07-29,J8AQ96FPwsg,931552,12956.0,162.0
2026-07-29,jemBC8agGf4,1316606,20681.0,1715.0
2026-07-29,bhV5Mvhn2RA,1875882,23218.0,733.0
2026-07-29,-8Jqg3cymSs,188420,2301.0,354.0
2026-07-29,sgFbsOG_y58,64886,666.0,32.0
2026-07-29,UY0hNkXcK6A,442063,3772.0,531.0
2026-07-29,YEAIgTzYmMo,124141,1828.0,58.0
2026-07-29,b6GCP9otK_Y,246649,1150.0,219.0
2026-07-29,3Wf4UxaJ-zo,76527,811.0,12.0
2026-07-29,ZAwRlnGva_w,584851,8733.0,546.0
2026-07-29,gMAU2PdFggg,906862,12428.0,460.0
2026-07-29,p_vbneEIfm8,591135,7802.0,1058.0
2026-07-29,Rp-_-EKVb1o,364825,5329.0,261.0
2026-07-29,tboE3v0NDfs,292930,3261.0,108.0
2026-07-29,NjsYyPA8Wic,3428288,65075.0,4733.0
2026-07-29,vzPb8j0w9ks,273402,2889.0,94.0
2026-07-29,44Z8I1L1Gg0,677536,5474.0,646.0
2026-07-29,tc9rDfTXGK8,776871,6223.0,347.0
2026-07-29,Lh54UyiPr6s,427297,5440.0,356.0
2026-07-29,Hc81mqEjK4A,383182,6365.0,510.0
2026-07-29,ITU7kU8Pdtw,99877,1800.0,141.0
2026-07-29,9VcAFieFARI,207515,1548.0,249.0
2026-07-29,tnpgwdGOZq8,152323,2078.0,35.0
2026-07-29,ujOybtSQ_dc,285069,3394.0,264.0
2026-07-29,sVeucKGTsnQ,699190,7363.0,482.0
2026-07-29,ydy3nSE7ywQ,294198,2391.0,321.0
2026-07-29,E8x56e38ATM,309451,5000.0,136.0
2026-07-29,66VVCava7-Y,1865811,22264.0,1049.0
2026-07-29,EJFV0dV9uDo,539237,7097.0,218.0
2026-07-29,jGrA3JTWmIY,526996,6843.0,159.0
2026-07-29,krwAJblmVPU,118433,836.0,89.0
2026-07-29,Lez3FG1fZxc,211109,3106.0,143.0
2026-07-29,vOlwhC4yn4w,54308,1182.0,40.0
2026-07-29,5OqpeSSYYtI,672698,13186.0,232.0
2026-07-29,wszdluHzTak,752620,8889.0,590.0
2026-07-29,ZeEqpS2Fiy8,319811,4303.0,309.0
2026-07-29,0EATAxsSnKk,363786,4144.0,330.0
2026-07-29,L60oEgOQdvk,1613203,29384.0,615.0
2026-07-29,Ygi0JsphXok,536829,12132.0,182.0
2026-07-29,1hqgUdZKbjM,270450,1137.0,22.0
2026-07-29,GHe8GOKV5dk,448600,16308.0,1151.0
2026-07-29,FOu0L1nYRkM,190411,3114.0,67.0
2026-07-29,444EDKBid2w,745247,11357.0,548.0
2026-07-29,dA2QVBtEVps,25377,365.0,14.0
2026-07-29,cC-hKpbuqS0,542204,6727.0,1190.0
2026-07-29,n2SkFb6M24w,110131,1807.0,47.0
2026-07-29,HsOEdfrgeZk,366354,4807.0,468.0
2026-07-29,OeafMZyEcgg,118725,2024.0,57.0
2026-07-29,KzNWUxU0HCk,958686,9450.0,601.0
2026-07-29,7r-qoSzWXHo,159388,2676.0,306.0
2026-07-29,ZHus-bYc4es,142522,2139.0,61.0
2026-07-29,wW6ycct7SZo,443486,5182.0,450.0
2026-07-29,6NudKxFWJ2k,762698,10569.0,568.0
2026-07-29,IsgXGbK4Uak,87898,1089.0,37.0
2026-07-29,yXq9L2M1dy4,263887,3514.0,138.0
2026-07-29,5iiVtuwweZM,633645,9702.0,129.0
2026-07-29,nUuj48gvNvA,203437,2733.0,203.0
2026-07-29,VSYDmR0pRd8,517350,6337.0,275.0
2026-07-29,IMTaW-qDd7g,325503,5122.0,192.0
2026-07-29,-1mIe6Puq9s,548253,9802.0,990.0
2026-07-29,JfQ3t9d7UFw,279937,4247.0,357.0
2026-07-29,FKKpTDGspJk,584431,7814.0,403.0
2026-07-29,KGwFYiQyYsQ,191620,3662.0,154.0
2026-07-29,0eF81AyV_us,93485,1854.0,115.0
2026-07-29,OTG5RGeLAQQ,339777,6403.0,839.0
2026-07-29,h70ZfDVvk1I,587520,2501.0,240.0
2026-07-29,8_VRut08Xps,493713,9896.0,505.0
2026-07-29,OrTX8OiR-FQ,630942,7756.0,215.0
2026-07-29,ryNeFTtcOwY,420359,2778.0,230.0
2026-07-29,036GoyUgzjs,405125,7243.0,240.0
2026-07-29,9nFyt6m4U-g,56560,1262.0,21.0
2026-07-29,-0HtTCRXI4Q,19924,270.0,10.0
2026-07-29,t-KgPvvbr4w,514811,7285.0,327.0
2026-07-29,FXNreX94exU,378515,6049.0,102.0
2026-07-29,35cM167x9T8,262139,3386.0,43.0
2026-07-29,T-zEQfaRRYA,111765,1601.0,18.0
2026-07-29,Y8jRolTmRu4,910721,13895.0,297.0
2026-07-29,6EgMX_dqAuE,76058,1369.0,19.0
2026-07-29,fa5-N2uJjOg,688738,15519.0,8781.0
2026-07-29,sZdnmdc5cnE,531928,8584.0,663.0
2026-07-29,hA8jtBjWlug,147561,1500.0,37.0
2026-07-29,juPA9SgqxiY,369463,8168.0,632.0
2026-07-29,hJ0WUR_D2jY,508119,7546.0,314.0
2026-07-29,IlPIfGojmcc,895677,8234.0,639.0
2026-07-29,2ZNk0d6vfwQ,623908,8098.0,481.0
2026-07-29,oSigp7C5vlw,1356764,10632.0,878.0
2026-07-29,PE_hTsHTBzE,560057,8870.0,400.0
2026-07-29,InngxYidux4,342883,3540.0,209.0
2026-07-29,1zpZp63p4to,448617,7527.0,560.0
2026-07-29,nq-TiAyCE-o,44480,736.0,12.0
2026-07-29,kleRKYvlHh8,64654,748.0,18.0
2026-07-29,eLtPN9udQdw,1509843,16458.0,549.0
2026-07-29,gRnhMUzDtAM,36880,748.0,6.0
2026-07-29,KvQ6_bPTC8k,1568888,6383.0,625.0
2026-07-29,NUy9yH9Yq0A,22678,397.0,5.0
2026-07-29,DJf7gPo-hTM,70438,920.0,15.0
2026-07-29,IMsIcsWcHf0,464090,8162.0,522.0
2026-07-29,XiEZ02qVYVo,33439,498.0,6.0
2026-07-29,NlyedY95lpM,230548,2456.0,146.0
2026-07-29,HKmbQaet1DM,143191,1646.0,120.0
2026-07-29,WD1BBxsxfpE,391994,4352.0,535.0
2026-07-29,j1MqFAhBcUw,311912,2752.0,226.0
2026-07-29,zlnlIB1_7Wk,35508,560.0,23.0
2026-07-29,bOsVzamA4P4,645147,8042.0,422.0
2026-07-29,9dFV4FkkRhM,776750,12681.0,561.0
2026-07-29,MN0hpcQ7j10,549281,8332.0,564.0
2026-07-29,HhQ4VH1UTU4,30690,477.0,6.0
2026-07-29,rzHv20HND1k,63253,1255.0,83.0
2026-07-29,X5aY3DNljUI,1228705,10865.0,656.0
2026-07-29,tRC-dglnpgA,630713,12884.0,834.0
2026-07-29,vcl9IM6fvzE,96645,1181.0,32.0
2026-07-29,hFLyhPeFHPc,47075,1034.0,20.0
2026-07-29,5xccHa9UxKk,1150157,24829.0,1690.0
2026-07-29,gQnKk3RulQo,554727,5696.0,876.0
2026-07-29,0Gzk13yadmA,424704,5562.0,339.0
2026-07-29,MzqrZ_a_DPg,50737,1031.0,18.0
2026-07-29,JSc4c4BEhag,53485,658.0,9.0
2026-07-29,ymQcV_wxK8g,804091,14176.0,982.0
2026-07-29,nzrBI-7tZvg,732111,7870.0,541.0
2026-07-29,1LLbClNRXt0,1385573,24364.0,1761.0
2026-07-29,Jq7llIkbJeA,531315,5694.0,450.0
2026-07-29,yOjD-6_Y0as,134876,2477.0,97.0
2026-07-29,brirXPljYso,530517,1927.0,44.0
2026-07-29,A8FCfN-WlyI,114568,1521.0,70.0
2026-07-29,XrZSufCvG6g,25987,380.0,16.0
2026-07-29,_8hRTF0EFb8,1183661,31467.0,3076.0
2026-07-29,n9OSyFouJMM,432903,3360.0,261.0
2026-07-29,GecjuFqSz2Q,108548,1276.0,32.0
2026-07-29,Cx4j-dux-ac,103522,833.0,24.0
2026-07-29,xe2Yg2aBflQ,179574,1667.0,179.0
2026-07-29,D-o6sQPQJpg,1084690,8158.0,1422.0
2026-07-29,DQ3fxfUWf-w,1132027,15465.0,1662.0
2026-07-29,WAveXqb7FRE,357078,2418.0,373.0
2026-07-29,XU6u5Ro-lFw,600896,7546.0,449.0
2026-07-29,rI5YuE5mIS4,421657,3799.0,551.0
2026-07-29,AVR93bW9ZDI,1267345,9732.0,758.0
2026-07-29,jl87f-4iwU4,788709,4699.0,427.0
2026-07-29,405qhpa0Lzg,147076,1795.0,56.0
2026-07-29,qBRc7m3VmFU,528016,5587.0,462.0
2026-07-29,DaOX3715CU0,107702,1361.0,73.0
2026-07-29,gHt8mEoGJLU,664526,7783.0,601.0
2026-07-29,ftwV9Q0e7Jo,500094,5263.0,127.0
2026-07-29,Oto6n6n3vao,149046,2323.0,83.0
2026-07-29,KJknopvpsT4,198484,3034.0,433.0
2026-07-29,DV5rAm1pGEU,369932,4826.0,381.0
2026-07-29,FnH7QXfDRJQ,1822500,17403.0,848.0
2026-07-29,CnoGML_LIbk,1339072,21745.0,1508.0
2026-07-29,drZYsIgqSIo,530061,6016.0,502.0
2026-07-29,D-y3MFi30fg,454194,7970.0,86.0
2026-07-29,XHZLE-g8t4Q,621416,7069.0,162.0
2026-07-29,9sFUCrxaYWo,186600,2673.0,71.0
2026-07-29,sFElH41zvHk,399515,4111.0,313.0
2026-07-29,xf4ssP9JoHw,521286,5687.0,87.0
2026-07-29,2rV5htxZ2KU,387602,4372.0,416.0
2026-07-29,AzzwhsEiLLA,473932,5732.0,356.0
2026-07-29,6UyF4TSv8tI,710731,11133.0,587.0
2026-07-29,FQEJ57GG2CI,415911,7810.0,628.0
2026-07-29,ax6PbVOZZIU,617437,7527.0,228.0
2026-07-29,qUNjT9WWMvU,593351,6754.0,600.0
2026-07-29,b4RkSPpbwP0,615736,7292.0,252.0
2026-07-29,mUvWxHJfqDA,250088,2467.0,131.0
2026-07-29,j_2rJO0QAeY,442357,7120.0,391.0
2026-07-29,5FHIgRnz7k4,941279,12732.0,816.0
2026-07-29,VqXR85V902g,417891,4178.0,187.0
2026-07-29,VUEb3AqoA8A,601955,9257.0,456.0
2026-07-29,-TtwFUmGvvU,404129,5680.0,358.0
2026-07-29,tCJ_UVBO9Oc,180234,2336.0,45.0
2026-07-29,pby-8b_K1XA,1068138,19164.0,1160.0
2026-07-29,Z1F3-eSKoTs,509322,3905.0,69.0
2026-07-29,9ApEaLbgP5g,836429,10499.0,375.0
2026-07-29,4yxINDGiS9U,287353,3599.0,215.0
2026-07-29,RqVROZYpGgg,175492,2025.0,32.0
2026-07-29,K2m1wAftEko,1312292,16790.0,964.0
2026-07-29,LEHtf4LnXmg,756424,11302.0,826.0
2026-07-29,0IpJuqW6_OM,666438,6729.0,353.0
2026-07-29,8v4bTQeOLro,944732,10128.0,570.0
2026-07-29,JAB8P3ZAd8s,1724626,23758.0,911.0
2026-07-29,EAhfBmMv2OI,198526,3311.0,161.0
2026-07-29,vkV3X-4fMlo,68262,760.0,21.0
2026-07-29,BnL-BXjomLQ,229625,2140.0,81.0
2026-07-29,oKx2NEA_Aj8,488571,5862.0,314.0
2026-07-29,NSvBVaZ8Moc,1210471,36341.0,373.0
2026-07-29,FsPPrwFpy8E,58250,823.0,19.0
2026-07-29,LWPyeLnVnxE,732541,3015.0,171.0
2026-07-29,m55L44FH46A,157308,3289.0,109.0
2026-07-29,aoefpJJJfNY,240053,3348.0,30.0
2026-07-29,FLpMCJ-uIqc,200058,3429.0,66.0
2026-07-29,S-4N8BMP3-o,1493712,16745.0,815.0
2026-07-29,6Np0Y9niE7g,480765,5054.0,228.0
2026-07-29,_82eh6twyko,1545192,21019.0,570.0
2026-07-29,NKo_tPVbBAc,323631,3524.0,198.0
2026-07-29,VZMWQtbeTd0,247505,2076.0,97.0
2026-07-29,DD7D5Vq2SiA,71505,1163.0,31.0
2026-07-29,x1yWjVs60oM,329596,5318.0,279.0
2026-07-29,VUcq_blQDhY,85174,1602.0,70.0
2026-07-29,YKWthEQNGsE,461062,5431.0,117.0
2026-07-29,vibKG9jswRI,443336,5568.0,560.0
2026-07-29,zpRIYhNWwlI,916012,8160.0,730.0
2026-07-29,n7L1rpqKp-s,208325,3508.0,155.0
2026-07-29,Ckof-QvJLqA,138465,1589.0,21.0
2026-07-29,9UgO-Fq8IRY,457302,5223.0,600.0
2026-07-29,wqSLQ550CT8,94263,600.0,35.0
2026-07-29,lE6DlmdiAA0,67488,758.0,35.0
2026-07-29,WFtkXX9mWug,919083,9426.0,412.0
2026-07-29,_7-OQtOPCZM,983061,8526.0,1268.0
2026-07-29,rl4YQjT5dBI,1278592,15259.0,223.0
2026-07-29,zOPEKLgy0OY,175842,2882.0,90.0
2026-07-29,Ue5orMobxDY,492083,4796.0,201.0
2026-07-29,l55qh0XmVqM,240263,2688.0,76.0
2026-07-29,c-L58cCrRn4,549440,6407.0,555.0
2026-07-29,OPg0rpaqZng,458815,6113.0,163.0
2026-07-29,EqTMPCRCCJI,474673,6401.0,256.0
2026-07-29,4-eHWTHOP9I,310023,4974.0,263.0
2026-07-29,RFne0wdpVTw,453667,9135.0,1536.0
2026-07-29,Y1m-AHLSg-A,309767,3554.0,79.0
2026-07-29,wkXW8ryejcQ,95326,1147.0,63.0
2026-07-29,n9jNAzTMSZI,221181,3023.0,86.0
2026-07-29,xNYTPde_ZC8,248886,2203.0,379.0
2026-07-29,If_2YsNlXuY,1105221,13508.0,159.0
2026-07-29,0n4bKVcVIv0,175439,1585.0,45.0
2026-07-29,usTHgaMiu4I,643229,11905.0,1114.0
2026-07-29,e14uxSqof0Q,226309,3870.0,197.0
2026-07-29,jc2Y5eGdWBc,411770,4124.0,525.0
2026-07-29,LEzNOKX1QR4,147931,2064.0,17.0
2026-07-29,T0KAU7uBDak,151577,2514.0,67.0
2026-07-29,u0nFfjgn694,706621,7504.0,594.0
2026-07-29,VihZQffK240,823603,9547.0,131.0
2026-07-29,bt85BTgbiSo,522753,7248.0,245.0
2026-07-29,s8zOWV5_RkI,116825,1450.0,80.0
2026-07-29,ZX0gYlL1fBU,337592,4513.0,718.0
2026-07-29,5VwN3f7oOqI,139587,1652.0,48.0
2026-07-29,3B7S02e4kSU,496349,4627.0,397.0
2026-07-29,_dd53Dybu1U,34957,558.0,36.0
2026-07-29,oOFhvKKfIS0,43769,634.0,17.0
2026-07-29,ukXrRqWoMNc,718297,7792.0,372.0
2026-07-29,8xA0lHsJmn0,472572,7169.0,212.0
2026-07-29,PRMx0IKHnmY,921132,16203.0,244.0
2026-07-29,lyCSLfdh69I,176958,1938.0,46.0
2026-07-29,fibSaE6fApU,634380,6582.0,549.0
2026-07-29,cQVbKp8EQQI,191749,2317.0,125.0
2026-07-29,1VV_Kp98fsQ,191969,2448.0,44.0
2026-07-29,E2b69_BDh4Y,63165,1304.0,23.0
2026-07-29,BQ5RcFYU9NE,272018,1857.0,39.0
2026-07-29,sX9MgWz5xw0,402397,5404.0,115.0
2026-07-29,DzGL5meSCyI,176646,2755.0,213.0
2026-07-29,oQRRySDKz7U,72405,951.0,59.0
2026-07-29,b06Buo1w3g0,27627,530.0,11.0
2026-07-29,pxbCIQ9_s70,472450,5973.0,395.0
2026-07-29,PqlRnvsC59Q,445000,4108.0,192.0
2026-07-29,YePsJGqlLm4,550211,7361.0,553.0
2026-07-29,yez92X6yX8g,113494,2045.0,125.0
2026-07-29,k3Sjrq44bao,734319,7925.0,397.0
2026-07-29,BaBR8qtSVg8,613048,6975.0,380.0
2026-07-29,qcZXiWQ3ds4,252955,2338.0,43.0
2026-07-29,TxV6adl256U,327444,8036.0,840.0
2026-07-29,UV6wX8SLAHM,356112,4716.0,83.0
2026-07-29,ZNF45t6HQHU,38300,448.0,5.0
2026-07-29,k79RZH_3Bns,905418,13618.0,874.0
2026-07-29,hQmYsZvE2SQ,478710,4662.0,74.0
2026-07-29,OdFF7eIM8DA,116590,1273.0,34.0
2026-07-29,UglHsqhbbUY,587081,7928.0,357.0
2026-07-29,-kzdKcsZrn8,300646,3656.0,104.0
2026-07-29,hq7KRQ72rMM,697044,10297.0,759.0
2026-07-29,yk94w5D2BRw,1270345,23986.0,367.0
2026-07-29,oLudI6eWLsM,150467,1454.0,52.0
2026-07-29,3tosFNAk8PU,425625,4788.0,121.0
2026-07-29,TFF2IP025C4,1035967,14167.0,684.0
2026-07-29,005a8GllC20,1232238,13850.0,608.0
2026-07-29,qJcxdtBBeHA,113938,1761.0,25.0
2026-07-29,dUZ9vOH1gx0,1787956,17224.0,744.0
2026-07-29,Lplr69ViTF4,430484,4880.0,626.0
2026-07-29,mpSaeFKBa6E,335931,7028.0,1086.0
2026-07-29,xGyJnBDIsdA,531019,8213.0,764.0
2026-07-29,JhpaUXwZEgw,487358,6550.0,334.0
2026-07-29,fyGnls7PCmI,627068,7545.0,463.0
2026-07-29,FkiXREdD-Yc,310945,5723.0,504.0
2026-07-29,3wVj1tGEdxY,65770,1183.0,54.0
2026-07-29,3xN2CBwCuGU,90342,1080.0,62.0
2026-07-29,wXrU2QjPHrQ,521346,6215.0,75.0
2026-07-29,XNPvSLHqf1k,991729,11247.0,763.0
2026-07-29,ZVwT73yB7Fo,72965,1239.0,10.0
2026-07-29,Q1yWS0Cx_Tc,1221587,16716.0,1252.0
2026-07-29,kibk-NsCRTk,796834,11043.0,119.0
2026-07-29,5MKgEt5Nxa0,423702,6517.0,120.0
2026-07-29,Wt6-2PysTY0,619627,7814.0,498.0
2026-07-29,YTyRC8vp3WI,333151,3199.0,118.0
2026-07-29,TIz4dZLDxeY,543263,5381.0,517.0
2026-07-29,_EGhSLAs57k,602987,5361.0,363.0
2026-07-29,ZqZXCFbusZ8,281666,2416.0,26.0
2026-07-29,KIRtgAddTk4,264054,2074.0,113.0
2026-07-29,d2-9qzKxIcQ,608080,4881.0,541.0
2026-07-29,xVpNDW4satM,1521737,14734.0,1219.0
2026-07-29,lxzvDZcO8n4,722124,4990.0,82.0
2026-07-29,D7trASXHL3I,582787,5196.0,25.0
2026-07-29,N-pfEtaL6wo,817071,11340.0,534.0
2026-07-29,OM57GewXsyE,1198362,12951.0,241.0
2026-07-29,sxGH8365kQw,411367,4239.0,95.0
2026-07-29,MI4WRENAxZM,116532,1745.0,87.0
2026-07-29,XtCVotttsks,542852,4497.0,201.0
2026-07-29,dGsitIKbyBw,500186,5476.0,439.0
2026-07-29,hC1yVhrTqqk,376485,3687.0,174.0
2026-07-29,JwBaKvKz3wg,1669745,18959.0,1465.0
2026-07-29,9CVOQA8yMZM,680671,6433.0,350.0
2026-07-29,ygSBXv-IgGg,553307,4209.0,221.0
2026-07-29,6-TeFHplXgE,702367,8015.0,557.0
2026-07-29,Yv4Ae_t99Uc,116828,965.0,28.0
2026-07-29,t8yxu_JstYA,2184278,34499.0,804.0
2026-07-29,po24OFyyOBo,748288,8079.0,564.0
2026-07-29,5V0oZyGjgzQ,74775,687.0,9.0
2026-07-29,Ch3iXiv1uyY,99174,1199.0,41.0
2026-07-29,zs3muz-XXPM,427798,4770.0,431.0
2026-07-29,jAW3nt1QekI,408918,4935.0,69.0
2026-07-29,3mZB_dr4mdc,2063910,36201.0,322.0
2026-07-29,3C8nj7wwMtY,398691,3860.0,225.0
2026-07-29,M54g3HMaXK0,46131,601.0,19.0
2026-07-29,wBnkLMwEa4k,83385,1325.0,38.0
2026-07-29,-jzz4YhzW2c,465839,5234.0,489.0
2026-07-29,HRD7u-dzjkU,2402912,26098.0,1611.0
2026-07-29,NN6YKD_bErI,97699,2378.0,52.0
2026-07-29,P3VpPa4uH3w,278686,3903.0,149.0
2026-07-29,s1CG21cnYXM,275887,4359.0,82.0
2026-07-29,XqekMvr-4zE,503897,9598.0,124.0
2026-07-29,arxHyiDv7VQ,1624319,20121.0,1080.0
2026-07-29,1LFhhQzEEmk,231729,6300.0,157.0
2026-07-29,r09UNWEvvMY,186179,6343.0,94.0
2026-07-29,bT8wdYP-4TM,55298,1041.0,17.0
2026-07-29,AG71F5Tg1UA,3028724,90474.0,6329.0
2026-07-29,qaXS7PzGbNg,985384,17082.0,765.0
2026-07-29,A_X6BpOkvEI,1895075,19565.0,327.0
2026-07-29,oI8LzKckOeU,828277,8335.0,793.0
2026-07-29,GiXkZRZFtRg,388019,8085.0,129.0
2026-07-29,NoyERwLSyR4,215086,2369.0,39.0
2026-07-29,GdaaEug5rBA,230369,5771.0,103.0
2026-07-29,dRP4qv_ympQ,919750,14856.0,705.0
2026-07-29,qbngFf0aOZo,290332,4986.0,102.0
2026-07-29,ixv9ZWHCSGs,367619,11167.0,477.0
2026-07-29,1TB8bkYNMD8,250326,5250.0,103.0
2026-07-29,fUS1l6VbWPU,340638,8676.0,153.0
2026-07-29,bVgXndmEFcs,438806,5671.0,529.0
2026-07-29,mHzpl5yeKHg,117912,2885.0,61.0
2026-07-29,tvCgpM3kFzk,364788,5529.0,176.0
2026-07-29,-N5Rys0rUpM,212194,3051.0,75.0
2026-07-29,ec_Knbmr5GI,212682,3996.0,109.0
2026-07-29,idOX4nh7SUE,446032,5690.0,670.0
2026-07-29,L8AT1OVX8gY,37151,925.0,17.0
2026-07-29,KE-zGpgITBE,85851,1248.0,117.0
2026-07-29,-sz7vMvJIXQ,232182,3918.0,102.0
2026-07-29,RRfU0L0_VX8,872666,10015.0,803.0
2026-07-29,ISRmrQND1E8,260647,7129.0,86.0
2026-07-29,FQdnSRofAxE,74787,1432.0,84.0
2026-07-29,PWsO5fZW_Xk,104338,2620.0,70.0
2026-07-29,_lZpaplHja8,1491805,20092.0,509.0
2026-07-29,xMRWe8L2vDc,1000288,15507.0,155.0
2026-07-29,AERd2mm6N8A,214748,3782.0,334.0
2026-07-29,gvTHJf5DSq8,101958,1999.0,145.0
2026-07-29,3kcA0Hjjfzk,365175,7224.0,2937.0
2026-07-29,wI2V_PQBKgc,846553,9258.0,565.0
2026-07-29,BOr74FT0vKI,304007,3597.0,602.0
2026-07-29,IGp6P1ICa6g,450372,4696.0,407.0
2026-07-29,brvuhoE8iIQ,465367,5197.0,426.0
2026-07-29,N4xZCeSksic,303401,2364.0,380.0
2026-07-29,GGaglnio_OE,496851,5265.0,556.0
2026-07-29,bGVoJBgSkOo,1531928,20257.0,883.0
2026-07-29,uwNz5fdnUnw,725943,8750.0,380.0
2026-07-29,l7ddSTLcV7s,451162,6326.0,339.0
2026-07-29,l-ce2GEyfrI,365994,2175.0,215.0
2026-07-29,DEF9fW63il4,42212,651.0,30.0
2026-07-29,-CDoUY27Gj4,181630,4135.0,140.0
2026-07-29,Ior8_9hvw_M,279092,4127.0,89.0
2026-07-29,hWvocJR_4fc,84589,1162.0,21.0
2026-07-29,SxMLEsBGl5Y,142649,2402.0,81.0
2026-07-29,Jr7YcSKmC6k,251091,4258.0,360.0
2026-07-29,9Fa0FSpKsgI,564646,7842.0,455.0
2026-07-29,rNlH4mG0C4U,759490,7950.0,523.0
2026-07-29,MQHJ_7bMuTg,270073,5724.0,244.0
2026-07-29,SHyNUOaT_hU,259049,4612.0,88.0
2026-07-29,hF8b9qukpNU,85789,1973.0,67.0
2026-07-29,UNgZG01vzDA,199977,4017.0,115.0
2026-07-29,O_LRCpDOIZ4,69380,1542.0,46.0
2026-07-29,ifBe8hoihTQ,24573,730.0,9.0
2026-07-29,tadjP94YOEg,694804,13496.0,172.0
2026-07-29,KVw-8_95gAo,800494,9094.0,520.0
2026-07-29,82lcyVVlSGc,109213,2451.0,46.0
2026-07-29,cVo0fN1vcb0,827678,8207.0,74.0
2026-07-29,MdYZSNv1KpA,593762,8021.0,466.0
2026-07-29,O886VHifoMs,518531,9855.0,464.0
2026-07-29,RS8QqbF2fpk,1347030,39775.0,221.0
2026-07-29,uAKCJJtDwI4,516856,4888.0,554.0
2026-07-29,lJvnbvTxGwg,859867,7245.0,284.0
2026-07-29,V1aM41ETxYY,351415,6946.0,1366.0
2026-07-29,WR9bi11sEzo,138471,2813.0,48.0
2026-07-29,tE-hmw2ZRaM,1040050,8496.0,488.0
2026-07-29,ZobG2c4Fcr0,367914,6546.0,536.0
2026-07-29,JWKwr7DOFIw,387712,,118.0
2026-07-29,N0gobQIyi9w,446477,5419.0,1325.0
2026-07-29,N92CHWr1B_8,1078731,8620.0,369.0
2026-07-29,HjXGhbujADQ,5027581,73980.0,535.0
2026-07-29,oXbflkncrCs,682723,8523.0,767.0
2026-07-29,StNhD0FY5Ic,212323,2388.0,1208.0
2026-07-29,QPpbudpd20U,385995,6918.0,170.0
2026-07-29,gg5Ep6PVLrs,252053,3422.0,328.0
2026-07-29,NWTerc3yEfk,479876,6798.0,396.0
2026-07-29,6n6TZKFl7c4,196644,3492.0,244.0
2026-07-29,AWLG1x5styo,884370,10783.0,624.0
2026-07-29,Hejh29fjeJk,206599,2464.0,3058.0
2026-07-29,k78-gi_GZ9A,718403,9619.0,448.0
2026-07-29,zrGiR15hv7g,38042,735.0,21.0
2026-07-29,GBmsKpAGJKA,1098248,14303.0,844.0
2026-07-29,6phQa8GR97E,195809,2679.0,845.0
2026-07-29,wezva9-OooI,280205,6859.0,384.0
2026-07-29,HpogY8d4ibM,214020,6140.0,35.0
2026-07-29,eNXw5AI6O4U,447301,8352.0,702.0
2026-07-29,kvEjPGaJv68,65293,1760.0,56.0
2026-07-29,6S-pPaUJPPk,654131,6829.0,457.0
2026-07-29,5-O9_uNlMG4,616804,9511.0,638.0
2026-07-29,RYJpMHaXw4I,103257,1867.0,32.0
2026-07-29,-tdCv38d57s,2054318,18836.0,1694.0
2026-07-29,UhnCRTpwIok,208382,2247.0,1227.0
2026-07-29,wm2s0q98-dQ,372140,7252.0,608.0
2026-07-29,M2GlVTQby24,321441,3796.0,314.0
2026-07-29,G2GMkGzLD-w,252522,9422.0,102.0
2026-07-29,zXHVazKMbk8,712645,11223.0,769.0
2026-07-29,ocgSQm-P3Ew,201368,2545.0,189.0
2026-07-29,0P3nHhPxyuE,214071,2257.0,1051.0
2026-07-29,zgYtIrKIQm8,262257,2938.0,521.0
2026-07-29,SBhwZQN1aiw,609379,5409.0,672.0
2026-07-29,JuGIBygBKMs,22410,527.0,6.0
2026-07-29,e-dk8Rk7NTM,20725,481.0,14.0
2026-07-29,foEGXfxR4QE,285283,4572.0,481.0
2026-07-29,6FrgQBZGvZk,1344034,23653.0,1856.0
2026-07-29,r52IeNaDCDw,32676,708.0,16.0
2026-07-29,qdFkk29g18Y,254531,2733.0,1622.0
2026-07-29,dFlPxMxmsMQ,428981,9476.0,2147.0
2026-07-29,ccrQfG6Xvqk,480005,9632.0,217.0
2026-07-29,K7sGQzxrmo4,328795,3592.0,217.0
2026-07-29,fkC7YmeYyBs,537978,5836.0,706.0
2026-07-29,TvXHxn-uU2E,231213,2502.0,1105.0
2026-07-29,rSHsO4CIBxc,78205,826.0,32.0
2026-07-29,13U-c62C5QY,54340,1151.0,42.0
2026-07-29,PnYmB1VMv2k,219607,2497.0,1601.0
2026-07-29,aeI3j7IOpjQ,666170,6233.0,270.0
2026-07-29,HW-6dkNNflk,375951,10992.0,347.0
2026-07-29,2YEq5U9oK40,412357,5319.0,304.0
2026-07-29,po8LTdZOuAM,36555,968.0,31.0
2026-07-29,nND8bgloOyc,237870,2428.0,660.0
2026-07-29,PGyybvOLAQ8,40992,918.0,22.0
2026-07-29,V1Jhc7IF4Kg,772989,16515.0,2154.0
2026-07-29,ZjuT4zkzV7Y,240930,2589.0,875.0
2026-07-29,eoGRjUxVITg,640267,10229.0,594.0
2026-07-29,dByUlzwq3yg,821955,8045.0,491.0
2026-07-29,wpHJq-Na_ic,273685,2880.0,1340.0
2026-07-29,7Q1Aq84HbPk,328141,3254.0,1294.0
2026-07-29,oAHmNxJSuLQ,1011328,31594.0,423.0
2026-07-29,CcoTgUcUPOA,995423,21461.0,226.0
2026-07-29,J4J4RmRoSRc,108589,1848.0,51.0
2026-07-29,RgNO-U5tV2E,517078,5568.0,565.0
2026-07-29,PGCKnn-jRT0,969090,20603.0,3954.0
2026-07-29,gG4k1XyIans,346665,3778.0,1452.0
2026-07-29,WQgoQ0ZGY6w,41425,968.0,58.0
2026-07-29,8iPvn7r0oPI,469459,6200.0,643.0
2026-07-29,NXkJ8q4tYik,403721,4836.0,3123.0
2026-07-29,7ooNzHex8MA,1022576,10041.0,841.0
2026-07-29,JAKHdfkwqmI,768544,17343.0,2974.0
2026-07-29,CaTJdJPDzc8,458840,5027.0,1476.0
2026-07-29,E-NlTve6jZ8,406758,6666.0,301.0
2026-07-29,QmrEK1nJ47g,554945,7084.0,1178.0
2026-07-29,Dq7ADR6tGL4,519915,5623.0,688.0
2026-07-29,pBu0f3024jw,866494,14751.0,1985.0
2026-07-29,EbQWa2uR1xo,781173,19638.0,1519.0
2026-07-29,JLx3aPbpKZ0,550548,6796.0,1323.0
2026-07-29,_5yRP7xc63c,548329,5660.0,1501.0
2026-07-29,h87DqA4-BnM,724278,11989.0,468.0
2026-07-29,rnyDg0_a4Xk,515423,5487.0,423.0
2026-07-29,zT83fawS5t4,267918,3623.0,202.0
2026-07-29,_e9GWEHtIgk,625952,7006.0,2476.0
2026-07-29,4Bc7dbPCjVk,481622,17215.0,1358.0
2026-07-29,pO8qt8r4EEU,783177,8611.0,2336.0
2026-07-29,7Ve8p_iqqDA,304300,3596.0,412.0
2026-07-29,BgC7u9HqxeY,239188,9660.0,101.0
2026-07-29,U7OAW-_CL2k,988324,14938.0,913.0
2026-07-29,AiV3vVylkxY,1067294,14096.0,3033.0
2026-07-29,1Td-0APNtv0,574076,8656.0,1042.0
2026-07-29,eXJPoGWz2DA,85233,2193.0,40.0
2026-07-29,cS-kxbnVFUI,151292,3575.0,115.0
2026-07-29,cabXMIKPErc,458413,6482.0,542.0
2026-07-29,KmOsGsDi0Rc,214429,3681.0,96.0
2026-07-29,9qQJ1wWWW7E,195934,3487.0,58.0
2026-07-29,Y6FcI6YkyxU,1099960,20232.0,1140.0
2026-07-29,J3uTxdbA-Gk,1506959,24653.0,3124.0
2026-07-29,qQMj3Y49pgY,145669,2480.0,65.0
2026-07-29,jwf3qdKZaWA,374901,4477.0,430.0
2026-07-29,7YAtArcnnpk,751893,10848.0,4407.0
2026-07-29,5CGYq22OrD0,439116,6900.0,434.0
2026-07-29,x5_jysnrLUc,708976,8486.0,816.0
2026-07-29,z9cUO1bsbKk,563509,7942.0,1064.0
2026-07-29,GdqaTFzJlx0,151013,3264.0,148.0
2026-07-29,lZkbnDSu9l0,432498,8788.0,458.0
2026-07-29,fVbsra-vyk0,343368,5790.0,200.0
2026-07-29,u-9NcjZU5hE,461662,4626.0,461.0
2026-07-29,erfR0r1g5cA,148477,3587.0,90.0
2026-07-29,FHnP5_9_hMQ,660450,14142.0,688.0
2026-07-29,alR4Vb-VGBg,2540203,48884.0,3905.0
2026-07-29,HbMVZBT5INU,64956,1146.0,18.0
2026-07-29,pWqtBopHReA,334193,3267.0,287.0
2026-07-29,5DyuFsO775w,31335,684.0,9.0
2026-07-29,iyv6FtLZ0JI,642659,5980.0,526.0
2026-07-29,9mvgmTzccQQ,211583,2165.0,177.0
2026-07-29,X6X33N3zAms,525788,8483.0,553.0
2026-07-29,PzuImXiRA8w,402239,4755.0,426.0
2026-07-29,daie87LyhR0,54015,1044.0,30.0
2026-07-29,SnyX8QWPjRk,62818,1250.0,22.0
2026-07-29,pGDSkkgtTDs,614969,6577.0,561.0
2026-07-29,FzwY6CVdVzY,824324,8692.0,599.0
2026-07-29,Ll87-kf8B7s,364036,4168.0,410.0
2026-07-29,n21NBJl6U3M,257114,790.0,20.0
2026-07-29,9Gnby1PhpUI,1189419,12416.0,798.0
2026-07-29,oXsjyB2Rmew,96003,2257.0,56.0
2026-07-29,EoXkGTi2MZU,192779,4382.0,151.0
2026-07-29,O6oDJRDBD2Q,474482,8554.0,1007.0
2026-07-29,LBld2lQXzCg,620789,8166.0,1000.0
2026-07-29,JaR0cHmtKsc,480306,11091.0,1844.0
2026-07-29,pvvY3g3RsDs,720778,9179.0,452.0
2026-07-29,oWfQQL8jUKg,207640,3785.0,64.0
2026-07-29,DbTHWGW5zb4,322132,3227.0,60.0
2026-07-29,qstdz2GV4SI,1795817,49215.0,6361.0
2026-07-29,mbOGi1W_kgg,218952,,137.0
2026-07-29,fQWQd-rBcsA,2272184,28261.0,1909.0
2026-07-29,nB6BGAcPnbw,776158,9771.0,1209.0
2026-07-29,S2USz2A4LtA,222748,3699.0,159.0
2026-07-29,wmKLyPkDsv4,86866,1777.0,49.0
2026-07-29,vz1kMzPS-XM,388799,4975.0,317.0
2026-07-29,883YQQwcW_Q,609231,11312.0,1004.0
2026-07-29,25KZV0SeQxg,650496,9555.0,436.0
2026-07-29,0Y2awkmOqD8,1453349,25179.0,3291.0
2026-07-29,xyFHO7rnj4s,1190962,14773.0,1181.0
2026-07-29,uE3ZOtQ-d6s,493223,5288.0,705.0
2026-07-29,3qay5E8rWmk,352090,3847.0,288.0
2026-07-29,ZWhRHgfbUNA,49742,947.0,41.0
2026-07-29,caxs_KhG8Sw,498439,9232.0,86.0
2026-07-29,kq86XPHhwjw,37430,678.0,15.0
2026-07-29,fEsFvxj-0To,561027,5010.0,253.0
2026-07-29,3UtbWLk8PBM,35869,1014.0,81.0
2026-07-29,zEexVqhdU2c,158056,2722.0,111.0
2026-07-29,njOUQCIPMwI,430334,5092.0,462.0
2026-07-29,A6u3mYWbRRU,64611,743.0,27.0
2026-07-29,VdoV8cmMJ9g,570116,13106.0,507.0
2026-07-29,0U2jqhF3hT4,869266,8916.0,815.0
2026-07-29,hYLd6Ru-Ckc,107885,2516.0,72.0
2026-07-29,0SLlNn3kQDo,182451,4154.0,131.0
2026-07-29,14dUcGOm_2I,429641,6377.0,434.0
2026-07-29,mOHDjUJ6bgI,334198,3358.0,357.0
2026-07-29,79MX2ehOS1k,147296,3088.0,85.0
2026-07-29,yass3_pOl9g,280938,2410.0,144.0
2026-07-29,uGxmzqkYCeo,396247,4665.0,411.0
2026-07-29,pZQlNFu8un0,115752,1407.0,32.0
2026-07-29,WahgYnpR614,170027,2720.0,57.0
2026-07-29,i0tNXtqSoeM,689768,5826.0,327.0
2026-07-29,m6DqioHCEoY,1389649,23072.0,644.0
2026-07-29,OehNZcia7dQ,309980,1374.0,90.0
2026-07-29,h4Nl5kI75Z8,57907,765.0,32.0
2026-07-29,Y0yCo9m5WMs,73822,1638.0,52.0
2026-07-29,w3KCWcbuhHc,165368,2940.0,41.0
2026-07-29,HBwSNLDLMgE,1004124,8746.0,879.0
2026-07-29,wqR40qDR5Yg,493323,9757.0,177.0
2026-07-29,QnaEN86Yeqw,90153,1729.0,44.0
2026-07-29,2b5kQWoOD44,391646,8976.0,252.0
2026-07-29,_muIpWZR004,59445,1319.0,61.0
2026-07-29,HQZ9u7Rzw38,46560,741.0,27.0
2026-07-29,ePdgi7qhgHw,113697,2403.0,64.0
2026-07-29,a62k_b-nzVc,414965,5117.0,460.0
2026-07-29,ujs-zSoiHkQ,1675231,28372.0,452.0
2026-07-29,H-TeyADKU8Y,146649,2731.0,418.0
2026-07-29,aDMy8zpvoY8,36787,701.0,27.0
2026-07-29,qhtofQ5eDRw,1272650,19896.0,1247.0
2026-07-29,oUqCSnV7flc,382957,4879.0,465.0
2026-07-29,2iYGeMfipkE,278686,4131.0,385.0
2026-07-29,nnWczCTZp18,169263,3380.0,146.0
2026-07-29,Vss3c-6lyYg,308118,6706.0,288.0
2026-07-29,R5E-YojM1KM,93750,1677.0,98.0
2026-07-29,ULIPBPa4SfU,914704,7040.0,470.0
2026-07-29,lJZMUQp8EKo,1381100,33330.0,2603.0
2026-07-29,UkZdyUHXS8Y,1615060,42052.0,545.0
2026-07-29,JkU7PuYnZVU,318222,7535.0,137.0
2026-07-29,DcnY-kBiqEw,340740,4739.0,391.0
2026-07-29,rdTKvRgovCw,49999,2209.0,71.0
2026-07-29,oa9KAysIIVk,694357,17103.0,508.0
2026-07-29,oSvslpPUNYA,408467,7644.0,285.0
2026-07-29,sReiGg5cTIs,192482,,60.0
2026-07-29,Kr3QgmS6WgQ,335186,8940.0,168.0
2026-07-29,Rv_RJD1TC8A,456892,5242.0,326.0
2026-07-29,wnXFd-VhipI,518613,7503.0,882.0
2026-07-29,3mHkh_YJus4,556138,12032.0,251.0
2026-07-29,2fhr0vgxI7A,342637,9715.0,113.0
2026-07-29,zEjw00Cp-FY,597245,10306.0,518.0
2026-07-29,W8Esmw3cTzI,33071,620.0,15.0
2026-07-29,0g3ak12tr_0,457324,5162.0,439.0
2026-07-29,HtLvpLmdJb8,39596,699.0,9.0
2026-07-29,ciJgagMfEuU,50545,824.0,25.0
2026-07-29,7Z4tqorJZGw,756606,14040.0,1093.0
2026-07-29,cjVa2rZXQh0,51107,1063.0,48.0
2026-07-29,SOqlEtJlk24,45530,856.0,50.0
2026-07-29,ev1T_dHNIDk,20518,383.0,21.0
2026-07-29,Tr6_QX8hLlM,231049,3326.0,310.0
2026-07-29,c_mn-T7H90g,478486,5606.0,487.0
2026-07-29,AA8IwxhSx84,196064,3431.0,116.0
2026-07-29,K0BMWahyyIA,929237,18692.0,2063.0
2026-07-29,AD6_QKearY8,332573,7971.0,1283.0
2026-07-29,mKmfXKQg-X8,197501,4085.0,120.0
2026-07-29,YyhcrcokyDU,376500,7042.0,326.0
2026-07-29,Ss84VWA5Ixs,59898,683.0,29.0
2026-07-29,ygJ1xUEF3zc,366743,4544.0,348.0
2026-07-29,opx_gFtRloQ,234030,5020.0,78.0
2026-07-29,ALIdXqcOrPM,61652,1508.0,70.0
2026-07-29,5B1WHTu2B1I,683447,10565.0,736.0
2026-07-29,ftaYBwnXJsk,246601,4885.0,178.0
2026-07-29,Rnfo9Rh_k3Q,442020,7028.0,527.0
2026-07-29,rioJ6TNFlYc,418385,3419.0,325.0
2026-07-29,X_1aonjNt_o,260429,5968.0,108.0
2026-07-29,l24p4KDQNLE,315320,4493.0,768.0
2026-07-29,ST7tI7Mo7DY,488975,8713.0,523.0
2026-07-29,STQiBH4L7so,248263,5191.0,91.0
2026-07-29,D6Pssi_duF8,219897,2396.0,146.0
2026-07-29,WR-RcLu7ZUM,134021,1790.0,194.0
2026-07-29,paJbaOmENaI,41861,726.0,28.0
2026-07-29,bfenetDJ02U,1229704,21535.0,320.0
2026-07-29,l8x7VVhW1sE,639591,6474.0,494.0
2026-07-29,igY8SrLE5P4,246779,5307.0,126.0
2026-07-29,xa14nwyYcO0,2140629,39007.0,693.0
2026-07-29,V8vTYx9MBz8,229277,5787.0,121.0
2026-07-29,nYKLeVnX7B4,327157,6859.0,188.0
2026-07-29,Tl20LjQFUXE,763525,12786.0,744.0
2026-07-29,tTOXHHBS-Wg,218804,4867.0,138.0
2026-07-29,lkTMki6KZ1E,60188,1128.0,43.0
2026-07-29,QJPm1kkiTaQ,709928,7937.0,603.0
2026-07-29,H6j54drpgUk,52687,1083.0,25.0
2026-07-29,y7Zsc8FN0L4,1104308,18358.0,135.0
2026-07-29,xRqDeX-SYWI,97673,1175.0,58.0
2026-07-29,BwZarVAtSbo,765066,8505.0,678.0
2026-07-29,yzZ2_jCFXgY,104745,1381.0,69.0
2026-07-29,SubB9I2-nCI,780909,11325.0,569.0
2026-07-29,3Q-Mcow-i4I,1779784,32682.0,689.0
2026-07-29,nCSYnkAnIVw,163855,4335.0,72.0
2026-07-29,RTlmmToGUdo,110351,2050.0,103.0
2026-07-29,ajK5BoDNW4c,42804,535.0,28.0
2026-07-29,aXkwYtRmFqk,646372,8646.0,700.0
2026-07-29,yuFIKmQXERE,1181837,21098.0,218.0
2026-07-29,ZmM67BlYfEE,91283,1925.0,68.0
2026-07-29,JkvuvugbmJw,1687459,26764.0,2626.0
2026-07-29,iLuwT84GYO4,58178,559.0,25.0
2026-07-29,njbS2NycD8k,259763,6592.0,144.0
2026-07-29,nFoh6aUpr7I,162248,3677.0,93.0
2026-07-29,t3YaLnLMgmg,389408,6928.0,556.0
2026-07-29,xqRCioJXXyI,837984,10226.0,761.0
2026-07-29,hi4WqUtygV8,444410,8939.0,231.0
2026-07-29,z6XO0vXJCbI,1539666,22074.0,1787.0
2026-07-29,EQJQAg5s5NM,1253658,22748.0,1522.0
2026-07-29,xLLa8aVZ8EM,120341,911.0,41.0
2026-07-29,Eu7FcQOlCxw,315243,4219.0,249.0
2026-07-29,DbENsQG2AvM,47471,850.0,27.0
2026-07-29,yorMfrPjJr0,68735,973.0,30.0
2026-07-29,vBqPQiKpUmI,251596,3951.0,263.0
2026-07-29,Sbn6_H9IVtA,1030632,13364.0,553.0
2026-07-29,OaXNLfnsgmM,143881,4036.0,230.0
2026-07-29,qVXEr1x2Pwc,468202,8411.0,319.0
2026-07-29,F-2cP-rr7aY,60943,922.0,45.0
2026-07-29,C-nOuJbQnXE,524172,7220.0,667.0
2026-07-29,LhZoQqbcIdg,334017,3216.0,271.0
2026-07-29,mHRFdvNRTJI,30986,393.0,15.0
2026-07-29,-RuD_U2FDgw,71782,895.0,42.0
2026-07-29,XEghzjTAg5M,309628,4774.0,644.0
2026-07-29,lML4MwiYGOI,64525,1573.0,58.0
2026-07-29,IV2Wa7fZ-Mc,76090,1671.0,22.0
2026-07-29,SRTi59KqjnU,532174,11390.0,441.0
2026-07-29,T1eUtj44Uco,390997,5179.0,426.0
2026-07-29,sKV9ayOHCeE,293807,10342.0,641.0
2026-07-29,HtC4OAr7_vU,273409,7845.0,134.0
2026-07-29,CrwE9k_ji-U,394551,5556.0,1035.0
2026-07-29,C0mXHGmtsWw,45026,905.0,20.0
2026-07-29,bbygNJPYtnA,305229,9667.0,626.0
2026-07-29,lj05jFhLm5w,73934,1197.0,27.0
2026-07-29,ZPssfec9DGk,150447,3109.0,96.0
2026-07-29,fy_OzfGxioM,423292,5644.0,313.0
2026-07-29,yc9EZlPrXOo,948952,9553.0,407.0
2026-07-29,Bzmtl23_PIU,74205,1126.0,62.0
2026-07-29,4Fct9vAEA6w,1512722,35505.0,492.0
2026-07-29,cssZ2sCSXTk,776923,11003.0,1124.0
2026-07-29,rbo7uL6mxgw,33872,593.0,26.0
2026-07-29,8QNE9Jc0Kdw,377104,6768.0,113.0
2026-07-29,L3Hc_i7ISpQ,133275,2447.0,58.0
2026-07-29,lE3kOLeDHdM,404873,7796.0,903.0
2026-07-29,VhMoSjrF6Mg,398269,5905.0,412.0
2026-07-29,r_up9lhgvSk,67544,1155.0,40.0
2026-07-29,p_XrL2iHztA,179643,2673.0,131.0
2026-07-29,m2gGWCkKkIM,861698,22285.0,2192.0
2026-07-29,wtocK4mGGs4,766739,14704.0,276.0
2026-07-29,1uuB_A7GVmE,42391,616.0,38.0
2026-07-29,RIDRevVdhOI,382222,5970.0,652.0
2026-07-29,IF-8Ad7bfcI,248602,5920.0,342.0
2026-07-29,s5mO8OkJ2Mc,104704,1975.0,60.0
2026-07-29,M6UB6hkbTPI,61760,768.0,26.0
2026-07-29,TESgOkDhcQY,884240,20129.0,899.0
2026-07-29,D68DM0FaMPQ,333456,5785.0,483.0
2026-07-29,eqVb8jx8rPI,205621,3201.0,87.0
2026-07-29,XLWk1usEf2k,114352,1722.0,134.0
2026-07-29,mUsAr2Fm8Bg,559287,8352.0,820.0
2026-07-29,67esP10SvT4,132686,2516.0,264.0
2026-07-29,ds7RR1XwCqI,1040873,15655.0,661.0
2026-07-29,jyHTZvG_CYo,98745,1557.0,62.0
2026-07-29,V0kt3BLvJDs,227685,3034.0,270.0
2026-07-29,IVQ6LbB9wNg,42242,788.0,39.0
2026-07-29,pvqhWk6nZb0,701297,9949.0,603.0
2026-07-29,F7fjBEdnb3o,419183,6248.0,323.0
2026-07-29,HquWaQARgkg,85286,1961.0,44.0
2026-07-29,2Ry3-Y_Ogcs,331398,7431.0,989.0
2026-07-29,pnnv2XCM6R4,54371,1132.0,68.0
2026-07-29,nfDDrtp6FJk,1519864,23957.0,2345.0
2026-07-29,d0zhS5BccjI,2176751,72988.0,19944.0
2026-07-29,HsmjEwZq1do,256106,3866.0,398.0
2026-07-29,XGIePxlhfEU,804939,12150.0,4278.0
2026-07-29,9jWZZ2FoXcQ,191078,1340.0,1330.0
2026-07-29,4dmvQIAE4J0,222416,1134.0,143.0
2026-07-29,V8gkWmdjzqg,348902,10332.0,189.0
2026-07-29,vg-euFMHNwk,600225,8535.0,1291.0
2026-07-29,L_KtuPq_GGU,486227,8503.0,3072.0
2026-07-29,xKO7ni6rS8I,1767223,25218.0,968.0
2026-07-29,aOSaIPAg8hE,247786,2522.0,61.0
2026-07-29,OeTGrc3QDVw,101648,2382.0,55.0
2026-07-29,mUqTILQxdz0,123352,2470.0,89.0
2026-07-29,2TcDFMwTn6Y,120183,2310.0,243.0
2026-07-29,7_uZ5JSfHYE,318683,7679.0,181.0
2026-07-29,lAc_2slwUns,441061,4842.0,403.0
2026-07-29,3EHSKs7VkpY,88701,1721.0,53.0
2026-07-29,R1f6aDNdsKk,375157,2960.0,138.0
2026-07-29,8ijDQTWwm5M,493805,6659.0,627.0
2026-07-29,fqusWcSscpo,244868,3191.0,190.0
2026-07-29,s75EI9HxVCU,645380,18751.0,369.0
2026-07-29,pqIXtals8Ec,327608,5368.0,564.0
2026-07-29,IpanzFMJbv8,76750,2039.0,55.0
2026-07-29,USlXSSfaEkk,429508,15095.0,195.0
2026-07-29,0H9vXCYuO2U,1701902,46436.0,1186.0
2026-07-29,pJbc1Tw13R4,915894,12003.0,1682.0
2026-07-29,cC0ZU5Y3lpg,2920388,38204.0,14291.0
2026-07-29,UdkePViEfOE,258137,3999.0,249.0
2026-07-29,A1uI8Hyo9FQ,73508,1954.0,47.0
2026-07-29,fVI7dZEwp2w,53801,765.0,32.0
2026-07-29,e-g_aOLxxcQ,724088,10793.0,1293.0
2026-07-29,_gvGQCaBPN0,809019,18157.0,2435.0
2026-07-29,maAbwK22zX4,58093,1305.0,22.0
2026-07-29,-w22PmWZgkI,483590,4520.0,303.0
2026-07-29,4Xv9TLO0bT0,104696,1884.0,58.0
2026-07-29,E3oLwJrJ7Gc,828499,8854.0,736.0
2026-07-29,K9VSEstQfuU,32934,567.0,4.0
2026-07-29,f17mDgBzymg,342621,4347.0,195.0
2026-07-29,FVyqTAZyGHQ,830187,6604.0,674.0
2026-07-29,erMyXkfgC0w,569553,6028.0,613.0
2026-07-29,HM_LZhHzLT8,813372,9802.0,1138.0
2026-07-29,A70cE2T6a4A,248186,5805.0,103.0
2026-07-29,aKjVNbFidHA,1249706,16560.0,1534.0
2026-07-29,Zi4-OCT2xQA,88168,1161.0,57.0
2026-07-29,o4kq4xd7NgU,1060160,14900.0,1606.0
2026-07-29,31NKUkNz_ZE,175165,1434.0,134.0
2026-07-29,F9p4o5sDIF4,1169107,15273.0,1528.0
2026-07-29,JbKcxWfOAyc,1101405,14406.0,1505.0
2026-07-29,HFE3qKKFEFo,63583,1552.0,37.0
2026-07-29,ZaIv-Nx7W7I,247073,4690.0,169.0
2026-07-29,0Sg-UytVhJg,520356,10749.0,501.0
2026-07-29,R3KErksHKa4,274527,3852.0,354.0
2026-07-29,fDkZWS1QSPo,107834,2458.0,35.0
2026-07-29,6k4S_tZbbgw,36352,659.0,12.0
2026-07-29,ypALSLetYzQ,483942,6110.0,350.0
2026-07-29,5XRVhe-9m4k,894274,19720.0,1419.0
2026-07-29,EBpOQHIzRWE,108166,1462.0,41.0
2026-07-29,atxAfQJaQ2Q,110491,2121.0,202.0
2026-07-29,l-m2X_RbVKQ,46504,1072.0,43.0
2026-07-29,z8zd7ophZi8,470243,5818.0,401.0
2026-07-29,r0T7cKDk2UE,95631,1942.0,64.0
2026-07-29,M3tUcP3rNkA,36962,787.0,21.0
2026-07-29,wd6Klzm3B7U,56951,1254.0,23.0
2026-07-29,AOwRWLnxFUk,428825,2254.0,163.0
2026-07-29,S4na4QCmykY,198177,5265.0,551.0
2026-07-29,yH-p_NyxkGs,640527,7166.0,428.0
2026-07-29,vBoadcFkPJU,26566,497.0,6.0
2026-07-29,Z-wPqp1UPBA,27617,596.0,7.0
2026-07-29,Jkz2S6swFGM,894310,10247.0,552.0
2026-07-29,IqEHwL9EveY,500121,9663.0,253.0
2026-07-29,iKfdtXlthHs,231007,3674.0,71.0
2026-07-29,_4TwI4A8lrQ,508259,5763.0,362.0
2026-07-29,wfvRg_amrYg,60430,1556.0,12.0
2026-07-29,AM_xQZFs7bY,184588,2171.0,57.0
2026-07-29,me7AAtLQ99k,29911,505.0,7.0
2026-07-29,NevdTGq5kEI,165625,3793.0,63.0
2026-07-29,UbOoQ-L98-g,68889,1197.0,15.0
2026-07-29,WP2w2I9qgas,88474,784.0,43.0
2026-07-29,DB4GpBTlcmM,1659083,16785.0,1148.0
2026-07-29,xuAt1FnOjhY,53534,887.0,7.0
2026-07-29,LoYQRnYgyZY,38420,533.0,4.0
2026-07-29,D3dMg1JrGH8,759324,7106.0,295.0
2026-07-29,KZC_0ft3MfE,35647,639.0,3.0
2026-07-29,OZXl2akE7IY,38618,551.0,23.0
2026-07-29,n9FShTOu83Y,36886,865.0,11.0
2026-07-29,N-vsCail1Z0,53551,1346.0,23.0
2026-07-29,cPlOdCqiOIM,1992490,22941.0,880.0
2026-07-29,1-49kHEc40k,555617,6717.0,888.0
2026-07-29,UbqxN56vrk0,27970,530.0,12.0
2026-07-29,42TYIoxdJ78,559181,9203.0,724.0
2026-07-29,Ra8QJbOJ218,456651,5062.0,81.0
2026-07-29,wrmEyCmWdkQ,235146,2462.0,141.0
2026-07-29,OKdqEM0eNvk,973807,9089.0,603.0
2026-07-29,ad4Sn9Obchg,153794,2700.0,55.0
2026-07-29,r50-6_ZjrK8,51057,1011.0,27.0
2026-07-29,iJamSjFZY7Y,536018,4376.0,573.0
2026-07-29,a4Bral8cl9I,114037,1801.0,23.0
2026-07-29,1z4dKxdmblU,109719,1989.0,27.0
2026-07-29,gn1He1mCSIo,1800676,25373.0,1489.0
2026-07-29,a7M_dcX1x_Q,594770,9900.0,156.0
2026-07-29,29rgY7h8vbY,493869,7233.0,385.0
2026-07-29,iQnJufjtml0,646584,10526.0,318.0
2026-07-29,z2_kKx8NGhg,486214,5861.0,666.0
2026-07-29,JHHH3KZNGHs,302056,1848.0,122.0
2026-07-29,Ns1vpxykf5k,91149,1415.0,66.0
2026-07-29,DH4ZUk_ACq4,488687,5848.0,242.0
2026-07-29,BG5nj5gAlws,1482081,12024.0,636.0
2026-07-29,Im3HsXeTzX4,738903,13251.0,116.0
2026-07-29,1OF8doyCYoc,615864,11162.0,529.0
2026-07-29,6TcEYiiUYP4,1570736,30468.0,407.0
2026-07-29,DHCg34W_ARs,911658,16713.0,261.0
2026-07-29,Z42363G72GY,455122,4976.0,474.0
2026-07-29,WWNX-LrKTQQ,653465,10781.0,821.0
2026-07-29,w3lc7s57_FI,404624,3269.0,300.0
2026-07-29,6A755QAxJfg,1214115,11412.0,423.0
2026-07-29,GMNJYVcaCno,908616,27919.0,4327.0
2026-07-29,aaIXLOnsQ4c,263498,3183.0,581.0
2026-07-29,_75KMSWNI8o,359949,821.0,108.0
2026-07-29,uRd135xhw1g,719058,7256.0,500.0
2026-07-29,HpHlJhwPmOs,403353,5212.0,328.0
2026-07-29,_DW6WMYFuhc,288876,3500.0,192.0
2026-07-29,O14dY_wnn08,817977,13065.0,586.0
2026-07-29,PryIU7x8jJY,732138,8590.0,620.0
2026-07-29,z9PMKxQja3k,64815,1144.0,27.0
2026-07-29,hllr9hnwPwE,974577,14087.0,809.0
2026-07-29,GqOnNCq5VQ0,884422,17321.0,1761.0
2026-07-29,niMrZqr-KUw,157767,3146.0,98.0
2026-07-29,zzaRXVVgjiM,1159957,18873.0,1448.0
2026-07-29,oqEvOHspv2U,857437,11331.0,951.0
2026-07-29,SSMCWrzFYiA,400094,10036.0,894.0
2026-07-29,LQYeAl6GEQA,512206,6541.0,675.0
2026-07-29,X9rgnYi3UFw,201538,1416.0,149.0
2026-07-29,161-DJXcPD8,367641,1790.0,136.0
2026-07-29,WIuA12U6Lhk,882775,16319.0,739.0
2026-07-29,ImafWBn0qeQ,1215455,16161.0,1151.0
2026-07-29,wUebiYIc9gY,759092,14606.0,769.0
2026-07-29,F8KxgLoHqYg,694849,8121.0,423.0
2026-07-29,nENYcGYI0Mw,800955,9523.0,1057.0
2026-07-29,Wz6O19W21zg,545972,5638.0,934.0
2026-07-29,TzMKTGoIkGA,450036,5991.0,395.0
2026-07-29,DttGzU6xqL0,598366,6583.0,579.0
2026-07-29,I9cqlAIO8-w,365907,8800.0,463.0
2026-07-29,NhSMfo-SSFg,721675,7250.0,647.0
2026-07-29,LkCV7tBExOw,362981,3972.0,332.0
2026-07-29,EFagoLPCmWU,199882,2002.0,576.0
2026-07-29,rJsKUm4fhIs,315608,4129.0,597.0
2026-07-29,3x4Tg05z6Yg,306248,4608.0,595.0
2026-07-29,TMyrtdjIHgE,729378,8556.0,726.0
2026-07-29,zQVYsPNvzzw,293446,3092.0,156.0
2026-07-29,KYpEKIBw3Ls,346528,4150.0,161.0
2026-07-29,t1pXsCJ3vFI,194037,3158.0,134.0
2026-07-29,Azzc1zPnEa8,817528,10573.0,1692.0
2026-07-29,mBeWta8gJQQ,1107247,12596.0,970.0
2026-07-29,N0Nm03vLSHE,475912,10884.0,699.0
2026-07-29,WH0aNUW8UX4,144773,1697.0,90.0
2026-07-29,81zyMesQNUc,1417878,32376.0,2207.0
2026-07-29,dF_fSU9EnrI,204919,3028.0,279.0
2026-07-29,KKaLh9yu2iY,297454,4583.0,630.0
2026-07-29,6BrJa5chT9M,699806,6567.0,288.0
2026-07-29,Pl5gtvINZ9k,503012,6601.0,936.0
2026-07-29,hK11qfRU_UI,1217611,14837.0,2071.0
2026-07-29,4o-MFQWNIBE,529768,3018.0,287.0
2026-07-29,SWyHd_OvpR8,286506,2552.0,157.0
2026-07-29,9DNalUhcDsg,481165,11568.0,121.0
2026-07-29,VzHax3HQI0A,168175,970.0,85.0
2026-07-29,WqM99LW21Ck,206667,4327.0,51.0
2026-07-29,CCIYJGVzDy8,614059,6850.0,649.0
2026-07-29,yKU9lRfIPXQ,628919,6052.0,361.0
2026-07-29,vqlvE-I6F7U,442000,6253.0,271.0
2026-07-29,DtfXB6w3QQU,576950,6753.0,750.0
2026-07-29,VXHeakmusPU,289435,3047.0,688.0
2026-07-29,os74NzRvQeU,583967,6705.0,313.0
2026-07-29,qgsxTA-y_sA,723631,7744.0,417.0
2026-07-29,BMi3mFq5U44,259555,5285.0,725.0
2026-07-29,MECQjNKuCto,53648,1481.0,53.0
2026-07-29,YrZS-5N_cn4,547636,7472.0,941.0
2026-07-29,fGai88-Fzr4,713252,10797.0,517.0
2026-07-29,93A5AK2fpM0,61487,1125.0,47.0
2026-07-29,knt4yvAfdQ0,168684,3259.0,117.0
2026-07-29,w5sOqUuyGLk,304355,3836.0,484.0
2026-07-29,LR_HGML0_8M,864696,12348.0,1218.0
2026-07-29,Tpyhf5okhnI,1294836,23141.0,1407.0
2026-07-29,gSlqIeq0GrM,1629756,66047.0,11182.0
2026-07-29,0hpcjvInL8Q,170021,2569.0,128.0
2026-07-29,akjAOTLlo1Q,640696,8534.0,846.0
2026-07-29,HvsokQKO8s8,50365,882.0,20.0
2026-07-29,OFwB39moInw,242229,3190.0,341.0
2026-07-29,38K6b3XkKCw,1818568,16211.0,1341.0
2026-07-29,ump-wm8rNcY,175599,4496.0,102.0
2026-07-29,EFqF6PtSuGA,87230,1950.0,30.0
2026-07-29,rAoO0oNzicM,49189,896.0,31.0
2026-07-29,B1qa59zB1_M,42777,833.0,29.0
2026-07-29,-Rv6DP-roWw,384046,15766.0,82.0
2026-07-29,aVnJ93E4i-Y,535016,6999.0,799.0
2026-07-29,bXLJNXypu1k,70934,1385.0,21.0
2026-07-29,Oqc1gKMXsVE,248088,2953.0,153.0
2026-07-29,rtDRROHkij4,48838,1161.0,38.0
2026-07-29,UlKJQFQtCZE,1580418,27588.0,3343.0
2026-07-29,5xyA3njtfM8,805743,23078.0,228.0
2026-07-29,Ia8SU_mrwfc,647648,8144.0,705.0
2026-07-29,SZDSEzAgNvM,477565,5889.0,372.0
2026-07-29,rsPHved4SVU,552777,6078.0,437.0
2026-07-29,j3-PVX2C7z4,557314,8238.0,338.0
2026-07-29,OQLwssllv9U,370007,5511.0,484.0
2026-07-29,jpzGB5lz8U0,725345,6466.0,404.0
2026-07-29,BDxrTUaENWw,249102,4070.0,212.0
2026-07-29,4A8J2bBH3fw,1161594,10338.0,768.0
2026-07-29,2wyi8DBnxBw,1513434,26764.0,407.0
2026-07-29,Oks40zIImSc,732458,9472.0,443.0
2026-07-29,Z7BFEbAMpss,674939,13899.0,1005.0
2026-07-29,9WL7AlmOLXs,357314,4439.0,188.0
2026-07-29,BKZXC4BeiWI,1591723,26862.0,1672.0
2026-07-29,_GNz0PeFIuM,1622291,19185.0,966.0
2026-07-29,7Xje149SpsY,788244,6695.0,509.0
2026-07-29,4u9seiWEYdQ,1932189,32859.0,626.0
2026-07-29,BW8C6X4ee9w,1138152,10471.0,615.0
2026-07-29,JZK-tP7bT7I,1203356,14065.0,588.0
2026-07-29,E7C5Xh5oz9U,227514,2359.0,143.0
2026-07-29,nk_qsKpvMQo,1355009,2571.0,353.0
2026-07-29,vv4ihIfnfVs,457280,6994.0,1549.0
2026-07-29,Z000iINTP8s,989209,9713.0,491.0
2026-07-29,8kPFAm-8kOU,1084843,31313.0,2114.0
2026-07-29,1TrzSxgGObI,371733,4559.0,370.0
2026-07-29,LOBKhpf-oKE,732640,7035.0,419.0
2026-07-29,Yq0EEnOvp9c,712391,23425.0,7589.0
2026-07-29,_DDHqcjzO4k,514605,6583.0,487.0
2026-07-29,H2Xq8ty0QaY,597073,5259.0,318.0
2026-07-29,97EwPHUJ_NI,793923,9311.0,605.0
2026-07-29,J90TTQpspd0,306884,3912.0,246.0
2026-07-29,H70ERz8gMlM,1099567,8799.0,582.0
2026-07-29,ZeXpLdo_Vd8,3151881,62482.0,3874.0
2026-07-29,oYtwKOKU0BY,582446,6733.0,336.0
2026-07-29,-Y8N0KSs7U4,720457,22106.0,2549.0
2026-07-29,ZZCUOdRn2hM,908951,11683.0,702.0
2026-07-29,9-4rhsK_7Lo,528890,5071.0,495.0
2026-07-29,3jutcJj1e_w,349215,4373.0,280.0
2026-07-29,x1O3FZ8MsM8,1200303,10634.0,799.0
2026-07-29,F9ObOPQeWeU,275301,3437.0,159.0
2026-07-29,WApEI0IaJEc,1408698,10635.0,683.0
2026-07-29,dFujMyICK-U,2244006,28974.0,1111.0
2026-07-29,jEnqop_lanA,453860,5116.0,399.0
2026-07-29,3FCv9MvDdFA,1027303,6918.0,555.0
2026-07-29,X-z2JSMWlH0,1182710,11839.0,705.0
2026-07-29,F2iCM2qSOGY,658943,8736.0,942.0
2026-07-29,7XZwOeSa6WY,298037,3386.0,344.0
2026-07-29,GOz2uVzX5mw,601245,5273.0,523.0
2026-07-29,tIHs0W8IVIk,46353,659.0,8.0
2026-07-29,PRp3kJtMQwU,664947,13840.0,665.0
2026-07-29,AuCukfaG9hU,357469,2100.0,111.0
2026-07-29,c2A_cTJIqYE,624971,9163.0,928.0
2026-07-29,uRyuWGqa8QU,506612,7275.0,409.0
2026-07-29,gA7h4OelMyw,345195,4044.0,304.0
2026-07-29,2h9eXfGois0,545771,12776.0,987.0
2026-07-29,OnG1Qx7xe1I,600558,7537.0,694.0
2026-07-29,3fclWKQ2C7w,331041,4268.0,356.0
2026-07-29,TKy2LrYcHD4,551555,4835.0,369.0
2026-07-29,q01xZBCnhNA,779359,8108.0,898.0
2026-07-29,jysx6Fx6i_w,348883,4817.0,364.0
2026-07-29,YEnaITOkEd8,1502810,14130.0,583.0
2026-07-29,tgz7ol-ra3I,926849,11712.0,615.0
2026-07-29,9x4TKHQoWBw,705072,8287.0,711.0
2026-07-29,AGB710SYruo,339842,6011.0,526.0
2026-07-29,wdGq6ZxBKJk,343274,5288.0,512.0
2026-07-29,QF5QC-DizYQ,1177091,15871.0,1536.0
2026-07-29,S7QYsRTLCMw,888859,13601.0,531.0
2026-07-29,tA-0nB_8yCY,1227400,17455.0,1677.0
2026-07-29,k7f31Xn_1n8,524470,17476.0,1604.0
2026-07-29,fA8AQOj8F_I,452385,4962.0,727.0
2026-07-29,KCTQH29Qg-Y,758912,5881.0,427.0
2026-07-29,eBgJTutuwSc,928046,11606.0,694.0
2026-07-29,rk-OwXrNxoU,968408,9752.0,743.0
2026-07-29,ZUZWGmc23l8,3442809,34684.0,1776.0
2026-07-29,-8aTzd6F5QQ,331582,2738.0,225.0
2026-07-29,Ga22mpTDS6A,1736917,16488.0,1219.0
2026-07-29,eiHZaTlMHmQ,305384,4199.0,542.0
2026-07-29,dR50ced-8dI,217414,3249.0,196.0
2026-07-29,LYAqKEH23x0,1121516,16733.0,1138.0
2026-07-29,p5cyDhVXi7A,519579,6090.0,1019.0
2026-07-29,I5uELkKf294,598817,8521.0,1197.0
2026-07-29,L_x8J1bHFKQ,964907,11626.0,1138.0
2026-07-29,bjVRlHg2roU,656990,8503.0,606.0
2026-07-29,GUgPYAWpOZ0,1978933,30653.0,1888.0
2026-07-29,FYALksVxpvo,2034024,29373.0,1905.0
2026-07-29,tyvxFAas-Fw,1134334,17284.0,1893.0
2026-07-29,OohH63cEV_s,696211,7906.0,746.0
2026-07-29,8UnGXCzqWT8,486858,6445.0,474.0
2026-07-29,4f9aW8ibAkQ,402350,5146.0,471.0
2026-07-29,iVEgbs0crZ0,495386,6800.0,505.0
2026-07-29,W6_isgPHWvU,865766,8239.0,538.0
2026-07-29,LYCQNkthLyM,611646,6530.0,368.0
2026-07-29,Sa0xVPldSPI,174402,1667.0,220.0
2026-07-29,GecojKkw7Es,927617,7727.0,554.0
2026-07-29,_4Ovlz973iQ,1290505,17033.0,1073.0
2026-07-29,xGIF-iT4GCs,653822,7070.0,585.0
2026-07-29,lY70g8t2-Zo,884290,9406.0,724.0
2026-07-29,njJ6GsH_oH0,1339971,8194.0,434.0
2026-07-29,0DVYOUVxjM0,479828,4910.0,296.0
2026-07-29,TbZAc5gi1lg,635622,8387.0,644.0
2026-07-29,q-s18A_NStc,617850,5221.0,369.0
2026-07-29,VhUQg7bSayg,288276,4100.0,224.0
2026-07-29,PqNIq_yFZok,839699,12652.0,984.0
2026-07-29,nvxm9atR6i4,292740,5427.0,523.0
2026-07-29,9pXHw8ypHm0,398795,6124.0,966.0
2026-07-29,RyibuB-DUTs,421748,5521.0,1009.0
2026-07-29,h4jh_ZeF-Qo,348877,4911.0,418.0
2026-07-29,NWZdlvevZ1U,589470,6996.0,589.0
2026-07-29,x9K2yVWCnqg,132986,2296.0,121.0
2026-07-29,4tOSUbRaSsY,688064,8567.0,736.0
2026-07-29,lPWZS0TxykQ,666831,8669.0,1045.0
2026-07-29,PIBQFd-YAfU,266792,3379.0,210.0
2026-07-29,rhA7snMYs7g,978331,16541.0,874.0
2026-07-29,4_NCqZ7FIt0,417457,8331.0,334.0
2026-07-29,fEAoVt6vajg,283969,3225.0,322.0
2026-07-29,TzXPxEjEzmw,1162732,12070.0,1587.0
2026-07-29,CRE-orJTLO0,2179977,26090.0,1398.0
2026-07-29,rwvi8jAbN8k,1053476,11623.0,1029.0
2026-07-29,ITYM66o2wIw,407930,6113.0,1084.0
2026-07-29,MESiIYUc2vc,846785,10025.0,762.0
2026-07-29,aceNrMAVM5U,680358,8156.0,527.0
2026-07-29,m0HApYaBXjw,732703,8672.0,1074.0
2026-07-29,oTabQrtv84M,116745,2351.0,42.0
2026-07-29,lwRPPuCn668,415150,3192.0,331.0
2026-07-29,k6EXynJwKXY,677106,10025.0,637.0
2026-07-29,xSYD9e1EuRU,1647095,17501.0,1103.0
2026-07-29,yzc9YzV7Syw,273795,3352.0,452.0
2026-07-29,O91nsg9kRZQ,879872,12796.0,566.0
2026-07-29,LvohTo7WGt0,301376,4413.0,372.0
2026-07-29,VksRswA-Ns4,753038,15629.0,1966.0
2026-07-29,ZapmC1A-cv4,813076,10988.0,1412.0
2026-07-29,UcWFMZEKkrc,537509,5827.0,479.0
2026-07-29,IYgjUrHqDvE,920094,11670.0,718.0
2026-07-29,BIplHfTPuxI,397751,6412.0,383.0
2026-07-29,ijVVHIL7C0g,1608931,25818.0,2894.0
2026-07-29,quEh5LoFH_c,1123867,35986.0,2743.0
2026-07-29,flZGbAoEihc,203684,4384.0,165.0
2026-07-29,xeN7e-LqxlI,843276,10221.0,1334.0
2026-07-29,YmmW8V7b73M,605626,6711.0,494.0
2026-07-29,RUqiqSxLjxg,272061,2613.0,258.0
2026-07-29,MQ7ruD4w6-M,317688,2831.0,276.0
2026-07-29,mWZZCZGRGF4,134388,2453.0,143.0
2026-07-29,DTopRyWTstQ,1006906,14522.0,1265.0
2026-07-29,8lo3Dmg5uP4,241624,3990.0,626.0
2026-07-29,tw0i-3GbDLs,282146,2895.0,572.0
2026-07-29,phEcZPONXxc,809900,13223.0,1201.0
2026-07-29,eBMWMliI_vQ,355441,7037.0,564.0
2026-07-29,RGTj4ciIB24,355696,5201.0,689.0
2026-07-29,hMGVkdQk16Y,1989300,17929.0,8475.0
2026-07-29,A9joKYgpUT8,238479,3286.0,156.0
2026-07-29,8j4sI5lHtKo,1051297,12675.0,1458.0
2026-07-29,qtwXsAlAimw,620317,6799.0,351.0
2026-07-29,u-Mzr0PHCQM,276122,3328.0,507.0
2026-07-29,XajfPW1lhyA,2773086,28710.0,1578.0
2026-07-29,L9QRybzWstk,1451996,23461.0,1740.0
2026-07-29,p3fTRa9N_IU,287569,3425.0,237.0
2026-07-29,iIR2pYVLqtw,412156,5863.0,989.0
2026-07-29,6_d_hU5Jqdo,245162,2920.0,199.0
2026-07-29,DYNfpSSMJzw,1090133,8151.0,735.0
2026-07-29,4OLostqHleA,875984,8806.0,725.0
2026-07-29,4LHUrIERM50,2139374,14789.0,905.0
2026-07-29,YCwCKU06xNM,2270276,24704.0,1381.0
2026-07-29,ee9cA0dq77I,427997,3995.0,342.0
2026-07-29,tCZeTqEjHVo,238348,3498.0,333.0
2026-07-29,r1zW8tqOyas,390232,4706.0,244.0
2026-07-29,0yJL4x_G3rg,1179560,14277.0,2686.0
2026-07-29,2UuftnOVm2s,409280,4580.0,277.0
2026-07-29,2WODWnq1-xQ,968087,9398.0,629.0
2026-07-29,Wl1yGkiDaFA,408042,5541.0,745.0
2026-07-29,fFI9uVdf6sk,2401637,23221.0,1336.0
2026-07-29,poV4ne5Pd5Q,512995,5250.0,692.0
2026-07-29,8P6aUNS6Y2g,600885,7758.0,695.0
2026-07-29,OvX0T76qbVY,798990,10202.0,893.0
2026-07-29,pR6Q7Tk0A_k,432307,5193.0,611.0
2026-07-29,O5pscw-Uck0,498955,6576.0,666.0
2026-07-29,bC-78cLA86E,1841102,21192.0,1232.0
2026-07-29,LFYMaHcnBVQ,969061,9505.0,575.0
2026-07-29,ouqFdCPuN3s,413403,5069.0,305.0
2026-07-29,A3wxNMANQIU,474839,6719.0,456.0
2026-07-29,k8tKBbreRNM,386635,6071.0,493.0
2026-07-29,GkVWBb2-KeY,449430,3914.0,297.0
2026-07-29,nAtujJm5PNc,2253854,22097.0,948.0
2026-07-29,KkYwOniDuMo,2075120,19636.0,1144.0
2026-07-29,cEScUqJeQzA,1457421,38828.0,2200.0
2026-07-29,dY7kntGnJdM,195207,5516.0,334.0
2026-07-29,12Q8i81DLUo,336544,7082.0,563.0
2026-07-29,wnrZeMS5qMI,460049,9496.0,678.0
2026-07-29,D6V_zVqub-E,320921,8192.0,568.0
2026-07-29,GacFTjwDZAk,823907,7673.0,392.0
2026-07-29,D6KtZp2T258,231421,3044.0,393.0
2026-07-29,k8BBSaHf6iI,1079583,8919.0,513.0
2026-07-29,Kx_WQFscKq0,457627,6516.0,582.0
2026-07-29,ZFIbYRhg51Q,387804,4387.0,292.0
2026-07-29,RLDhVpqqnJE,845307,11560.0,764.0
2026-07-29,1iesSR0phFY,376500,3996.0,376.0
2026-07-29,n8AfusLmE7w,660156,7430.0,515.0
2026-07-29,Zc7Ftti3_aw,776283,16847.0,969.0
2026-07-29,SbxhyVb7JMQ,493070,6195.0,386.0
2026-07-29,G3DXXvcX7Ew,296086,3496.0,165.0
2026-07-29,r6MDw9Gb070,243414,3460.0,560.0
2026-07-29,Do0epabd-Ew,607536,9614.0,1013.0
2026-07-29,DcS68SucHcU,1565552,51962.0,3741.0
2026-07-29,Pnexn6J5PW4,901889,12082.0,446.0
2026-07-29,dZUq8xVXPgE,242310,2843.0,176.0
2026-07-29,xaqp4pBdPok,278047,3776.0,176.0
2026-07-29,NAoHr3xEguQ,948659,10418.0,827.0
2026-07-29,cBXtgcjg1N0,1253341,12217.0,981.0
2026-07-29,TUTdJxNrG4c,797586,2306.0,137.0
2026-07-29,GhIHK6Xqv1M,2052120,30241.0,2118.0
2026-07-29,guc10_Ydzo4,903433,10471.0,633.0
2026-07-29,nttE3-8_boQ,626051,6798.0,625.0
2026-07-29,JQ_q2024vT4,446592,5796.0,690.0
2026-07-29,ImruSbg0iQ8,897207,9974.0,1015.0
2026-07-29,387emEw5JwU,381999,9936.0,733.0
2026-07-29,9CjRb72GC0k,575662,4707.0,384.0
2026-07-29,Tw1B3IDJvVY,3167898,27183.0,1442.0
2026-07-29,ddMOtaFwDcM,798882,18426.0,1149.0
2026-07-29,IBA3k7GBsWc,1961591,34700.0,3297.0
2026-07-29,NTndXfhR0zE,74008,892.0,125.0
2026-07-29,VY6D1_7Ajr0,766756,7584.0,697.0
2026-07-29,ri1WfmgMFz0,705657,6299.0,650.0
2026-07-29,KSAHyCNYw1A,376551,5224.0,484.0
2026-07-29,xGAEMUCjWTM,777106,16982.0,884.0
2026-07-29,yxqrbHNwT_E,1159580,11479.0,746.0
2026-07-29,U8-FHsAPIr4,608143,8157.0,790.0
2026-07-29,1-nWL4gBqaM,838945,9859.0,538.0
2026-07-29,Bc0Wv_6STYI,920252,13521.0,912.0
2026-07-29,DlLE8b3CC44,328093,4957.0,425.0
2026-07-29,XFia3csKyWg,553256,19083.0,961.0
2026-07-29,v5tiuJav8b0,345950,4886.0,328.0
2026-07-29,q3KydX1F3sg,841628,9997.0,982.0
2026-07-29,Q_8D-adAjtU,515429,6032.0,542.0
2026-07-29,fg2cbRRTaEY,654233,4885.0,648.0
2026-07-29,sy5CPsAnN7M,1934839,25088.0,1600.0
2026-07-29,7U_eiJYNytQ,491220,7175.0,594.0
2026-07-29,p4R6NECDpOQ,680826,10771.0,951.0
2026-07-29,a5kEFaNstVI,1447973,29267.0,2378.0
2026-07-29,n0l54H7Q418,562090,7315.0,453.0
2026-07-29,QejzcDzvmkQ,1046105,15776.0,1680.0
2026-07-29,N8i6ePzVfbk,820835,11704.0,981.0
2026-07-29,rzjcUtXQz4E,359101,3849.0,313.0
2026-07-29,kWMmRyTrjps,690529,8720.0,679.0
2026-07-29,_UtXbictJtQ,323845,6832.0,845.0
2026-07-29,30jyM3KGd8U,164759,2368.0,171.0
2026-07-29,nE8qkQ6uHy0,491898,5619.0,350.0
2026-07-29,ZfggNr7Dxig,642975,7732.0,1064.0
2026-07-29,Zk2fDzPBiIw,689216,5966.0,409.0
2026-07-29,AFwMil7lapQ,859371,9473.0,952.0
2026-07-29,UfWnEHGZVQY,552536,9366.0,767.0
2026-07-29,WwUy5dGh1DE,953754,11552.0,733.0
2026-07-29,BluAOlK8jYw,1088416,11820.0,1137.0
2026-07-29,VqdXWwzkaKw,861655,12925.0,1543.0
2026-07-29,pN6pbHITBfk,349166,10048.0,673.0
2026-07-29,ub0IMsI7d8U,1111783,14470.0,880.0
2026-07-29,_TApfEWBsPo,1709387,31812.0,2193.0
2026-07-29,mo07lEx0Qaw,435807,10432.0,365.0
2026-07-29,LEpSiICAlvo,1553790,16027.0,1242.0
2026-07-29,jmtA3Ll3mcI,1275844,19488.0,2156.0
2026-07-29,NIX1BbU3aE0,1082588,13517.0,888.0
2026-07-29,YJt4DL0RavA,422750,7240.0,910.0
2026-07-29,By1f5K_SmLo,272585,3268.0,417.0
2026-07-29,YT4eqCBxTXs,808577,9726.0,913.0
2026-07-29,7UXQ7nr25DE,426668,8812.0,965.0
2026-07-29,3fsfp4WnxDA,518286,7239.0,822.0
2026-07-29,Qc95J1JMF5s,1026817,14762.0,1172.0
2026-07-29,ILeK_Y1sZHk,877880,8464.0,761.0
2026-07-29,VcEpa5cDIGA,803922,9988.0,795.0
2026-07-29,5b0F39pruH0,1372154,18981.0,1689.0
2026-07-29,qVXKZPCe_nI,561205,7051.0,539.0
2026-07-29,P7I_HE41W3o,232495,2182.0,258.0
2026-07-29,rdNEfWRRAxA,255019,4443.0,353.0
2026-07-29,VbsbOijW_3k,2482450,37628.0,2611.0
2026-07-29,cJd3ofMvKOc,1625229,23433.0,1106.0
2026-07-29,JAaCFI6TNsc,77415,2206.0,53.0
2026-07-29,QnmYd9ieJzM,355576,4449.0,303.0
2026-07-29,ll1YEAtOlYQ,366722,5779.0,554.0
2026-07-29,-Ye75PaVOnI,486973,12094.0,377.0
2026-07-29,M9STobkX6L0,1594950,41049.0,372.0
2026-07-29,gnagPlzL1yQ,710456,10602.0,874.0
2026-07-29,S5P_VWbGUq4,502961,5952.0,698.0
2026-07-29,93Tu3r-II1M,595795,5455.0,399.0
2026-07-29,ZN-AoO4IHQA,289284,3795.0,331.0
2026-07-29,QxeUb4nfefU,457531,5656.0,866.0
2026-07-29,CMMoPWICfrU,337534,5189.0,342.0
2026-07-29,5tPLntHymt4,733628,5646.0,600.0
2026-07-29,2IGpI-r3Ays,780991,7957.0,839.0
2026-07-29,YD3eQUwR-sE,495932,7239.0,1963.0
2026-07-29,FmT3XRyIhVE,926687,9106.0,1062.0
2026-07-29,yfYXcsM5S4c,299678,4610.0,539.0
2026-07-29,P8BeiHZ7fPQ,1258093,13099.0,912.0
2026-07-29,CHwIOQC6meo,303301,3476.0,771.0
2026-07-29,IT1mWbw8KS4,608778,7595.0,440.0
2026-07-29,nBTOHF9c5Ls,684514,7377.0,837.0
2026-07-29,lGvaPEcFuNM,451802,5747.0,529.0
2026-07-29,KHxKhTNjGvc,891650,9491.0,966.0
2026-07-29,ugpS8F2Xq2g,457391,6254.0,747.0
2026-07-29,69YqG3ZidOo,258539,2427.0,230.0
2026-07-29,TwhDNSEuTRE,521055,6038.0,1083.0
2026-07-29,wCy1uZoCorw,332686,8062.0,1927.0
2026-07-29,ZfWbVQy5qTo,578286,7506.0,535.0
2026-07-29,h7qBg9cxmrk,570883,6331.0,638.0
2026-07-29,OAhpLf8Cxzg,2374706,33851.0,3203.0
2026-07-29,beuF_SMc0hU,627202,7356.0,682.0
2026-07-29,yRHby2FgUTY,286489,3960.0,331.0
2026-07-29,53rIbdhjYms,996073,12227.0,1302.0
2026-07-29,63n9zCbqKF0,535561,6479.0,502.0
2026-07-29,YSVHfx3_CAE,386448,5903.0,454.0
2026-07-29,gQu_ZdbzpzE,364986,5674.0,933.0
2026-07-29,lEvEMg74pE4,1381897,14460.0,1091.0
2026-07-29,A72d784WRfk,382314,5929.0,1494.0
2026-07-29,VtvnzFxi2vc,726982,6887.0,1163.0
2026-07-29,Ckdll3aNpYQ,702472,9438.0,1369.0
2026-07-29,TCd1SXwamEE,187025,3070.0,269.0
2026-07-29,EaHYZXa46H4,227075,4247.0,485.0
2026-07-29,Q6mks64845g,1222361,12279.0,869.0
2026-07-29,drIHSOcf9tk,588396,7243.0,512.0
2026-07-29,oYO_paloGr8,215044,2960.0,460.0
2026-07-29,Wf_IOU9QTVo,273802,3670.0,287.0
2026-07-29,yZc6iBhKIWw,788055,9744.0,1006.0
2026-07-29,VJRCzcB13Ek,1370537,17733.0,4114.0
2026-07-29,-7nFDxxoEcU,155802,2794.0,322.0
2026-07-29,omcr6-TGWdM,378146,5444.0,478.0
2026-07-29,FcqWRi8j9CY,734139,7658.0,1163.0
2026-07-29,yIrgcb_UlH4,593947,6957.0,781.0
2026-07-29,7nkU5WOW5XE,156512,1636.0,119.0
2026-07-29,J1qUmNujAKg,171521,2851.0,534.0
2026-07-29,V-qhbdJKD14,1205352,17659.0,1267.0
2026-07-29,Ru2Xm0pTnaw,540969,6918.0,565.0
2026-07-29,UzZp0LIwJu4,219739,4342.0,347.0
2026-07-29,llTYjUeEDz0,1230752,9981.0,567.0
2026-07-29,2upe3h1XeZc,1461978,13510.0,1303.0
2026-07-29,bGOG2YXFnK0,423472,6576.0,2344.0
2026-07-29,o7p6KpjZfi8,332626,4908.0,281.0
2026-07-29,ZtvBqJ_Jy3I,221411,1549.0,149.0
2026-07-29,DesVudIM7K0,440705,9746.0,520.0
2026-07-29,i3z-2hH0OYc,434801,4872.0,257.0
2026-07-29,nKbbhOiodj0,593299,6181.0,593.0
2026-07-29,iETX-0aXL9o,437698,6091.0,725.0
2026-07-29,lHO1MCSMiRA,479789,7523.0,466.0
2026-07-29,RMiQVFnd2Ts,1308675,11806.0,892.0
2026-07-29,jN8-p-u6EpQ,411670,4756.0,525.0
2026-07-29,1R3EvJVuokE,342210,4623.0,869.0
2026-07-29,cCD2TH2BEzM,324312,3435.0,408.0
2026-07-29,_rfLMFvqM_g,1112525,11598.0,1744.0
2026-07-29,5WGPnS9Vefs,251200,2776.0,210.0
2026-07-29,W5RWAPoajtA,368565,4562.0,284.0
2026-07-29,rqFTeQM3Kh0,620684,5406.0,1129.0
2026-07-29,9hyMJX6WZy4,213487,4523.0,324.0
2026-07-29,ErxJ-2dZewg,117146,1828.0,169.0
2026-07-29,BOcQwiN41sU,236522,3150.0,359.0
2026-07-29,dpnXcw-8EfE,925746,10226.0,817.0
2026-07-29,1OdYs6HSiFg,1052640,18842.0,1224.0
2026-07-29,oMYmXQo_niI,385146,3054.0,688.0
2026-07-29,hDBLhQWX8v8,945418,8898.0,1033.0
2026-07-29,999AzbfM7kw,116911,2127.0,493.0
2026-07-29,7Z9is71Sx4M,696770,9054.0,630.0
2026-07-29,EzvX6DhNpvE,1465378,11029.0,1086.0
2026-07-29,V6Txn2cGHt8,734932,9285.0,978.0
2026-07-29,K-ht_Fk4Ewo,263463,3593.0,335.0
2026-07-29,A_G6UNFI9Ic,189009,4525.0,390.0
2026-07-29,gj53ZSshqzo,1275019,11965.0,1115.0
2026-07-29,wogACRFnBc4,1394251,18324.0,1302.0
2026-07-29,0px13Ek75Q0,338268,6201.0,338.0
2026-07-29,glWoWOYGksk,1291516,9103.0,1092.0
2026-07-29,1XBvKNHBgWo,781812,7803.0,1207.0
2026-07-29,F5TTseXNxYs,332583,4504.0,738.0
2026-07-29,4iAPsAPPWQM,403383,4224.0,574.0
2026-07-29,4oQtkXFMVco,1251533,22410.0,1883.0
2026-07-29,f8eGEK4Apzg,1105543,10963.0,857.0
2026-07-29,m9jr18Jb6eE,429994,6058.0,1100.0
2026-07-29,A7FGqfN2A-U,2328134,19022.0,1610.0
2026-07-29,0vEjblLx1oM,908643,13225.0,18490.0
2026-07-29,U6gBVE-fy0k,369923,3719.0,396.0
2026-07-29,KU6bE6ZVZb4,612008,7375.0,768.0
2026-07-29,HMMiB5oMd6k,868739,11250.0,1463.0
2026-07-29,4qGhBeetoqI,835415,23726.0,2327.0
2026-07-29,xSUntunUqdE,689574,7126.0,2050.0
2026-07-29,_xNlwFckDyY,946084,11866.0,773.0
2026-07-29,CmjwCpcbLpM,546731,7660.0,550.0
2026-07-29,j_6KzZFJUxM,2787850,26459.0,1776.0
2026-07-29,W5S-FT6XOsA,263404,4115.0,436.0
2026-07-29,Vi4PV3zyWoI,592562,8752.0,221.0
2026-07-29,JU6w5k8Lreg,200214,3283.0,299.0
2026-07-29,KYX_UCJZpAc,545251,7615.0,1040.0
2026-07-29,Ve5YQUC-E4A,1148127,13592.0,1588.0
2026-07-29,M1hDFPejDAo,669640,17028.0,1043.0
2026-07-29,ZbpQEoLIEYw,551740,5930.0,440.0
2026-07-29,-KBFHzLttaA,2088085,16843.0,1182.0
2026-07-29,BFFY_s38udE,770326,6358.0,1126.0
2026-07-29,bUAQB2QIJjw,248587,2731.0,441.0
2026-07-29,q6w4mxPvVeg,1219885,12242.0,1463.0
2026-07-29,NHPcqPbbFBc,376830,5789.0,298.0
2026-07-29,vYkCwHsk0iY,637383,6563.0,456.0
2026-07-29,eWaqwCJHMMg,660696,8146.0,919.0
2026-07-29,CMxFKATq2OI,932384,11845.0,1723.0
2026-07-29,EAA933VzHwc,1030324,15023.0,1400.0
2026-07-29,RJ44QO7fRvo,846277,14663.0,1549.0
2026-07-29,T0ECukvHsF0,445366,2355.0,235.0
2026-07-29,hdnRXrETuMM,1102599,19604.0,2120.0
2026-07-29,XN-om29--Bc,834993,9040.0,681.0
2026-07-29,UCGIvN-Bdc4,629863,8187.0,665.0
2026-07-29,k3oZqkK8_fs,1022352,11110.0,696.0
2026-07-29,gGF0Kt5Z4HQ,1207972,13459.0,2491.0
2026-07-29,O2n9bS_wVAE,375765,4612.0,817.0
2026-07-29,aOcm-wy8-eA,359298,7291.0,535.0
2026-07-29,OhSonbjjfCk,961823,12090.0,1273.0
2026-07-29,bIyxX6VoeSk,826746,8255.0,773.0
2026-07-29,AWsojsqqbNA,366690,6385.0,445.0
2026-07-29,bAR8XrGBKzg,1823793,15445.0,1166.0
2026-07-29,u3RDTxQuCs8,669862,7849.0,917.0
2026-07-29,z1y6AUgZ7ig,629994,5361.0,349.0
2026-07-29,Je1V8eNWojk,282805,5594.0,526.0
2026-07-29,BuYxygvFWsU,1293220,32643.0,2724.0
2026-07-29,qjDX7NNDMWM,2138148,34187.0,2227.0
2026-07-29,UGgMyheufpo,1289432,17302.0,1579.0
2026-07-29,mF585Jls4_k,1106306,12779.0,984.0
2026-07-29,hx-H9Ap2pes,326536,4001.0,357.0
2026-07-29,YXlmojPmcCs,946244,8270.0,904.0
2026-07-29,9u603l1OruU,525790,5924.0,906.0
2026-07-29,Ry6HisoBajY,732535,8087.0,880.0
2026-07-29,PLTgzjcPGiY,799345,5570.0,1018.0
2026-07-29,EZFEkimPEHk,1042349,10036.0,976.0
2026-07-29,d0y2lJjHwV8,534024,4415.0,450.0
2026-07-29,x-WdnahVUFs,503662,6824.0,434.0
2026-07-29,uFx-BuMBZIA,417969,5853.0,797.0
2026-07-29,mzhifxAJ3js,1867041,16679.0,597.0
2026-07-29,VDr2hYZDOYE,2691793,18079.0,1992.0
2026-07-29,-wSDbNopGOU,548456,8519.0,539.0
2026-07-29,jsS3vMzddfw,440361,5538.0,461.0
2026-07-29,LLCX3CMmNL0,367044,4025.0,696.0
2026-07-29,hDy4Jz1seJE,677291,7473.0,669.0
2026-07-29,0fpRHgpZTXg,229640,4398.0,517.0
2026-07-29,FRNGzjwrXys,746056,11300.0,694.0
2026-07-29,K-JBmDmBL1I,1143044,8734.0,1034.0
2026-07-29,GnSJWX1dipQ,357869,4987.0,870.0
2026-07-29,Cto5NsBuR9k,1383751,13745.0,1746.0
2026-07-29,WqLNBvffN8k,1296018,15678.0,948.0
2026-07-29,XNWEopen1Uo,1988386,20762.0,818.0
2026-07-29,kHc8Jc_7Xlg,572543,7637.0,578.0
2026-07-29,fKXwGNzuf3Y,928119,10380.0,920.0
2026-07-29,xkVX4uJrJ0w,1313486,34416.0,3861.0
2026-07-29,WOm1uEdhcPg,525374,13522.0,1184.0
2026-07-29,k19irwUABe0,884927,11589.0,1200.0
2026-07-29,H5tki3IQqaI,695109,5422.0,657.0
2026-07-29,cPatcAQupHY,296805,4397.0,781.0
2026-07-29,Pmz3ziooa_c,1022964,15530.0,1346.0
2026-07-29,fTWbhxA6mxg,580489,9811.0,772.0
2026-07-29,TBp0OUwhJbw,478576,5841.0,556.0
2026-07-29,WQJ3X-qgPik,627404,4879.0,704.0
2026-07-29,kx59DjsZ_2Q,2031813,21522.0,1481.0
2026-07-29,WAeDKj2oG7E,420393,5596.0,596.0
2026-07-29,Favgw7hbTtA,524994,7816.0,1196.0
2026-07-29,FCwpkLI5cwo,1319062,17720.0,1072.0
2026-07-29,lqgZpChmZ-s,959921,7378.0,1190.0
2026-07-29,xZcIFS0_XnE,445969,9252.0,736.0
2026-07-29,qCjt-eM2L-A,1863786,23233.0,2549.0
2026-07-29,LyMbNq3SUXA,1896513,20983.0,2345.0
2026-07-29,qeX4_MEnLLo,1399364,15583.0,1863.0
2026-07-29,XxY-9w0yTcE,1562207,15806.0,1087.0
2026-07-29,6W6MvEMYN50,498869,7521.0,1123.0
2026-07-29,Xf67MHSWZKk,449929,3722.0,347.0
2026-07-29,t5WZJGQZR40,575349,6597.0,722.0
2026-07-29,HU0cvWlVUdk,236821,3499.0,504.0
2026-07-29,p0vqEId3PCc,1100181,11994.0,1320.0
2026-07-29,ZozbCbayo7g,338344,4692.0,336.0
2026-07-29,nSWkHyRSRMs,636563,6740.0,965.0
2026-07-29,KckPU8D6ebc,1703832,19038.0,1649.0
2026-07-29,H-BcE5n-OzQ,1063520,13224.0,926.0
2026-07-29,DrfZI-fU1Cw,239206,3900.0,286.0
2026-07-29,cjIMSjNKXos,652195,8917.0,1501.0
2026-07-29,F99YrfCzJ7o,529252,6413.0,741.0
2026-07-29,4Yg2CVSssfY,2872278,24679.0,1967.0
2026-07-29,W5hAIRbs_lk,219961,4580.0,1179.0
2026-07-29,fgBvEdppqyk,545621,7699.0,472.0
2026-07-29,b_B2cKsS-go,2175082,18485.0,1771.0
2026-07-29,6SaUBsiBXsw,579316,7196.0,595.0
2026-07-29,wB4CcBJe98Q,280025,3376.0,358.0
2026-07-29,ha8dwsIDgBA,712312,11169.0,727.0
2026-07-29,IHSSpPs7_rE,173062,2454.0,301.0
2026-07-29,kHEhNYm-3p8,219996,3492.0,301.0
2026-07-29,lvYNWQEgwAA,595851,8213.0,685.0
2026-07-29,WrFzSd2TktQ,342555,4706.0,629.0
2026-07-29,_x-kKqaqZXE,939171,21322.0,1732.0
2026-07-29,BQ-On-c-Yrk,424441,5421.0,529.0
2026-07-29,oigksFaA-J8,629530,10054.0,870.0
2026-07-29,yFIq6d4IhAk,699124,8366.0,976.0
2026-07-29,y0_KWZkxJ7k,912657,14379.0,3426.0
2026-07-29,HKqOWlqVilA,243518,3760.0,331.0
2026-07-29,Q02Jq0VCP18,933748,15681.0,1258.0
2026-07-29,vhoGaZ44bdQ,3731877,34940.0,3721.0
2026-07-29,6xkvZZLmjZ4,169157,2712.0,209.0
2026-07-29,wpHR7N_opwM,2399461,25821.0,2308.0
2026-07-29,S7IfX8efLSs,795710,7330.0,1218.0
2026-07-29,aVvOl_EvYlM,432358,5923.0,779.0
2026-07-29,540GthDxyew,373608,6545.0,714.0
2026-07-29,myQyT_rHMkU,1633738,17141.0,1025.0
2026-07-29,TM-wkzUuX7w,401221,8252.0,581.0
2026-07-29,VQL_fNLKrFU,2327354,49184.0,4223.0
2026-07-29,L1vzoJdnAhA,1578023,16646.0,1229.0
2026-07-29,ivfIKHRrrq8,820739,9772.0,1169.0
2026-07-29,Dn37H1eTRkU,2954710,27033.0,1740.0
2026-07-29,DkTJpUE0WgE,804339,11788.0,1689.0
2026-07-29,RPPqNsiZdkw,714520,13813.0,3031.0
2026-07-29,zbS30B7Oslc,1777385,18481.0,3344.0
2026-07-29,MFx37Fs5Q44,493925,5934.0,882.0
2026-07-29,ijWKaN5spcU,706347,11021.0,1560.0
2026-07-29,1h5hbDxKR_o,1426283,16685.0,2025.0
2026-07-29,8iuO7bSNnF8,778400,8309.0,760.0
2026-07-29,2kqANdtRAvg,325669,4909.0,563.0
2026-07-29,9oFmAFWWJzE,434064,5177.0,1135.0
2026-07-29,PXDAfvNuB_U,424604,6673.0,720.0
2026-07-29,LIcDZYNt_ps,795071,9621.0,1591.0
2026-07-29,UTMBo9NTuqM,512256,7867.0,619.0
2026-07-29,leecaCYua9s,193559,3192.0,327.0
2026-07-29,BhXWm1spQg8,770620,7524.0,558.0
2026-07-29,N8o81-h3crE,533623,6186.0,760.0
2026-07-29,FTz7IyYhKQk,203597,3937.0,573.0
2026-07-29,MtsahMpXOls,279427,5110.0,418.0
2026-07-29,jVN2Qblo3iE,636134,12567.0,1430.0
2026-07-29,MQZSzG8hjdA,621756,7490.0,483.0
2026-07-29,OJ8yhbqSRfQ,375377,4564.0,338.0
2026-07-29,0Bx5rJNoGkY,288335,4909.0,521.0
2026-07-29,vQPfpyjV658,381961,5109.0,1100.0
2026-07-29,2lz26bokLig,1073253,11132.0,1124.0
2026-07-29,rLyymNzFyfU,521050,6478.0,1177.0
2026-07-29,n62TlrmMNho,867940,14347.0,2037.0
2026-07-29,d8b2dzP8_qg,983774,14207.0,1464.0
2026-07-29,dZdwdWd0kx0,200420,5598.0,610.0
2026-07-29,ibA1vL-JkdM,464522,6896.0,2650.0
2026-07-29,zqo0fFFgwQU,194345,2270.0,260.0
2026-07-29,VfehP2h61lo,435074,4937.0,285.0
2026-07-29,p4JuVQSqGvE,685388,9346.0,1348.0
2026-07-29,TLMbSn-nmZw,373831,5099.0,414.0
2026-07-29,eYp1EAM3c1U,904998,9082.0,1142.0
2026-07-29,Vh7yP4UWlnI,747820,6709.0,1238.0
2026-07-29,UhwsCd8EsS8,883194,10345.0,532.0
2026-07-29,sKfEoPr9CKM,736533,11949.0,857.0
2026-07-29,8Ylqreer_1k,142818,2107.0,192.0
2026-07-29,U2v59sd_9IE,484070,5253.0,465.0
2026-07-29,NsI6PyAGbNk,297947,5152.0,196.0
2026-07-29,efmlR9-r2H0,742109,5691.0,475.0
2026-07-29,LtRucA4hT_M,495352,4698.0,569.0
2026-07-29,ggkZcLn2m0I,1355626,19024.0,1228.0
2026-07-29,k1WTInxNyxE,844742,9392.0,738.0
2026-07-29,6p7_j8ff9Cc,750655,10151.0,741.0
2026-07-29,EodUiAMfpBM,685288,9192.0,810.0
2026-07-29,tUH_bDQL5bY,859960,10733.0,1887.0
2026-07-29,0cZqBDBW_XA,297159,6530.0,1343.0
2026-07-29,6IKGq6Akd_A,745174,7664.0,462.0
2026-07-29,sBZFk2CxYM4,1251756,17626.0,901.0
2026-07-29,Y_N-bH7ZDuc,612034,6753.0,900.0
2026-07-29,xENw-PAG1jQ,623946,10069.0,807.0
2026-07-29,iqk4vtXcdSU,245082,3652.0,343.0
2026-07-29,G3MbfnnlUlE,1062825,14162.0,876.0
2026-07-29,o2i8vD1Ab4E,880197,14062.0,2043.0
2026-07-29,Rpy4Rztmu1g,1197912,18585.0,1843.0
2026-07-29,gHz0-eM2Q1w,969999,8060.0,727.0
2026-07-29,BfQmqXLLs4k,171366,2978.0,420.0
2026-07-29,j60yWVGNeYU,1206004,5123.0,838.0
2026-07-29,_K3dcRWPAIg,823125,11517.0,777.0
2026-07-29,uqeu-lP5wJg,340352,3573.0,450.0
2026-07-29,qllfii86tKQ,447757,4875.0,398.0
2026-07-29,ZUpNPdhCOWQ,928539,24368.0,1430.0
2026-07-29,uPTdpnRTBIE,530324,6264.0,850.0
2026-07-29,gH7GuLRhHgs,1492642,15479.0,1342.0
2026-07-29,0iaoggmejcA,675549,7124.0,702.0
2026-07-29,utyYSlsmsMw,1081484,16026.0,2615.0
2026-07-29,OrJ7c67dXuw,942274,17976.0,2000.0
2026-07-29,bk07JY0fggM,382281,3420.0,478.0
2026-07-29,DP5r6jHluvo,585298,6489.0,494.0
2026-07-29,mPWWiNHYxWs,221371,3608.0,354.0
2026-07-29,KufKb7hUCyI,1340995,10767.0,1102.0
2026-07-29,Y-avnK_whrE,342093,4070.0,511.0
2026-07-29,s9vTi2B7xVQ,486323,5073.0,448.0
2026-07-29,13DxVgo13WM,292061,6717.0,715.0
2026-07-29,vsf1Uxxog_Y,487493,13648.0,1499.0
2026-07-29,R6C3ER-YltI,343583,4122.0,448.0
2026-07-29,CdX8PeCXYkI,884250,8776.0,865.0
2026-07-29,XVJXEYMyYf8,1363269,11247.0,1148.0
2026-07-29,Ys7UkQMrGeM,1149525,16935.0,2054.0
2026-07-29,L69W_p8BYcQ,500992,8117.0,321.0
2026-07-29,GlxPyh4P878,450915,6071.0,1049.0
2026-07-29,yEhMSeW5xkQ,306379,5622.0,773.0
2026-07-29,gi02NaedFBE,972188,11351.0,894.0
2026-07-29,RNvetTpVK_w,487312,5697.0,399.0
2026-07-29,bW-LkNCUgeg,450860,6305.0,435.0
2026-07-29,5CuRmbMazVA,494921,7534.0,376.0
2026-07-29,FZAwR75qoTU,151845,2256.0,346.0
2026-07-29,6-zhtnQJkG0,1195479,20292.0,2097.0
2026-07-29,bQbD4zDi3DI,568198,10521.0,2861.0
2026-07-29,t6lYzvjOLtg,659715,7358.0,999.0
2026-07-29,UiBa7j8eL-s,913004,6830.0,458.0
2026-07-29,xM-SL-cR0cQ,1341802,16405.0,1951.0
2026-07-29,DGOY2HnlMi0,1021144,22255.0,2708.0
2026-07-29,IZzFknrU0II,506842,6756.0,796.0
2026-07-29,hiK_eOEHbAc,414675,6137.0,486.0
2026-07-29,b3XQm398kuM,1304387,12913.0,1326.0
2026-07-29,sZc-TrOpNno,2486081,25551.0,1751.0
2026-07-29,v4LK3iNQN2s,1617236,6205.0,608.0
2026-07-29,-JAnQov4oGs,1449388,19322.0,1471.0
2026-07-29,haJjvg0UMqg,864731,10591.0,1578.0
2026-07-29,bb_tLpJoy3E,1290297,11172.0,1808.0
2026-07-29,L0-ntbMEhDI,386306,4603.0,422.0
2026-07-29,cLrTcsC6crc,328944,4849.0,314.0
2026-07-29,3PCZvMlPj2Q,441298,8219.0,1382.0
2026-07-29,rPuZRQMWfck,710488,9618.0,759.0
2026-07-29,sYYV1uo62V0,110768,2077.0,261.0
2026-07-29,_Df4yhV1LLQ,377955,4503.0,387.0
2026-07-29,ACjRbuSjQps,584405,9585.0,665.0
2026-07-29,FmVXdKwOAYM,438924,6048.0,756.0
2026-07-29,Q2r8OO4tGbk,105731,1601.0,99.0
2026-07-29,UQiGXNIU_g0,1030406,12318.0,703.0
2026-07-29,aZ9VW4nNJz0,2265964,15218.0,1976.0
2026-07-29,fhntc2Lopic,928720,12280.0,1888.0
2026-07-29,sIvS3ov5P78,420002,5807.0,824.0
2026-07-29,wqrBHM4YpQI,239946,3841.0,326.0
2026-07-29,ug-Fk8Ol07k,664716,7788.0,951.0
2026-07-29,h76QTiQ1FwE,906301,10332.0,917.0
2026-07-29,PTIBpwUDwO0,887861,15194.0,893.0
2026-07-29,V33iV8NObZ0,578811,7633.0,1167.0
2026-07-29,lBS9YC3HYPE,175226,2967.0,515.0
2026-07-29,MelnpjQPHaE,654396,10505.0,1432.0
2026-07-29,JZ_PkLAZAXQ,219804,2678.0,248.0
2026-07-29,-FkR-uajc9I,442853,5963.0,1270.0
2026-07-29,M3YA4WiKTfA,595212,7787.0,1855.0
2026-07-29,lrSZy7sbzQ0,760870,8677.0,536.0
2026-07-29,JCub653FBqg,226979,3468.0,552.0
2026-07-29,uQGnPa_MIbA,297673,3674.0,490.0
2026-07-29,GnZ4RA7DwUU,223926,3302.0,548.0
2026-07-29,1RtogAfIiQQ,659609,10773.0,1027.0
2026-07-29,E2HESXpT1HY,3356465,123982.0,13262.0
2026-07-29,DZSTQ61t0hQ,435852,5714.0,1222.0
2026-07-29,A7Lzpv3ZSsU,557872,6010.0,568.0
2026-07-29,8oHES2X-5qI,1804432,23877.0,1688.0
2026-07-29,egb2LK4a-ng,431332,9009.0,481.0
2026-07-29,AluxyaxmaAA,737264,2954.0,312.0
2026-07-29,kj3H47naUpM,1011442,14321.0,1786.0
2026-07-29,s5M5aKi-8ZA,3157945,31829.0,1633.0
2026-07-29,AHPTpO_EOTQ,336552,3136.0,478.0
2026-07-29,Fh_haJQbSe8,729873,7626.0,856.0
2026-07-29,hf5Jm6Th4u4,347014,4010.0,1086.0
2026-07-29,mOBaKwe5t8M,216830,3151.0,249.0
2026-07-29,RZ9KNVU8704,280839,3452.0,379.0
2026-07-29,9DJRkGtj1Cc,523714,6875.0,1114.0
2026-07-29,IBbDIpEixrU,9877148,107324.0,11872.0
2026-07-29,waP15uXl2eQ,563031,12268.0,1087.0
2026-07-29,p1L1W3nW__M,444924,10293.0,921.0
2026-07-29,duq7YdlwY8Y,419942,8976.0,1542.0
2026-07-29,TicLlMu_urA,322398,5759.0,405.0
2026-07-29,I3STO7HbCcE,271447,3393.0,417.0
2026-07-29,b1VPVFGVfRA,2221047,19782.0,1482.0
2026-07-29,SK3rhTUG6eY,1590460,17480.0,2340.0
2026-07-29,BUJ9MWAq5Wo,889308,12924.0,1179.0
2026-07-29,HS7ErGM7p3k,1510488,12192.0,1152.0
2026-07-29,RByRvtl2N94,992782,10294.0,1078.0
2026-07-29,49aSAc17WeU,1044788,17409.0,978.0
2026-07-29,7ct1dY8y9f0,294233,4260.0,339.0
2026-07-29,nBMfBFXGc20,1028964,12008.0,957.0
2026-07-29,7RLrz2gycU8,1820176,17931.0,1755.0
2026-07-29,Hq_Kr8mSiEI,583730,6809.0,1218.0
2026-07-29,HUZki1tTB0A,1623467,17602.0,1100.0
2026-07-29,4BMRPkX5my4,1305198,24944.0,1526.0
2026-07-29,TrdYVMCGSQ4,1284904,12947.0,1106.0
2026-07-29,V6VZxtfetJA,411199,4264.0,593.0
2026-07-29,IRwUXabFAWE,1234820,11912.0,788.0
2026-07-29,gIgGUSyItQk,2036904,26574.0,2856.0
2026-07-29,XND8GC7SpDw,2652348,28163.0,1411.0
2026-07-29,-3fm2P9wNDs,689007,7793.0,594.0
2026-07-29,g8Q69gVN5mc,829451,10803.0,636.0
2026-07-29,7O5ptq0RSB8,1284246,21408.0,1257.0
2026-07-29,SXMHmhtilV4,3021060,44441.0,1467.0
2026-07-29,Qnoy24aCTDk,987991,15480.0,1554.0
2026-07-29,OhB73K2iDO0,1070094,11344.0,827.0
2026-07-29,mp20RqlJwbo,10575260,168422.0,11104.0
2026-07-29,DX3nt8_flQQ,710471,13934.0,1461.0
2026-07-29,g6SwFXwkBhM,493630,5773.0,669.0
2026-07-29,DNsVx83c0fQ,425300,5506.0,473.0
2026-07-29,It8A4pPrKkw,741435,6618.0,493.0
2026-07-29,tTgjy7REHhM,1922395,24467.0,1108.0
2026-07-29,KO9kP8SJFq4,797265,13128.0,3389.0
2026-07-29,kKx4hKZWR5U,598113,10563.0,811.0
2026-07-29,moJVYyvsy30,456663,7802.0,736.0
2026-07-29,cDVFG2n2EU8,828533,11292.0,1104.0
2026-07-29,6oUIxtbCERw,456384,5007.0,444.0
2026-07-29,RAVecQNdqdw,601027,8245.0,771.0
2026-07-29,d-aqQ0C_9MM,809950,12695.0,642.0
2026-07-29,GnjhzA8oXyY,2270795,23593.0,2393.0
2026-07-29,-DzCX7cGcGU,816181,9842.0,1272.0
2026-07-29,vQXqxXUS6S4,1074652,8955.0,1888.0
2026-07-29,m-rTJGpBFAE,339365,4605.0,389.0
2026-07-29,fA-6kNf5su4,245707,3023.0,330.0
2026-07-29,hXjrqKrd5Vo,726016,8049.0,1066.0
2026-07-29,fV0svoJpsMg,2439185,20696.0,2211.0
2026-07-29,uu_7yI9exgk,3270653,33590.0,1743.0
2026-07-29,vbTQuWo8n90,851187,12673.0,1031.0
2026-07-29,B6QBNQkIQnc,1038805,23114.0,1848.0
2026-07-29,tGgbVgtq6Lc,945062,11645.0,791.0
2026-07-29,QRDLa_T42D4,1023710,9873.0,992.0
2026-07-29,lLkOEZdlbtQ,2689750,35665.0,4111.0
2026-07-29,KjuSAnjyr0M,1545448,14194.0,1795.0
2026-07-29,_Lf9wj4LE7c,1690006,24305.0,1172.0
2026-07-29,96MpMPaKaHE,1625457,22993.0,1965.0
2026-07-29,6_xPoxL-4bQ,457962,5881.0,810.0
2026-07-29,1d_9iAb0ZMA,1000056,8961.0,767.0
2026-07-29,rpkwbRi21pA,506110,5864.0,711.0
2026-07-29,fLs7Gg_VJ10,646317,6633.0,749.0
2026-07-29,j6ivBI8zDNM,455284,6557.0,884.0
2026-07-29,WKTJTnRUXMw,377050,4700.0,298.0
2026-07-29,w-XYOQQF6BY,548478,6459.0,886.0
2026-07-29,cBTgxDvTMxw,771743,6757.0,545.0
2026-07-29,fGvMf0OehHw,1121054,16364.0,1281.0
2026-07-29,lha9oHsu2ag,2012432,23831.0,1122.0
2026-07-29,q4JitO4t2bo,492772,7386.0,1182.0
2026-07-29,FWEoR4Fgk_Y,901223,12201.0,946.0
2026-07-29,Z3I0vVdqJ7k,2070822,21709.0,1092.0
2026-07-29,KR_88YodpRY,495163,4211.0,401.0
2026-07-29,Bwe26hmEhW0,1340858,24163.0,1185.0
2026-07-29,IowzQAi5Xno,374860,9320.0,1299.0
2026-07-29,ZaenA101S-M,372415,4626.0,720.0
2026-07-29,ihpfkmtqulU,622565,8411.0,2003.0
2026-07-29,T100und5zIk,7314974,56951.0,5800.0
2026-07-29,MIc6WINmW0w,583874,4681.0,1333.0
2026-07-29,3k1z4M2cc1E,2008036,25387.0,2584.0
2026-07-29,U0WJVifUnJQ,929333,11190.0,1372.0
2026-07-29,A2FTFoy8PV8,1277995,12235.0,807.0
2026-07-29,kxIpQ_ORXUg,684621,16039.0,1678.0
2026-07-29,IiTSI9-q0ps,219659,2576.0,399.0
2026-07-29,pSZ7FnZI8_c,473961,6906.0,853.0
2026-07-29,rRVNfBuGClA,311328,5696.0,898.0
2026-07-29,ddJUu5Hw9cU,2195213,29715.0,1366.0
2026-07-29,jL87hgzO7vA,990746,6018.0,482.0
2026-07-29,X87MG5lv1W0,782951,25024.0,2516.0
2026-07-29,2w-iWVqf0oM,882223,3576.0,426.0
2026-07-29,4R62pP2X9aE,886066,14075.0,1097.0
2026-07-29,KQxYWsW6z-U,1505817,13718.0,1181.0
2026-07-29,oXmyb_QJUFk,1951024,24778.0,1607.0
2026-07-29,aLviHKgeJOY,455370,6150.0,1056.0
2026-07-29,IYwG8EtimJE,349403,4982.0,751.0
2026-07-29,DzI8ssstKcQ,649835,9872.0,1487.0
2026-07-29,wZEIhXXM3xk,1155505,18385.0,3927.0
2026-07-29,Wb4ZCxbSlQ8,1243433,12578.0,1380.0
2026-07-29,id3xxfgQvjI,555131,13164.0,1038.0
2026-07-29,8Jnwg3Wn1MQ,958272,11937.0,1140.0
2026-07-29,F5Mwkl5DgJg,822656,11781.0,461.0
2026-07-29,w6iPA9_CuwA,462116,5329.0,582.0
2026-07-29,VaXb0g4G4Ug,1015646,8398.0,943.0
2026-07-29,QA-ywcfbiMA,2365088,26449.0,2665.0
2026-07-29,Rh4aR4Wukug,477305,5905.0,615.0
2026-07-29,aeXo1Uz8FDU,334295,4702.0,622.0
2026-07-29,4wB4iGPdPXw,1647998,12356.0,1269.0
2026-07-29,e-56mOkILms,1480961,15207.0,1263.0
2026-07-29,BCYrb8BmM1k,504294,6858.0,996.0
2026-07-29,SZ1a_v1TsI4,698146,5119.0,880.0
2026-07-29,oQYPgD3cIP0,1163241,13366.0,1754.0
2026-07-29,GcHTXEYCXNg,1087616,18080.0,1985.0
2026-07-29,93pLN-LUqV4,355467,5156.0,956.0
2026-07-29,6gf9egw2DJA,505346,5568.0,600.0
2026-07-29,DkmzHrUYs2w,301123,5460.0,860.0
2026-07-29,CPrTegO9aSA,202124,4975.0,344.0
2026-07-29,gr9MVXkXuxs,668123,7909.0,594.0
2026-07-29,BazRmtH26g4,492091,6037.0,867.0
2026-07-29,fGD6qE0i__4,631077,8290.0,856.0
2026-07-29,3IeYYN0Kz2c,2150114,20537.0,1481.0
2026-07-29,XdaZyOjUjF8,1736737,19429.0,2768.0
2026-07-29,9lYDS3_oV64,407706,5109.0,334.0
2026-07-29,3hThHvQAZro,863298,10163.0,1101.0
2026-07-29,00AxXFbgvgE,328305,3907.0,527.0
2026-07-29,E2MD_21MNwU,212540,4074.0,412.0
2026-07-29,HiGuvsUiCNI,1003886,9067.0,1652.0
2026-07-29,Yx_vpgtHN_U,507483,5399.0,855.0
2026-07-29,TseYUQKrMZs,487665,6585.0,974.0
2026-07-29,l6Roq91gYj0,475173,5236.0,897.0
2026-07-29,wfIpOtgJ2iw,1488837,35281.0,1375.0
2026-07-29,g52Beas26lQ,539846,12862.0,1513.0
2026-07-29,okFrYeZb96o,519070,6711.0,1393.0
2026-07-29,SMpf3Uc0JrU,446491,5228.0,562.0
2026-07-29,ZAegVqPa3EA,600725,7593.0,856.0
2026-07-29,HX1WLSHI-LA,818178,15526.0,2055.0
2026-07-29,wtlXnpZAnOo,633030,7356.0,810.0
2026-07-29,U8h0m7s7V5s,273445,5066.0,569.0
2026-07-29,QJ02NHju5oY,780242,9041.0,640.0
2026-07-29,WNdCY-HDm0Y,642395,6954.0,1354.0
2026-07-29,sDBpEOAPvOw,945377,15160.0,1440.0
2026-07-29,_T0dQYbJMAU,1746963,17999.0,1250.0
2026-07-29,cUMX4wminc4,2060906,17303.0,1661.0
2026-07-29,h-jiw3kY-sI,222682,3022.0,347.0
2026-07-29,bhnMtEHHYiY,590998,5936.0,1035.0
2026-07-29,IrJ8TUsjRh8,890310,10337.0,954.0
2026-07-29,DYZ7IaLmiTw,592563,8603.0,1198.0
2026-07-29,iIUPwXr0eBg,842416,7521.0,980.0
2026-07-29,pJAuyAgKCF8,346925,4873.0,474.0
2026-07-29,VBRgy3Wao30,832705,17095.0,1486.0
2026-07-29,15Sg28kI_G4,570250,10809.0,1879.0
2026-07-29,zaKT4RDGpqI,898332,15736.0,1730.0
2026-07-29,yJglsCBPnV4,340372,4663.0,463.0
2026-07-29,gpJrZdVLfHU,275451,3663.0,379.0
2026-07-29,N_SBd9wm4Ys,526650,6995.0,1461.0
2026-07-29,95fbfWQRKA4,590303,24087.0,3734.0
2026-07-29,S8_OH3Ey7ko,465864,6177.0,1626.0
2026-07-29,NHH6ng7612o,1978202,33119.0,2271.0
2026-07-29,0xexSuj1s3g,1296263,16258.0,1229.0
2026-07-29,WHAIO6lxe9M,1314726,33717.0,4584.0
2026-07-29,ljgoKjMvMWM,468983,5169.0,528.0
2026-07-29,551Sj3w0Avk,379054,5855.0,488.0
2026-07-29,LsmwR2meu4Y,821944,7446.0,987.0
2026-07-29,0WLoZOAZWzk,556843,6908.0,1006.0
2026-07-29,k5StMNkZNJE,5587593,64104.0,4211.0
2026-07-29,vjOsO2yMv7Y,349256,4702.0,1252.0
2026-07-29,fJaV3XpMRmk,323548,3686.0,687.0
2026-07-29,Ej03Bq99xj0,224642,3139.0,366.0
2026-07-29,Sl3j14jdnE0,1322639,10980.0,3366.0
2026-07-29,aRvDnZMz6j4,525202,6259.0,1142.0
2026-07-29,FFc-Ot356I8,663969,6833.0,833.0
2026-07-29,vUMcKiUvOOk,972759,12307.0,2940.0
2026-07-29,NvNKtZo3Lvc,453372,5608.0,740.0
2026-07-29,Rx-K760ugxA,1876435,25555.0,4049.0
2026-07-29,23x3sU35l28,241538,3140.0,716.0
2026-07-29,-Fd63ME1imw,885716,10969.0,1760.0
2026-07-29,nNvLfteovls,390552,4903.0,706.0
2026-07-29,zfvULDMKWF8,1451054,13086.0,1589.0
2026-07-29,OShWitxiqM4,243126,3400.0,429.0
2026-07-29,k29O2xAezeo,2393494,18998.0,2468.0
2026-07-29,FcpP9eObRYk,389371,5267.0,907.0
2026-07-29,iSeklNYXoTU,537349,7567.0,562.0
2026-07-29,C_MSqj7B5p8,1531612,13626.0,1146.0
2026-07-29,ciqEWfLktLE,965245,7540.0,713.0
2026-07-29,Vke0KSOmCUw,838686,7874.0,834.0
2026-07-29,QLf_cBZl-2Y,868301,7233.0,783.0
2026-07-29,brI00_-KBCg,487755,5732.0,896.0
2026-07-29,8SWyHMXKL68,1002543,11521.0,795.0
2026-07-29,9hKHC32aYE0,635318,12066.0,2319.0
2026-07-29,VQ66rU_MHV0,343863,4185.0,502.0
2026-07-29,CHtJHfUGBIM,256188,4378.0,387.0
2026-07-29,V96hV1Jysp8,403001,4747.0,375.0
2026-07-29,JWToEtJI4Qw,1461828,10847.0,1432.0
2026-07-29,hfnuU3IH6gQ,967247,8467.0,645.0
2026-07-29,evEqnPKMO5M,399024,4798.0,561.0
2026-07-29,CxkYRi-BGjA,1212472,9406.0,792.0
2026-07-29,3Do7nNCDP2g,406821,9254.0,616.0
2026-07-29,zZANIjocxUo,393682,7117.0,841.0
2026-07-29,qJVKaXuQ98E,692397,7332.0,777.0
2026-07-29,q0MbI31R4UE,234080,3844.0,337.0
2026-07-29,0LayfKCcz0w,893308,8252.0,608.0
2026-07-29,KfTgmSIS1uE,611206,7520.0,421.0
2026-07-29,mnFC_xvfK2U,800109,6578.0,757.0
2026-07-29,rr5p7H11CxA,586728,5190.0,568.0
2026-07-29,uKIN3Rvn8aA,2223708,22635.0,1275.0
2026-07-29,Vnbkl1Lla04,442778,7505.0,593.0
2026-07-29,qA32IGVuODE,1154569,5371.0,529.0
2026-07-29,XSzfXoYx0Xg,2720622,18331.0,811.0
2026-07-29,Ypw2XVpz4a4,2734475,27610.0,3713.0
2026-07-29,N14t_U0GIAI,427119,4392.0,475.0
2026-07-29,u4sRWXu87ks,863094,12617.0,625.0
2026-07-29,qOxYKLOG_nA,889068,15937.0,943.0
2026-07-29,AYZED_Zx6Hc,333103,3477.0,326.0
2026-07-29,Ly0IMZCMG6s,1142706,11004.0,1348.0
2026-07-29,iyStz9bZHnY,1809126,18595.0,1109.0
2026-07-29,dA0ttQ6lnP4,452183,5522.0,545.0
2026-07-29,8C_I8pJhfbk,2692817,26821.0,1495.0
2026-07-29,hWe1DAp8GV4,877149,9260.0,1520.0
2026-07-29,3fUgTV6VKDY,911373,13070.0,986.0
2026-07-29,3_8ef7xJaaU,2313267,23304.0,2417.0
2026-07-29,bvCQnu2mnfY,449804,13900.0,1539.0
2026-07-29,1CUq9Lq5UEY,2449748,31428.0,3331.0
2026-07-29,HIjCZL8BiAo,1146760,14812.0,1128.0
2026-07-29,aFqfOkXGg58,664010,6439.0,801.0
2026-07-29,Bog8P_smKlA,362860,4858.0,493.0
2026-07-29,d1PCw1yp4Xc,681072,6301.0,798.0
2026-07-29,7Y57gnHTUno,824834,8951.0,1266.0
2026-07-29,35Hj9MAzdPQ,1177996,9337.0,930.0
2026-07-29,uvtcxKXU_9k,435026,4809.0,583.0
2026-07-29,ZGZj3zv5RK8,377071,4761.0,470.0
2026-07-29,biDuhz-5ESo,1577972,18298.0,1718.0
2026-07-29,CEmkNCx5ruA,705343,6471.0,366.0
2026-07-29,w-63QNeJoKM,640888,6139.0,910.0
2026-07-29,gL4svcBDI0Y,587292,5083.0,591.0
2026-07-29,uYcmx5Vqu0g,492980,12723.0,1491.0
2026-07-29,h0jagPStHlU,2994815,21989.0,1711.0
2026-07-29,LFY2D-U6XwE,402239,4703.0,414.0
2026-07-29,Xaq04iOJqjY,685443,7736.0,712.0
2026-07-29,Y0WUW8UUkLs,154429,2291.0,418.0
2026-07-29,vPzx9kHeQAs,1143014,21532.0,6128.0
2026-07-29,kgDafQZMuP0,383820,4363.0,330.0
2026-07-29,AvoS2G9WMP8,416806,4860.0,330.0
2026-07-29,JjT3sZmWCHs,248699,2984.0,333.0
2026-07-29,cuVnXayR4wc,223170,4283.0,1330.0
2026-07-29,gC-gzoPD6Is,2361898,18414.0,1315.0
2026-07-29,QC6sOJ032h8,332340,2432.0,252.0
2026-07-29,Hdh4V_Uk5as,494061,4580.0,269.0
2026-07-29,fIgncRfM9KE,1050062,13003.0,2984.0
2026-07-29,gLwBYTShzB4,275018,2855.0,151.0
2026-07-29,3l1CIX23mrI,1199438,9602.0,784.0
2026-07-29,0smKHQMDCNM,314011,2983.0,243.0
2026-07-29,-WEqFzyrbbs,387015,4307.0,275.0
2026-07-29,4Oq2zjt_wTU,225692,2072.0,163.0
2026-07-29,DC7Joo94BAM,278519,5215.0,381.0
2026-07-29,WziVdoonTCw,358801,4117.0,442.0
2026-07-29,aT0k1R2D1-0,300420,4206.0,378.0
2026-07-29,_BUepsKPoFw,929952,7231.0,839.0
2026-07-29,Djhya5G3BSk,3595179,27907.0,1068.0
2026-07-29,vdN-Eii2fOw,784694,8637.0,623.0
2026-07-29,7rk7LBAoqzU,1081674,14077.0,1029.0
2026-07-29,h2kzp_C9Z6E,1686374,14041.0,1017.0
2026-07-29,N6cZXZktnO4,765011,7249.0,932.0
2026-07-29,yxU6xkVSNrc,339393,4794.0,392.0
2026-07-29,fBraVQd5T7k,734650,5931.0,408.0
2026-07-29,q2s47_57U1k,1108014,13311.0,2956.0
2026-07-29,bPJ3Fzd_T-U,1364987,12885.0,891.0
2026-07-29,vU6glnBBXqE,593914,5203.0,1491.0
2026-07-29,L44FI_1y7RQ,142463,2636.0,166.0
2026-07-29,O0Wj0mzq9VE,279086,3668.0,324.0
2026-07-29,qG2ZiOnls1M,622631,7290.0,793.0
2026-07-29,GmpeliHmNhQ,688162,7457.0,350.0
2026-07-29,vTVwIhJoejk,559918,4583.0,571.0
2026-07-29,vaWKlwOrgts,522854,5025.0,544.0
2026-07-29,SNhua9p8QGk,680183,7239.0,538.0
2026-07-29,BmQ5l042_78,582401,5811.0,461.0
2026-07-29,mffCD2M5rtM,1591362,11135.0,944.0
2026-07-29,fpbJNx3u8DA,259723,3905.0,450.0
2026-07-29,_Ppxac4LAzQ,1785930,15521.0,1391.0
2026-07-29,HpY2A3CM0WI,613097,5338.0,446.0
2026-07-29,MeAplifMdRU,463972,4669.0,423.0
2026-07-29,85SVBp0KkYk,313175,4307.0,347.0
2026-07-29,SDynekmtAKA,297321,3414.0,484.0
2026-07-29,t5MhdpIIULw,478386,8132.0,476.0
2026-07-29,rejP68_1VcI,707044,5478.0,305.0
2026-07-29,fGSiSRhPkyA,474439,5782.0,290.0
2026-07-29,nsWuy9DflLE,1903678,15338.0,365.0
2026-07-29,Bcrpn7tkoy0,267635,3295.0,582.0
2026-07-29,d7U0By1Fi4k,1250218,15869.0,1159.0
2026-07-29,O4fFZH6Uczw,329852,3148.0,401.0
2026-07-29,A22tHrQKL3s,781911,6000.0,227.0
2026-07-29,tEkapo_gcUU,442282,6456.0,560.0
2026-07-29,OAA1WNJ67PA,1322890,13345.0,2465.0
2026-07-29,HVaUSn4wBM0,250602,2495.0,330.0
2026-07-29,MaLhp45w_Pg,1122071,10393.0,834.0
2026-07-29,rS2mdMF6zSI,183532,2870.0,245.0
2026-07-29,aDwuUoimcIo,425643,4283.0,296.0
2026-07-29,JfCAKrJdUzk,1576930,21839.0,1740.0
2026-07-29,4_SrVvL6EWE,855527,8286.0,525.0
2026-07-29,OQd2uzgKhrg,759851,6885.0,1140.0
2026-07-29,_eX0EUe-meU,361816,3386.0,472.0
2026-07-29,qrRyKwR7REI,886433,5821.0,769.0
2026-07-29,ewJIgpFRrw8,251502,3095.0,282.0
2026-07-29,BROyQTDpMjI,2047591,18921.0,3241.0
2026-07-29,n_6a9K-6-Ak,111760,1569.0,145.0
2026-07-29,VwQjFOAH-7g,196200,2671.0,127.0
2026-07-29,7ytD2mi2NhI,838836,5520.0,587.0
2026-07-29,MgPq9HpZj3Y,160826,2124.0,625.0
2026-07-29,GRd6LLt20Ew,1159065,8303.0,311.0
2026-07-29,cabzUqnj_-o,256429,2128.0,291.0
2026-07-29,kpfdr4lcbss,339274,3152.0,460.0
2026-07-29,ZRaaSouGxWo,760439,8841.0,497.0
2026-07-29,0P5M0JFuRE0,161706,2091.0,203.0
2026-07-29,CRXm8J2JS5g,1311142,6329.0,280.0
2026-07-29,xZLLa3lMxlE,495758,4802.0,392.0
2026-07-29,EDjwSZOr4rA,876255,6829.0,189.0
2026-07-29,2oMf5H7hSM8,438358,3239.0,416.0
2026-07-29,5yCJSF9U60o,964670,10652.0,1130.0
2026-07-29,d4rt1NdWazw,225274,3630.0,429.0
2026-07-29,m-xUa-J5Njc,257080,2162.0,234.0
2026-07-29,wVE-hSewOq0,460992,6579.0,812.0
2026-07-29,NdCJ15dkh-Y,217055,2241.0,286.0
2026-07-29,sZRCiezYKLM,1209435,8293.0,1067.0
2026-07-29,0gYTNN7RAjY,782774,7150.0,469.0
2026-07-29,1eSZLvbHekA,668949,6129.0,634.0
2026-07-29,NZgAEQjxI0w,914530,9384.0,657.0
2026-07-29,x3NoBHvaowQ,1077268,5907.0,277.0
2026-07-29,69k24LCaVkg,141691,2327.0,210.0
2026-07-29,YX230Pq7T1w,346244,3066.0,320.0
2026-07-29,gDihfbThVOA,198768,2168.0,220.0
2026-07-29,rWxwFpJcFFk,751384,5067.0,643.0
2026-07-29,VsEwYQl1EQQ,865469,13135.0,686.0
2026-07-29,A5TQxgxBqsU,1046158,8188.0,946.0
2026-07-29,5exKZ2QZqwg,205204,2345.0,225.0
2026-07-29,VawTdGA2jE4,1263041,8378.0,442.0
2026-07-29,jEjRFBpQ9EA,261272,2536.0,422.0
2026-07-29,Z2y80Y8aFIw,544522,4994.0,1199.0
2026-07-29,bsdTMJbgJ6k,129717,2783.0,274.0
2026-07-29,M6CPdl__m84,559767,4494.0,970.0
2026-07-29,QJPmI0YP3Ag,3080289,22155.0,732.0
2026-07-29,30fg_vgQvD4,626978,5606.0,601.0
2026-07-29,bxidkpUBVIU,311806,3558.0,611.0
2026-07-29,fgJEzUwG_0c,274312,2970.0,179.0
2026-07-29,s-wrBC0CbDw,352599,6927.0,959.0
2026-07-29,PFuV00ybEjc,318655,3405.0,470.0
2026-07-29,MRaJ47qFVXE,1181930,8628.0,290.0
2026-07-29,7My-sdXv__w,1127245,9888.0,393.0
2026-07-29,cOF6N4Ut8Z0,833617,7460.0,1362.0
2026-07-29,o_NujHwIkW4,5469130,43911.0,1476.0
2026-07-29,KvoqlA_-h5g,891864,8775.0,767.0
2026-07-29,0kFCq_sdzgw,1290364,10445.0,1315.0
2026-07-29,VEe2zrygZ80,1049992,19706.0,5225.0
2026-07-29,X2O6Jf_AR6s,683289,6142.0,820.0
2026-07-29,zlHHufsT3XI,1192881,14587.0,1539.0
2026-07-29,Lz7U_TJ6bwY,537623,5067.0,713.0
2026-07-29,CKX3E9-pXyY,282606,3068.0,464.0
2026-07-29,rNT7MR0UMBM,533989,10521.0,408.0
2026-07-29,5ukXQn4jXxI,747463,6295.0,540.0
2026-07-29,7YQijKljKYU,1370857,9925.0,929.0
2026-07-29,xvGvAJrmL9g,91359,1827.0,155.0
2026-07-29,xkm-oSOgE_U,1330533,11922.0,1132.0
2026-07-29,VItB7Aw5tNg,1063800,9617.0,705.0
2026-07-29,eeN5wQopy0g,49218,690.0,127.0
2026-07-29,Hc6gcrQ9Gy0,268912,1965.0,137.0
2026-07-29,1Bi1NxJD-os,2712809,31285.0,2682.0
2026-07-29,k_HnFP7cPbU,992992,9479.0,1174.0
2026-07-29,tZ0vQrWbx7s,1108021,10626.0,572.0
2026-07-29,u4xQHdZhod0,286041,3041.0,309.0
2026-07-29,BoqZT1N6Z14,603256,4475.0,308.0
2026-07-29,o54tUwTAr34,675385,4560.0,579.0
2026-07-29,oAOYg_2v9ok,429807,3629.0,410.0
2026-07-29,w5HPy1af6OY,225590,2811.0,544.0
2026-07-29,2pCra_ARWb8,673176,6110.0,554.0
2026-07-29,nqPNSD99GMc,525304,9327.0,362.0
2026-07-29,wtEclq9XZBI,96783,1700.0,240.0
2026-07-29,SvB55au-wXk,588610,5193.0,737.0
2026-07-29,1CVmfXfR_Qs,62352,818.0,79.0
2026-07-29,pGeTwrU1xzA,786016,5842.0,634.0
2026-07-29,WibB7xBimfM,547440,4830.0,631.0
2026-07-29,BELhyPVFvZc,261451,2263.0,168.0
2026-07-29,Oe8PTYvRlz4,587126,11593.0,704.0
2026-07-29,ePaNUKwNoJc,408290,3097.0,242.0
2026-07-29,NHkcli4Z8j4,510000,6137.0,403.0
2026-07-29,RrDjgBSnNsM,620125,5926.0,271.0
2026-07-29,34SyuNAoC_w,45128,833.0,126.0
2026-07-29,7Ig9uPUskzk,97906,637.0,123.0
2026-07-29,Eti46UfgF04,8105175,19280.0,1679.0
2026-07-29,DjZgOco3P48,760067,5174.0,262.0
2026-07-29,goVREpjdI2A,114037,1987.0,271.0
2026-07-29,cyj_NdjSMBU,576453,6397.0,833.0
2026-07-29,ql2yQz5NkoA,1011941,12658.0,1990.0
2026-07-29,nlDpdyNLFKk,709257,4727.0,352.0
2026-07-29,NC1gN-ZE1uQ,332554,2945.0,396.0
2026-07-29,mczpIo6GiM0,814466,7153.0,1476.0
2026-07-29,Wam0_dQ8pAc,128180,1507.0,132.0
2026-07-29,W_KXknv61Sw,632755,6351.0,922.0
2026-07-29,4UmIAzX8JUU,123973,1920.0,176.0
2026-07-29,52QqfG-vXr8,1735386,10512.0,385.0
2026-07-29,UkE-iEzCeDU,663812,5508.0,612.0
2026-07-29,MbFCKEbRUKs,1974207,13485.0,1683.0
2026-07-29,DSJzyTM3VtQ,227540,1785.0,161.0
2026-07-29,0fKNV5I7v18,60153,3181.0,370.0
2026-07-29,QafuMMK6TVg,138584,1604.0,340.0
2026-07-29,1IDgid_sLW8,1059030,10954.0,674.0
2026-07-29,Hww-Xzxklz8,765473,6100.0,617.0
2026-07-29,SYEOykw__f4,724105,13094.0,655.0
2026-07-29,giBzqkzRb4g,159362,679.0,145.0
2026-07-29,OiaiXV7_WPQ,1139976,9274.0,1011.0
2026-07-29,WkA2Kvsum2o,2597307,12140.0,1194.0
2026-07-29,nG_q3lkLyJg,260112,4905.0,7522.0
2026-07-29,EO55c_AKr-U,526599,3347.0,531.0
2026-07-29,RF2nU7KjF-A,934056,11266.0,848.0
2026-07-29,xI1HorgQP3k,653475,4440.0,424.0
2026-07-29,0wlLVfFgDQg,756618,6156.0,1010.0
2026-07-29,qNRtpBSqQxM,57144,712.0,248.0
2026-07-29,_Gr0M9GH3nU,66104,1049.0,1179.0
2026-07-29,nPYpxYerSxA,381657,2420.0,441.0
2026-07-29,AsWnubXWaJ4,330580,2092.0,174.0
2026-07-29,io-wS1A3ZE8,337724,2397.0,647.0
2026-07-29,GIkbCDmLUHI,408279,3107.0,241.0
2026-07-29,XjNo8Pt_zxM,156222,1098.0,156.0
2026-07-29,Tl-bcZvkF4k,206806,1860.0,95.0
2026-07-29,OPuY-T9QXEY,406058,3715.0,143.0
2026-07-29,LuOJ8DGm64Q,85986,1119.0,139.0
2026-07-29,_zfqmyKOz9M,279367,1857.0,444.0
2026-07-29,C4iaybr2dng,422825,3673.0,569.0
2026-07-29,3Cb30HTvyHE,512301,4635.0,659.0
2026-07-29,oFavSHIOqM0,157433,1605.0,152.0
2026-07-29,kL0vmk7sGlI,123729,1387.0,150.0
2026-07-29,E529JRmNUWM,804917,11123.0,1424.0
2026-07-29,kxdP4k1AmgE,781420,4211.0,551.0
2026-07-29,Y0iiZVxieBI,1268749,6228.0,581.0
2026-07-29,er65lweGy3c,450594,2931.0,328.0
2026-07-29,RsYxBN_LwgY,2238647,11493.0,885.0
2026-07-29,jtn-IOiDyJM,244947,1882.0,370.0
2026-07-29,bZ3gFqhOqRM,270367,3286.0,334.0
2026-07-29,6FjAL_WBR7A,616782,6319.0,643.0
2026-07-29,uDA5-v3qoE0,479814,3792.0,489.0
2026-07-29,vn3VvyKp12I,611943,6386.0,759.0
2026-07-29,MDSiSlIWIN0,511830,3653.0,327.0
2026-07-29,Qgy3qL70wEQ,139188,1519.0,166.0
2026-07-29,Xs08DUcaGnw,556662,3173.0,261.0
2026-07-29,nQd79HXdWoU,606724,4085.0,397.0
2026-07-29,YSwXdYoN0fM,899138,8403.0,674.0
2026-07-29,xd85fqk6ih0,323997,3340.0,262.0
2026-07-29,toh-dFf5mpk,226198,1713.0,245.0
2026-07-29,gvIuMknWlH8,724871,4800.0,380.0
2026-07-29,rgVUTgyHy6A,1921617,16314.0,1579.0
2026-07-29,pO9sQdWBqMQ,406493,2515.0,174.0
2026-07-29,wZhvUGNl90c,198393,2471.0,240.0
2026-07-29,jDsSPWeOXL0,86811,1260.0,80.0
2026-07-29,ITjceNkI3Kw,642295,4430.0,375.0
2026-07-29,I3g4-hX76D0,576624,4172.0,383.0
2026-07-29,S7ipqvNQfLY,1877675,16853.0,3064.0
2026-07-29,3FMEcyfNUc0,193105,2118.0,281.0
2026-07-29,Y5BSWm2x4k4,290170,2297.0,200.0
2026-07-29,kSYJ-0Dza-k,24093,593.0,125.0
2026-07-29,xTLfIWdaugE,36692,1606.0,423.0
2026-07-29,WMBcaqKjBrA,83811,1327.0,90.0
2026-07-29,1-xV8Ay-59E,319303,1436.0,158.0
2026-07-29,6I_476IjM1k,91207,1022.0,70.0
2026-07-29,g2MblLYAZyI,1814183,7861.0,896.0
2026-07-29,2IB_AVC-lTI,403450,2847.0,303.0
2026-07-29,xHaaC5tTGYo,110631,1020.0,70.0
2026-07-29,LAGRFgJJ6pc,51940,506.0,40.0
2026-07-29,dYtXNGTQk0o,792649,5556.0,339.0
2026-07-29,MTU7EOqTLq4,260797,2463.0,240.0
2026-07-29,5-Rc9fohxt8,560436,3515.0,196.0
2026-07-29,uJdAXOkjQeU,97513,744.0,75.0
2026-07-29,6WbtomYQScE,1740180,11210.0,463.0
2026-07-29,0y_L_ToZjk4,112774,1126.0,37.0
2026-07-29,PkUH4erhyLY,1320725,7073.0,192.0
2026-07-29,qmQcizLAEog,80533,742.0,50.0
2026-07-29,CVPtEKtffXo,699825,4253.0,334.0
2026-07-29,dW6WjAzMGFc,1054144,4609.0,480.0
2026-07-29,vtwltBfAUT4,243882,1378.0,154.0
2026-07-29,aLYn2DTEycs,15671,76.0,8.0
2026-07-29,3ijUQ3-uVXE,183893,790.0,119.0
2026-07-29,dcr4Z8Wb91A,90274,435.0,70.0
2026-07-29,rtHEwnyi8RM,213877,1742.0,337.0
2026-07-29,VHZF7CSgvss,37589,334.0,43.0
2026-07-29,w5edgmMxKG4,215850,1864.0,79.0
2026-07-29,hyO53EvdskY,184470,1641.0,79.0
2026-07-29,bZuDPk_e8Rk,316382,823.0,131.0
2026-07-29,74L6pJKpqpQ,570839,4953.0,459.0
2026-07-29,0kUE7e2LSDU,71428,468.0,28.0
2026-07-29,CjuCrer7iIo,194241,644.0,123.0
2026-07-29,1qACG4nOohA,17743,191.0,37.0
2026-07-29,dC61VNpT6s4,70560,331.0,65.0
2026-07-29,Ib7Ijg4vcBw,312162,2082.0,103.0
2026-07-29,QksEwOPwSIg,927679,9829.0,460.0
2026-07-29,SgF1RdEvSlc,207956,1009.0,182.0
2026-07-29,0WKKtUknW34,136223,487.0,103.0
2026-07-29,YQmXOCRcQB8,20334,131.0,15.0
2026-07-29,yLCvxL3TJVE,1443264,10149.0,827.0
2026-07-29,_L651B-DiOg,37509,194.0,23.0
2026-07-29,gNXU7TuJ1Mc,193863,2151.0,196.0
2026-07-29,Wft92kUUJkM,1164052,9053.0,844.0
2026-07-29,zXryG3UWDHk,105115,841.0,34.0
2026-07-29,1I5Fgkxc6jM,83393,364.0,40.0
2026-07-29,2GFtnC5WZKo,344509,2325.0,237.0
2026-07-29,-hjrIyU7Zak,36753,229.0,33.0
2026-07-29,-NvptE-Lybc,606454,1553.0,184.0
2026-07-29,XVeJs2qCAVA,557118,3198.0,813.0
2026-07-29,AvZbrq4tZco,35810,160.0,16.0
2026-07-29,Kmlolv9GqVw,116625,542.0,72.0
2026-07-29,OXB-73Fy42k,74107,614.0,44.0
2026-07-29,kBGiN1YQGJA,90084,572.0,62.0
2026-07-29,3ou0EqpgNn4,616514,5402.0,525.0
2026-07-29,R09808z1Gvg,198735,1033.0,107.0
2026-07-29,fmKMTnavskc,130394,1053.0,78.0
2026-07-29,dzbuWnTlT-w,50472,291.0,65.0
2026-07-29,2NAiVtAHFKk,226405,1529.0,166.0
2026-07-29,IGQueStDVFE,64127,327.0,52.0
2026-07-29,0q1qc6LvxeU,96684,641.0,64.0
2026-07-29,bKdNvgzg4VQ,337246,1528.0,159.0
2026-07-29,A8jruM0jyvs,107482,597.0,129.0
2026-07-29,GTNlhJJ87Rw,74468,520.0,30.0
2026-07-29,CSMe2IFwh7M,12621,80.0,8.0
2026-07-29,7Ym3lUFDhds,50628,295.0,31.0
2026-07-29,eOAsGd-8YCk,15193,76.0,38.0
2026-07-29,q_XDFvi-B0s,47950,676.0,83.0
2026-07-29,pOUcPUDGz0s,18698,36.0,10.0
2026-07-29,mjWHR01sO7s,12298,126.0,3.0
2026-07-29,Pubb9YV9Gjg,105648,893.0,63.0
2026-07-29,xyw0nQx0IV0,8964,62.0,14.0
2026-07-29,4PKFiVSf5cE,10909,68.0,9.0
2026-07-29,URuu7n4JKf4,14416,223.0,16.0
2026-07-29,QvTp6y1JqYU,308039,1020.0,78.0
2026-07-29,AztWbH3NDaM,371491,4270.0,261.0
2026-07-29,lnvOPizyMU4,272877,1326.0,258.0
2026-07-29,GCKiFdNClmQ,513120,2773.0,309.0
2026-07-29,IxN36uJsaAk,10012,203.0,34.0
2026-07-29,a1YbR37eCeI,127883,732.0,51.0
2026-07-29,-k5ScuZG41U,685588,3737.0,511.0
2026-07-29,Hj3cRwMqEmQ,21838,215.0,26.0
2026-07-29,CpcrvHYQXkg,274334,2046.0,106.0
2026-07-29,HkzlhOBX_fY,290513,1840.0,158.0
2026-07-29,qS4YIPbNmFE,14869,259.0,36.0
2026-07-29,PRtPrULxO_g,278759,1924.0,271.0
2026-07-29,MFJbEReQiow,425197,859.0,238.0
2026-07-29,rR9Ndh0Qfc4,79152,197.0,71.0
2026-07-29,jVHR5nK5_Jw,67142,227.0,118.0
2026-07-29,DNjao1uS878,79731,733.0,57.0
2026-07-29,Ii5LR3vKknY,157475,1147.0,219.0
2026-07-29,f5MKx71pN_M,394086,2095.0,138.0
2026-07-29,dS6o-dQGfWU,159954,988.0,110.0
2026-07-29,ykBPOh6BmZg,253132,2229.0,237.0
2026-07-29,LTKJVyvRWLI,819898,4249.0,254.0
2026-07-29,hkClHbGf5wo,153032,806.0,79.0
2026-07-29,EbQ4kPpChrc,4327,14.0,2.0
2026-07-29,vxVN1s-WiXE,9111,49.0,10.0
2026-07-29,Llc4iipJtLk,5639,32.0,7.0
2026-07-29,XRYgEKaTHbA,7718,30.0,5.0
2026-07-29,N_VONZfduqU,4902,27.0,1.0
2026-07-29,8mGaKOcUoU4,544540,2675.0,331.0
2026-07-29,O0nApAme3hg,26836,54.0,12.0
2026-07-29,JvCxwTmFbP8,8411,17.0,6.0
2026-07-29,jXhdRYMKq3M,8217,24.0,4.0
2026-07-29,oQNEdEjpgl8,1513347,7319.0,1207.0
2026-07-29,5DUXRU9x47Y,5657,42.0,4.0
2026-07-29,ixndIZzghI8,3971,12.0,0.0
2026-07-29,DDDsz3Ym0Qc,4086,12.0,2.0
2026-07-29,giTVvgj-mu4,4418,26.0,2.0
2026-07-29,oeEDltA9l-Q,11462,57.0,3.0
2026-07-29,46DebIWqZiw,8952,25.0,5.0
2026-07-29,HiTNQQECxZU,8743,22.0,1.0
2026-07-29,UDPN8kAFw1M,8656,24.0,1.0
2026-07-29,b_qdMy6__Z8,11706,31.0,1.0
2026-07-29,pPqfkxFxDAA,18102,37.0,4.0
2026-07-29,C0-Ot3BE3LY,13315,29.0,1.0
2026-07-29,OC39uCwyLhA,41153,119.0,32.0
2026-07-29,bFS3qN20tG8,18069,136.0,35.0
2026-07-29,u1jrLvi_X58,43705,372.0,28.0
2026-07-29,QY33o2vBjvU,2028,8.0,1.0
2026-07-29,XYv1mnaVg7A,1055,5.0,2.0
2026-07-29,7bpW5kGStO4,982,5.0,2.0
2026-07-29,Y7j0NlFWEds,2331,12.0,1.0
2026-07-29,LlecuEIyiGo,12415,52.0,7.0
2026-07-29,_4lAeYP4DO4,86452,655.0,47.0
2026-07-29,4x7v5wujs64,5458,32.0,3.0
2026-07-29,tVEJNwK857I,4187,21.0,2.0
2026-07-29,Zj69VeaU6EA,11976,54.0,4.0
2026-07-29,N3822ySCWhM,16036,54.0,5.0
2026-07-29,UBAZLz7ZZM8,43582,176.0,9.0
2026-07-29,MWPX7KYiGu8,16052,104.0,7.0
2026-07-29,66eVooFV3wA,6644,36.0,3.0
2026-07-29,nxXG_-VEQME,5943,26.0,2.0
2026-07-29,Z4DjTZTh4xk,6495,44.0,1.0
2026-07-29,HVSnm-QAtKI,26228,118.0,19.0
2026-07-29,FJU0_APn5b0,24205,92.0,11.0
2026-07-29,POJRUAa_hdk,56750,255.0,21.0
2026-07-29,uCx0Wz2whCM,3008,12.0,2.0
2026-07-29,QV0Lx1WDwj8,13030,83.0,9.0
2026-07-29,Hj9WZDgF6Mk,7184,40.0,9.0
2026-07-29,sBjA_27eSBs,7640,39.0,2.0
2026-07-29,V3m2fJk6SEA,13362,100.0,12.0
2026-07-29,77MuiFsx2_o,156862,523.0,85.0
2026-07-29,G4OF9sSHdaI,1298,4.0,0.0
2026-07-29,Vj_p_05Yr9E,2292,16.0,2.0
2026-07-29,tch1WXlX0ao,2620,21.0,5.0
2026-07-29,jrBCJ4S9zfc,1033,8.0,1.0
2026-07-29,_FcHZKUl_VE,161655,623.0,68.0
2026-07-29,1jw1mglX3uw,1457,4.0,1.0
2026-07-29,25rznqH3a2k,1004,4.0,0.0
2026-07-29,CUDbpo7Mwpc,1299,6.0,2.0
2026-07-29,_pQVVCKkGxk,1135,5.0,1.0
2026-07-29,jePkP4npiKY,885,4.0,1.0
2026-07-29,muuzVuYzUTY,1140,9.0,4.0
2026-07-29,svkL1v0LJ9k,881,7.0,3.0
2026-07-29,J9r7fkaVmtc,1199,1.0,0.0
2026-07-29,cjXAReYH474,1392,3.0,0.0
2026-07-29,dA6H-DMl-Eg,874,1.0,0.0
2026-07-29,qkCWX8_CCuI,4624,11.0,2.0
2026-07-29,xZ8s7E19vqw,751,5.0,0.0
2026-07-29,zbhSnC8P5pM,3716,10.0,0.0
2026-07-29,735zTpNb0zY,822,3.0,3.0
2026-07-29,8Fq1RhgzcIg,1468,7.0,0.0
2026-07-29,YTo4gF0ucSk,1207,6.0,5.0
2026-07-29,vmWuVxkb42Q,816,1.0,1.0
2026-07-29,yWZuuhccKQQ,1456,4.0,1.0
2026-07-29,hlKQ8-ZWPS4,93416,526.0,59.0
2026-07-29,e8y2D8DyoUE,3025,12.0,2.0
2026-07-29,kEB6Tg4fGGA,2572,2.0,1.0
2026-07-29,zDdcKUv5gQo,2148,9.0,1.0
2026-07-29,c-oO-K0Jlwo,1679,3.0,0.0
2026-07-29,YRAOp-8SvJI,1642,1.0,0.0
2026-07-29,Bg1ursiF7Eo,2374,6.0,0.0
2026-07-29,5XUIuPi9fsA,1877,7.0,0.0
2026-07-29,qFdPnZFun-A,2087,4.0,1.0
2026-07-29,1zp4INOQbeQ,2815,9.0,0.0
2026-07-29,aNSFf_O1Ogk,2662,6.0,0.0
2026-07-29,eIHay2nwiVE,2404,7.0,0.0
2026-07-29,upDocOrc9pI,2162,11.0,0.0
2026-07-29,Jl4LYm04r98,4667,23.0,0.0
2026-07-29,0kd_OFyAVBE,1476,7.0,0.0
2026-07-29,MzmQ8-pxYL0,1643,5.0,1.0
2026-07-29,QtgXrBmISQY,4237,12.0,1.0
2026-07-29,qO2YBUzQbv4,901,4.0,1.0
2026-07-29,XxbsfsQp88U,56280,600.0,40.0
2026-07-29,lr8-P6LbWFY,931,1.0,0.0
2026-07-29,8jaGlPKyCAc,1330,7.0,0.0
2026-07-29,fbtlNw4EgAQ,1608,9.0,1.0
2026-07-29,YrASeKOylYE,958,3.0,1.0
2026-07-29,nb-u0maPEXk,1769,10.0,3.0
2026-07-29,IzaqlF1EpOY,1588,6.0,1.0
2026-07-29,ltlS9pAaKRw,1087,4.0,0.0
2026-07-29,1Ye_26vDCuQ,2945,10.0,2.0
2026-07-29,EDSJjtDCz5c,1185,3.0,1.0
2026-07-29,F5PTd8V4UBU,20403,55.0,
2026-07-29,jWd9dsmcUI8,3622,14.0,0.0
2026-07-29,pxWmnRE1dbU,3910,12.0,1.0
2026-07-29,n44ZS4LnxD0,3197,6.0,0.0
2026-07-29,6El-Ey9myWM,3962,15.0,0.0
2026-07-29,CQlMgh4ON_Q,17374,61.0,8.0
2026-07-29,3wLqa62LNJI,7989,28.0,3.0
2026-07-29,LagNvboJG-M,14416,46.0,3.0
2026-07-29,1JP47loZM1Q,2691,9.0,1.0
2026-07-29,M_9ilJsqpEo,27884,82.0,7.0
2026-07-29,mQSXUS2ELlY,25494,65.0,8.0
2026-07-29,3b5YtBsHN4E,135580,435.0,42.0
2026-07-29,0wEGv53OBgs,3969,20.0,4.0
2026-07-29,YCwuGKyXHJE,3880,12.0,4.0
2026-07-29,dDPzNlY0jmA,1504,4.0,1.0
2026-07-29,ICUXmw3IVug,1178,2.0,1.0
2026-07-29,Z5JozHvMxbE,616,3.0,1.0
2026-07-29,wM3te4nXinw,714,2.0,0.0
2026-07-29,c4n_nf3pbsI,752,2.0,1.0
2026-07-29,zXd5tWKf0bM,925,3.0,1.0
2026-07-29,FyMkNZmuNBM,1056,7.0,0.0
2026-07-29,X6Tz1aLid1g,809,1.0,0.0
2026-07-29,z7QluJpOj3c,794,4.0,1.0
2026-07-29,qcOiWL0rbiY,584,2.0,0.0
2026-07-29,IyWaKFOdKes,591,2.0,1.0
2026-07-29,X3wldEoPHco,1441,9.0,1.0
2026-07-29,0RosioBfUA0,726,5.0,0.0
2026-07-29,p36O2WOHP1E,883,6.0,0.0
2026-07-29,a1TmiVhgl9s,1405,11.0,0.0
2026-07-29,7YUClGtcQQw,3384,22.0,6.0
2026-07-29,qWhcqn2S9NU,1971,3.0,1.0
2026-07-29,Hnk0p-1iRZE,2454,7.0,2.0
2026-07-29,WQnAs-0OF1Y,1607,9.0,1.0
2026-07-29,9n2GAmtIVgg,5926,26.0,2.0
2026-07-29,Nk2hWyPz1vM,907,5.0,3.0
2026-07-29,cpGWIk7JcFM,925,4.0,1.0
2026-07-29,lQ-TS4prRs8,802,1.0,0.0
2026-07-29,bchWKkBcXZs,1643,6.0,1.0
2026-07-29,m-FQmkaxuNM,761,2.0,0.0
2026-07-29,uBgJiF2GMa8,1037,4.0,0.0
2026-07-29,ph2Y4AMbu-Y,594,3.0,0.0
2026-07-29,tx9nrxDfYu4,617,1.0,1.0
2026-07-29,kZlW1cIFYCw,626,4.0,0.0
2026-07-29,4DNjDbnTDXQ,590,3.0,0.0
2026-07-29,Yu06PvTKwXc,1809,10.0,3.0
2026-07-29,lnSzl_fek74,876,2.0,2.0
2026-07-29,H7-UuxUptBM,834,4.0,1.0
2026-07-29,E6FCizmPGZY,1293,5.0,0.0
2026-07-29,WBuVpTOpsq0,1675,10.0,3.0
2026-07-29,W38b13-62-o,716,6.0,0.0
2026-07-29,emdCvtQFxgQ,647,1.0,2.0
2026-07-29,D9ImI1jO9JU,580,0.0,1.0
2026-07-29,HSGvcGK__wg,584,0.0,0.0
2026-07-29,BOQjVHCtN3Q,606,2.0,0.0
2026-07-29,NXMH66cXF54,591,5.0,2.0
2026-07-29,mbKgYgX8xv8,654,2.0,1.0
2026-07-29,kGuyVkXYfvg,3253,23.0,5.0
2026-07-29,toNYZttGTC8,938,2.0,0.0
2026-07-29,z92h6N4qimU,1005,2.0,0.0
2026-07-29,tMQASG-TZFw,769,2.0,1.0
2026-07-29,mWI2dL8XPi0,1177,3.0,0.0
2026-07-29,o0hM5Suv0SY,1272,4.0,0.0
2026-07-29,d1BVfVVXE6M,2265,6.0,1.0
2026-07-29,va6zzUyrHUw,5963,33.0,6.0
2026-07-29,xgpNnn1S_OA,7692,27.0,4.0
2026-07-29,3N-mPxd7h80,34641,52.0,6.0
2026-07-29,SjSQGBoMQy0,2208,11.0,0.0
2026-07-29,AglThwKWxgM,3066,7.0,0.0
2026-07-29,ZVQrqaqXoT0,6340,9.0,1.0
2026-07-29,ubpDnFILIU4,2269,4.0,0.0
2026-07-29,8fy6yXhCGGo,4592,13.0,0.0
2026-07-29,HykfX_A2wY0,4440,14.0,0.0
2026-07-29,MtDdrOy89kA,2227,5.0,0.0
2026-07-29,IUBDxGVjCVY,1694,2.0,0.0
2026-07-29,jB9wd7uGjXY,1930,2.0,0.0
2026-07-29,f2mk1l_mRhE,2526,3.0,2.0
2026-07-29,xBMbRf4ZmS4,2781,7.0,1.0
2026-07-29,iDqM2_StAr8,2585,4.0,0.0
2026-07-29,Rk8PR51Sojg,2456,5.0,0.0
2026-07-29,FgHlLLnEQNM,1617,4.0,0.0
2026-07-29,1nwgBJRpiN4,2572,3.0,0.0
2026-07-29,4cDHICeAAiw,17747,47.0,4.0
2026-07-29,SlmIxWlvOXo,27672,47.0,12.0
2026-07-29,WzNoX5EE-ps,22308,33.0,9.0
2026-07-29,_KQVbi8TtQ8,4686,10.0,1.0
2026-07-29,DFh40raE6v8,3788,9.0,1.0
2026-07-29,mvrGOZQA2zc,3126,7.0,0.0
2026-07-29,gVb1i_84lfs,2426,7.0,0.0
2026-07-29,VyR18jVVsOo,2496,4.0,2.0
2026-07-29,BPZ_D3oDB30,2668,6.0,1.0
2026-07-29,urgYhZ28J6Y,25274,31.0,6.0
2026-07-29,KazL_H4FG60,25919,41.0,5.0
2026-07-29,h02Vlv3HPB8,31354,54.0,4.0
2026-07-29,8XC0RrM72mw,27931,43.0,6.0
2026-07-29,2iT0RPgGiYw,4702,12.0,0.0
2026-07-29,owHKsLBGkgY,5927,14.0,0.0
2026-07-29,uUWpuhYFFIM,3832,12.0,2.0
2026-07-29,xm23wWh2dDI,3475,8.0,1.0
2026-07-29,1zH9GfyNuwU,36455,63.0,25.0
2026-07-29,AGjqDV1_VM8,27320,52.0,4.0
2026-07-29,TDpI4W-EZhw,30566,64.0,12.0
2026-07-29,yMM8WhFSzvg,29366,53.0,9.0
2026-07-29,p3PM836S1xw,94747,246.0,31.0
2026-07-29,pDc2_5onajw,4460,10.0,1.0
2026-07-29,XJEvL5aBKJk,4460,7.0,0.0
2026-07-29,t2uK3N3h1Tk,12049,27.0,6.0
2026-07-29,aNwe3L31Wfo,2416,3.0,1.0
2026-07-29,FMSzwLLr5CU,3599,12.0,1.0
2026-07-29,ZoxN-OnPU-8,2691,9.0,1.0
2026-07-29,mCGfOSfwBs0,3783,19.0,6.0
2026-07-29,htv6gpIAODA,4105,10.0,0.0
2026-07-29,TCfZHXk2WAU,2429,5.0,0.0
2026-07-29,J8SopAvLZDY,1785,4.0,1.0
2026-07-29,tieg9crbllM,1771,4.0,0.0
2026-07-29,wp4tD9k1_TU,2335,8.0,0.0
2026-07-29,NgYzX5T42hA,2003,4.0,0.0
2026-07-29,ua-9daknZtk,1629,5.0,0.0
2026-07-29,-6FBuHQB_3w,2329,6.0,0.0
2026-07-29,7D7yhh-n5GE,2104,5.0,1.0
2026-07-29,uLInLg_Odeo,2709,4.0,1.0
2026-07-29,mZWc6GYLaA0,1977,6.0,2.0
2026-07-29,BWX4RW7R4l0,2603,8.0,1.0
2026-07-29,UUyV07HvFUw,3543,11.0,0.0
2026-07-29,dOyrSpX_Ao8,11458,34.0,14.0
2026-07-29,flG6OrDq73s,2361,7.0,0.0
2026-07-29,sHCwwtbtwL0,3845,7.0,0.0
2026-07-29,FZPxaygVzTg,2757,9.0,1.0
2026-07-29,ms7OjsuvCi8,2090,2.0,0.0
2026-07-29,GUWgvVlZGl4,1777,3.0,0.0
2026-07-29,o65Uk2fBsRI,1597,3.0,0.0
2026-07-29,8Lkgv-xLP7M,1756,3.0,1.0
2026-07-29,wghpqXoyrIU,1713,3.0,0.0
2026-07-29,VFzddYvDPkA,2902,8.0,1.0
2026-07-29,7_zyhDYJNOc,1509,3.0,0.0
2026-07-29,fpUOjfgLH-g,1415,1.0,0.0
2026-07-29,e3xnTtbkWWc,2047,2.0,0.0
2026-07-29,4eGiGf8sSJI,1999,4.0,3.0
2026-07-29,bOZxPUptk6M,1701,2.0,1.0
2026-07-29,wmdFbPn2A-k,1557,3.0,0.0
2026-07-29,PsgBlXLIsWw,2365,1.0,0.0
2026-07-29,Gu8iHXJ8e5o,1992,5.0,3.0
2026-07-29,nAuYGHgnCnI,2199,10.0,0.0
2026-07-29,kD_pij93U9o,1967,6.0,0.0
2026-07-29,EB_BvBOVsWg,1725,4.0,0.0
2026-07-29,nfX1YtFnO9w,8236,31.0,0.0
2026-07-29,Dge3PlSuVuw,1835,4.0,0.0
2026-07-29,5CDOKmIdjPw,2456,3.0,2.0
2026-07-29,IxEH80t9qTw,2234,4.0,1.0
2026-07-29,R-zqLBKyU1E,3136,8.0,1.0
2026-07-29,Ef1AMIfMQMw,6144,9.0,2.0
2026-07-29,qUW-yHLJCGo,3213,4.0,0.0
2026-07-29,c4TqbgGUQKw,2477,8.0,0.0
2026-07-29,vjUzpJW82nA,2168,5.0,1.0
2026-07-29,LvTFolHU5rA,2523,4.0,1.0
2026-07-29,-NJouXehlqA,2451,7.0,1.0
2026-07-29,9FSlDjSlpV8,2254,6.0,0.0
2026-07-29,A6eNVINRBjM,2807,7.0,0.0
2026-07-29,PzUg_DdB0cI,2367,2.0,0.0
2026-07-29,inL6VYHyGcM,14778,114.0,16.0
2026-07-29,FUqOhMGxT40,2439,6.0,0.0
2026-07-29,LcVc7Np9OZU,2195,4.0,0.0
2026-07-29,6YI5Tt5HaN4,6703,16.0,2.0
2026-07-29,ouWy8XWdl1I,3427,6.0,0.0
2026-07-29,ABtmHZh-Lz4,13137,19.0,0.0
2026-07-29,Ag6pw3GKvfM,3881,8.0,2.0
2026-07-29,3VGzs64MP3w,3360,5.0,2.0
2026-07-29,30LKs6C5us8,3039,9.0,0.0
2026-07-29,xCiVKPBnZDg,2937,7.0,1.0
2026-07-29,adFnCqUptQY,4772,15.0,3.0
2026-07-29,AIkUGWe1KpE,11206,29.0,6.0
2026-07-29,MK6iq3_nPVE,879,3.0,2.0
2026-07-29,34Zg5tiG24E,1004,5.0,2.0
2026-07-29,Q_eMbw92lwI,776,1.0,0.0
2026-07-29,rfbEt7Pm6OM,674,1.0,0.0
2026-07-29,6Us5tl-fWPM,812,1.0,1.0
2026-07-29,u0o24W-lApk,860,2.0,0.0
2026-07-29,IsClHGmtD9Y,1099,3.0,0.0
2026-07-29,JsKiiAuACq8,947,3.0,0.0
2026-07-29,LSBwrqtvqQQ,905,3.0,0.0
2026-07-29,Vq3jW8YbnS4,976,1.0,0.0
2026-07-29,iZ6s1vkW4BU,1102,3.0,0.0
2026-07-29,jmDAUHeaZOA,1055,4.0,0.0
2026-07-29,oJdOUH0UmXM,1046,2.0,2.0
2026-07-29,GyOnvs4SGBA,3323,15.0,6.0
2026-07-29,ZFM3FvheRxg,1471,8.0,3.0
2026-07-29,-7jE5lN3GvU,1781,7.0,3.0
2026-07-29,uXmqQEJo-bw,4573,21.0,2.0
2026-07-29,RRFPFQO3Vfo,1909,6.0,4.0
2026-07-29,Kp3rpdtcIVw,1045,3.0,1.0
2026-07-29,Lmq4kofiW3Y,1089,5.0,1.0
2026-07-29,ZOk9cnLn6TA,964,0.0,0.0
2026-07-29,ugOzQ-Oycy8,961,6.0,1.0
2026-07-29,ZgbNwKGQkF8,1057,2.0,0.0
2026-07-29,riqM1BoCmY0,1221,4.0,0.0
2026-07-29,GWBMkISy0AE,1351,1.0,0.0
2026-07-29,huRNJPaFQRE,1233,2.0,0.0
2026-07-29,NQbShdnE7nU,1154,1.0,1.0
2026-07-29,JlOJuGBH_KY,1388,7.0,0.0
2026-07-29,3pWQ58wHsyU,1125,2.0,1.0
2026-07-29,3sVsMeAfRMs,1221,2.0,2.0
2026-07-29,E1WXWxnxaJ8,1374,3.0,0.0
2026-07-29,bWElvnOwezc,5191,26.0,15.0
2026-07-29,Gu_7_3dHDyo,1296,3.0,0.0
2026-07-29,ZXVMmRW2HZI,1166,4.0,1.0
2026-07-29,TEFeXq4lgL0,2310,6.0,1.0
2026-07-29,sVja85MalV4,1787,5.0,2.0
2026-07-29,vexG25TCGrc,920,4.0,3.0
2026-07-29,X-DdPnXlS8E,1937,7.0,0.0
2026-07-29,tcfg9Xz-lp4,1867,3.0,1.0
2026-07-29,4uC6yMeoS3w,1787,7.0,1.0
2026-07-29,GOS5MdNxSOc,7351,31.0,0.0
2026-07-29,fDMckocHYhE,3578,10.0,3.0
2026-07-29,udnWzL9kPN0,990,3.0,0.0
2026-07-29,oSqxx-WIvZg,1564,9.0,0.0
2026-07-29,hqJjaAAFhHg,3614,9.0,2.0
2026-07-29,ItxbAMznZ_g,2123,1.0,0.0
2026-07-29,t3p2YnVvnfk,1788,3.0,0.0
2026-07-29,nMq16EId_eI,2811,3.0,1.0
2026-07-29,ObBLCzSbAOo,2826,3.0,2.0
2026-07-29,SayBEH-4nxY,3119,19.0,2.0
2026-07-29,YH9UsKPwnPw,3195,7.0,2.0
2026-07-29,mo2HgvQrMpg,3441,7.0,0.0
2026-07-29,FNmQtThyYBU,6120,2.0,2.0
2026-07-29,A5kHdbxmPi4,4637,9.0,1.0
2026-07-29,ZKW8Y-PlFPw,4905,4.0,4.0
2026-07-29,sK3ZwXzHkl8,12406,17.0,0.0
2026-07-29,KkFueo-Bi5A,2194454,3358.0,173.0
2026-07-29,nT_l8w_I4Zo,1173,1.0,0.0
2026-07-29,5LTxwWujAVc,1235,2.0,0.0
2026-07-29,tqghZbq25-o,1649,3.0,0.0
2026-07-29,bxHm1u5yBPI,1647,3.0,0.0
2026-07-29,a-69myjJIZU,13573,84.0,22.0
2026-07-29,Idx5IGzx4Zc,2624,17.0,3.0
2026-07-29,m2Hf0ngvfbk,1291,5.0,0.0
2026-07-29,tt8oYhAfatc,1546,7.0,0.0
2026-07-29,HCDV4bzeBhE,1608,4.0,5.0
2026-07-29,BmOuqKgxSW8,1386,4.0,3.0
2026-07-29,uzO39v4RG9Q,1406,2.0,1.0
2026-07-29,mrJpNoRVFl0,2125,3.0,2.0
2026-07-29,crHJ_gmLjpc,1894,2.0,0.0
2026-07-29,gbLJSTzEDhI,2109,7.0,0.0
2026-07-29,HS5iwaHIzfg,2628,9.0,1.0
2026-07-29,yAJYZT0MfZ8,1241,8.0,1.0
2026-07-29,A4K7C02MfUU,963,4.0,0.0
2026-07-29,fWn2XcQrS5Y,1574,17.0,5.0
2026-07-29,vq8AXNyNwcw,12583,45.0,6.0
2026-07-29,1TrSdixZPQI,2483,9.0,0.0
2026-07-29,6CozFX3GK_o,3342,18.0,1.0
2026-07-29,chcnY4n2vY8,3080,5.0,13.0
2026-07-29,Cw3QMN_gcnk,3367,13.0,3.0
2026-07-29,YmLqJT_tv8Y,9561,41.0,7.0
2026-07-29,mF5TlE5Z--M,1333,2.0,0.0
2026-07-29,GaVQPzefj1A,1506,3.0,0.0
2026-07-29,ZJT5ydcRKHQ,1671,3.0,0.0
2026-07-29,LOClSv1znFU,4172,20.0,1.0
2026-07-29,A3CtLT_be_w,1394,5.0,1.0
2026-07-29,FBFdf_zEOP8,1539,3.0,2.0
2026-07-29,KI-fKIJDHAs,2621,11.0,3.0
2026-07-29,1UBAFp2lIzo,1580,4.0,0.0
2026-07-29,tmuL8-DBtVI,1848,4.0,0.0
2026-07-29,o-HUrA0-FAI,1746,3.0,1.0
2026-07-29,m1K-8QhELVk,1611,4.0,0.0
2026-07-29,2pnV3w09h-g,2708,4.0,1.0
2026-07-29,mfr9dQhY6wQ,2234,7.0,0.0
2026-07-29,EIMIwb6nJAA,2714,8.0,0.0
2026-07-29,wED0tJIeINE,1245,7.0,0.0
2026-07-29,T95agrCD_ck,1411,8.0,0.0
2026-07-29,YSJhEtV-P04,1385,3.0,0.0
2026-07-29,7wsKS10X0Ls,26424,207.0,47.0
2026-07-29,J0vSn3OGIz8,1855,6.0,1.0
2026-07-29,sQjpPBSu1vw,3982,12.0,1.0
2026-07-29,P0n6Qkt8wUU,3790,15.0,1.0
2026-07-29,5IvSm6mBHGw,8796,43.0,13.0
2026-07-29,GzYgkICvCAA,137852,1446.0,247.0
2026-07-29,-glCjnhuLPY,101257,588.0,112.0
2026-07-29,v4qL2B3dk7c,3412,10.0,3.0
2026-07-29,iUr3IbEwwHs,2195,9.0,1.0
2026-07-29,OrL32cyR21o,72039,267.0,22.0
2026-07-29,yRtU0gfTe5c,1395,5.0,0.0
2026-07-29,1M7mpZIp6I0,1556,3.0,1.0
2026-07-29,bmpLARbqx8o,19352,77.0,14.0
2026-07-29,hZSmprVwPMo,1755,6.0,3.0
2026-07-29,vSUzlwX19Vk,1842,7.0,2.0
2026-07-29,0kUw6H1-W7I,1198,1.0,0.0
2026-07-29,SVdagZekwjA,1334,3.0,0.0
2026-07-29,36jxgIP2qGE,1724,2.0,0.0
2026-07-29,3afTM_-pxZA,869,4.0,1.0
2026-07-29,LU8Qms65w1w,5246,55.0,5.0
2026-07-29,oyz2vG8VBBY,1466,3.0,0.0
2026-07-29,-l4RUrqm7zg,1613,3.0,2.0
2026-07-29,TY8E4G-coVc,1361,2.0,0.0
2026-07-29,5wkiLLZEHYw,1798,3.0,0.0
2026-07-29,Nj2XxSsdBTc,1359,3.0,1.0
2026-07-29,6olRTB-2hPw,1618,2.0,0.0
2026-07-29,emfT2nDcTB0,1382,3.0,0.0
2026-07-29,GYT9j7CSrWs,1839,4.0,1.0
2026-07-29,DKKqzE1TotM,2014,4.0,0.0
2026-07-29,r0KPTl8Wsmk,5968,22.0,3.0
2026-07-29,DLJ2f267giY,2929,9.0,0.0
2026-07-29,6YYDuupRQiw,3965,41.0,5.0
2026-07-29,qS4HAxNcn-o,2960,8.0,2.0
2026-07-29,TBX--OPEijI,888,2.0,0.0
2026-07-29,_J1VBbOi7UA,731,3.0,0.0
2026-07-29,SlTzZee9Qf0,1049,2.0,0.0
2026-07-29,La40BBMoatA,983,2.0,0.0
2026-07-29,JmDKhnHicnw,904,4.0,0.0
2026-07-29,s2X_r725wMY,753,3.0,0.0
2026-07-29,H_VaMZgaDNw,907,8.0,0.0
2026-07-29,8sX4mXaXamY,754,1.0,1.0
2026-07-29,hPTwEXo15nw,854,6.0,0.0
2026-07-29,kgjfm1tv4Gc,1346,3.0,0.0
2026-07-29,xUhEdrq3dAI,1034,3.0,1.0
2026-07-29,Q5o1WJ8WKEo,826,3.0,0.0
2026-07-29,U6ytUAlWwFQ,932,5.0,1.0
2026-07-29,nNVYagRTQ0Q,1615,5.0,0.0
2026-07-29,SyQWzvjwGy4,1619,4.0,0.0
2026-07-29,sZL7RxsGdbw,4324,21.0,5.0
2026-07-29,0OVxMr-zkys,1218,7.0,4.0
2026-07-29,l16I3hBO7ZU,3718,18.0,3.0
2026-07-29,7cs3qAFaov0,526,5.0,0.0
2026-07-29,5STQoZOsj1U,1369,8.0,1.0
2026-07-29,i4QJH3TT0_E,1544,5.0,1.0
2026-07-29,OYShv3_PMEQ,1051,9.0,0.0
2026-07-29,zksdJWLiSPs,2462,19.0,3.0
2026-07-29,7X7XudRjwK8,3745,10.0,5.0
2026-07-29,ZIDoakhqLrI,4235,16.0,3.0
2026-07-29,ds3w8dDus5E,4184,21.0,1.0
2026-07-29,5iVZZ5QlX8w,3909,17.0,1.0
2026-07-29,s1eH1fZrd1M,2948,13.0,0.0
2026-07-29,J5ThVCRTlE8,3215,13.0,7.0
2026-07-29,t0Y4CCrDir8,3827,14.0,4.0
2026-07-29,j6TyLQDx70s,2972,16.0,6.0
2026-07-29,FjEpjk6Zrbg,3154,15.0,0.0
2026-07-29,9YZNZnWFrz8,3498,19.0,15.0
2026-07-29,OlrByp6Rfd8,7245,38.0,5.0
2026-07-29,TL6mKdJbRyU,2845,15.0,2.0
2026-07-29,SVc07hzAH9k,1268,6.0,2.0
2026-07-29,ZOoUPUX3vIk,788,3.0,0.0
2026-07-29,Zk4kqcCJKbg,1284,5.0,0.0
2026-07-29,5LR1c3QyCb0,798,5.0,1.0
2026-07-29,zLLJM8-SbMc,742,4.0,1.0
2026-07-29,C_4B9r_Vgx0,762,3.0,1.0
2026-07-29,YRzZh60dxy0,1132,3.0,0.0
2026-07-29,Cpye1RwR9rw,968,6.0,4.0
2026-07-29,ygHaLzQCYJA,864,4.0,2.0
2026-07-29,LSC12fIgfo4,1527,5.0,1.0
2026-07-29,It4l2kPUsu4,22306,125.0,13.0
2026-07-29,6o5M6Es7zZU,1875,3.0,0.0
2026-07-29,tXmKGpsn9-M,1755,9.0,0.0
2026-07-29,zb9iy1L_NzM,1433,7.0,0.0
2026-07-29,_PfUmTsSUN4,5973,38.0,2.0
2026-07-29,4jdRhJh7NV8,9520,17.0,12.0
2026-07-29,U-AVCPWKTyo,4896,10.0,2.0
2026-07-29,AL1AT-2n3Os,4520,5.0,5.0
2026-07-29,k2xXwdJSyTw,2668,7.0,3.0
2026-07-29,wQHQ801OOpM,18445,35.0,8.0
2026-07-29,_ZhCqRaLr-g,7386,9.0,3.0
2026-07-29,xTTohAq-MBo,4131,6.0,2.0
2026-07-29,DS2mJYQUP-E,6647,12.0,1.0
2026-07-29,u5VWXx_eDwU,5856,5.0,3.0
2026-07-29,kvc6WPidSNg,3877,4.0,2.0
2026-07-29,BHO6LM9ny8k,4836,5.0,3.0
2026-07-29,CvPFJlm3us0,3543,9.0,0.0
2026-07-29,dDTO4ryN7S8,3465,4.0,2.0
2026-07-29,K22Sp0cuZlw,3046,4.0,1.0
2026-07-29,a7r39DXJ3jU,2397,2.0,0.0
2026-07-29,mRVVD_ahKVo,2368,4.0,0.0
2026-07-29,7BXSyrBcI64,2937,3.0,2.0
2026-07-29,CUBPLfnj7xA,3775,6.0,9.0
2026-07-29,3EEBtA9rhUA,2617,3.0,0.0
2026-07-29,kO6cTPv4U_0,2435,7.0,0.0
2026-07-29,2L2pSiDRYIY,2224,2.0,1.0
2026-07-29,AiEb0q8doS8,3126,10.0,2.0
2026-07-29,DONgiR81OII,2765,6.0,0.0
2026-07-29,smikVOVxRIg,4354,6.0,3.0
2026-07-29,IYkuBRgAgBo,4457,9.0,1.0
2026-07-29,eEyflYeBaSM,3542,6.0,0.0
2026-07-29,1rugGjsdcMw,3712,5.0,0.0
2026-07-29,PByRckqSAb4,4195,11.0,0.0
2026-07-29,umUSCmHZfew,4360,8.0,1.0
2026-07-29,wWhniqu4GZU,4511,7.0,2.0
2026-07-29,sW4e5Q1LJ-s,4954,4.0,0.0
2026-07-29,d1okmmxsGpc,6343,13.0,1.0
2026-07-29,2QYpDe1hGrE,4366,47.0,7.0
2026-07-29,D08eMW0JUPI,6265,44.0,6.0
2026-07-29,K75FTUqH4r8,10342,22.0,10.0
2026-07-29,NBzv8MQJRUg,1688,9.0,0.0
2026-07-29,kOaNrPRqnUE,2122,11.0,6.0
2026-07-29,vmf1q-B6iH4,5694,38.0,10.0
2026-07-29,-qb_9gNhozA,10825,79.0,9.0
2026-07-29,LWRM6dxoVsA,355,3.0,0.0
2026-07-29,CjmYLF8Bx3M,293,3.0,2.0
2026-07-29,Z9PyGm-NBEA,364,2.0,0.0
2026-07-29,hBaeztJ2tls,40803,316.0,37.0
2026-07-29,GNwycvokxb4,6258,48.0,3.0
2026-07-29,UPp-bg1SBQw,7662,55.0,3.0
2026-07-29,U8lhpcNuKI4,20478,111.0,12.0
2026-07-29,pMzR4EcJYFM,2516,15.0,1.0
2026-07-29,-JDdIEKpMSI,2499,27.0,3.0
2026-07-29,YEunmkmgSIo,4853,16.0,2.0
2026-07-29,81nWFgwShn8,1466,5.0,3.0
2026-07-29,IjYQg5j5kgE,9878,41.0,13.0
2026-07-29,1AJlZT-bIhY,2345,19.0,0.0
2026-07-29,56FZ-MuHASU,2580,11.0,1.0
2026-07-29,2zo3TPPgMSE,1483,4.0,0.0
2026-07-29,nHMgMgJivVQ,3990,16.0,3.0
2026-07-29,rC6kl6rEhCE,571,0.0,2.0
2026-07-29,OmHEdSpgzFA,85682,340.0,66.0
2026-07-29,yltF7C4XGkQ,7770,28.0,15.0
2026-07-29,u89T7xqyJPY,5056,9.0,2.0
2026-07-29,q6tjnntTUCA,3795,7.0,5.0
2026-07-29,hcPILEO6hTI,2942,5.0,0.0
2026-07-29,Q5J1k1Zgn1g,2904,5.0,3.0
2026-07-29,nYDiqO9jZQM,3191,6.0,1.0
2026-07-29,WPYhmdeepd0,3187,4.0,0.0
2026-07-29,u9UQmzkN42c,3221,6.0,0.0
2026-07-29,0gJ1XAssiHY,2670,4.0,0.0
2026-07-29,UOd4PTF8ECg,2856,2.0,1.0
2026-07-29,gqbOvD7HAvc,3576,5.0,0.0
2026-07-29,TRb7xPwhxQo,3469,4.0,1.0
2026-07-29,couJvuixfzY,3626,8.0,0.0
2026-07-29,U-fVg_--AfY,3983,6.0,1.0
2026-07-29,9LagG3k6_-4,1270,9.0,0.0
2026-07-29,Zd4m-ptngBg,4825,12.0,0.0
2026-07-29,63X09rFzVRI,447,1.0,0.0
2026-07-29,qXEQYmReoB0,17606,43.0,10.0
2026-07-29,p5x0hJfEWfU,436,1.0,1.0
2026-07-29,YXGPNFpRJ0I,481,1.0,0.0
2026-07-29,mchZ3Ui6toM,2156,9.0,2.0
2026-07-29,BhsMRvjVbbw,3874,16.0,2.0
2026-07-29,T_JRER1Adpo,2839,12.0,4.0
2026-07-29,nDU1j4rNVx0,9424,63.0,5.0
2026-07-29,Ocgla1c0rPw,1414,5.0,2.0
2026-07-29,P1O4bOAzjZY,2151,16.0,1.0
2026-07-29,vEkyy5e8BZo,7100,25.0,6.0
2026-07-29,vJANpSWIjr0,5408,21.0,2.0
2026-07-29,YJmIBZQ3u9s,484,2.0,0.0
2026-07-29,U76pQGL6IwE,5255,15.0,0.0
2026-07-29,HEFiybYfTT4,2557,14.0,0.0
2026-07-29,WbzhC_-qvP0,2448,13.0,0.0
2026-07-29,sAKVv4TvLl0,3626,18.0,4.0
2026-07-29,XoUOmkH5EkM,2089,10.0,1.0
2026-07-29,P2xp2YYSyLY,1879,5.0,0.0
2026-07-29,Hby_ovidyrw,19971,19.0,8.0
2026-07-29,MC3ruN5OHck,501,4.0,0.0
2026-07-29,E1JqSmboBIQ,23636,34.0,13.0
2026-07-29,YaTJvjV6DXQ,2668,9.0,1.0
2026-07-29,g1OHHyLE8Gs,10315,48.0,6.0
2026-07-29,qrx_KivVKuU,467,2.0,1.0
2026-07-29,dBIq9OH1mKY,12565,17.0,3.0
2026-07-29,kCMH5RBG4sY,6172,17.0,6.0
2026-07-29,PTMt8KqBAbg,534,2.0,0.0
2026-07-29,2u8sqfXgz3w,507,2.0,0.0
2026-07-29,gL2YuhSVckY,10568,18.0,8.0
2026-07-29,8mC6MpTzw-0,637,6.0,1.0
2026-07-29,taz-4l5gyBc,13714,28.0,1.0
2026-07-29,VLIxce5i9Zw,558,2.0,0.0
2026-07-29,gJkWvIKWVVM,4358,22.0,1.0
2026-07-29,cCF23yBF67Y,885,3.0,2.0
2026-07-29,WBd1fAMpWak,6393,23.0,1.0
2026-07-29,AFrsnqaukY4,2899,17.0,7.0
2026-07-29,xe5KcIYPank,6747,26.0,2.0
2026-07-29,e9bXkZNSDxk,3078,35.0,4.0
2026-07-29,JQskaZSn_Ac,999,7.0,4.0
2026-07-29,Sy1nCs9C9e4,1796,8.0,3.0
2026-07-29,mMtejQ5EQ9s,9423,36.0,7.0
2026-07-29,zsB8_5WYzQ0,20247,95.0,19.0
2026-07-29,qw4OgPf0Iq4,901,9.0,0.0
2026-07-29,GSCR9kpi24c,1192,2.0,0.0
2026-07-29,uusnkKLhgUc,1089,1.0,1.0
2026-07-29,P8gR_ErVT7M,995,8.0,0.0
2026-07-29,7ejjIODU4yE,7673,35.0,6.0
2026-07-29,u6u7wiynD1Y,11784,38.0,24.0
2026-07-29,Rp0GJjh7qV8,6778,17.0,2.0
2026-07-29,DDOqsNNgzmM,1811,12.0,1.0
2026-07-29,GDmRszC8Iyk,4946,14.0,3.0
2026-07-29,RZlENgHGAaE,1242,14.0,1.0
2026-07-29,mtLOVMKz_LY,8643,41.0,3.0
2026-07-29,T5fZh5oKSf8,1912,9.0,3.0
2026-07-29,-XB5JY0zNX0,6339,28.0,1.0
2026-07-29,zVKZheSnxGY,2717,10.0,1.0
2026-07-29,jJXF-JPprCs,1799,14.0,1.0
2026-07-29,VtLnbZbpCf4,16834,15.0,5.0
2026-07-29,sHMMqtESGO4,3380,17.0,11.0
2026-07-29,BJVY54gz0-k,8753,27.0,8.0
2026-07-29,_nj-HJdHJ9w,756,3.0,1.0
2026-07-29,cWe36vSePJI,10156,53.0,4.0
2026-07-29,P-TF2E5TfGs,1481,9.0,0.0
2026-07-29,6Ntkpw5tnuc,6594,31.0,5.0
2026-07-29,hvQBEICliDI,14909,93.0,9.0
2026-07-29,kjR259c35mU,28539,42.0,21.0
2026-07-29,xv2a0E1tlZI,2546,12.0,1.0
2026-07-29,C5GTmJfLBGQ,3315,34.0,4.0
2026-07-29,N6HebsiMNIM,4081,19.0,1.0
2026-07-29,QU4ANysrV4o,2553,9.0,1.0
2026-07-29,LZwONleWh_Q,2754,7.0,1.0
2026-07-29,Hup3AjpIj8U,736,9.0,0.0
2026-07-29,jXoCZcCy0jU,3350,21.0,0.0
2026-07-29,EelCQ57NMqc,5647,36.0,14.0
2026-07-29,foLn8_XZvqc,1633,12.0,0.0
2026-07-29,ppVjLChUV4A,2052,20.0,1.0
2026-07-29,ogZyy1MK6eM,681,6.0,1.0
2026-07-29,5wuTkNLA5HQ,6002,15.0,4.0
2026-07-29,TJwrf7_gIyw,4417,27.0,4.0
2026-07-29,-gc_DPdB6bk,2041,8.0,3.0
2026-07-29,wrRNyXSDG9g,1984,9.0,1.0
2026-07-29,eBMRL0ck0XI,19044,21.0,4.0
2026-07-29,nDYggUB_2Y8,63789,49.0,21.0
2026-07-29,aV9xuU47rnc,4391,15.0,1.0
2026-07-29,cHELHeM5qxs,1877,8.0,1.0
2026-07-29,LWN6_57JYMI,1703,8.0,1.0
2026-07-29,iJkPY4-rf34,2353,6.0,1.0
2026-07-29,WTOIaUJ8ET4,1926,2.0,1.0
2026-07-29,h6PFi1O3LuU,1317,2.0,0.0
2026-07-29,mkr092aEpHg,738,5.0,1.0
2026-07-29,0oaSWOvTYzY,1097,2.0,1.0
2026-07-29,Anw6GK8HBQg,1122,2.0,1.0
2026-07-29,FW9PIjzMPKU,941,0.0,0.0
2026-07-29,ZW8cWBuMJ6U,1502,2.0,0.0
2026-07-29,t2nfcMynW_s,1081,2.0,0.0
2026-07-29,w4ehW-xZpy8,751,5.0,0.0
2026-07-29,9gbm_Bs4r3k,1752,6.0,0.0
2026-07-29,sbI3HQ1C9bc,1593,5.0,1.0
2026-07-29,YlHGzUFp6mg,1915,11.0,2.0
2026-07-29,uvsmGGpW-zw,4524,33.0,2.0
2026-07-29,FbtiGeiCMs4,6217,38.0,6.0
2026-07-29,-trj8imc8CE,1545,5.0,2.0
2026-07-29,p6PDwb1Mf9U,1943,8.0,2.0
2026-07-29,xP0cNV2_9V4,3303,16.0,1.0
2026-07-29,C_OExN1-lsk,1429,4.0,0.0
2026-07-29,T9JzlnOWdCY,2683,13.0,2.0
2026-07-29,vlc3rB2_RY8,2772,11.0,1.0
2026-07-29,PDK6wF4dtTU,1698,7.0,1.0
2026-07-29,5DWrNp0uZcc,3559,12.0,1.0
2026-07-29,a_BAWa7j4Vw,3035,21.0,3.0
2026-07-29,WHm3QHs4doc,5457,21.0,4.0
2026-07-29,otHYz1YuPlE,71077,576.0,93.0
2026-07-29,DXY8x2y6ANg,2547,11.0,2.0
2026-07-29,IdbATO4E1sI,5228,14.0,5.0
2026-07-29,BjzALjrjywo,2045,11.0,3.0
2026-07-29,NsAFXLFQvPg,13851,44.0,7.0
2026-07-29,g8gye0fxpDE,10767,36.0,12.0
2026-07-29,XQ5R18HVdyk,4028,18.0,1.0
2026-07-29,KvaV4qc_gFY,2728,11.0,3.0
2026-07-29,5uiGWua6xF4,5157,20.0,2.0
2026-07-29,Bx8viFYAQeI,6735,25.0,5.0
2026-07-29,QRwj9yhmxq8,2912,9.0,1.0
2026-07-29,_ix-52jtVEs,6763,30.0,8.0
2026-07-29,ejBPLzGoxvc,26524,123.0,24.0
2026-07-29,TLUl_2yvVh8,28303,83.0,37.0
2026-07-29,JPJ4cbE9hYE,15704,21.0,2.0
2026-07-29,jvZs8XgOcBI,632,3.0,0.0
2026-07-29,-cxSL6D0Q3Q,39104,63.0,32.0
2026-07-29,TxmYq0CmEfo,799,2.0,1.0
2026-07-29,EkU-rzBqI_s,1707,6.0,0.0
2026-07-29,DH9N1MXDQuA,3305,10.0,3.0
2026-07-29,_Qh8-hgWllo,1499,0.0,0.0
2026-07-29,FW5UPVoFYFA,1012,5.0,1.0
2026-07-29,2JyFLFYrUa0,21456,50.0,25.0
2026-07-29,DT8QKHlcxKQ,2250,8.0,0.0
2026-07-29,LBSCIbSSIu4,4520,21.0,4.0
2026-07-29,skEGjyN6tSo,1400,9.0,0.0
2026-07-29,t398vfAUoFs,756,3.0,0.0
2026-07-29,yUXzpj8bnKA,5649,27.0,9.0
2026-07-29,bxKF2Ah6_v8,3826,3.0,2.0
2026-07-29,ZxNyKj3UAgU,7489,7.0,4.0
2026-07-29,sunzfAAWJXo,1272,3.0,1.0
2026-07-29,jhR0L5EE9c4,1276,0.0,1.0
2026-07-29,RFNGlEoYcHk,1137,1.0,2.0
2026-07-29,_w3iKMQijzo,585,0.0,2.0
2026-07-29,GPpFu9ttw5g,20205,36.0,8.0
2026-07-29,cCf5K_wXJtE,7557,26.0,8.0
2026-07-29,eIr9Lob_XZ0,2356,5.0,2.0
2026-07-29,fOJHD2JPjFY,1123,6.0,3.0
2026-07-29,p6lUFVXB9t4,841,3.0,1.0
2026-07-29,ZZRUgbW57Ec,2013,9.0,0.0
2026-07-29,biU15Hhw2vM,12955,40.0,32.0
2026-07-29,aWe1xNoCXQE,2121,6.0,1.0
2026-07-29,dPby51ubRXw,1991,4.0,0.0
2026-07-29,K49fywpugDg,2709,6.0,0.0
2026-07-29,cqKASYqXDlw,1585,5.0,1.0
2026-07-29,3PAw5zC7Ldg,22585,23.0,8.0
2026-07-29,3qMEZAa8h7E,17481,56.0,25.0
2026-07-29,ghqS9VHXhh4,1459,6.0,0.0
2026-07-29,hjYi8W8Hz70,1525,3.0,1.0
2026-07-29,5CNIrknZ50A,19242,36.0,7.0
2026-07-29,GCPy84-J8ts,1245,4.0,4.0
2026-07-29,Ku4vDGsmID0,1245,2.0,0.0
2026-07-29,w0i2hxLLqd0,1006,5.0,0.0
2026-07-29,I4KAiEF4Rcg,2056,21.0,16.0
2026-07-29,dQPNadhm7M4,17764,62.0,24.0
2026-07-29,2-sd5tVHzd8,34880,78.0,32.0
2026-07-29,llUr6yOdaQk,111909,274.0,94.0
2026-07-29,ywY2MBs9hos,83127,121.0,20.0
2026-07-29,6itPVHAMUJA,2450,7.0,1.0
2026-07-29,t6Ih032TAAU,1629,6.0,1.0
2026-07-29,Z8PetbI3gXE,2067,6.0,0.0
2026-07-29,gg4Npu_u-3U,2407,10.0,2.0
2026-07-29,X2SqYtNfo-w,7098,38.0,5.0
2026-07-29,nK768_du__0,1261,3.0,2.0
2026-07-29,aTe20j7TqFg,1376,4.0,0.0
2026-07-29,9ZBRO0KfGhM,1544,4.0,5.0
2026-07-29,ffnc_2A20vw,1166,3.0,1.0
2026-07-29,2jxTUmojoas,1228,5.0,5.0
2026-07-29,Xs8I6V415Sc,1178,3.0,2.0
2026-07-29,0O4HUZujpww,886,2.0,1.0
2026-07-29,8vvbMG719_w,5379,24.0,11.0
2026-07-29,Sat-2Ip_hqE,859,2.0,0.0
2026-07-29,kSbLQHMHceg,1366,4.0,0.0
2026-07-29,kVYTLqe89BQ,640,1.0,0.0
2026-07-29,YJdLexufkMM,3672,3.0,5.0
2026-07-29,yVzFY5kHz9s,15273,47.0,25.0
2026-07-29,e6_NIzkvIvQ,5680,15.0,8.0
2026-07-29,DL-4ABP4A_8,667,1.0,0.0
2026-07-29,6BF1DMFGL5M,1294,6.0,0.0
2026-07-29,azprAboy5mc,1010,4.0,0.0
2026-07-29,GVJPsXMJHv0,1460,7.0,5.0
2026-07-29,iiOLlsuv6W8,1438,10.0,1.0
2026-07-29,eSN1StghXsk,1482,7.0,1.0
2026-07-29,GKbHta9gTjg,1064,5.0,0.0
2026-07-29,yS5m6x2Nyf8,32380,54.0,19.0
2026-07-29,D3CizPsw2kU,5464,22.0,5.0
2026-07-29,T4C_01jeaqk,11847,70.0,17.0
2026-07-29,QckSQZqE6II,6326,29.0,18.0
2026-07-29,yP7xgvZkRNw,44328,59.0,17.0
2026-07-29,7MbCMbhlSCA,12739,22.0,6.0
2026-07-29,D0LB2o3okcI,10700,40.0,42.0
2026-07-29,hOZ1fld1Ieo,1375,1.0,2.0
2026-07-29,qWWQmDnKQcQ,8210,31.0,10.0
2026-07-29,GnubCDFSza8,1537,2.0,4.0
2026-07-29,V1m3v5p0OR8,860,4.0,0.0
2026-07-29,DK7l-XfM6iA,16040,28.0,10.0
2026-07-29,Y1OzuuoX2M4,1391,3.0,1.0
2026-07-29,_lq-uxKcRiY,890,4.0,0.0
2026-07-29,xrARG_dp6_k,1154,6.0,0.0
2026-07-29,w_4SSGKmy3s,870,7.0,4.0
2026-07-29,lsMriAgu1mc,726,5.0,1.0
2026-07-29,Z6tOJ2FekoE,993,1.0,0.0
2026-07-29,3r2WH2zdJ3U,633,5.0,0.0
2026-07-29,H6LWhyFrnD0,575,5.0,5.0
2026-07-29,nEsbLmv5w4c,33908,53.0,30.0
2026-07-29,zH82xjlYXSY,640,4.0,0.0
2026-07-29,hZ0RZ0dKI8w,1209,3.0,2.0
2026-07-29,2-o3n0hERx8,855,4.0,3.0
2026-07-29,0WDoyWF7ClM,1242,5.0,6.0
2026-07-29,IHRERdVOzXs,1000,8.0,4.0
2026-07-29,DvrLz-sU628,10207,32.0,20.0
2026-07-29,wrsDfIV9El0,1436,9.0,3.0
2026-07-29,qfeq3z9J2ZE,1848,9.0,7.0
2026-07-29,KSKo9oCfcRw,3269,24.0,6.0
2026-07-29,OpzFcGwpjJ8,13279,30.0,14.0
2026-07-29,AcWUe58L0Rw,4420,17.0,4.0
2026-07-29,gH1RpcLmkP0,5746,14.0,4.0
2026-07-29,5QoM-RP9Skw,18538,75.0,15.0
2026-07-29,-lyXfAVo840,7485,27.0,3.0
2026-07-29,2SoMTNTwIL0,71402,149.0,17.0
2026-07-29,dd1RO76XBdk,13860,24.0,7.0
2026-07-29,PPkvhFGO8Mk,11003,39.0,13.0
2026-07-29,A2qN_Auc8DE,100434,236.0,95.0
2026-07-29,V4fOFOj1P2M,147396,368.0,133.0
2026-07-29,g1LWpWk5Hjk,21712,72.0,16.0
2026-07-29,FkCvJv0Bx-Y,14676,16.0,9.0
2026-07-29,6QFM8eXWu34,15129,63.0,20.0
2026-07-29,9Kw433B380o,3652,12.0,2.0
2026-07-29,gqbHODsm1-c,5724,12.0,2.0
2026-07-29,_1J5fqmexsk,2119,12.0,1.0
2026-07-29,IUNmPEo_gDg,8314,22.0,1.0
2026-07-29,Y2nUw8La9sc,21895,83.0,29.0
2026-07-29,YBC6xkVGXv0,14342,24.0,0.0
2026-07-29,taTn_QO43MQ,13325,30.0,5.0
2026-07-29,eB6G99ED1gM,23304,65.0,5.0
2026-07-29,_OvCidUgZ00,27887,51.0,6.0
2026-07-29,kD6kCJBuMBQ,17795,65.0,7.0
2026-07-29,1H-j0c5ZHNE,34509,85.0,4.0
2026-07-29,2JjJn6GrF7Q,26665,32.0,4.0
2026-07-29,HnxpS9gN6M4,32060,70.0,14.0
2026-07-29,6jgxdk7ZsCQ,61015,72.0,19.0
2026-07-29,fzOlNau3gC0,9618,10.0,3.0
2026-07-29,BMUzzkKsyuo,4351,11.0,0.0
2026-07-29,K9MD5pXXISc,4874,7.0,0.0
2026-07-29,WgY8uTKmnr0,47408,72.0,9.0
2026-07-29,Jrww7EGqi5I,10336,9.0,5.0
2026-07-29,LX1noW6zmuU,75155,110.0,28.0
2026-07-29,_BOeeqgWUts,23475,23.0,2.0
2026-07-29,yGenWUxe1-c,72388,111.0,19.0
2026-07-29,rmZpbNJvcbk,10971,46.0,13.0
2026-07-29,Q-EOOpqYM2Y,24174,26.0,1.0
2026-07-29,4TDAXPM-ulY,7692,86.0,8.0
2026-07-29,e07mSDFWyjQ,12525,56.0,14.0
2026-07-29,tY6NMvXCPOc,1591,1.0,1.0
2026-07-29,F4P07_I3U3Q,1766,1.0,1.0
2026-07-29,No-RHot-6QA,948,1.0,2.0
2026-07-29,CHk7DB3jBbU,3346,3.0,2.0
2026-07-29,bXc-ZeQfIt0,2231,4.0,1.0
2026-07-29,cxstWzmDawE,1070,3.0,1.0
2026-07-29,rMtPCCoBj4k,2898,4.0,3.0
2026-07-29,vwp84wBrS5w,5910,12.0,1.0
2026-07-29,R_DTyYG0Trc,969,2.0,2.0
2026-07-29,5qQpnSMhs_w,986,1.0,1.0
2026-07-29,8PF1SjbDTpY,873,1.0,0.0
2026-07-29,yt00OZRocOg,842,1.0,3.0
2026-07-29,f9_ozzNKu3Q,934,0.0,0.0
2026-07-29,UYqEII7SKNI,1014,0.0,2.0
2026-07-29,VyMPjqFsY2s,1115,1.0,0.0
2026-07-29,55RnSdCO9xc,908,0.0,0.0
2026-07-29,O5ghvXgm_Kg,929,2.0,1.0
2026-07-29,Aj_l9JjA88s,504,0.0,0.0
2026-07-29,2Q3Ypot72dU,626,0.0,3.0
2026-07-29,Ep__XCrZqpw,721,0.0,0.0
2026-07-29,bZKPNlrDEJA,589,0.0,0.0
2026-07-29,4P9JCfgq95Q,2191,3.0,2.0
2026-07-29,JPtrouBRVmE,878,1.0,0.0
2026-07-29,wsrbyGn-Ry4,889,2.0,0.0
2026-07-29,JFftqCsysLo,40714,29.0,4.0
2026-07-29,ckqd7ZgikEI,4314,9.0,3.0
2026-07-29,2AoEHPBtXPo,3807,16.0,11.0
2026-07-29,mBG8qFP11rY,7589,30.0,8.0
2026-07-29,XVlLmhbwnDU,2,9.0,0.0
2026-07-29,HcrLty70HL4,1498,9.0,0.0
2026-07-29,bZmkstIMbss,1498,2.0,2.0
2026-07-29,d0PJIt3Id6Q,2771,7.0,3.0
2026-07-29,sulYg17Eay0,908,5.0,0.0
2026-07-29,duy1bcYiPSo,200733,1123.0,143.0
2026-07-29,liJkX1oHj-k,20757,108.0,8.0
2026-07-29,1-vwTK2EyUk,8615,53.0,11.0
2026-07-29,4vrAcF2FaDs,2953,12.0,0.0
2026-07-29,qRkBuxA_hEE,1927,5.0,1.0
2026-07-29,rPSa_3wmeT0,1194,6.0,0.0
2026-07-29,1P6T6ED80wg,1081,7.0,0.0
2026-07-29,jIslK0JsyeA,954,9.0,0.0
2026-07-29,cZMx0m8NoKc,2088,7.0,0.0
2026-07-29,mgDLO9kpSks,5153,55.0,4.0
2026-07-29,AA3gmDOTANE,6643,53.0,12.0
2026-07-29,T_6lGXMg3yE,1661,8.0,1.0
2026-07-29,x7ud-hjTL_g,2141,12.0,2.0
2026-07-29,OINUsiDaRek,1341,5.0,0.0
2026-07-29,RzVt3R58fMM,7231,39.0,6.0
2026-07-29,tQSsxqhZHz0,2784,26.0,1.0
2026-07-29,4SEr0i7Glkw,1331,5.0,0.0
2026-07-29,Y6drPkmWqGg,4181,19.0,3.0
2026-07-29,F_S3orPbSxc,5909,24.0,5.0
2026-07-29,fVx5JWZnlQE,4385,14.0,4.0
2026-07-29,2VaO67C14BY,15894,49.0,15.0
2026-07-29,lGYf0aIiYRE,9393,30.0,12.0
2026-07-29,ikfbzoQdXWc,96528,187.0,36.0
2026-07-29,cwdbnPjNFqo,13991,18.0,5.0
2026-07-29,ylrQj5oUMAo,8263,103.0,30.0
2026-07-29,1ysOsxbNV44,6889,15.0,2.0
2026-07-29,agzV8lR59DY,4605,21.0,1.0
2026-07-29,-j1Hb1kTfLw,3741,10.0,0.0
2026-07-29,5mE0nyfVZHs,4125,11.0,1.0
2026-07-29,n8ktXMOzhkw,4039,10.0,2.0
2026-07-29,miBTlphlwWY,7020,29.0,2.0
2026-07-29,R4o9_2bUZzU,4806,10.0,1.0
2026-07-29,u93RPO49noo,4118,5.0,3.0
2026-07-29,wnc6Czh9NNk,32269,133.0,19.0
2026-07-29,gRjahafwLKA,51334,202.0,39.0
2026-07-29,1aO8XgobVec,31969,104.0,30.0
2026-07-29,6G_v10PDlq8,26861,107.0,13.0
2026-07-29,pMdQ4a5tca0,47553,243.0,25.0
2026-07-29,FOhytM9gQrw,5816,14.0,3.0
2026-07-29,vAWlFJFbn_k,4143,11.0,6.0
2026-07-29,GQLEI6YoYBA,6556,75.0,7.0
2026-07-29,MRoHRNbKB0Q,10578,65.0,23.0
2026-07-29,DuXwrgBpGC0,4783,63.0,10.0
2026-07-29,t-MhEEcEimg,10093,18.0,9.0
2026-07-29,4UcW9P0-Kd4,16319,103.0,15.0
2026-07-29,AR4_VMIlGvQ,18859,62.0,9.0
2026-07-29,cJnlBYhtR4E,33642,174.0,24.0
2026-07-29,rM3qGLbDrbg,25579,115.0,62.0
2026-07-29,t7E1HHnCOrE,21044,103.0,13.0
2026-07-29,9ccsYi3uupg,4127,16.0,5.0
2026-07-29,mDYn9u9oLHQ,11649,93.0,18.0
2026-07-29,OqvBRpf0K6c,4359,33.0,7.0
2026-07-29,RJV-4MIBWGY,66716,590.0,149.0
2026-07-29,_cIc5E4amOw,3693,13.0,10.0
2026-07-29,bN6lKmCEi9c,63065,603.0,135.0
2026-07-29,-cQUeFRpnYU,14977,63.0,34.0
2026-07-29,hD7r0Bt2iaI,26968,353.0,36.0
2026-07-29,YcPPSgg3C5g,5635,30.0,10.0
2026-07-29,pTQ63hjWC1I,10855,99.0,42.0
2026-07-29,hJ172_gLR1k,5954,21.0,12.0
2026-07-29,Z1EmQDH49YU,21796,75.0,24.0
2026-07-29,j4VqKVoETwc,10432,31.0,6.0
2026-07-29,x0ZY_OwOBOo,11481,40.0,18.0
2026-07-29,cn6T978hfwU,15987,84.0,42.0
2026-07-29,PYEcVnbxSAM,18346,56.0,32.0
2026-07-29,-tkBT10f_y4,15442,33.0,13.0
2026-07-29,csPVONsbZMs,3900,40.0,11.0
2026-07-29,QI5YTQiQsWU,887,9.0,1.0
2026-07-29,SdO-qOPSdMo,522,6.0,0.0
2026-07-29,_jxwrZNw6go,476,5.0,0.0
2026-07-29,_-du9V4D4A8,17454,55.0,24.0
2026-07-29,Fd5XJllAt8k,21206,78.0,51.0
2026-07-29,7APqOjccrCE,9610,71.0,19.0
2026-07-29,HQ8jB8BCTG0,6839,23.0,10.0
2026-07-29,VGTXOTb-HdM,7289,31.0,9.0
2026-07-29,qn6EYTf7CgM,32537,102.0,50.0
2026-07-29,KIgjpfw83Ww,19123,62.0,40.0
2026-07-29,_naeGhqgCNA,54023,150.0,78.0
2026-07-29,1d2Y0eljeko,3719,10.0,2.0
2026-07-29,EohjZ_51EtU,1270,5.0,0.0
2026-07-29,QiIs-J36O8U,2559,11.0,2.0
2026-07-29,F4NFxkTUgOw,4047,12.0,5.0
2026-07-29,Peb3HYvkOeo,2182,10.0,5.0
2026-07-29,AFEtFXzC0f8,3406,18.0,3.0
2026-07-29,obXwspjNoSQ,7527,29.0,6.0
2026-07-29,vdhkwLx4_fs,1618,5.0,3.0
2026-07-29,Q52s3CIcPrc,3392,6.0,10.0
2026-07-29,8sGAHc9Lb4o,3413,45.0,10.0
2026-07-29,hY-onuivHGE,6791,35.0,10.0
2026-07-29,umxcxg3rzTg,5608,11.0,3.0
2026-07-29,PFgq8zovNyQ,4374,20.0,4.0
2026-07-29,U4S6vRJlCUI,3070,15.0,1.0
2026-07-29,xDnHPYF-Mu4,3357,5.0,2.0
2026-07-29,yk0-i7k2blk,6038,16.0,10.0
2026-07-29,_0EyEhTCPio,2612,2.0,2.0
2026-07-29,pwtPnNJRrjI,2191,2.0,3.0
2026-07-29,3pv3A2RB2g4,3086,2.0,2.0
2026-07-29,S5Cn4xUV0oM,3284,2.0,1.0
2026-07-29,ehRta6hg9zM,4210,7.0,0.0
2026-07-29,5mA2zrvprHI,520,3.0,0.0
2026-07-29,fDmhXUlNxl8,504,5.0,0.0
2026-07-29,hWUxMxuHZ8A,291,6.0,1.0
2026-07-29,3Qfm5uiqfF0,368,5.0,0.0
2026-07-29,luIQ5tuqN1Y,337,0.0,1.0
2026-07-29,vtp-bQ90jmk,553,8.0,0.0
2026-07-29,gGyzpRxFZ0I,426,4.0,1.0
2026-07-29,N5a2koTTxDg,750,5.0,0.0
2026-07-29,eLNwcaTqjqM,1048,15.0,2.0
2026-07-29,pDiRAOphKhU,6066,11.0,3.0
2026-07-29,sFTf03aCOcc,10451,20.0,4.0
2026-07-29,h5OSd1_NIFU,3384,11.0,5.0
2026-07-29,3ZlejyX3W38,3578,16.0,16.0
2026-07-29,YM5uuzyg5_s,1649,7.0,3.0
2026-07-29,ezT0ReTLysA,3098,23.0,9.0
2026-07-29,UvmoaZIQSUw,10709,65.0,27.0
2026-07-29,1dNhqpjVsrU,3425,16.0,3.0
2026-07-29,SiBXkBUZWZY,2751,6.0,5.0
2026-07-29,I4w2HwKhj78,7362,30.0,8.0
2026-07-29,-eDzdhYh5SM,1009,7.0,2.0
2026-07-29,0CihuyGc2I8,2685,9.0,3.0
2026-07-29,Vd_0NpyCzgQ,54012,101.0,27.0
2026-07-29,YVgSdu_51c4,23888,86.0,22.0
2026-07-29,mdAgcDDFWrs,9983,34.0,13.0
2026-07-29,_z81-RByRzM,7532,22.0,4.0
2026-07-29,7fOGAh3AbHM,4959,12.0,4.0
2026-07-29,wlRsj-QnCAM,7156,19.0,5.0
2026-07-29,F_mTGK77m7s,2285,9.0,1.0
2026-07-29,Ghq9M9urMEY,7017,18.0,12.0
2026-07-29,x9HaR8OslqE,11825,33.0,8.0
2026-07-29,kb8hybpnwSI,2825,3.0,4.0
2026-07-29,2c8xiBLBiuI,2777,2.0,1.0
2026-07-29,9uP_yYdTG-4,12266,28.0,23.0
2026-07-29,oC--enBG5ss,1743,5.0,3.0
2026-07-29,ppUqJkBoOSY,7413,8.0,10.0
2026-07-29,2AK014olaNs,9364,49.0,19.0
2026-07-29,93B86z1FO9E,8009,22.0,9.0
2026-07-29,9t-YFrBnAhw,1475,1.0,1.0
2026-07-29,cbcjkVSm1ss,2553,5.0,4.0
2026-07-29,y27rK5T1FmQ,2324,5.0,1.0
2026-07-29,wZF4ETeCjJk,9612,,10.0
2026-07-29,T9SUIUXNzvM,3457,9.0,4.0
2026-07-29,cXGszpik5LU,10318,34.0,7.0
2026-07-29,-yoz9B4ol6s,6235,18.0,9.0
2026-07-29,H9LnpFp29fE,2060,6.0,0.0
2026-07-29,jnOVYFmIhaI,2966,5.0,1.0
2026-07-29,PUP04Y-m1eQ,3262,6.0,2.0
2026-07-29,yYjceQ0JhmI,6327,15.0,15.0
2026-07-29,sgFCkmA3HPY,4415,10.0,9.0
2026-07-29,zDe2rgqw49k,3236,7.0,4.0
2026-07-29,AugERc48Llw,14930,24.0,14.0
2026-07-29,e2v_xL4P95g,7889,32.0,5.0
2026-07-29,UAk_AcqfOmg,7965,22.0,7.0
2026-07-29,5g_yUu_k-9g,3137,4.0,2.0
2026-07-29,zfTABRccHHg,6555,18.0,6.0
2026-07-29,HABCLyxHCqI,7779,35.0,7.0
2026-07-29,KLTBAN3Epw8,6840,23.0,9.0
2026-07-29,xhZvn3lB2Us,16859,41.0,17.0
2026-07-29,ypw6FKU8xig,11788,27.0,28.0
2026-07-29,eGhtPeYpj44,10162,34.0,9.0
2026-07-29,lkfQJP-bYNM,8121,16.0,9.0
2026-07-29,dI2CjTfoRyc,3202,5.0,0.0
2026-07-29,m5vtd08j9AI,3666,9.0,1.0
2026-07-29,w96rZVaGE1s,14273,20.0,19.0
2026-07-29,cCRxXrAcEjE,8226,21.0,17.0
2026-07-29,Tfv_1GifhgE,8931,23.0,7.0
2026-07-29,VO1Lp903B6U,9859,14.0,6.0
2026-07-29,g-Ro-n93hso,30360,79.0,31.0
2026-07-29,exKGTaXHLO8,9688,41.0,25.0
2026-07-29,Fj3lZp5JEbA,125710,339.0,110.0
2026-07-29,x6dJ1IfZM6Q,12486,16.0,7.0
2026-07-29,R5eymu_HqO8,7591,17.0,4.0
2026-07-29,N_p8eToFNWk,12132,26.0,14.0
2026-07-29,V61jr8eLDBM,622499,4014.0,996.0
2026-07-29,SNXgc4HV9HE,10576,60.0,15.0
2026-07-29,Swn8_Lh50bU,5058,4.0,2.0
2026-07-29,hscIbFuLK28,4893,2.0,0.0
2026-07-29,fgt-PpZ5Iis,6682,8.0,4.0
2026-07-29,qIE--6nPbJI,3491,6.0,0.0
2026-07-29,RJfitAL3VDk,8390,13.0,7.0
2026-07-29,IZHstG0Td0M,3711,4.0,0.0
2026-07-29,xOvvpV_T6eI,26996,52.0,23.0
2026-07-29,MnxmItS7gmQ,24254,177.0,47.0
2026-07-29,BtlNIMe-sVo,42017,237.0,49.0
2026-07-29,jBQ_CyZ6VzU,19227,58.0,15.0
2026-07-29,BQBdJWFBWc4,10866,15.0,9.0
2026-07-29,ww3HN3g4XIo,15388,33.0,13.0
2026-07-29,sZDNWqDIM2Q,13204,30.0,6.0
2026-07-29,Y2Bt3XNk-yQ,8207,7.0,1.0
2026-07-29,if-wkzz8qk4,12862,19.0,11.0
2026-07-29,Yg5wcWjxK1M,5383,15.0,0.0
2026-07-29,V8Ht36GYV8s,5516,4.0,1.0
2026-07-29,Su-SN5v27hQ,21357,86.0,12.0
2026-07-29,hz5_W-pZH4c,5184,13.0,3.0
2026-07-29,stwdP7wPx1E,4670,4.0,1.0
2026-07-29,llweDdDTX7o,6323,12.0,5.0
2026-07-29,TONyUwW8btY,5368,12.0,4.0
2026-07-29,f5ZkvWgTfh4,11333,20.0,6.0
2026-07-29,7DvGuXRrjgE,16438,54.0,17.0
2026-07-29,q9t13SCMm2Y,8015,33.0,31.0
2026-07-29,OL2YJrfPq2Q,7400,10.0,4.0
2026-07-29,T3RoPQk1jTQ,39948,74.0,25.0
2026-07-29,NZ1EQKUHB78,12850,38.0,2.0
2026-07-29,p-1XNJ2hICQ,15432,44.0,14.0
2026-07-29,s_TcuBGFp7w,59072,118.0,26.0
2026-07-29,Fl5N0fbY9dQ,21990,49.0,12.0
2026-07-29,2IXCQ100K48,58358,198.0,20.0
2026-07-29,U56vXM_G2Dc,82793,220.0,34.0
2026-07-29,V4RziHigpgQ,6603,25.0,8.0
2026-07-29,vFLMeUeFGB4,11684,18.0,13.0
2026-07-29,7gl9Fufgv2g,87728,251.0,83.0
2026-07-29,EYkdD5E_DOU,91940,278.0,86.0
2026-07-29,-3ht_8QpoQ8,32830,200.0,77.0
2026-07-29,CifF7Y4mdgs,11147,21.0,9.0
2026-07-29,LC6jwXD0EYg,14453,24.0,15.0
2026-07-29,X0vo4weBRoU,281241,3623.0,417.0
2026-07-29,_375NPGTfO8,8700,24.0,16.0
2026-07-29,n7tb2o5IJqw,17124,147.0,16.0
2026-07-29,nP8hAB6cgRE,142575,502.0,59.0
2026-07-29,vYtYqMmBT9s,23411,85.0,20.0
2026-07-29,FVUtH_icRi0,14503,31.0,16.0
2026-07-29,ouNpQhcRLIA,35948,45.0,20.0
2026-07-29,7ui8R_fm9UQ,142734,496.0,70.0
2026-07-29,t8yq0PQbovI,61719,115.0,28.0
2026-07-29,nSSD_i1Abc8,11226,63.0,24.0
2026-07-29,tdNz5Fwhd74,80534,119.0,34.0
2026-07-29,wnMcxedZyis,9554,21.0,3.0
2026-07-29,IPco3RbIwFw,20358,79.0,16.0
2026-07-29,lfmFvpERs9E,195763,796.0,70.0
2026-07-29,1xDNZ9XDkPc,20107,12.0,13.0
2026-07-29,S0h_e5sN19I,18504,33.0,12.0
2026-07-29,QQy0vEmvMbQ,17059,12.0,2.0
2026-07-29,1bDek4lZg_c,19688,82.0,40.0
2026-07-29,ctkUImGnmGg,219987,1218.0,140.0
2026-07-29,_gRqrOI5xwU,150129,185.0,139.0
2026-07-29,zGzWHZPsTl8,9345,17.0,20.0
2026-07-29,zQoLZRZvGGs,34129,64.0,29.0
2026-07-29,0b9uOmnZtUU,11302,14.0,11.0
2026-07-29,nzGsMgK75_M,11231,22.0,15.0
2026-07-29,_ij1Bd0txvk,18659,26.0,9.0
2026-07-29,9fbFE4pvpO8,41812,54.0,43.0
2026-07-29,dhFSnId_5VM,3998,11.0,6.0
2026-07-29,nQtlwCPq9Og,137867,908.0,142.0
2026-07-29,jDL7jaIt2w0,5063,6.0,4.0
2026-07-29,OoOT6zwwsGI,9055,16.0,16.0
2026-07-29,pQWORPQawcA,6586,16.0,12.0
2026-07-29,sI9Zj4flqaE,65743,125.0,35.0
2026-07-29,ghY1wW40dbk,6171,12.0,13.0
2026-07-29,fd0mmu2S6wQ,54091,68.0,26.0
2026-07-29,livHlEjA8LY,47697,65.0,24.0
2026-07-29,5VHWeTn6o0w,7501,49.0,10.0
2026-07-29,cFIkNP_qzYM,141811,314.0,67.0
2026-07-29,rNwm6wz_EzE,8692,11.0,8.0
2026-07-29,FKYgSPRmufk,3489,5.0,1.0
2026-07-29,uMmkRePgPDY,11989,23.0,11.0
2026-07-29,5t8Z-h3wt-4,47976,67.0,28.0
2026-07-29,kcVfKD5xwEI,7350,11.0,10.0
2026-07-29,s9by-Qsu5KI,7913,12.0,9.0
2026-07-29,D8lS59xEg_g,7568,12.0,11.0
2026-07-29,nrQIoHEKVCk,13083,14.0,14.0
2026-07-29,j9jF7u0_WIY,8263,13.0,9.0
2026-07-29,wzrgG5RhcfQ,11667,19.0,13.0
2026-07-29,pjmXauK_2Qw,34040,29.0,12.0
2026-07-29,I2TJvOBmRNE,18975,22.0,11.0
2026-07-29,UCe0AXCnVaM,4569,6.0,5.0
2026-07-29,MAFOgLN1b-Q,2664,8.0,2.0
2026-07-29,0gxPfm-ULz8,3979,8.0,1.0
2026-07-29,pBHanSTUdWg,3935,4.0,3.0
2026-07-29,G_7dH9sC92k,3770,7.0,6.0
2026-07-29,yQa_KqDAB5E,4013,22.0,6.0
2026-07-29,9mmrtZ0Y1cY,143309,277.0,67.0
2026-07-29,KnWNXlOGxGo,9181,11.0,6.0
2026-07-29,upD9VNWm9L4,10623,10.0,10.0
2026-07-29,kt2G2Ms9tZM,5514,7.0,10.0
2026-07-29,ZLmIeZSdKmA,34715,55.0,27.0
2026-07-29,oD-nIH_nKMs,8827,28.0,13.0
2026-07-29,kQL3y4Ed-sU,8474,21.0,14.0
2026-07-29,9IRSXUBTeG0,8692,17.0,7.0
2026-07-29,C8OUaHBUl18,28316,78.0,33.0
2026-07-29,ICOvhgPsnqk,4252,7.0,3.0
2026-07-29,JOpLs-HaI4E,2949,3.0,2.0
2026-07-29,GEVRSvDyPbA,9695,10.0,6.0
2026-07-29,OPQhj4g9Kns,5057,6.0,0.0
2026-07-29,Y3DZWfc0cuU,11072,36.0,29.0
2026-07-29,0JdzN__6Gcs,3198,2.0,1.0
2026-07-29,w7iaMHG_swQ,4336,4.0,6.0
2026-07-29,q-c2tYCtEeY,3311,6.0,0.0
2026-07-29,tnhFgUVv2OU,5341,9.0,6.0
2026-07-29,h_mTgG_Vq5s,3297,2.0,4.0
2026-07-29,_9INFfsbpSM,4342,2.0,0.0
2026-07-29,T7r7jdTMMno,4123,4.0,3.0
2026-07-29,DBuLCE2JNDU,3938,2.0,0.0
2026-07-29,7ZGim62t1M8,1696,2.0,3.0
2026-07-29,SRNzur5qW84,217832,257.0,47.0
2026-07-29,VvMtHFq700s,1316,13.0,7.0
2026-07-29,Lg3Bz_KyVu0,27551,48.0,12.0
2026-07-29,qgpGhnaVBkU,5791,9.0,5.0
2026-07-29,Hnl1RqZ5MTw,3038,1.0,9.0
2026-07-29,JfaHt6kkIm0,2560,7.0,9.0
2026-07-29,a5ykIs_D-PM,6404,31.0,15.0
2026-07-29,CtzHgpzy1zQ,2587,7.0,4.0
2026-07-29,DngWqsukF3M,15306,106.0,37.0
2026-07-29,Si9NiRVrXOk,2455,4.0,4.0
2026-07-29,soTtT8zK4TY,1352,2.0,5.0
2026-07-29,9Y5JodjjbJI,4537,6.0,4.0
2026-07-29,vq-E2LheceY,1410,2.0,7.0
2026-07-29,pWI9N-skiuE,4245,6.0,4.0
2026-07-29,RpMKtZDEOrY,1935,2.0,2.0
2026-07-29,IWMY9Og19c0,2640,3.0,1.0
2026-07-29,JrEWJwkZUZI,2635,3.0,2.0
2026-07-29,hX0Lz0LWCdY,4417,6.0,1.0
2026-07-29,HedQmzkKQyg,11860,21.0,2.0
2026-07-29,5wYrNgxoieA,3139,2.0,3.0
2026-07-29,Py6xz42GiVc,4395,9.0,0.0
2026-07-29,L0NUy_SlFCY,2536,3.0,1.0
2026-07-29,4vgIQzl1qN0,1989,1.0,5.0
2026-07-29,yfv2zymOEQE,4517,4.0,8.0
2026-07-29,ScxMJrgy2ro,29339,85.0,40.0
2026-07-29,IYnBgrFqMEM,4773,8.0,6.0
2026-07-29,dIxGXeLFFew,10742,10.0,10.0
2026-07-29,ZaQsWc7r5is,58594,135.0,30.0
2026-07-29,CbdP29vtArg,19505,58.0,18.0
2026-07-29,QAGzn3Q9ejA,85871,162.0,40.0
2026-07-29,x6XTd5asck4,53562,52.0,7.0
2026-07-29,rdexQEa8P94,3274,4.0,5.0
2026-07-29,j5kkT9Rqyxo,3030,3.0,3.0
2026-07-29,dquxyDkQ_EQ,4862,7.0,4.0
2026-07-29,q5k_htRU_wQ,9746,16.0,7.0
2026-07-29,l1AgEOmcygM,10807,14.0,9.0
2026-07-29,DpuzzrhHep0,43354,89.0,36.0
2026-07-29,mJnVfDqpNqA,12409,21.0,12.0
2026-07-29,_Fs3cOPGoBo,3323,3.0,0.0
2026-07-29,ycyKiKcR-gU,3243,3.0,1.0
2026-07-29,jS0Xpuw4c7A,4608,7.0,4.0
2026-07-29,g2tRUhBjMJ4,2066,4.0,1.0
2026-07-29,hkKnvYlAbS8,3996,2.0,2.0
2026-07-29,sV_b_IYS-PY,3637,1.0,2.0
2026-07-29,cwlvD77q6Zw,4756,3.0,5.0
2026-07-29,i2Zq9MZMIFY,4683,4.0,7.0
2026-07-29,3IZYKL-CTDM,65159,157.0,53.0
2026-07-29,WUf0jPHRgtw,2734,5.0,3.0
2026-07-29,pIOGAq5E1qY,11270,10.0,7.0
2026-07-29,u36E9fbWevE,6973,5.0,3.0
2026-07-29,-RZl-ZfIBFQ,2312,4.0,5.0
2026-07-29,opLvpF8u5_I,2744,0.0,4.0
2026-07-29,a5LjP8BKJes,3545,2.0,2.0
2026-07-29,eC8dM24WSUY,4210,5.0,7.0
2026-07-29,pioI8tt8EoA,10702,8.0,7.0
2026-07-29,5017Sh9-OKs,2846,1.0,3.0
2026-07-29,dv65JIi32fg,1664,1.0,1.0
2026-07-29,auLdwCPE-OM,4426,8.0,6.0
2026-07-29,AFBj8PmcuN0,2155,3.0,1.0
2026-07-29,EHI3tSSN7dc,2438,2.0,6.0
2026-07-29,DWr855P1i1A,4519,12.0,2.0
2026-07-29,-c0hPNk_Y-I,2209,4.0,3.0
2026-07-29,j8CXhphXPaA,2638,10.0,0.0
2026-07-29,q9TNMZZRCZw,2825,5.0,6.0
2026-07-29,kZQwF3VSFI8,2827,3.0,1.0
2026-07-29,aehXt0KqSbM,2063,4.0,0.0
2026-07-29,rE2-7bk5KhQ,2414,8.0,3.0
2026-07-29,vhc4gVwJi14,2787,5.0,1.0
2026-07-29,uR6-BAdUSfU,3268,13.0,0.0
2026-07-29,eiEwQNfC_RE,5207,4.0,8.0
2026-07-29,Ys3C0kwUXC0,2905,2.0,2.0
2026-07-29,XotoigyuxZQ,2952,7.0,3.0
2026-07-29,HtFX_bDK5yk,4608,3.0,1.0
2026-07-29,tw3MxSOfpGQ,4159,11.0,0.0
2026-07-29,H_TWHCfg_mA,10850,10.0,3.0
2026-07-29,LPjhMlcZrh4,13051,14.0,2.0
2026-07-29,gJZzIvgaerM,3129,7.0,2.0
2026-07-29,zg_QYnrrPj4,2844,7.0,0.0
2026-07-29,lUQXVxHy8Eg,2682,4.0,3.0
2026-07-29,kGLhUyodZRo,2961,2.0,0.0
2026-07-29,1C_2LS1Szqk,4202,3.0,0.0
2026-07-29,jtfcIFZWD5k,2158,2.0,2.0
2026-07-29,hydvJzZfDS0,1953,4.0,3.0
2026-07-29,Deqr6q5YWbk,2887,5.0,2.0
2026-07-29,io_PyddpcxE,2307,2.0,2.0
2026-07-29,ZmWLAjuMPOQ,2401,3.0,2.0
2026-07-29,usC1DEoFWMo,1853,1.0,2.0
2026-07-29,xqMv7nfT-LI,1997,3.0,2.0
2026-07-29,HwzS3STeC00,3925,5.0,1.0
2026-07-29,Atwjj3UFGzI,12855,8.0,22.0
2026-07-29,fd9xWojxzMo,12670,13.0,1.0
2026-07-29,BQ0-HtVr_pM,16654,20.0,8.0
2026-07-29,UQLm1lizlnk,51050,70.0,17.0
2026-07-29,UlLvSE3iQgQ,4357,2.0,2.0
2026-07-29,R90VEf9oSeQ,4165,6.0,3.0
2026-07-29,BiZGQ1oaRx8,3264,3.0,2.0
2026-07-29,NA-qELak_9g,1970,5.0,1.0
2026-07-29,G0E1Q6qkrj0,4708,5.0,1.0
2026-07-29,GNU2CYFGuDI,2182,4.0,4.0
2026-07-29,fbdXnQHZt6I,1991,4.0,1.0
2026-07-29,YUXedZTb-Tw,3057,5.0,3.0
2026-07-29,FKW6QY2QXpk,47549,69.0,17.0
2026-07-29,4kVn4bqT880,2261,2.0,2.0
2026-07-29,gLnN38dXJIQ,1796,1.0,1.0
2026-07-29,yGYNajmH8Mw,2851,4.0,2.0
2026-07-29,vK29cIH4oJQ,3348,7.0,0.0
2026-07-29,RJxa6ZYcum4,3296,9.0,2.0
2026-07-29,5R3-KexF7Xg,4353,4.0,1.0
2026-07-29,EOTy4QSTLE4,6457,7.0,2.0
2026-07-29,LMpGL_gA_mg,5535,6.0,4.0
2026-07-29,YqmKgqB9Bb4,2042,4.0,0.0
2026-07-29,Nu42qyjgIHM,1781,3.0,5.0
2026-07-29,RCuEGvhwnbg,1952,3.0,0.0
2026-07-29,vX931V7wUvQ,2123,3.0,0.0
2026-07-29,dX25FTPL_98,2190,2.0,1.0
2026-07-29,TEAGC9fqeRY,2040,1.0,1.0
2026-07-29,4gYHX6hFK_w,2109,2.0,0.0
2026-07-29,Z4PlHBEj7Ko,2690,4.0,1.0
2026-07-29,EjMTYAL0Kfk,2861,6.0,1.0
2026-07-29,QrDgV3r5Z_4,3599,4.0,5.0
2026-07-29,dcUyqnc42sI,3621,2.0,3.0
2026-07-29,mF3z5Mf_XU8,3222,7.0,1.0
2026-07-29,L0P-ae1jXLw,3382,5.0,2.0
2026-07-29,7yR0Ni7tE9M,3921,2.0,4.0
2026-07-29,ewhIQSKXNFY,4072,6.0,2.0
2026-07-29,-S6c1DXsBw0,5588,8.0,0.0
2026-07-29,Xsl6RRwTgC0,5184,5.0,3.0
2026-07-29,xsxv8ow3slE,6119,4.0,0.0
2026-07-29,DNsjQaRjM90,4791,3.0,8.0
2026-07-29,PQuvA1JdRQA,2590,6.0,3.0
2026-07-29,0btJHrj0NaE,2417,3.0,0.0
2026-07-29,iTTuH4NFAks,3019,0.0,3.0
2026-07-29,Bqb7USFcDEQ,3753,2.0,2.0
2026-07-29,OgK-gIAkPMM,2487,1.0,0.0
2026-07-29,V0L0rley3ZA,2727,3.0,3.0
2026-07-29,YFsxMZmxLZk,2598,1.0,3.0
2026-07-29,C5p8SuuJ7tM,3019,3.0,0.0
2026-07-29,Wz_5wOYfpUo,4262,4.0,3.0
2026-07-29,rB6kU6xwFyw,3281,5.0,8.0
2026-07-29,e3_sYJ1BDus,2732,0.0,2.0
2026-07-29,UxgRbEn1UNA,2793,2.0,1.0
2026-07-29,4Q-mIds9Nck,3920,3.0,9.0
2026-07-29,96aw-FLLwq4,2695,2.0,0.0
2026-07-29,wPI6dPXzzLE,3020,2.0,1.0
2026-07-29,OgGuGun_fu4,3451,3.0,1.0
2026-07-29,2A-j5A4u9c4,15498,15.0,9.0
2026-07-29,aPEvMAHhc6Y,19673,7.0,4.0
2026-07-29,kgJf0yT7Mew,170523,195.0,84.0
2026-07-29,5IrzGeP-sf8,3194,4.0,1.0
2026-07-29,poLpF9aY6kM,2941,3.0,0.0
2026-07-29,a1AfNzavoQU,3940,2.0,2.0
2026-07-29,lPhg9jE_zhE,5544,2.0,4.0
2026-07-29,IN8j_4y8YC4,5767,2.0,6.0
2026-07-29,S9jw909KsFI,5533,0.0,1.0
2026-07-29,lPriGU-1UH0,4622,3.0,2.0
2026-07-29,w9wf2xolYZs,10093,10.0,3.0
2026-07-29,PCeedZ5DzMk,8967,4.0,3.0
2026-07-29,Dta-RfQ1GXM,9049,10.0,4.0
2026-07-29,FRHBY1ZZ2cU,9539,60.0,20.0
2026-07-29,i793EixvCnk,6681,3.0,9.0
2026-07-29,8fl3oz6Wskw,6365,5.0,3.0
2026-07-29,HVEU_aRmMkU,8531,5.0,4.0
2026-07-29,9EtAq0pXlJg,4384,6.0,5.0
2026-07-29,tlbTQvbsC7E,6002,5.0,0.0
2026-07-29,xgEKJni5VEY,4493,10.0,10.0
2026-07-29,YlBI1I9DnP8,4376,4.0,1.0
2026-07-29,byGEd85AFck,26112,15.0,11.0
2026-07-29,cUqS4SEzDlc,42662,31.0,8.0
2026-07-29,6cKM7DfJisQ,20684,11.0,4.0
2026-07-29,dIeHNcUwntI,37501,29.0,3.0
2026-07-29,hLVaSBcBp-U,28664,24.0,13.0
2026-07-29,UkJLTDlePCA,15044,12.0,6.0
2026-07-29,5A6meVykk4Q,11464,10.0,8.0
2026-07-29,xQxEK_Pc2t0,8747,13.0,6.0
2026-07-29,Cui3FDl4byA,27590,25.0,16.0
2026-07-29,kXjsBBuz8oQ,3139,4.0,4.0
2026-07-29,OquJUte9P4M,1312,4.0,1.0
2026-07-29,-M3Nt_7svoU,1406,5.0,0.0
2026-07-29,CX16zM45VbI,1220,4.0,0.0
2026-07-29,KZvXj4qbq30,1031,5.0,1.0
2026-07-29,GJoN9NTkL4k,7412,6.0,1.0
2026-07-29,t2GCR0h_0ro,11937,10.0,2.0
2026-07-29,qy3YnPVf_fo,16221,14.0,2.0
2026-07-29,z7HSOQPr8bU,14728,14.0,3.0
2026-07-29,n9WypkR8h0Y,13673,14.0,1.0
2026-07-29,H9-mT6W3UaA,12794,6.0,2.0
2026-07-29,L_791IVm85g,16722,20.0,4.0
2026-07-29,4Z6H8pIgCGc,11851,17.0,6.0
2026-07-29,KdpsGXtvG1M,13352,18.0,4.0
2026-07-29,ZYXkk33FZKU,10574,16.0,5.0
2026-07-29,EodzbbH1Cvk,30179,243.0,97.0
2026-07-29,mNUqbev43Xg,8006,16.0,0.0
2026-07-29,LY6AyM8aANo,9341,12.0,12.0
2026-07-29,gMpxG6RIG4A,28214,31.0,16.0
2026-07-29,hlb2vqFWmCc,16474,25.0,4.0
2026-07-29,iNsMMW6xGPU,2006,4.0,0.0
2026-07-29,YQZ3BRRKp14,1840,4.0,3.0
2026-07-29,8VLehQ9pw0k,2327,3.0,2.0
2026-07-29,ikyxuHakyqc,2967,5.0,0.0
2026-07-29,EJPaGX0EdAw,2980,7.0,1.0
2026-07-29,8uWAJChZYYk,4250,9.0,1.0
2026-07-29,beUyVkeRzdQ,7399,13.0,5.0
2026-07-29,m0egXDNtBS8,8738,9.0,3.0
2026-07-29,1Gs55GQeK1U,10058,11.0,7.0
2026-07-29,CoRFUJ_Zf0Q,7979,13.0,4.0
2026-07-29,hD8TSVPy5d8,6016,11.0,4.0
2026-07-29,68Zp6WdN2x4,4932,5.0,7.0
2026-07-29,3M1-LpjiTyM,3722,5.0,3.0
2026-07-29,TFbRqJxsIz0,4046,4.0,4.0
2026-07-29,yxJuPPcoXCM,5791,14.0,6.0
2026-07-29,d_mu_RpPg78,8442,11.0,4.0
2026-07-29,tjK4BjU6PJ4,6883,12.0,6.0
2026-07-29,cZjvtR37K74,8619,14.0,7.0
2026-07-29,zTyVVTyZmk8,9191,9.0,2.0
2026-07-29,ZrhQtlda4CY,2284,7.0,2.0
2026-07-29,nsabiNz6lEg,2667,7.0,2.0
2026-07-29,i7WmJaySwG0,2178,7.0,0.0
2026-07-29,bRIhne2t1v8,6351,8.0,3.0
2026-07-29,sM2R5Yuflek,5422,8.0,2.0
2026-07-29,bOIxRx6vqUI,10500,8.0,1.0
2026-07-29,T3WTyvXvFtA,5475,9.0,7.0
2026-07-29,rAX5UINFaGc,1890,7.0,0.0
2026-07-29,FwHJ_wbH22k,1843,7.0,0.0
2026-07-29,hGZMXU_giT8,1504,6.0,0.0
2026-07-29,Xg7qAA7Xtp8,1193,9.0,2.0
2026-07-29,LLVtA756x0Q,1714,7.0,3.0
2026-07-29,W5QbIe4kfqA,1960,10.0,2.0
2026-07-29,ueD-9eWlO7M,2325,7.0,2.0
2026-07-29,5bnLXlauJVs,3172,13.0,1.0
2026-07-29,Jg8adfUFlPM,2200,9.0,0.0
2026-07-29,fcpf_wJA9u8,3793,11.0,0.0
2026-07-29,RTXy4RhNZx4,7669,34.0,13.0
2026-07-29,2yzW7jXUSsM,1536,12.0,2.0
2026-07-29,wRoJ5bNdBXg,2080,16.0,2.0
2026-07-29,H0uELoOgBbY,2315,16.0,1.0
2026-07-29,04B3i1qonM8,2138,14.0,3.0
2026-07-29,31ecum64YY4,3669,18.0,2.0
2026-07-29,CNACosCVkCU,3112,20.0,3.0
2026-07-29,rzv0HBt9_h8,4260,29.0,6.0
2026-07-29,dxxR4-Bovu8,5831,44.0,14.0
2026-07-29,6a58xHUU0lM,70125,803.0,452.0
2026-08-01,KifkcqxCOcI,520704,11823.0,699.0
2026-08-01,ILXTh-OULwE,29005,1691.0,160.0
2026-08-01,luFr-iC-jhE,485286,8158.0,672.0
2026-08-01,TZGYVke-4T8,34367,1333.0,23.0
2026-08-01,0BVdKWFx8oI,889273,17467.0,695.0
2026-08-01,_xv786d9A-E,955549,19498.0,1578.0
2026-08-01,PKkkM9OXnFM,76008,1306.0,75.0
2026-08-01,2bplSe6pkLE,23181,438.0,11.0
2026-08-01,Di9P7et21xs,285032,3846.0,319.0
2026-08-01,g63Hjg9OD50,71801,1410.0,68.0
2026-08-01,K6inhdZotBA,833730,14725.0,1556.0
2026-08-01,VLRwTIc_iPU,119163,1701.0,112.0
2026-08-01,OSWJut6AGZ4,149873,1785.0,45.0
2026-08-01,3UEKgJlfNo0,717034,11518.0,665.0
2026-08-01,8Nwf7kjg2DQ,1124709,30749.0,379.0
2026-08-01,6iJJf0UrNGc,120824,2640.0,70.0
2026-08-01,BPtb9WWqe4c,248577,4653.0,83.0
2026-08-01,udko1Z6zg2U,3590476,63008.0,5014.0
2026-08-01,J-buiTKFR0U,776057,11336.0,379.0
2026-08-01,PPRUq_lJ2BE,1208638,23823.0,2405.0
2026-08-01,cXUjaYvp0xk,53503,878.0,18.0
2026-08-01,T3sjpFXvdFo,219777,3767.0,456.0
2026-08-01,y17vWDmDLLU,75975,1697.0,35.0
2026-08-01,kUkoP7D19FU,99259,1767.0,37.0
2026-08-01,mu4YWCkKoDk,890320,16532.0,686.0
2026-08-01,2isdqFF0MYI,596306,10008.0,146.0
2026-08-01,WnvPjGoeIyQ,40636,582.0,20.0
2026-08-01,gbRkYlK-AW0,208126,3567.0,225.0
2026-08-01,vLXcVJGciMM,86706,1630.0,58.0
2026-08-01,udAVvAaVh6k,1556846,27182.0,2284.0
2026-08-01,ftrwUn1WEX4,814490,9246.0,1067.0
2026-08-01,jZtVd0j_Yic,128340,1985.0,56.0
2026-08-01,DQl32Kjouqw,120541,1988.0,37.0
2026-08-01,voVSMSJ9ewU,533928,6281.0,407.0
2026-08-01,nOJYE2uLlDU,960161,10190.0,1083.0
2026-08-01,e1ehNZzQLkA,122970,2257.0,115.0
2026-08-01,QhNkG7Z_FjA,263077,2114.0,34.0
2026-08-01,KdFj7m7Vi6U,224680,3567.0,162.0
2026-08-01,bdsXqWZX_C4,264826,4334.0,76.0
2026-08-01,KNwqT1tgbKU,49637,973.0,26.0
2026-08-01,p9YmY8Nh8kQ,639686,9243.0,958.0
2026-08-01,M7eF66fQBxs,189278,3628.0,91.0
2026-08-01,WON67J0NJB4,148921,2517.0,118.0
2026-08-01,kFxuDAajkB4,1505083,34621.0,3558.0
2026-08-01,J8AQ96FPwsg,932444,12979.0,162.0
2026-08-01,jemBC8agGf4,1326637,20765.0,1717.0
2026-08-01,bhV5Mvhn2RA,1891338,23407.0,734.0
2026-08-01,-8Jqg3cymSs,189159,2308.0,354.0
2026-08-01,sgFbsOG_y58,65049,666.0,32.0
2026-08-01,UY0hNkXcK6A,442886,3777.0,532.0
2026-08-01,YEAIgTzYmMo,124481,1830.0,58.0
2026-08-01,b6GCP9otK_Y,247028,1156.0,219.0
2026-08-01,3Wf4UxaJ-zo,76615,811.0,12.0
2026-08-01,ZAwRlnGva_w,595327,8836.0,549.0
2026-08-01,gMAU2PdFggg,907245,12432.0,460.0
2026-08-01,p_vbneEIfm8,596414,7825.0,1061.0
2026-08-01,Rp-_-EKVb1o,366510,5351.0,264.0
2026-08-01,tboE3v0NDfs,293049,3263.0,108.0
2026-08-01,NjsYyPA8Wic,3452566,65340.0,4747.0
2026-08-01,vzPb8j0w9ks,275725,2914.0,94.0
2026-08-01,44Z8I1L1Gg0,683397,5495.0,649.0
2026-08-01,tc9rDfTXGK8,787365,6278.0,347.0
2026-08-01,Lh54UyiPr6s,430245,5456.0,356.0
2026-08-01,Hc81mqEjK4A,385979,6380.0,510.0
2026-08-01,ITU7kU8Pdtw,100173,1802.0,141.0
2026-08-01,9VcAFieFARI,207810,1551.0,250.0
2026-08-01,tnpgwdGOZq8,152463,2079.0,35.0
2026-08-01,ujOybtSQ_dc,287874,3405.0,264.0
2026-08-01,sVeucKGTsnQ,700925,7371.0,483.0
2026-08-01,ydy3nSE7ywQ,294436,2391.0,321.0
2026-08-01,E8x56e38ATM,309634,5001.0,136.0
2026-08-01,66VVCava7-Y,1892723,22493.0,1053.0
2026-08-01,EJFV0dV9uDo,540780,7110.0,218.0
2026-08-01,jGrA3JTWmIY,527276,6844.0,159.0
2026-08-01,krwAJblmVPU,118628,838.0,89.0
2026-08-01,Lez3FG1fZxc,211354,3108.0,143.0
2026-08-01,vOlwhC4yn4w,54366,1183.0,40.0
2026-08-01,5OqpeSSYYtI,672925,13192.0,232.0
2026-08-01,wszdluHzTak,759261,8913.0,589.0
2026-08-01,ZeEqpS2Fiy8,323442,4332.0,309.0
2026-08-01,0EATAxsSnKk,364523,4148.0,330.0
2026-08-01,L60oEgOQdvk,1655767,30246.0,626.0
2026-08-01,Ygi0JsphXok,536924,12132.0,182.0
2026-08-01,1hqgUdZKbjM,270542,1138.0,22.0
2026-08-01,GHe8GOKV5dk,450731,16354.0,1153.0
2026-08-01,FOu0L1nYRkM,190495,3116.0,67.0
2026-08-01,444EDKBid2w,745337,11357.0,549.0
2026-08-01,dA2QVBtEVps,25455,365.0,14.0
2026-08-01,cC-hKpbuqS0,545363,6740.0,1195.0
2026-08-01,n2SkFb6M24w,110181,1807.0,47.0
2026-08-01,HsOEdfrgeZk,367391,4812.0,468.0
2026-08-01,OeafMZyEcgg,119125,2032.0,57.0
2026-08-01,KzNWUxU0HCk,966402,9493.0,601.0
2026-08-01,7r-qoSzWXHo,159754,2678.0,306.0
2026-08-01,ZHus-bYc4es,143113,2151.0,61.0
2026-08-01,wW6ycct7SZo,443567,5183.0,450.0
2026-08-01,6NudKxFWJ2k,763175,10576.0,568.0
2026-08-01,IsgXGbK4Uak,87942,1089.0,37.0
2026-08-01,yXq9L2M1dy4,264892,3518.0,138.0
2026-08-01,5iiVtuwweZM,634011,9707.0,129.0
2026-08-01,nUuj48gvNvA,203478,2733.0,203.0
2026-08-01,VSYDmR0pRd8,518397,6350.0,274.0
2026-08-01,IMTaW-qDd7g,325546,5122.0,192.0
2026-08-01,-1mIe6Puq9s,549743,9820.0,991.0
2026-08-01,JfQ3t9d7UFw,280709,4258.0,358.0
2026-08-01,FKKpTDGspJk,586942,7839.0,406.0
2026-08-01,KGwFYiQyYsQ,192181,3667.0,154.0
2026-08-01,0eF81AyV_us,93635,1856.0,115.0
2026-08-01,OTG5RGeLAQQ,339858,6402.0,839.0
2026-08-01,h70ZfDVvk1I,588217,2506.0,240.0
2026-08-01,8_VRut08Xps,498148,9954.0,508.0
2026-08-01,OrTX8OiR-FQ,634493,7776.0,215.0
2026-08-01,ryNeFTtcOwY,421893,2789.0,231.0
2026-08-01,036GoyUgzjs,405202,7244.0,240.0
2026-08-01,9nFyt6m4U-g,56580,1262.0,21.0
2026-08-01,-0HtTCRXI4Q,19958,270.0,10.0
2026-08-01,t-KgPvvbr4w,517584,7301.0,327.0
2026-08-01,FXNreX94exU,378663,6049.0,102.0
2026-08-01,35cM167x9T8,262192,3386.0,43.0
2026-08-01,T-zEQfaRRYA,112640,1614.0,18.0
2026-08-01,Y8jRolTmRu4,916706,14005.0,299.0
2026-08-01,6EgMX_dqAuE,76136,1369.0,19.0
2026-08-01,fa5-N2uJjOg,689670,15532.0,8781.0
2026-08-01,sZdnmdc5cnE,535291,8622.0,664.0
2026-08-01,hA8jtBjWlug,147957,1502.0,37.0
2026-08-01,juPA9SgqxiY,371028,8198.0,632.0
2026-08-01,hJ0WUR_D2jY,511122,7577.0,314.0
2026-08-01,IlPIfGojmcc,898340,8263.0,639.0
2026-08-01,2ZNk0d6vfwQ,627044,8124.0,481.0
2026-08-01,oSigp7C5vlw,1362391,10665.0,881.0
2026-08-01,PE_hTsHTBzE,571952,9018.0,401.0
2026-08-01,InngxYidux4,342969,3540.0,209.0
2026-08-01,1zpZp63p4to,451034,7554.0,560.0
2026-08-01,nq-TiAyCE-o,44557,736.0,12.0
2026-08-01,kleRKYvlHh8,64681,748.0,18.0
2026-08-01,eLtPN9udQdw,1517692,16503.0,549.0
2026-08-01,gRnhMUzDtAM,36946,749.0,6.0
2026-08-01,KvQ6_bPTC8k,1570743,6408.0,627.0
2026-08-01,NUy9yH9Yq0A,22699,397.0,5.0
2026-08-01,DJf7gPo-hTM,70452,920.0,15.0
2026-08-01,IMsIcsWcHf0,465661,8187.0,522.0
2026-08-01,XiEZ02qVYVo,33455,498.0,6.0
2026-08-01,NlyedY95lpM,230627,2458.0,146.0
2026-08-01,HKmbQaet1DM,145349,1658.0,120.0
2026-08-01,WD1BBxsxfpE,392137,4353.0,536.0
2026-08-01,j1MqFAhBcUw,312318,2754.0,226.0
2026-08-01,zlnlIB1_7Wk,35531,560.0,23.0
2026-08-01,bOsVzamA4P4,648391,8074.0,422.0
2026-08-01,9dFV4FkkRhM,781570,12732.0,565.0
2026-08-01,MN0hpcQ7j10,551229,8348.0,564.0
2026-08-01,HhQ4VH1UTU4,30705,477.0,6.0
2026-08-01,rzHv20HND1k,63277,1254.0,83.0
2026-08-01,X5aY3DNljUI,1231431,10875.0,656.0
2026-08-01,tRC-dglnpgA,634262,12908.0,834.0
2026-08-01,vcl9IM6fvzE,96666,1181.0,32.0
2026-08-01,hFLyhPeFHPc,47140,1035.0,20.0
2026-08-01,5xccHa9UxKk,1156438,24876.0,1691.0
2026-08-01,gQnKk3RulQo,555716,5704.0,877.0
2026-08-01,0Gzk13yadmA,427738,5591.0,343.0
2026-08-01,MzqrZ_a_DPg,50807,1031.0,18.0
2026-08-01,JSc4c4BEhag,53506,658.0,9.0
2026-08-01,ymQcV_wxK8g,808521,14193.0,982.0
2026-08-01,nzrBI-7tZvg,733857,7884.0,541.0
2026-08-01,1LLbClNRXt0,1390146,24424.0,1761.0
2026-08-01,Jq7llIkbJeA,532983,5703.0,450.0
2026-08-01,yOjD-6_Y0as,134962,2477.0,97.0
2026-08-01,brirXPljYso,530648,1931.0,44.0
2026-08-01,A8FCfN-WlyI,115245,1531.0,70.0
2026-08-01,XrZSufCvG6g,25998,380.0,16.0
2026-08-01,_8hRTF0EFb8,1186186,31499.0,3077.0
2026-08-01,n9OSyFouJMM,433792,3369.0,261.0
2026-08-01,GecjuFqSz2Q,108903,1283.0,32.0
2026-08-01,Cx4j-dux-ac,103531,833.0,24.0
2026-08-01,xe2Yg2aBflQ,179697,1668.0,179.0
2026-08-01,D-o6sQPQJpg,1090236,8189.0,1426.0
2026-08-01,DQ3fxfUWf-w,1133101,15469.0,1662.0
2026-08-01,WAveXqb7FRE,357232,2420.0,373.0
2026-08-01,XU6u5Ro-lFw,603671,7566.0,449.0
2026-08-01,rI5YuE5mIS4,422448,3804.0,551.0
2026-08-01,AVR93bW9ZDI,1272228,9759.0,758.0
2026-08-01,jl87f-4iwU4,791619,4734.0,427.0
2026-08-01,405qhpa0Lzg,147148,1796.0,56.0
2026-08-01,qBRc7m3VmFU,528768,5592.0,462.0
2026-08-01,DaOX3715CU0,107845,1364.0,73.0
2026-08-01,gHt8mEoGJLU,669194,7810.0,603.0
2026-08-01,ftwV9Q0e7Jo,500432,5263.0,127.0
2026-08-01,Oto6n6n3vao,149176,2325.0,83.0
2026-08-01,KJknopvpsT4,198638,3035.0,433.0
2026-08-01,DV5rAm1pGEU,370134,4828.0,381.0
2026-08-01,FnH7QXfDRJQ,1832979,17447.0,848.0
2026-08-01,CnoGML_LIbk,1344494,21796.0,1508.0
2026-08-01,drZYsIgqSIo,530897,6021.0,502.0
2026-08-01,D-y3MFi30fg,458056,8030.0,86.0
2026-08-01,XHZLE-g8t4Q,621468,7070.0,162.0
2026-08-01,9sFUCrxaYWo,187139,2677.0,71.0
2026-08-01,sFElH41zvHk,400080,4116.0,313.0
2026-08-01,xf4ssP9JoHw,522838,5703.0,87.0
2026-08-01,2rV5htxZ2KU,387763,4375.0,416.0
2026-08-01,AzzwhsEiLLA,476997,5743.0,356.0
2026-08-01,6UyF4TSv8tI,714086,11161.0,587.0
2026-08-01,FQEJ57GG2CI,416259,7815.0,628.0
2026-08-01,ax6PbVOZZIU,618693,7540.0,228.0
2026-08-01,qUNjT9WWMvU,594140,6757.0,601.0
2026-08-01,b4RkSPpbwP0,616639,7298.0,252.0
2026-08-01,mUvWxHJfqDA,250244,2468.0,131.0
2026-08-01,j_2rJO0QAeY,444797,7160.0,391.0
2026-08-01,5FHIgRnz7k4,942467,12739.0,816.0
2026-08-01,VqXR85V902g,417929,4178.0,187.0
2026-08-01,VUEb3AqoA8A,602798,9265.0,457.0
2026-08-01,-TtwFUmGvvU,404384,5681.0,358.0
2026-08-01,tCJ_UVBO9Oc,180507,2338.0,45.0
2026-08-01,pby-8b_K1XA,1068889,19163.0,1160.0
2026-08-01,Z1F3-eSKoTs,510641,3912.0,69.0
2026-08-01,9ApEaLbgP5g,841403,10536.0,375.0
2026-08-01,4yxINDGiS9U,287543,3600.0,216.0
2026-08-01,RqVROZYpGgg,175554,2025.0,32.0
2026-08-01,K2m1wAftEko,1312390,16792.0,964.0
2026-08-01,LEHtf4LnXmg,756495,11305.0,826.0
2026-08-01,0IpJuqW6_OM,666535,6729.0,353.0
2026-08-01,8v4bTQeOLro,944915,10129.0,570.0
2026-08-01,JAB8P3ZAd8s,1724802,23758.0,911.0
2026-08-01,EAhfBmMv2OI,199214,3319.0,161.0
2026-08-01,vkV3X-4fMlo,68279,760.0,21.0
2026-08-01,BnL-BXjomLQ,229675,2140.0,81.0
2026-08-01,oKx2NEA_Aj8,488896,5865.0,314.0
2026-08-01,NSvBVaZ8Moc,1229494,36917.0,375.0
2026-08-01,FsPPrwFpy8E,58286,823.0,19.0
2026-08-01,LWPyeLnVnxE,733126,3018.0,171.0
2026-08-01,m55L44FH46A,157322,3289.0,109.0
2026-08-01,aoefpJJJfNY,240121,3348.0,30.0
2026-08-01,FLpMCJ-uIqc,200177,3430.0,66.0
2026-08-01,S-4N8BMP3-o,1502065,16797.0,815.0
2026-08-01,6Np0Y9niE7g,481135,5059.0,228.0
2026-08-01,_82eh6twyko,1545364,21023.0,570.0
2026-08-01,NKo_tPVbBAc,324459,3531.0,198.0
2026-08-01,VZMWQtbeTd0,247616,2076.0,97.0
2026-08-01,DD7D5Vq2SiA,71541,1163.0,31.0
2026-08-01,x1yWjVs60oM,331267,5346.0,280.0
2026-08-01,VUcq_blQDhY,85206,1602.0,70.0
2026-08-01,YKWthEQNGsE,461206,5434.0,117.0
2026-08-01,vibKG9jswRI,443517,5567.0,560.0
2026-08-01,zpRIYhNWwlI,917314,8165.0,730.0
2026-08-01,n7L1rpqKp-s,208625,3516.0,155.0
2026-08-01,Ckof-QvJLqA,138871,1595.0,21.0
2026-08-01,9UgO-Fq8IRY,457540,5224.0,600.0
2026-08-01,wqSLQ550CT8,95155,610.0,35.0
2026-08-01,lE6DlmdiAA0,67533,758.0,35.0
2026-08-01,WFtkXX9mWug,920335,9429.0,413.0
2026-08-01,_7-OQtOPCZM,983077,8526.0,1268.0
2026-08-01,rl4YQjT5dBI,1278722,15259.0,223.0
2026-08-01,zOPEKLgy0OY,175855,2882.0,90.0
2026-08-01,Ue5orMobxDY,492233,4797.0,201.0
2026-08-01,l55qh0XmVqM,240426,2689.0,77.0
2026-08-01,c-L58cCrRn4,549741,6410.0,555.0
2026-08-01,OPg0rpaqZng,458868,6114.0,163.0
2026-08-01,EqTMPCRCCJI,474716,6402.0,256.0
2026-08-01,4-eHWTHOP9I,310855,4980.0,263.0
2026-08-01,RFne0wdpVTw,454174,9141.0,1536.0
2026-08-01,Y1m-AHLSg-A,309775,3554.0,79.0
2026-08-01,wkXW8ryejcQ,95345,1147.0,63.0
2026-08-01,n9jNAzTMSZI,221333,3024.0,86.0
2026-08-01,xNYTPde_ZC8,248975,2203.0,371.0
2026-08-01,If_2YsNlXuY,1117647,13656.0,159.0
2026-08-01,0n4bKVcVIv0,175453,1585.0,45.0
2026-08-01,usTHgaMiu4I,644344,11908.0,1114.0
2026-08-01,e14uxSqof0Q,226352,3869.0,197.0
2026-08-01,jc2Y5eGdWBc,411890,4126.0,520.0
2026-08-01,LEzNOKX1QR4,147945,2064.0,17.0
2026-08-01,T0KAU7uBDak,151734,2521.0,67.0
2026-08-01,u0nFfjgn694,707449,7507.0,594.0
2026-08-01,VihZQffK240,830121,9619.0,131.0
2026-08-01,bt85BTgbiSo,523723,7265.0,246.0
2026-08-01,s8zOWV5_RkI,116831,1450.0,80.0
2026-08-01,ZX0gYlL1fBU,337607,4513.0,716.0
2026-08-01,5VwN3f7oOqI,139902,1652.0,48.0
2026-08-01,3B7S02e4kSU,496616,4627.0,397.0
2026-08-01,_dd53Dybu1U,34963,558.0,36.0
2026-08-01,oOFhvKKfIS0,43776,634.0,17.0
2026-08-01,ukXrRqWoMNc,722855,7808.0,372.0
2026-08-01,8xA0lHsJmn0,472620,7168.0,212.0
2026-08-01,PRMx0IKHnmY,921154,16203.0,244.0
2026-08-01,lyCSLfdh69I,176971,1938.0,46.0
2026-08-01,fibSaE6fApU,634800,6583.0,549.0
2026-08-01,cQVbKp8EQQI,191816,2317.0,125.0
2026-08-01,1VV_Kp98fsQ,191987,2448.0,44.0
2026-08-01,E2b69_BDh4Y,63310,1308.0,23.0
2026-08-01,BQ5RcFYU9NE,272061,1857.0,39.0
2026-08-01,sX9MgWz5xw0,402927,5414.0,115.0
2026-08-01,DzGL5meSCyI,176678,2755.0,213.0
2026-08-01,oQRRySDKz7U,72417,951.0,59.0
2026-08-01,b06Buo1w3g0,27634,530.0,11.0
2026-08-01,pxbCIQ9_s70,472741,5978.0,395.0
2026-08-01,PqlRnvsC59Q,445630,4111.0,192.0
2026-08-01,YePsJGqlLm4,550655,7364.0,553.0
2026-08-01,yez92X6yX8g,113498,2045.0,125.0
2026-08-01,k3Sjrq44bao,735752,7938.0,397.0
2026-08-01,BaBR8qtSVg8,615202,6980.0,380.0
2026-08-01,qcZXiWQ3ds4,253004,2339.0,43.0
2026-08-01,TxV6adl256U,327652,8039.0,840.0
2026-08-01,UV6wX8SLAHM,356181,4716.0,83.0
2026-08-01,ZNF45t6HQHU,38311,448.0,5.0
2026-08-01,k79RZH_3Bns,908392,13648.0,876.0
2026-08-01,hQmYsZvE2SQ,479614,4671.0,74.0
2026-08-01,OdFF7eIM8DA,116621,1275.0,34.0
2026-08-01,UglHsqhbbUY,587105,7927.0,357.0
2026-08-01,-kzdKcsZrn8,300678,3656.0,104.0
2026-08-01,hq7KRQ72rMM,697341,10303.0,759.0
2026-08-01,yk94w5D2BRw,1281289,24208.0,368.0
2026-08-01,oLudI6eWLsM,150513,1454.0,52.0
2026-08-01,3tosFNAk8PU,425757,4789.0,121.0
2026-08-01,TFF2IP025C4,1037253,14180.0,684.0
2026-08-01,005a8GllC20,1238322,13886.0,609.0
2026-08-01,qJcxdtBBeHA,114777,1791.0,25.0
2026-08-01,dUZ9vOH1gx0,1791699,17249.0,744.0
2026-08-01,Lplr69ViTF4,431008,4883.0,626.0
2026-08-01,mpSaeFKBa6E,340104,7097.0,1090.0
2026-08-01,xGyJnBDIsdA,531307,8216.0,765.0
2026-08-01,JhpaUXwZEgw,487458,6554.0,334.0
2026-08-01,fyGnls7PCmI,627377,7546.0,463.0
2026-08-01,FkiXREdD-Yc,311006,5723.0,504.0
2026-08-01,3wVj1tGEdxY,65801,1183.0,54.0
2026-08-01,3xN2CBwCuGU,90355,1080.0,62.0
2026-08-01,wXrU2QjPHrQ,521393,6215.0,75.0
2026-08-01,XNPvSLHqf1k,994185,11257.0,763.0
2026-08-01,ZVwT73yB7Fo,72971,1239.0,10.0
2026-08-01,Q1yWS0Cx_Tc,1224335,16734.0,1253.0
2026-08-01,kibk-NsCRTk,796935,11045.0,119.0
2026-08-01,5MKgEt5Nxa0,423724,6516.0,120.0
2026-08-01,Wt6-2PysTY0,620125,7816.0,498.0
2026-08-01,YTyRC8vp3WI,333160,3199.0,118.0
2026-08-01,TIz4dZLDxeY,543501,5381.0,517.0
2026-08-01,_EGhSLAs57k,603725,5363.0,363.0
2026-08-01,ZqZXCFbusZ8,281673,2416.0,26.0
2026-08-01,KIRtgAddTk4,264069,2074.0,113.0
2026-08-01,d2-9qzKxIcQ,608092,4881.0,541.0
2026-08-01,xVpNDW4satM,1526241,14755.0,1219.0
2026-08-01,lxzvDZcO8n4,722969,4995.0,82.0
2026-08-01,D7trASXHL3I,582810,5196.0,25.0
2026-08-01,N-pfEtaL6wo,819476,11363.0,535.0
2026-08-01,OM57GewXsyE,1198635,12951.0,241.0
2026-08-01,sxGH8365kQw,411462,4237.0,95.0
2026-08-01,MI4WRENAxZM,116806,1751.0,87.0
2026-08-01,XtCVotttsks,542872,4497.0,201.0
2026-08-01,dGsitIKbyBw,500398,5475.0,439.0
2026-08-01,hC1yVhrTqqk,376548,3688.0,174.0
2026-08-01,JwBaKvKz3wg,1675024,19007.0,1466.0
2026-08-01,9CVOQA8yMZM,680994,6432.0,350.0
2026-08-01,ygSBXv-IgGg,553351,4210.0,221.0
2026-08-01,6-TeFHplXgE,705726,8039.0,557.0
2026-08-01,Yv4Ae_t99Uc,116854,965.0,28.0
2026-08-01,t8yxu_JstYA,2210636,35012.0,812.0
2026-08-01,po24OFyyOBo,748516,8082.0,564.0
2026-08-01,5V0oZyGjgzQ,74788,687.0,9.0
2026-08-01,Ch3iXiv1uyY,99267,1200.0,41.0
2026-08-01,zs3muz-XXPM,428027,4774.0,431.0
2026-08-01,jAW3nt1QekI,409671,4945.0,69.0
2026-08-01,3mZB_dr4mdc,2064020,36203.0,322.0
2026-08-01,3C8nj7wwMtY,398873,3860.0,225.0
2026-08-01,M54g3HMaXK0,46137,601.0,19.0
2026-08-01,wBnkLMwEa4k,83443,1326.0,38.0
2026-08-01,-jzz4YhzW2c,465982,5234.0,489.0
2026-08-01,HRD7u-dzjkU,2405878,26111.0,1612.0
2026-08-01,NN6YKD_bErI,97749,2377.0,52.0
2026-08-01,P3VpPa4uH3w,278903,3906.0,149.0
2026-08-01,s1CG21cnYXM,276067,4362.0,82.0
2026-08-01,XqekMvr-4zE,510800,9691.0,123.0
2026-08-01,arxHyiDv7VQ,1628087,20154.0,1081.0
2026-08-01,1LFhhQzEEmk,231756,6299.0,157.0
2026-08-01,r09UNWEvvMY,186245,6344.0,94.0
2026-08-01,bT8wdYP-4TM,55305,1041.0,17.0
2026-08-01,AG71F5Tg1UA,3029934,90480.0,6329.0
2026-08-01,qaXS7PzGbNg,986671,17108.0,765.0
2026-08-01,A_X6BpOkvEI,1895528,19564.0,327.0
2026-08-01,oI8LzKckOeU,829118,8345.0,793.0
2026-08-01,GiXkZRZFtRg,388028,8085.0,129.0
2026-08-01,NoyERwLSyR4,215407,2369.0,40.0
2026-08-01,GdaaEug5rBA,230384,5771.0,103.0
2026-08-01,dRP4qv_ympQ,922665,14890.0,705.0
2026-08-01,qbngFf0aOZo,290367,4985.0,102.0
2026-08-01,ixv9ZWHCSGs,367654,11168.0,477.0
2026-08-01,1TB8bkYNMD8,250484,5253.0,103.0
2026-08-01,fUS1l6VbWPU,340676,8676.0,153.0
2026-08-01,bVgXndmEFcs,439105,5674.0,529.0
2026-08-01,mHzpl5yeKHg,117950,2884.0,61.0
2026-08-01,tvCgpM3kFzk,367249,5555.0,176.0
2026-08-01,-N5Rys0rUpM,212258,3052.0,75.0
2026-08-01,ec_Knbmr5GI,212695,3996.0,109.0
2026-08-01,idOX4nh7SUE,446081,5691.0,670.0
2026-08-01,L8AT1OVX8gY,37157,925.0,17.0
2026-08-01,KE-zGpgITBE,85910,1250.0,117.0
2026-08-01,-sz7vMvJIXQ,232191,3918.0,102.0
2026-08-01,RRfU0L0_VX8,873869,10022.0,803.0
2026-08-01,ISRmrQND1E8,260663,7129.0,86.0
2026-08-01,FQdnSRofAxE,74812,1433.0,84.0
2026-08-01,PWsO5fZW_Xk,104339,2620.0,70.0
2026-08-01,_lZpaplHja8,1501847,20173.0,513.0
2026-08-01,xMRWe8L2vDc,1001539,15529.0,155.0
2026-08-01,AERd2mm6N8A,214853,3784.0,334.0
2026-08-01,gvTHJf5DSq8,101960,1999.0,145.0
2026-08-01,3kcA0Hjjfzk,365244,7225.0,2937.0
2026-08-01,wI2V_PQBKgc,848197,9262.0,565.0
2026-08-01,BOr74FT0vKI,304098,3598.0,602.0
2026-08-01,IGp6P1ICa6g,450478,4696.0,407.0
2026-08-01,brvuhoE8iIQ,465541,5198.0,426.0
2026-08-01,N4xZCeSksic,303442,2364.0,380.0
2026-08-01,GGaglnio_OE,497084,5265.0,556.0
2026-08-01,bGVoJBgSkOo,1534827,20279.0,883.0
2026-08-01,uwNz5fdnUnw,728215,8765.0,380.0
2026-08-01,l7ddSTLcV7s,452854,6339.0,339.0
2026-08-01,l-ce2GEyfrI,366106,2175.0,215.0
2026-08-01,DEF9fW63il4,42229,651.0,30.0
2026-08-01,-CDoUY27Gj4,181631,4135.0,140.0
2026-08-01,Ior8_9hvw_M,280367,4137.0,90.0
2026-08-01,hWvocJR_4fc,84679,1162.0,21.0
2026-08-01,SxMLEsBGl5Y,142831,2404.0,81.0
2026-08-01,Jr7YcSKmC6k,251101,4258.0,360.0
2026-08-01,9Fa0FSpKsgI,564837,7844.0,455.0
2026-08-01,rNlH4mG0C4U,760255,7962.0,523.0
2026-08-01,MQHJ_7bMuTg,270149,5725.0,244.0
2026-08-01,SHyNUOaT_hU,259062,4612.0,88.0
2026-08-01,hF8b9qukpNU,85800,1974.0,67.0
2026-08-01,UNgZG01vzDA,199993,4017.0,115.0
2026-08-01,O_LRCpDOIZ4,69414,1542.0,46.0
2026-08-01,ifBe8hoihTQ,24591,730.0,9.0
2026-08-01,tadjP94YOEg,695040,13498.0,172.0
2026-08-01,KVw-8_95gAo,803439,9129.0,520.0
2026-08-01,82lcyVVlSGc,109233,2451.0,46.0
2026-08-01,cVo0fN1vcb0,828180,8212.0,74.0
2026-08-01,MdYZSNv1KpA,594054,8023.0,466.0
2026-08-01,O886VHifoMs,519262,9860.0,464.0
2026-08-01,RS8QqbF2fpk,1347078,39775.0,221.0
2026-08-01,uAKCJJtDwI4,517054,4889.0,554.0
2026-08-01,lJvnbvTxGwg,863906,7271.0,284.0
2026-08-01,V1aM41ETxYY,351810,6950.0,1366.0
2026-08-01,WR9bi11sEzo,138474,2812.0,48.0
2026-08-01,tE-hmw2ZRaM,1044534,8515.0,488.0
2026-08-01,ZobG2c4Fcr0,368728,6550.0,536.0
2026-08-01,JWKwr7DOFIw,387718,,118.0
2026-08-01,N0gobQIyi9w,446669,5421.0,1325.0
2026-08-01,N92CHWr1B_8,1082675,8646.0,369.0
2026-08-01,HjXGhbujADQ,5031212,74056.0,535.0
2026-08-01,oXbflkncrCs,682979,8525.0,767.0
2026-08-01,StNhD0FY5Ic,212491,2389.0,1208.0
2026-08-01,QPpbudpd20U,386248,6923.0,170.0
2026-08-01,gg5Ep6PVLrs,252077,3422.0,328.0
2026-08-01,NWTerc3yEfk,480385,6810.0,396.0
2026-08-01,6n6TZKFl7c4,196692,3492.0,244.0
2026-08-01,AWLG1x5styo,884576,10785.0,624.0
2026-08-01,Hejh29fjeJk,206724,2464.0,3058.0
2026-08-01,k78-gi_GZ9A,721947,9646.0,448.0
2026-08-01,zrGiR15hv7g,38052,735.0,21.0
2026-08-01,GBmsKpAGJKA,1098472,14304.0,844.0
2026-08-01,6phQa8GR97E,195944,2682.0,845.0
2026-08-01,wezva9-OooI,280245,6860.0,384.0
2026-08-01,HpogY8d4ibM,214024,6140.0,35.0
2026-08-01,eNXw5AI6O4U,447796,8353.0,702.0
2026-08-01,kvEjPGaJv68,65323,1762.0,56.0
2026-08-01,6S-pPaUJPPk,654491,6835.0,457.0
2026-08-01,5-O9_uNlMG4,617154,9513.0,638.0
2026-08-01,RYJpMHaXw4I,104517,1880.0,32.0
2026-08-01,-tdCv38d57s,2056717,18856.0,1694.0
2026-08-01,UhnCRTpwIok,208530,2248.0,1227.0
2026-08-01,wm2s0q98-dQ,372960,7262.0,608.0
2026-08-01,M2GlVTQby24,321566,3799.0,315.0
2026-08-01,G2GMkGzLD-w,252543,9422.0,102.0
2026-08-01,zXHVazKMbk8,713174,11231.0,769.0
2026-08-01,ocgSQm-P3Ew,201411,2545.0,189.0
2026-08-01,0P3nHhPxyuE,214181,2258.0,1051.0
2026-08-01,zgYtIrKIQm8,262284,2938.0,521.0
2026-08-01,SBhwZQN1aiw,609831,5411.0,672.0
2026-08-01,JuGIBygBKMs,22412,527.0,6.0
2026-08-01,e-dk8Rk7NTM,20732,481.0,14.0
2026-08-01,foEGXfxR4QE,285475,4573.0,481.0
2026-08-01,6FrgQBZGvZk,1346753,23670.0,1855.0
2026-08-01,r52IeNaDCDw,32677,708.0,16.0
2026-08-01,qdFkk29g18Y,254668,2734.0,1622.0
2026-08-01,dFlPxMxmsMQ,429001,9476.0,2147.0
2026-08-01,ccrQfG6Xvqk,480013,9633.0,217.0
2026-08-01,K7sGQzxrmo4,328863,3592.0,217.0
2026-08-01,fkC7YmeYyBs,538458,5838.0,705.0
2026-08-01,TvXHxn-uU2E,231327,2503.0,1105.0
2026-08-01,rSHsO4CIBxc,78382,827.0,32.0
2026-08-01,13U-c62C5QY,54344,1151.0,42.0
2026-08-01,PnYmB1VMv2k,219665,2498.0,1601.0
2026-08-01,aeI3j7IOpjQ,668954,6246.0,270.0
2026-08-01,HW-6dkNNflk,375960,10992.0,347.0
2026-08-01,2YEq5U9oK40,412549,5321.0,304.0
2026-08-01,po8LTdZOuAM,37051,976.0,33.0
2026-08-01,nND8bgloOyc,237999,2429.0,660.0
2026-08-01,PGyybvOLAQ8,40992,918.0,22.0
2026-08-01,V1Jhc7IF4Kg,775491,16558.0,2154.0
2026-08-01,ZjuT4zkzV7Y,241056,2591.0,875.0
2026-08-01,eoGRjUxVITg,642483,10246.0,595.0
2026-08-01,dByUlzwq3yg,822440,8048.0,491.0
2026-08-01,wpHJq-Na_ic,273820,2881.0,1341.0
2026-08-01,7Q1Aq84HbPk,328273,3257.0,1294.0
2026-08-01,oAHmNxJSuLQ,1011351,31594.0,423.0
2026-08-01,CcoTgUcUPOA,1001352,21520.0,226.0
2026-08-01,J4J4RmRoSRc,108640,1849.0,51.0
2026-08-01,RgNO-U5tV2E,517219,5569.0,565.0
2026-08-01,PGCKnn-jRT0,970183,20618.0,3954.0
2026-08-01,gG4k1XyIans,346820,3781.0,1452.0
2026-08-01,WQgoQ0ZGY6w,41425,968.0,58.0
2026-08-01,8iPvn7r0oPI,469688,6203.0,643.0
2026-08-01,NXkJ8q4tYik,403900,4838.0,3125.0
2026-08-01,7ooNzHex8MA,1023107,10044.0,841.0
2026-08-01,JAKHdfkwqmI,769377,17354.0,2974.0
2026-08-01,CaTJdJPDzc8,459022,5030.0,1476.0
2026-08-01,E-NlTve6jZ8,411665,6706.0,302.0
2026-08-01,QmrEK1nJ47g,555251,7087.0,1178.0
2026-08-01,Dq7ADR6tGL4,520072,5624.0,688.0
2026-08-01,pBu0f3024jw,867053,14758.0,1985.0
2026-08-01,EbQWa2uR1xo,782782,19671.0,1519.0
2026-08-01,JLx3aPbpKZ0,550730,6798.0,1323.0
2026-08-01,_5yRP7xc63c,548559,5662.0,1501.0
2026-08-01,h87DqA4-BnM,726597,12017.0,468.0
2026-08-01,rnyDg0_a4Xk,515581,5488.0,423.0
2026-08-01,zT83fawS5t4,271227,3643.0,202.0
2026-08-01,_e9GWEHtIgk,626186,7011.0,2476.0
2026-08-01,4Bc7dbPCjVk,481667,17216.0,1358.0
2026-08-01,pO8qt8r4EEU,783495,8614.0,2336.0
2026-08-01,7Ve8p_iqqDA,304367,3597.0,412.0
2026-08-01,BgC7u9HqxeY,239190,9660.0,101.0
2026-08-01,U7OAW-_CL2k,989634,14946.0,913.0
2026-08-01,AiV3vVylkxY,1067696,14101.0,3033.0
2026-08-01,1Td-0APNtv0,574100,8656.0,1042.0
2026-08-01,eXJPoGWz2DA,85235,2193.0,40.0
2026-08-01,cS-kxbnVFUI,151292,3575.0,115.0
2026-08-01,cabXMIKPErc,458506,6484.0,542.0
2026-08-01,KmOsGsDi0Rc,214473,3681.0,96.0
2026-08-01,9qQJ1wWWW7E,195987,3487.0,58.0
2026-08-01,Y6FcI6YkyxU,1100127,20231.0,1140.0
2026-08-01,J3uTxdbA-Gk,1507636,24663.0,3124.0
2026-08-01,qQMj3Y49pgY,145685,2480.0,65.0
2026-08-01,jwf3qdKZaWA,374958,4477.0,430.0
2026-08-01,7YAtArcnnpk,751919,10849.0,4407.0
2026-08-01,5CGYq22OrD0,439119,6900.0,434.0
2026-08-01,x5_jysnrLUc,708986,8486.0,816.0
2026-08-01,z9cUO1bsbKk,563527,7941.0,1064.0
2026-08-01,GdqaTFzJlx0,151094,3264.0,148.0
2026-08-01,lZkbnDSu9l0,432504,8788.0,458.0
2026-08-01,fVbsra-vyk0,343368,5790.0,200.0
2026-08-01,u-9NcjZU5hE,461943,4630.0,461.0
2026-08-01,erfR0r1g5cA,148477,3586.0,90.0
2026-08-01,FHnP5_9_hMQ,660486,14141.0,688.0
2026-08-01,alR4Vb-VGBg,2543067,48912.0,3905.0
2026-08-01,HbMVZBT5INU,65096,1148.0,18.0
2026-08-01,pWqtBopHReA,334375,3268.0,287.0
2026-08-01,5DyuFsO775w,31344,684.0,9.0
2026-08-01,iyv6FtLZ0JI,643161,5982.0,526.0
2026-08-01,9mvgmTzccQQ,211594,2165.0,177.0
2026-08-01,X6X33N3zAms,528644,8496.0,553.0
2026-08-01,PzuImXiRA8w,402363,4757.0,426.0
2026-08-01,daie87LyhR0,54071,1045.0,30.0
2026-08-01,SnyX8QWPjRk,62867,1251.0,22.0
2026-08-01,pGDSkkgtTDs,615205,6577.0,561.0
2026-08-01,FzwY6CVdVzY,825295,8695.0,599.0
2026-08-01,Ll87-kf8B7s,364362,4173.0,410.0
2026-08-01,n21NBJl6U3M,257126,790.0,20.0
2026-08-01,9Gnby1PhpUI,1190332,12420.0,798.0
2026-08-01,oXsjyB2Rmew,96011,2257.0,56.0
2026-08-01,EoXkGTi2MZU,192804,4383.0,151.0
2026-08-01,O6oDJRDBD2Q,474572,8554.0,1008.0
2026-08-01,LBld2lQXzCg,620900,8166.0,1000.0
2026-08-01,JaR0cHmtKsc,480543,11093.0,1845.0
2026-08-01,pvvY3g3RsDs,722022,9182.0,452.0
2026-08-01,oWfQQL8jUKg,207664,3785.0,64.0
2026-08-01,DbTHWGW5zb4,323422,3235.0,60.0
2026-08-01,qstdz2GV4SI,1806542,49346.0,6371.0
2026-08-01,mbOGi1W_kgg,219042,,137.0
2026-08-01,fQWQd-rBcsA,2275014,28294.0,1910.0
2026-08-01,nB6BGAcPnbw,777292,9782.0,1209.0
2026-08-01,S2USz2A4LtA,222750,3699.0,159.0
2026-08-01,wmKLyPkDsv4,86884,1778.0,49.0
2026-08-01,vz1kMzPS-XM,388859,4975.0,317.0
2026-08-01,883YQQwcW_Q,610956,11336.0,1004.0
2026-08-01,25KZV0SeQxg,652374,9572.0,436.0
2026-08-01,0Y2awkmOqD8,1454379,25189.0,3291.0
2026-08-01,xyFHO7rnj4s,1192496,14786.0,1181.0
2026-08-01,uE3ZOtQ-d6s,493250,5288.0,705.0
2026-08-01,3qay5E8rWmk,352128,3847.0,288.0
2026-08-01,ZWhRHgfbUNA,49743,947.0,41.0
2026-08-01,caxs_KhG8Sw,498592,9234.0,86.0
2026-08-01,kq86XPHhwjw,37439,678.0,15.0
2026-08-01,fEsFvxj-0To,561120,5010.0,253.0
2026-08-01,3UtbWLk8PBM,35871,1014.0,81.0
2026-08-01,zEexVqhdU2c,158058,2722.0,111.0
2026-08-01,njOUQCIPMwI,430334,5093.0,462.0
2026-08-01,A6u3mYWbRRU,64668,743.0,27.0
2026-08-01,VdoV8cmMJ9g,570294,13113.0,507.0
2026-08-01,0U2jqhF3hT4,869484,8917.0,815.0
2026-08-01,hYLd6Ru-Ckc,107912,2517.0,72.0
2026-08-01,0SLlNn3kQDo,182482,4154.0,131.0
2026-08-01,14dUcGOm_2I,429971,6380.0,435.0
2026-08-01,mOHDjUJ6bgI,334205,3358.0,357.0
2026-08-01,79MX2ehOS1k,147306,3087.0,85.0
2026-08-01,yass3_pOl9g,280942,2410.0,144.0
2026-08-01,uGxmzqkYCeo,396316,4666.0,411.0
2026-08-01,pZQlNFu8un0,115793,1407.0,32.0
2026-08-01,WahgYnpR614,170030,2720.0,57.0
2026-08-01,i0tNXtqSoeM,690247,5828.0,328.0
2026-08-01,m6DqioHCEoY,1390206,23074.0,644.0
2026-08-01,OehNZcia7dQ,310076,1375.0,90.0
2026-08-01,h4Nl5kI75Z8,57911,765.0,32.0
2026-08-01,Y0yCo9m5WMs,73828,1638.0,52.0
2026-08-01,w3KCWcbuhHc,165368,2940.0,41.0
2026-08-01,HBwSNLDLMgE,1004565,8748.0,879.0
2026-08-01,wqR40qDR5Yg,493325,9757.0,177.0
2026-08-01,QnaEN86Yeqw,90153,1729.0,44.0
2026-08-01,2b5kQWoOD44,391657,8976.0,252.0
2026-08-01,_muIpWZR004,59445,1319.0,61.0
2026-08-01,HQZ9u7Rzw38,46563,741.0,27.0
2026-08-01,ePdgi7qhgHw,113701,2403.0,64.0
2026-08-01,a62k_b-nzVc,415011,5117.0,460.0
2026-08-01,ujs-zSoiHkQ,1679507,28409.0,452.0
2026-08-01,H-TeyADKU8Y,146665,2731.0,418.0
2026-08-01,aDMy8zpvoY8,36788,701.0,27.0
2026-08-01,qhtofQ5eDRw,1274183,19917.0,1249.0
2026-08-01,oUqCSnV7flc,383043,4881.0,465.0
2026-08-01,2iYGeMfipkE,278713,4131.0,385.0
2026-08-01,nnWczCTZp18,169277,3380.0,146.0
2026-08-01,Vss3c-6lyYg,308223,6709.0,289.0
2026-08-01,R5E-YojM1KM,93867,1678.0,98.0
2026-08-01,ULIPBPa4SfU,917359,7045.0,470.0
2026-08-01,lJZMUQp8EKo,1381382,33333.0,2603.0
2026-08-01,UkZdyUHXS8Y,1615191,42050.0,545.0
2026-08-01,JkU7PuYnZVU,318239,7536.0,137.0
2026-08-01,DcnY-kBiqEw,340749,4739.0,391.0
2026-08-01,rdTKvRgovCw,49999,2209.0,71.0
2026-08-01,oa9KAysIIVk,694372,17104.0,508.0
2026-08-01,oSvslpPUNYA,408471,7644.0,285.0
2026-08-01,sReiGg5cTIs,192517,,60.0
2026-08-01,Kr3QgmS6WgQ,335241,8941.0,168.0
2026-08-01,Rv_RJD1TC8A,457145,5243.0,326.0
2026-08-01,wnXFd-VhipI,518636,7503.0,882.0
2026-08-01,3mHkh_YJus4,593441,12542.0,254.0
2026-08-01,2fhr0vgxI7A,342646,9715.0,113.0
2026-08-01,zEjw00Cp-FY,599944,10337.0,518.0
2026-08-01,W8Esmw3cTzI,33072,620.0,15.0
2026-08-01,0g3ak12tr_0,457452,5163.0,439.0
2026-08-01,HtLvpLmdJb8,39598,699.0,9.0
2026-08-01,ciJgagMfEuU,50547,823.0,25.0
2026-08-01,7Z4tqorJZGw,757673,14053.0,1093.0
2026-08-01,cjVa2rZXQh0,51109,1063.0,48.0
2026-08-01,SOqlEtJlk24,45531,856.0,50.0
2026-08-01,ev1T_dHNIDk,20519,383.0,21.0
2026-08-01,Tr6_QX8hLlM,231103,3326.0,310.0
2026-08-01,c_mn-T7H90g,478591,5609.0,487.0
2026-08-01,AA8IwxhSx84,196066,3431.0,116.0
2026-08-01,K0BMWahyyIA,931550,18708.0,2064.0
2026-08-01,AD6_QKearY8,332604,7972.0,1283.0
2026-08-01,mKmfXKQg-X8,197551,4085.0,120.0
2026-08-01,YyhcrcokyDU,376536,7042.0,326.0
2026-08-01,Ss84VWA5Ixs,59958,683.0,29.0
2026-08-01,ygJ1xUEF3zc,366824,4544.0,347.0
2026-08-01,opx_gFtRloQ,234033,5020.0,78.0
2026-08-01,ALIdXqcOrPM,61655,1508.0,70.0
2026-08-01,5B1WHTu2B1I,683700,10568.0,736.0
2026-08-01,ftaYBwnXJsk,246641,4886.0,178.0
2026-08-01,Rnfo9Rh_k3Q,442108,7029.0,527.0
2026-08-01,rioJ6TNFlYc,418556,3419.0,325.0
2026-08-01,X_1aonjNt_o,260430,5968.0,108.0
2026-08-01,l24p4KDQNLE,315338,4493.0,768.0
2026-08-01,ST7tI7Mo7DY,489053,8712.0,523.0
2026-08-01,STQiBH4L7so,248265,5191.0,91.0
2026-08-01,D6Pssi_duF8,219921,2396.0,146.0
2026-08-01,WR-RcLu7ZUM,134047,1790.0,194.0
2026-08-01,paJbaOmENaI,41862,726.0,28.0
2026-08-01,bfenetDJ02U,1236857,21612.0,320.0
2026-08-01,l8x7VVhW1sE,639815,6475.0,494.0
2026-08-01,igY8SrLE5P4,246781,5307.0,126.0
2026-08-01,xa14nwyYcO0,2162763,39324.0,694.0
2026-08-01,V8vTYx9MBz8,229286,5787.0,121.0
2026-08-01,nYKLeVnX7B4,327158,6859.0,188.0
2026-08-01,Tl20LjQFUXE,766953,12842.0,748.0
2026-08-01,tTOXHHBS-Wg,218812,4867.0,138.0
2026-08-01,lkTMki6KZ1E,60196,1128.0,43.0
2026-08-01,QJPm1kkiTaQ,710193,7940.0,603.0
2026-08-01,H6j54drpgUk,52689,1083.0,25.0
2026-08-01,y7Zsc8FN0L4,1104344,18357.0,135.0
2026-08-01,xRqDeX-SYWI,97704,1175.0,58.0
2026-08-01,BwZarVAtSbo,765421,8509.0,678.0
2026-08-01,yzZ2_jCFXgY,104749,1381.0,69.0
2026-08-01,SubB9I2-nCI,781756,11336.0,570.0
2026-08-01,3Q-Mcow-i4I,1779949,32680.0,689.0
2026-08-01,nCSYnkAnIVw,163861,4335.0,72.0
2026-08-01,RTlmmToGUdo,110353,2050.0,103.0
2026-08-01,ajK5BoDNW4c,42864,536.0,28.0
2026-08-01,aXkwYtRmFqk,646704,8649.0,700.0
2026-08-01,yuFIKmQXERE,1181859,21098.0,218.0
2026-08-01,ZmM67BlYfEE,91317,1924.0,68.0
2026-08-01,JkvuvugbmJw,1688671,26779.0,2626.0
2026-08-01,iLuwT84GYO4,58179,559.0,25.0
2026-08-01,njbS2NycD8k,259771,6592.0,144.0
2026-08-01,nFoh6aUpr7I,162249,3677.0,93.0
2026-08-01,t3YaLnLMgmg,389414,6929.0,556.0
2026-08-01,xqRCioJXXyI,838266,10227.0,761.0
2026-08-01,hi4WqUtygV8,444414,8939.0,231.0
2026-08-01,z6XO0vXJCbI,1541424,22088.0,1787.0
2026-08-01,EQJQAg5s5NM,1254128,22753.0,1522.0
2026-08-01,xLLa8aVZ8EM,120494,912.0,41.0
2026-08-01,Eu7FcQOlCxw,315344,4221.0,249.0
2026-08-01,DbENsQG2AvM,47471,850.0,27.0
2026-08-01,yorMfrPjJr0,68746,973.0,30.0
2026-08-01,vBqPQiKpUmI,251609,3951.0,263.0
2026-08-01,Sbn6_H9IVtA,1034697,13401.0,553.0
2026-08-01,OaXNLfnsgmM,143946,4036.0,230.0
2026-08-01,qVXEr1x2Pwc,468224,8411.0,319.0
2026-08-01,F-2cP-rr7aY,60963,922.0,45.0
2026-08-01,C-nOuJbQnXE,524363,7220.0,667.0
2026-08-01,LhZoQqbcIdg,334111,3217.0,271.0
2026-08-01,mHRFdvNRTJI,31002,393.0,15.0
2026-08-01,-RuD_U2FDgw,71829,896.0,42.0
2026-08-01,XEghzjTAg5M,309661,4775.0,644.0
2026-08-01,lML4MwiYGOI,64525,1573.0,58.0
2026-08-01,IV2Wa7fZ-Mc,76090,1671.0,22.0
2026-08-01,SRTi59KqjnU,532178,11390.0,441.0
2026-08-01,T1eUtj44Uco,391053,5180.0,427.0
2026-08-01,sKV9ayOHCeE,293846,10343.0,641.0
2026-08-01,HtC4OAr7_vU,273411,7845.0,134.0
2026-08-01,CrwE9k_ji-U,394600,5558.0,1035.0
2026-08-01,C0mXHGmtsWw,45026,905.0,20.0
2026-08-01,bbygNJPYtnA,305362,9668.0,626.0
2026-08-01,lj05jFhLm5w,73935,1197.0,27.0
2026-08-01,ZPssfec9DGk,150449,3109.0,96.0
2026-08-01,fy_OzfGxioM,423417,5644.0,313.0
2026-08-01,yc9EZlPrXOo,950291,9565.0,407.0
2026-08-01,Bzmtl23_PIU,74214,1126.0,62.0
2026-08-01,4Fct9vAEA6w,1518173,35569.0,492.0
2026-08-01,cssZ2sCSXTk,777226,11005.0,1125.0
2026-08-01,rbo7uL6mxgw,33876,593.0,26.0
2026-08-01,8QNE9Jc0Kdw,377106,6767.0,113.0
2026-08-01,L3Hc_i7ISpQ,133527,2449.0,58.0
2026-08-01,lE3kOLeDHdM,405110,7801.0,903.0
2026-08-01,VhMoSjrF6Mg,398380,5905.0,412.0
2026-08-01,r_up9lhgvSk,67558,1155.0,40.0
2026-08-01,p_XrL2iHztA,179724,2674.0,131.0
2026-08-01,m2gGWCkKkIM,862120,22291.0,2192.0
2026-08-01,wtocK4mGGs4,766774,14705.0,276.0
2026-08-01,1uuB_A7GVmE,42398,616.0,38.0
2026-08-01,RIDRevVdhOI,382318,5971.0,652.0
2026-08-01,IF-8Ad7bfcI,248665,5921.0,342.0
2026-08-01,s5mO8OkJ2Mc,104733,1975.0,60.0
2026-08-01,M6UB6hkbTPI,61784,769.0,26.0
2026-08-01,TESgOkDhcQY,884260,20128.0,899.0
2026-08-01,D68DM0FaMPQ,333484,5785.0,483.0
2026-08-01,eqVb8jx8rPI,205631,3202.0,87.0
2026-08-01,XLWk1usEf2k,114502,1722.0,134.0
2026-08-01,mUsAr2Fm8Bg,559356,8353.0,820.0
2026-08-01,67esP10SvT4,132731,2516.0,264.0
2026-08-01,ds7RR1XwCqI,1040887,15655.0,661.0
2026-08-01,jyHTZvG_CYo,98765,1557.0,62.0
2026-08-01,V0kt3BLvJDs,227745,3036.0,270.0
2026-08-01,IVQ6LbB9wNg,42245,788.0,39.0
2026-08-01,pvqhWk6nZb0,701711,9951.0,603.0
2026-08-01,F7fjBEdnb3o,419201,6247.0,323.0
2026-08-01,HquWaQARgkg,85302,1961.0,44.0
2026-08-01,2Ry3-Y_Ogcs,331426,7431.0,989.0
2026-08-01,pnnv2XCM6R4,54374,1132.0,68.0
2026-08-01,nfDDrtp6FJk,1520844,23964.0,2345.0
2026-08-01,d0zhS5BccjI,2177553,73010.0,19942.0
2026-08-01,HsmjEwZq1do,256235,3868.0,398.0
2026-08-01,XGIePxlhfEU,805012,12152.0,4278.0
2026-08-01,9jWZZ2FoXcQ,191084,1340.0,1330.0
2026-08-01,4dmvQIAE4J0,222430,1134.0,143.0
2026-08-01,V8gkWmdjzqg,348908,10330.0,189.0
2026-08-01,vg-euFMHNwk,600275,8536.0,1291.0
2026-08-01,L_KtuPq_GGU,486247,8505.0,3072.0
2026-08-01,xKO7ni6rS8I,1780596,25374.0,970.0
2026-08-01,aOSaIPAg8hE,247800,2522.0,61.0
2026-08-01,OeTGrc3QDVw,101650,2382.0,55.0
2026-08-01,mUqTILQxdz0,123475,2472.0,89.0
2026-08-01,2TcDFMwTn6Y,120187,2310.0,243.0
2026-08-01,7_uZ5JSfHYE,318734,7679.0,181.0
2026-08-01,lAc_2slwUns,441085,4842.0,403.0
2026-08-01,3EHSKs7VkpY,88705,1721.0,53.0
2026-08-01,R1f6aDNdsKk,375169,2960.0,138.0
2026-08-01,8ijDQTWwm5M,493830,6659.0,627.0
2026-08-01,fqusWcSscpo,244960,3190.0,190.0
2026-08-01,s75EI9HxVCU,645839,18760.0,369.0
2026-08-01,pqIXtals8Ec,327624,5368.0,564.0
2026-08-01,IpanzFMJbv8,76752,2039.0,55.0
2026-08-01,USlXSSfaEkk,429537,15097.0,195.0
2026-08-01,0H9vXCYuO2U,1702068,46435.0,1186.0
2026-08-01,pJbc1Tw13R4,916034,12006.0,1682.0
2026-08-01,cC0ZU5Y3lpg,2920550,38205.0,14292.0
2026-08-01,UdkePViEfOE,258180,3999.0,249.0
2026-08-01,A1uI8Hyo9FQ,73513,1954.0,47.0
2026-08-01,fVI7dZEwp2w,53806,765.0,32.0
2026-08-01,e-g_aOLxxcQ,724197,10797.0,1293.0
2026-08-01,_gvGQCaBPN0,809044,18159.0,2435.0
2026-08-01,maAbwK22zX4,58095,1305.0,22.0
2026-08-01,-w22PmWZgkI,483790,4518.0,303.0
2026-08-01,4Xv9TLO0bT0,104737,1884.0,58.0
2026-08-01,E3oLwJrJ7Gc,828539,8855.0,736.0
2026-08-01,K9VSEstQfuU,32941,567.0,4.0
2026-08-01,f17mDgBzymg,342739,4348.0,196.0
2026-08-01,FVyqTAZyGHQ,830464,6605.0,674.0
2026-08-01,erMyXkfgC0w,569595,6028.0,613.0
2026-08-01,HM_LZhHzLT8,813394,9803.0,1138.0
2026-08-01,A70cE2T6a4A,248194,5805.0,103.0
2026-08-01,aKjVNbFidHA,1249780,16559.0,1534.0
2026-08-01,Zi4-OCT2xQA,88395,1163.0,58.0
2026-08-01,o4kq4xd7NgU,1060928,14904.0,1606.0
2026-08-01,31NKUkNz_ZE,175167,1434.0,134.0
2026-08-01,F9p4o5sDIF4,1169116,15272.0,1528.0
2026-08-01,JbKcxWfOAyc,1101414,14406.0,1505.0
2026-08-01,HFE3qKKFEFo,63587,1552.0,37.0
2026-08-01,ZaIv-Nx7W7I,247078,4690.0,168.0
2026-08-01,0Sg-UytVhJg,520386,10748.0,500.0
2026-08-01,R3KErksHKa4,274567,3852.0,354.0
2026-08-01,fDkZWS1QSPo,107842,2458.0,35.0
2026-08-01,6k4S_tZbbgw,36356,659.0,12.0
2026-08-01,ypALSLetYzQ,483998,6111.0,350.0
2026-08-01,5XRVhe-9m4k,894317,19722.0,1419.0
2026-08-01,EBpOQHIzRWE,108169,1462.0,41.0
2026-08-01,atxAfQJaQ2Q,110504,2121.0,202.0
2026-08-01,l-m2X_RbVKQ,46510,1072.0,43.0
2026-08-01,z8zd7ophZi8,470270,5818.0,401.0
2026-08-01,r0T7cKDk2UE,95636,1942.0,64.0
2026-08-01,M3tUcP3rNkA,36963,787.0,21.0
2026-08-01,wd6Klzm3B7U,56973,1254.0,23.0
2026-08-01,AOwRWLnxFUk,428889,2254.0,163.0
2026-08-01,S4na4QCmykY,198191,5265.0,551.0
2026-08-01,yH-p_NyxkGs,640583,7166.0,428.0
2026-08-01,vBoadcFkPJU,26573,497.0,6.0
2026-08-01,Z-wPqp1UPBA,27626,596.0,7.0
2026-08-01,Jkz2S6swFGM,894495,10245.0,553.0
2026-08-01,IqEHwL9EveY,500145,9664.0,253.0
2026-08-01,iKfdtXlthHs,231143,3678.0,71.0
2026-08-01,_4TwI4A8lrQ,508290,5763.0,362.0
2026-08-01,wfvRg_amrYg,60441,1556.0,12.0
2026-08-01,AM_xQZFs7bY,184667,2172.0,57.0
2026-08-01,me7AAtLQ99k,29943,505.0,7.0
2026-08-01,NevdTGq5kEI,165632,3793.0,62.0
2026-08-01,UbOoQ-L98-g,68893,1197.0,15.0
2026-08-01,WP2w2I9qgas,88636,784.0,43.0
2026-08-01,DB4GpBTlcmM,1659770,16786.0,1148.0
2026-08-01,xuAt1FnOjhY,53535,887.0,7.0
2026-08-01,LoYQRnYgyZY,38441,533.0,4.0
2026-08-01,D3dMg1JrGH8,759592,7106.0,295.0
2026-08-01,KZC_0ft3MfE,35649,639.0,3.0
2026-08-01,OZXl2akE7IY,38633,551.0,23.0
2026-08-01,n9FShTOu83Y,36889,865.0,11.0
2026-08-01,N-vsCail1Z0,53559,1346.0,23.0
2026-08-01,cPlOdCqiOIM,1994432,22955.0,880.0
2026-08-01,1-49kHEc40k,555660,6717.0,888.0
2026-08-01,UbqxN56vrk0,27978,530.0,12.0
2026-08-01,42TYIoxdJ78,559560,9208.0,725.0
2026-08-01,Ra8QJbOJ218,457151,5063.0,81.0
2026-08-01,wrmEyCmWdkQ,235188,2462.0,141.0
2026-08-01,OKdqEM0eNvk,974076,9090.0,603.0
2026-08-01,ad4Sn9Obchg,153903,2701.0,55.0
2026-08-01,r50-6_ZjrK8,51082,1011.0,27.0
2026-08-01,iJamSjFZY7Y,536059,4377.0,573.0
2026-08-01,a4Bral8cl9I,114128,1801.0,23.0
2026-08-01,1z4dKxdmblU,109847,1991.0,27.0
2026-08-01,gn1He1mCSIo,1801855,25387.0,1489.0
2026-08-01,a7M_dcX1x_Q,594783,9899.0,156.0
2026-08-01,29rgY7h8vbY,494005,7233.0,385.0
2026-08-01,iQnJufjtml0,646589,10525.0,318.0
2026-08-01,z2_kKx8NGhg,486214,5861.0,666.0
2026-08-01,JHHH3KZNGHs,302069,1847.0,122.0
2026-08-01,Ns1vpxykf5k,91151,1415.0,66.0
2026-08-01,DH4ZUk_ACq4,488872,5848.0,242.0
2026-08-01,BG5nj5gAlws,1482702,12026.0,636.0
2026-08-01,Im3HsXeTzX4,738922,13250.0,116.0
2026-08-01,1OF8doyCYoc,616004,11167.0,529.0
2026-08-01,6TcEYiiUYP4,1570798,30469.0,407.0
2026-08-01,DHCg34W_ARs,911697,16713.0,261.0
2026-08-01,Z42363G72GY,455168,4977.0,474.0
2026-08-01,WWNX-LrKTQQ,653745,10786.0,821.0
2026-08-01,w3lc7s57_FI,404649,3269.0,300.0
2026-08-01,6A755QAxJfg,1214405,11414.0,423.0
2026-08-01,GMNJYVcaCno,908703,27920.0,4326.0
2026-08-01,aaIXLOnsQ4c,263503,3183.0,581.0
2026-08-01,_75KMSWNI8o,359959,821.0,108.0
2026-08-01,uRd135xhw1g,719183,7256.0,500.0
2026-08-01,HpHlJhwPmOs,403468,5213.0,328.0
2026-08-01,_DW6WMYFuhc,288942,3501.0,192.0
2026-08-01,O14dY_wnn08,818049,13066.0,586.0
2026-08-01,PryIU7x8jJY,732391,8594.0,619.0
2026-08-01,z9PMKxQja3k,64819,1144.0,27.0
2026-08-01,hllr9hnwPwE,974891,14087.0,809.0
2026-08-01,GqOnNCq5VQ0,884426,17320.0,1761.0
2026-08-01,niMrZqr-KUw,157771,3146.0,98.0
2026-08-01,zzaRXVVgjiM,1160247,18880.0,1448.0
2026-08-01,oqEvOHspv2U,857660,11332.0,951.0
2026-08-01,SSMCWrzFYiA,400434,10037.0,894.0
2026-08-01,LQYeAl6GEQA,512215,6541.0,675.0
2026-08-01,X9rgnYi3UFw,201544,1416.0,149.0
2026-08-01,161-DJXcPD8,367676,1791.0,136.0
2026-08-01,WIuA12U6Lhk,882795,16318.0,738.0
2026-08-01,ImafWBn0qeQ,1215829,16159.0,1151.0
2026-08-01,wUebiYIc9gY,759152,14607.0,769.0
2026-08-01,F8KxgLoHqYg,695341,8126.0,423.0
2026-08-01,nENYcGYI0Mw,802030,9527.0,1058.0
2026-08-01,Wz6O19W21zg,546055,5638.0,934.0
2026-08-01,TzMKTGoIkGA,450117,5993.0,395.0
2026-08-01,DttGzU6xqL0,598540,6583.0,579.0
2026-08-01,I9cqlAIO8-w,365970,8803.0,463.0
2026-08-01,NhSMfo-SSFg,721797,7250.0,647.0
2026-08-01,LkCV7tBExOw,363013,3972.0,332.0
2026-08-01,EFagoLPCmWU,199887,2002.0,576.0
2026-08-01,rJsKUm4fhIs,315632,4129.0,597.0
2026-08-01,3x4Tg05z6Yg,306250,4609.0,596.0
2026-08-01,TMyrtdjIHgE,729461,8557.0,726.0
2026-08-01,zQVYsPNvzzw,293468,3092.0,156.0
2026-08-01,KYpEKIBw3Ls,346557,4151.0,161.0
2026-08-01,t1pXsCJ3vFI,194044,3158.0,134.0
2026-08-01,Azzc1zPnEa8,817673,10573.0,1692.0
2026-08-01,mBeWta8gJQQ,1107341,12596.0,970.0
2026-08-01,N0Nm03vLSHE,476408,10898.0,701.0
2026-08-01,WH0aNUW8UX4,144792,1697.0,90.0
2026-08-01,81zyMesQNUc,1418111,32381.0,2207.0
2026-08-01,dF_fSU9EnrI,204920,3029.0,279.0
2026-08-01,KKaLh9yu2iY,297462,4583.0,630.0
2026-08-01,6BrJa5chT9M,699959,6567.0,288.0
2026-08-01,Pl5gtvINZ9k,503066,6600.0,936.0
2026-08-01,hK11qfRU_UI,1220264,14854.0,2071.0
2026-08-01,4o-MFQWNIBE,529783,3019.0,287.0
2026-08-01,SWyHd_OvpR8,286548,2552.0,157.0
2026-08-01,9DNalUhcDsg,481191,11567.0,121.0
2026-08-01,VzHax3HQI0A,168183,970.0,85.0
2026-08-01,WqM99LW21Ck,206671,4327.0,51.0
2026-08-01,CCIYJGVzDy8,614093,6850.0,649.0
2026-08-01,yKU9lRfIPXQ,629120,6055.0,361.0
2026-08-01,vqlvE-I6F7U,442071,6254.0,271.0
2026-08-01,DtfXB6w3QQU,576968,6753.0,750.0
2026-08-01,VXHeakmusPU,289440,3048.0,688.0
2026-08-01,os74NzRvQeU,584015,6705.0,313.0
2026-08-01,qgsxTA-y_sA,723750,7744.0,417.0
2026-08-01,BMi3mFq5U44,259556,5285.0,725.0
2026-08-01,MECQjNKuCto,53650,1481.0,53.0
2026-08-01,YrZS-5N_cn4,547651,7473.0,941.0
2026-08-01,fGai88-Fzr4,713375,10800.0,517.0
2026-08-01,93A5AK2fpM0,61494,1125.0,47.0
2026-08-01,knt4yvAfdQ0,168699,3259.0,117.0
2026-08-01,w5sOqUuyGLk,304360,3836.0,484.0
2026-08-01,LR_HGML0_8M,864766,12347.0,1218.0
2026-08-01,Tpyhf5okhnI,1296220,23157.0,1407.0
2026-08-01,gSlqIeq0GrM,1630053,66051.0,11181.0
2026-08-01,0hpcjvInL8Q,170074,2569.0,128.0
2026-08-01,akjAOTLlo1Q,640733,8534.0,846.0
2026-08-01,HvsokQKO8s8,50371,882.0,20.0
2026-08-01,OFwB39moInw,242256,3190.0,341.0
2026-08-01,38K6b3XkKCw,1818946,16213.0,1341.0
2026-08-01,ump-wm8rNcY,175602,4496.0,102.0
2026-08-01,EFqF6PtSuGA,87233,1950.0,30.0
2026-08-01,rAoO0oNzicM,49223,896.0,31.0
2026-08-01,B1qa59zB1_M,42780,833.0,29.0
2026-08-01,-Rv6DP-roWw,384057,15766.0,82.0
2026-08-01,aVnJ93E4i-Y,535027,6999.0,799.0
2026-08-01,bXLJNXypu1k,70938,1385.0,21.0
2026-08-01,Oqc1gKMXsVE,248112,2954.0,153.0
2026-08-01,rtDRROHkij4,48889,1162.0,38.0
2026-08-01,UlKJQFQtCZE,1581796,27597.0,3343.0
2026-08-01,5xyA3njtfM8,805915,23076.0,228.0
2026-08-01,Ia8SU_mrwfc,647663,8144.0,704.0
2026-08-01,SZDSEzAgNvM,477567,5889.0,372.0
2026-08-01,rsPHved4SVU,552834,6079.0,437.0
2026-08-01,j3-PVX2C7z4,557316,8239.0,338.0
2026-08-01,OQLwssllv9U,370037,5511.0,484.0
2026-08-01,jpzGB5lz8U0,725501,6468.0,404.0
2026-08-01,BDxrTUaENWw,249113,4070.0,212.0
2026-08-01,4A8J2bBH3fw,1161782,10337.0,768.0
2026-08-01,2wyi8DBnxBw,1513512,26764.0,407.0
2026-08-01,Oks40zIImSc,732619,9475.0,443.0
2026-08-01,Z7BFEbAMpss,675243,13904.0,1005.0
2026-08-01,9WL7AlmOLXs,357350,4439.0,188.0
2026-08-01,BKZXC4BeiWI,1593087,26872.0,1672.0
2026-08-01,_GNz0PeFIuM,1622620,19187.0,966.0
2026-08-01,7Xje149SpsY,788415,6696.0,509.0
2026-08-01,4u9seiWEYdQ,1932331,32857.0,626.0
2026-08-01,BW8C6X4ee9w,1138502,10474.0,615.0
2026-08-01,JZK-tP7bT7I,1203375,14066.0,588.0
2026-08-01,E7C5Xh5oz9U,227540,2360.0,143.0
2026-08-01,nk_qsKpvMQo,1355012,2571.0,353.0
2026-08-01,vv4ihIfnfVs,457281,6994.0,1549.0
2026-08-01,Z000iINTP8s,989498,9716.0,491.0
2026-08-01,8kPFAm-8kOU,1085045,31317.0,2114.0
2026-08-01,1TrzSxgGObI,371757,4560.0,370.0
2026-08-01,LOBKhpf-oKE,732701,7036.0,419.0
2026-08-01,Yq0EEnOvp9c,712392,23424.0,7589.0
2026-08-01,_DDHqcjzO4k,514612,6583.0,487.0
2026-08-01,H2Xq8ty0QaY,597119,5261.0,318.0
2026-08-01,97EwPHUJ_NI,794022,9312.0,605.0
2026-08-01,J90TTQpspd0,306918,3912.0,246.0
2026-08-01,H70ERz8gMlM,1099641,8800.0,582.0
2026-08-01,ZeXpLdo_Vd8,3153393,62506.0,3874.0
2026-08-01,oYtwKOKU0BY,582609,6733.0,336.0
2026-08-01,-Y8N0KSs7U4,720458,22104.0,2548.0
2026-08-01,ZZCUOdRn2hM,909014,11683.0,702.0
2026-08-01,9-4rhsK_7Lo,528914,5071.0,495.0
2026-08-01,3jutcJj1e_w,349268,4374.0,280.0
2026-08-01,x1O3FZ8MsM8,1200601,10635.0,799.0
2026-08-01,F9ObOPQeWeU,275326,3437.0,159.0
2026-08-01,WApEI0IaJEc,1409581,10640.0,683.0
2026-08-01,dFujMyICK-U,2244266,28975.0,1111.0
2026-08-01,jEnqop_lanA,453880,5116.0,399.0
2026-08-01,3FCv9MvDdFA,1027339,6918.0,555.0
2026-08-01,X-z2JSMWlH0,1182986,11838.0,705.0
2026-08-01,F2iCM2qSOGY,658977,8737.0,942.0
2026-08-01,7XZwOeSa6WY,298062,3387.0,344.0
2026-08-01,GOz2uVzX5mw,601260,5272.0,524.0
2026-08-01,tIHs0W8IVIk,46361,659.0,8.0
2026-08-01,PRp3kJtMQwU,665022,13840.0,665.0
2026-08-01,AuCukfaG9hU,357493,2101.0,111.0
2026-08-01,c2A_cTJIqYE,624984,9164.0,928.0
2026-08-01,uRyuWGqa8QU,506806,7276.0,409.0
2026-08-01,gA7h4OelMyw,345238,4044.0,304.0
2026-08-01,2h9eXfGois0,545773,12776.0,987.0
2026-08-01,OnG1Qx7xe1I,600578,7538.0,694.0
2026-08-01,3fclWKQ2C7w,331103,4268.0,356.0
2026-08-01,TKy2LrYcHD4,551572,4835.0,369.0
2026-08-01,q01xZBCnhNA,779442,8108.0,898.0
2026-08-01,jysx6Fx6i_w,348889,4818.0,364.0
2026-08-01,YEnaITOkEd8,1503303,14137.0,583.0
2026-08-01,tgz7ol-ra3I,926932,11714.0,615.0
2026-08-01,9x4TKHQoWBw,705122,8289.0,711.0
2026-08-01,AGB710SYruo,339846,6011.0,526.0
2026-08-01,wdGq6ZxBKJk,343287,5288.0,512.0
2026-08-01,QF5QC-DizYQ,1178339,15897.0,1541.0
2026-08-01,S7QYsRTLCMw,889088,13602.0,531.0
2026-08-01,tA-0nB_8yCY,1227581,17457.0,1677.0
2026-08-01,k7f31Xn_1n8,524473,17477.0,1604.0
2026-08-01,fA8AQOj8F_I,452396,4962.0,727.0
2026-08-01,KCTQH29Qg-Y,759190,5882.0,427.0
2026-08-01,eBgJTutuwSc,928110,11606.0,694.0
2026-08-01,rk-OwXrNxoU,968441,9751.0,743.0
2026-08-01,ZUZWGmc23l8,3444530,34694.0,1776.0
2026-08-01,-8aTzd6F5QQ,331649,2738.0,225.0
2026-08-01,Ga22mpTDS6A,1737060,16487.0,1219.0
2026-08-01,eiHZaTlMHmQ,305388,4199.0,542.0
2026-08-01,dR50ced-8dI,217414,3249.0,196.0
2026-08-01,LYAqKEH23x0,1121546,16733.0,1138.0
2026-08-01,p5cyDhVXi7A,519602,6090.0,1019.0
2026-08-01,I5uELkKf294,598821,8521.0,1197.0
2026-08-01,L_x8J1bHFKQ,972175,11659.0,1140.0
2026-08-01,bjVRlHg2roU,657014,8503.0,606.0
2026-08-01,GUgPYAWpOZ0,1979045,30653.0,1888.0
2026-08-01,FYALksVxpvo,2034570,29374.0,1905.0
2026-08-01,tyvxFAas-Fw,1134339,17284.0,1893.0
2026-08-01,OohH63cEV_s,696270,7906.0,746.0
2026-08-01,8UnGXCzqWT8,486863,6445.0,474.0
2026-08-01,4f9aW8ibAkQ,402356,5146.0,471.0
2026-08-01,iVEgbs0crZ0,495404,6800.0,505.0
2026-08-01,W6_isgPHWvU,865789,8238.0,538.0
2026-08-01,LYCQNkthLyM,611654,6531.0,368.0
2026-08-01,Sa0xVPldSPI,174402,1667.0,220.0
2026-08-01,GecojKkw7Es,927632,7727.0,554.0
2026-08-01,_4Ovlz973iQ,1290749,17033.0,1073.0
2026-08-01,xGIF-iT4GCs,653880,7071.0,585.0
2026-08-01,lY70g8t2-Zo,884488,9407.0,724.0
2026-08-01,njJ6GsH_oH0,1340223,8197.0,434.0
2026-08-01,0DVYOUVxjM0,479856,4910.0,296.0
2026-08-01,TbZAc5gi1lg,635650,8387.0,644.0
2026-08-01,q-s18A_NStc,617958,5222.0,369.0
2026-08-01,VhUQg7bSayg,288290,4100.0,224.0
2026-08-01,PqNIq_yFZok,841099,12662.0,986.0
2026-08-01,nvxm9atR6i4,292876,5428.0,523.0
2026-08-01,9pXHw8ypHm0,398798,6124.0,966.0
2026-08-01,RyibuB-DUTs,421751,5522.0,1009.0
2026-08-01,h4jh_ZeF-Qo,348891,4911.0,418.0
2026-08-01,NWZdlvevZ1U,589527,6996.0,589.0
2026-08-01,x9K2yVWCnqg,132990,2296.0,121.0
2026-08-01,4tOSUbRaSsY,688069,8566.0,736.0
2026-08-01,lPWZS0TxykQ,666858,8670.0,1045.0
2026-08-01,PIBQFd-YAfU,266796,3379.0,210.0
2026-08-01,rhA7snMYs7g,978343,16540.0,874.0
2026-08-01,4_NCqZ7FIt0,417480,8331.0,334.0
2026-08-01,fEAoVt6vajg,283993,3225.0,322.0
2026-08-01,TzXPxEjEzmw,1162820,12070.0,1587.0
2026-08-01,CRE-orJTLO0,2182633,26103.0,1397.0
2026-08-01,rwvi8jAbN8k,1053914,11624.0,1029.0
2026-08-01,ITYM66o2wIw,407933,6113.0,1084.0
2026-08-01,MESiIYUc2vc,846815,10025.0,762.0
2026-08-01,aceNrMAVM5U,680369,8156.0,527.0
2026-08-01,m0HApYaBXjw,732735,8672.0,1074.0
2026-08-01,oTabQrtv84M,116748,2351.0,42.0
2026-08-01,lwRPPuCn668,415163,3192.0,331.0
2026-08-01,k6EXynJwKXY,677217,10026.0,637.0
2026-08-01,xSYD9e1EuRU,1647471,17503.0,1103.0
2026-08-01,yzc9YzV7Syw,273804,3352.0,452.0
2026-08-01,O91nsg9kRZQ,879911,12796.0,566.0
2026-08-01,LvohTo7WGt0,301376,4413.0,372.0
2026-08-01,VksRswA-Ns4,753063,15629.0,1966.0
2026-08-01,ZapmC1A-cv4,813114,10988.0,1412.0
2026-08-01,UcWFMZEKkrc,537547,5827.0,479.0
2026-08-01,IYgjUrHqDvE,920260,11672.0,719.0
2026-08-01,BIplHfTPuxI,397751,6411.0,383.0
2026-08-01,ijVVHIL7C0g,1609050,25820.0,2896.0
2026-08-01,quEh5LoFH_c,1123927,35987.0,2743.0
2026-08-01,flZGbAoEihc,203701,4384.0,165.0
2026-08-01,xeN7e-LqxlI,843299,10221.0,1334.0
2026-08-01,YmmW8V7b73M,605632,6711.0,494.0
2026-08-01,RUqiqSxLjxg,272061,2613.0,258.0
2026-08-01,MQ7ruD4w6-M,317688,2831.0,276.0
2026-08-01,mWZZCZGRGF4,134391,2453.0,143.0
2026-08-01,DTopRyWTstQ,1006955,14522.0,1265.0
2026-08-01,8lo3Dmg5uP4,241625,3990.0,626.0
2026-08-01,tw0i-3GbDLs,282163,2895.0,572.0
2026-08-01,phEcZPONXxc,809917,13222.0,1201.0
2026-08-01,eBMWMliI_vQ,355445,7037.0,564.0
2026-08-01,RGTj4ciIB24,355699,5201.0,689.0
2026-08-01,hMGVkdQk16Y,1989527,17929.0,8474.0
2026-08-01,A9joKYgpUT8,238481,3286.0,156.0
2026-08-01,8j4sI5lHtKo,1051353,12677.0,1458.0
2026-08-01,qtwXsAlAimw,620338,6799.0,351.0
2026-08-01,u-Mzr0PHCQM,276128,3328.0,507.0
2026-08-01,XajfPW1lhyA,2774337,28714.0,1577.0
2026-08-01,L9QRybzWstk,1452308,23460.0,1740.0
2026-08-01,p3fTRa9N_IU,287572,3424.0,237.0
2026-08-01,iIR2pYVLqtw,412170,5863.0,989.0
2026-08-01,6_d_hU5Jqdo,245168,2920.0,199.0
2026-08-01,DYNfpSSMJzw,1090178,8151.0,735.0
2026-08-01,4OLostqHleA,876175,8807.0,725.0
2026-08-01,4LHUrIERM50,2140101,14789.0,905.0
2026-08-01,YCwCKU06xNM,2271644,24713.0,1381.0
2026-08-01,ee9cA0dq77I,427999,3995.0,342.0
2026-08-01,tCZeTqEjHVo,238348,3498.0,333.0
2026-08-01,r1zW8tqOyas,390239,4706.0,244.0
2026-08-01,0yJL4x_G3rg,1179612,14276.0,2686.0
2026-08-01,2UuftnOVm2s,409300,4580.0,277.0
2026-08-01,2WODWnq1-xQ,968123,9397.0,630.0
2026-08-01,Wl1yGkiDaFA,408061,5541.0,745.0
2026-08-01,fFI9uVdf6sk,2402473,23220.0,1336.0
2026-08-01,poV4ne5Pd5Q,513010,5249.0,692.0
2026-08-01,8P6aUNS6Y2g,600904,7758.0,695.0
2026-08-01,OvX0T76qbVY,799019,10203.0,893.0
2026-08-01,pR6Q7Tk0A_k,432324,5191.0,611.0
2026-08-01,O5pscw-Uck0,498957,6576.0,666.0
2026-08-01,bC-78cLA86E,1841384,21194.0,1232.0
2026-08-01,LFYMaHcnBVQ,969107,9506.0,575.0
2026-08-01,ouqFdCPuN3s,413407,5069.0,305.0
2026-08-01,A3wxNMANQIU,474863,6719.0,456.0
2026-08-01,k8tKBbreRNM,386636,6071.0,493.0
2026-08-01,GkVWBb2-KeY,449476,3914.0,297.0
2026-08-01,nAtujJm5PNc,2254682,22101.0,949.0
2026-08-01,KkYwOniDuMo,2075486,19639.0,1143.0
2026-08-01,cEScUqJeQzA,1457558,38825.0,2200.0
2026-08-01,dY7kntGnJdM,195208,5516.0,334.0
2026-08-01,12Q8i81DLUo,336553,7082.0,563.0
2026-08-01,wnrZeMS5qMI,460052,9495.0,678.0
2026-08-01,D6V_zVqub-E,320922,8192.0,568.0
2026-08-01,GacFTjwDZAk,823984,7673.0,392.0
2026-08-01,D6KtZp2T258,231422,3044.0,393.0
2026-08-01,k8BBSaHf6iI,1079645,8919.0,513.0
2026-08-01,Kx_WQFscKq0,457634,6516.0,582.0
2026-08-01,ZFIbYRhg51Q,387813,4387.0,292.0
2026-08-01,RLDhVpqqnJE,845341,11561.0,764.0
2026-08-01,1iesSR0phFY,376541,3996.0,376.0
2026-08-01,n8AfusLmE7w,660208,7430.0,515.0
2026-08-01,Zc7Ftti3_aw,776451,16849.0,969.0
2026-08-01,SbxhyVb7JMQ,493072,6195.0,386.0
2026-08-01,G3DXXvcX7Ew,296109,3496.0,165.0
2026-08-01,r6MDw9Gb070,243414,3460.0,560.0
2026-08-01,Do0epabd-Ew,607546,9614.0,1013.0
2026-08-01,DcS68SucHcU,1565553,51954.0,3741.0
2026-08-01,Pnexn6J5PW4,901890,12082.0,446.0
2026-08-01,dZUq8xVXPgE,242317,2843.0,176.0
2026-08-01,xaqp4pBdPok,278047,3776.0,176.0
2026-08-01,NAoHr3xEguQ,948712,10419.0,827.0
2026-08-01,cBXtgcjg1N0,1253357,12216.0,981.0
2026-08-01,TUTdJxNrG4c,797589,2306.0,137.0
2026-08-01,GhIHK6Xqv1M,2053020,30252.0,2118.0
2026-08-01,guc10_Ydzo4,903436,10471.0,633.0
2026-08-01,nttE3-8_boQ,626064,6796.0,625.0
2026-08-01,JQ_q2024vT4,446592,5796.0,690.0
2026-08-01,ImruSbg0iQ8,897264,9974.0,1015.0
2026-08-01,387emEw5JwU,382139,9940.0,733.0
2026-08-01,9CjRb72GC0k,575673,4707.0,384.0
2026-08-01,Tw1B3IDJvVY,3168811,27186.0,1442.0
2026-08-01,ddMOtaFwDcM,798891,18426.0,1149.0
2026-08-01,IBA3k7GBsWc,1961685,34699.0,3297.0
2026-08-01,NTndXfhR0zE,74016,892.0,125.0
2026-08-01,VY6D1_7Ajr0,766779,7585.0,697.0
2026-08-01,ri1WfmgMFz0,705728,6299.0,650.0
2026-08-01,KSAHyCNYw1A,376551,5224.0,483.0
2026-08-01,xGAEMUCjWTM,777110,16982.0,884.0
2026-08-01,yxqrbHNwT_E,1159872,11479.0,746.0
2026-08-01,U8-FHsAPIr4,608183,8157.0,790.0
2026-08-01,1-nWL4gBqaM,838957,9859.0,538.0
2026-08-01,Bc0Wv_6STYI,920287,13521.0,912.0
2026-08-01,DlLE8b3CC44,328099,4957.0,425.0
2026-08-01,XFia3csKyWg,553312,19084.0,961.0
2026-08-01,v5tiuJav8b0,345953,4886.0,328.0
2026-08-01,q3KydX1F3sg,841660,9997.0,981.0
2026-08-01,Q_8D-adAjtU,515441,6032.0,542.0
2026-08-01,fg2cbRRTaEY,654261,4885.0,648.0
2026-08-01,sy5CPsAnN7M,1935047,25088.0,1600.0
2026-08-01,7U_eiJYNytQ,491240,7175.0,594.0
2026-08-01,p4R6NECDpOQ,680845,10772.0,951.0
2026-08-01,a5kEFaNstVI,1448219,29269.0,2378.0
2026-08-01,n0l54H7Q418,562102,7315.0,453.0
2026-08-01,QejzcDzvmkQ,1046149,15775.0,1680.0
2026-08-01,N8i6ePzVfbk,820924,11704.0,981.0
2026-08-01,rzjcUtXQz4E,359122,3850.0,313.0
2026-08-01,kWMmRyTrjps,690574,8720.0,679.0
2026-08-01,_UtXbictJtQ,323846,6831.0,845.0
2026-08-01,30jyM3KGd8U,164759,2368.0,171.0
2026-08-01,nE8qkQ6uHy0,491916,5620.0,350.0
2026-08-01,ZfggNr7Dxig,642991,7733.0,1064.0
2026-08-01,Zk2fDzPBiIw,689318,5968.0,410.0
2026-08-01,AFwMil7lapQ,859404,9473.0,952.0
2026-08-01,UfWnEHGZVQY,552546,9366.0,767.0
2026-08-01,WwUy5dGh1DE,953857,11550.0,733.0
2026-08-01,BluAOlK8jYw,1088539,11820.0,1137.0
2026-08-01,VqdXWwzkaKw,861677,12927.0,1543.0
2026-08-01,pN6pbHITBfk,349169,10047.0,673.0
2026-08-01,ub0IMsI7d8U,1111809,14468.0,880.0
2026-08-01,_TApfEWBsPo,1709421,31812.0,2193.0
2026-08-01,mo07lEx0Qaw,435816,10431.0,365.0
2026-08-01,LEpSiICAlvo,1553896,16027.0,1242.0
2026-08-01,jmtA3Ll3mcI,1275845,19486.0,2156.0
2026-08-01,NIX1BbU3aE0,1082615,13517.0,888.0
2026-08-01,YJt4DL0RavA,422750,7240.0,910.0
2026-08-01,By1f5K_SmLo,272586,3267.0,417.0
2026-08-01,YT4eqCBxTXs,808586,9726.0,913.0
2026-08-01,7UXQ7nr25DE,426670,8812.0,965.0
2026-08-01,3fsfp4WnxDA,518291,7239.0,822.0
2026-08-01,Qc95J1JMF5s,1027102,14765.0,1172.0
2026-08-01,ILeK_Y1sZHk,877896,8464.0,761.0
2026-08-01,VcEpa5cDIGA,803972,9989.0,795.0
2026-08-01,5b0F39pruH0,1372266,18979.0,1689.0
2026-08-01,qVXKZPCe_nI,561220,7051.0,539.0
2026-08-01,P7I_HE41W3o,232496,2182.0,258.0
2026-08-01,rdNEfWRRAxA,255033,4443.0,353.0
2026-08-01,VbsbOijW_3k,2482859,37632.0,2611.0
2026-08-01,cJd3ofMvKOc,1625360,23434.0,1106.0
2026-08-01,JAaCFI6TNsc,77429,2206.0,53.0
2026-08-01,QnmYd9ieJzM,355577,4449.0,303.0
2026-08-01,ll1YEAtOlYQ,366734,5779.0,554.0
2026-08-01,-Ye75PaVOnI,487003,12094.0,377.0
2026-08-01,M9STobkX6L0,1595020,41048.0,372.0
2026-08-01,gnagPlzL1yQ,710463,10602.0,874.0
2026-08-01,S5P_VWbGUq4,502973,5952.0,698.0
2026-08-01,93Tu3r-II1M,595826,5455.0,399.0
2026-08-01,ZN-AoO4IHQA,289297,3795.0,331.0
2026-08-01,QxeUb4nfefU,457543,5655.0,865.0
2026-08-01,CMMoPWICfrU,337582,5189.0,342.0
2026-08-01,5tPLntHymt4,733671,5646.0,600.0
2026-08-01,2IGpI-r3Ays,781015,7957.0,839.0
2026-08-01,YD3eQUwR-sE,495942,7239.0,1962.0
2026-08-01,FmT3XRyIhVE,926900,9107.0,1062.0
2026-08-01,yfYXcsM5S4c,299678,4610.0,539.0
2026-08-01,P8BeiHZ7fPQ,1258325,13101.0,912.0
2026-08-01,CHwIOQC6meo,303302,3476.0,771.0
2026-08-01,IT1mWbw8KS4,608812,7596.0,440.0
2026-08-01,nBTOHF9c5Ls,684545,7377.0,837.0
2026-08-01,lGvaPEcFuNM,451810,5747.0,529.0
2026-08-01,KHxKhTNjGvc,891704,9491.0,966.0
2026-08-01,ugpS8F2Xq2g,457392,6254.0,747.0
2026-08-01,69YqG3ZidOo,258540,2427.0,230.0
2026-08-01,TwhDNSEuTRE,521059,6038.0,1083.0
2026-08-01,wCy1uZoCorw,332697,8062.0,1927.0
2026-08-01,ZfWbVQy5qTo,578349,7507.0,535.0
2026-08-01,h7qBg9cxmrk,570896,6330.0,638.0
2026-08-01,OAhpLf8Cxzg,2374906,33855.0,3203.0
2026-08-01,beuF_SMc0hU,627223,7356.0,682.0
2026-08-01,yRHby2FgUTY,286493,3960.0,331.0
2026-08-01,53rIbdhjYms,996130,12227.0,1301.0
2026-08-01,63n9zCbqKF0,535566,6479.0,502.0
2026-08-01,YSVHfx3_CAE,386455,5903.0,454.0
2026-08-01,gQu_ZdbzpzE,365008,5674.0,933.0
2026-08-01,lEvEMg74pE4,1382136,14461.0,1091.0
2026-08-01,A72d784WRfk,382314,5929.0,1494.0
2026-08-01,VtvnzFxi2vc,726995,6887.0,1163.0
2026-08-01,Ckdll3aNpYQ,702473,9438.0,1369.0
2026-08-01,TCd1SXwamEE,187030,3070.0,269.0
2026-08-01,EaHYZXa46H4,227082,4247.0,485.0
2026-08-01,Q6mks64845g,1222453,12279.0,869.0
2026-08-01,drIHSOcf9tk,588405,7242.0,512.0
2026-08-01,oYO_paloGr8,215044,2960.0,460.0
2026-08-01,Wf_IOU9QTVo,273816,3670.0,287.0
2026-08-01,yZc6iBhKIWw,788070,9744.0,1006.0
2026-08-01,VJRCzcB13Ek,1370545,17732.0,4113.0
2026-08-01,-7nFDxxoEcU,155803,2794.0,322.0
2026-08-01,omcr6-TGWdM,378175,5444.0,478.0
2026-08-01,FcqWRi8j9CY,734169,7659.0,1163.0
2026-08-01,yIrgcb_UlH4,594019,6957.0,781.0
2026-08-01,7nkU5WOW5XE,156514,1636.0,119.0
2026-08-01,J1qUmNujAKg,171523,2851.0,534.0
2026-08-01,V-qhbdJKD14,1205463,17658.0,1267.0
2026-08-01,Ru2Xm0pTnaw,540976,6918.0,565.0
2026-08-01,UzZp0LIwJu4,219740,4342.0,347.0
2026-08-01,llTYjUeEDz0,1231222,9983.0,567.0
2026-08-01,2upe3h1XeZc,1462037,13511.0,1303.0
2026-08-01,bGOG2YXFnK0,423476,6576.0,2342.0
2026-08-01,o7p6KpjZfi8,332627,4908.0,281.0
2026-08-01,ZtvBqJ_Jy3I,221411,1549.0,149.0
2026-08-01,DesVudIM7K0,440710,9746.0,520.0
2026-08-01,i3z-2hH0OYc,434816,4872.0,257.0
2026-08-01,nKbbhOiodj0,593318,6181.0,593.0
2026-08-01,iETX-0aXL9o,437704,6091.0,725.0
2026-08-01,lHO1MCSMiRA,479815,7524.0,465.0
2026-08-01,RMiQVFnd2Ts,1308792,11806.0,892.0
2026-08-01,jN8-p-u6EpQ,411677,4756.0,525.0
2026-08-01,1R3EvJVuokE,342212,4622.0,869.0
2026-08-01,cCD2TH2BEzM,324312,3435.0,408.0
2026-08-01,_rfLMFvqM_g,1112555,11598.0,1744.0
2026-08-01,5WGPnS9Vefs,251214,2776.0,210.0
2026-08-01,W5RWAPoajtA,368594,4562.0,284.0
2026-08-01,rqFTeQM3Kh0,620684,5406.0,1129.0
2026-08-01,9hyMJX6WZy4,213491,4523.0,324.0
2026-08-01,ErxJ-2dZewg,117146,1828.0,169.0
2026-08-01,BOcQwiN41sU,236522,3150.0,359.0
2026-08-01,dpnXcw-8EfE,925821,10226.0,817.0
2026-08-01,1OdYs6HSiFg,1053096,18843.0,1224.0
2026-08-01,oMYmXQo_niI,385152,3053.0,688.0
2026-08-01,hDBLhQWX8v8,945445,8898.0,1033.0
2026-08-01,999AzbfM7kw,116911,2127.0,493.0
2026-08-01,7Z9is71Sx4M,696796,9054.0,630.0
2026-08-01,EzvX6DhNpvE,1465576,11028.0,1086.0
2026-08-01,V6Txn2cGHt8,734944,9285.0,978.0
2026-08-01,K-ht_Fk4Ewo,263471,3594.0,335.0
2026-08-01,A_G6UNFI9Ic,189009,4525.0,390.0
2026-08-01,gj53ZSshqzo,1275194,11968.0,1115.0
2026-08-01,wogACRFnBc4,1394334,18323.0,1302.0
2026-08-01,0px13Ek75Q0,338273,6201.0,338.0
2026-08-01,glWoWOYGksk,1291556,9103.0,1092.0
2026-08-01,1XBvKNHBgWo,781822,7804.0,1207.0
2026-08-01,F5TTseXNxYs,332583,4504.0,738.0
2026-08-01,4iAPsAPPWQM,403396,4224.0,574.0
2026-08-01,4oQtkXFMVco,1251756,22412.0,1883.0
2026-08-01,f8eGEK4Apzg,1105648,10963.0,857.0
2026-08-01,m9jr18Jb6eE,429994,6058.0,1100.0
2026-08-01,A7FGqfN2A-U,2328293,19024.0,1610.0
2026-08-01,0vEjblLx1oM,908645,13225.0,18490.0
2026-08-01,U6gBVE-fy0k,369924,3719.0,396.0
2026-08-01,KU6bE6ZVZb4,612025,7373.0,768.0
2026-08-01,HMMiB5oMd6k,868767,11250.0,1463.0
2026-08-01,4qGhBeetoqI,835435,23728.0,2327.0
2026-08-01,xSUntunUqdE,689594,7126.0,2051.0
2026-08-01,_xNlwFckDyY,946084,11865.0,773.0
2026-08-01,CmjwCpcbLpM,546740,7660.0,550.0
2026-08-01,j_6KzZFJUxM,2788192,26459.0,1776.0
2026-08-01,W5S-FT6XOsA,263412,4116.0,436.0
2026-08-01,Vi4PV3zyWoI,592586,8752.0,221.0
2026-08-01,JU6w5k8Lreg,200215,3283.0,299.0
2026-08-01,KYX_UCJZpAc,545261,7614.0,1040.0
2026-08-01,Ve5YQUC-E4A,1148183,13593.0,1588.0
2026-08-01,M1hDFPejDAo,669734,17028.0,1044.0
2026-08-01,ZbpQEoLIEYw,551752,5930.0,440.0
2026-08-01,-KBFHzLttaA,2088451,16845.0,1182.0
2026-08-01,BFFY_s38udE,770370,6358.0,1126.0
2026-08-01,bUAQB2QIJjw,248589,2731.0,441.0
2026-08-01,q6w4mxPvVeg,1219923,12242.0,1463.0
2026-08-01,NHPcqPbbFBc,376830,5789.0,298.0
2026-08-01,vYkCwHsk0iY,637437,6563.0,456.0
2026-08-01,eWaqwCJHMMg,660740,8148.0,919.0
2026-08-01,CMxFKATq2OI,932393,11844.0,1723.0
2026-08-01,EAA933VzHwc,1030366,15022.0,1400.0
2026-08-01,RJ44QO7fRvo,846294,14663.0,1549.0
2026-08-01,T0ECukvHsF0,445376,2355.0,235.0
2026-08-01,hdnRXrETuMM,1102605,19603.0,2120.0
2026-08-01,XN-om29--Bc,835024,9039.0,681.0
2026-08-01,UCGIvN-Bdc4,629881,8186.0,665.0
2026-08-01,k3oZqkK8_fs,1022406,11110.0,696.0
2026-08-01,gGF0Kt5Z4HQ,1208000,13460.0,2491.0
2026-08-01,O2n9bS_wVAE,375772,4612.0,817.0
2026-08-01,aOcm-wy8-eA,359312,7291.0,535.0
2026-08-01,OhSonbjjfCk,961859,12090.0,1273.0
2026-08-01,bIyxX6VoeSk,826757,8255.0,773.0
2026-08-01,AWsojsqqbNA,366692,6386.0,445.0
2026-08-01,bAR8XrGBKzg,1823988,15446.0,1166.0
2026-08-01,u3RDTxQuCs8,669876,7848.0,917.0
2026-08-01,z1y6AUgZ7ig,630000,5361.0,349.0
2026-08-01,Je1V8eNWojk,282810,5594.0,526.0
2026-08-01,BuYxygvFWsU,1293276,32642.0,2724.0
2026-08-01,qjDX7NNDMWM,2138470,34189.0,2227.0
2026-08-01,UGgMyheufpo,1289449,17301.0,1579.0
2026-08-01,mF585Jls4_k,1106340,12779.0,984.0
2026-08-01,hx-H9Ap2pes,326541,4000.0,357.0
2026-08-01,YXlmojPmcCs,946248,8269.0,904.0
2026-08-01,9u603l1OruU,525799,5924.0,906.0
2026-08-01,Ry6HisoBajY,732568,8088.0,880.0
2026-08-01,PLTgzjcPGiY,799411,5571.0,1019.0
2026-08-01,EZFEkimPEHk,1042356,10036.0,976.0
2026-08-01,d0y2lJjHwV8,534036,4415.0,450.0
2026-08-01,x-WdnahVUFs,503684,6824.0,434.0
2026-08-01,uFx-BuMBZIA,417970,5852.0,797.0
2026-08-01,mzhifxAJ3js,1867271,16681.0,597.0
2026-08-01,VDr2hYZDOYE,2692097,18080.0,1991.0
2026-08-01,-wSDbNopGOU,548493,8520.0,539.0
2026-08-01,jsS3vMzddfw,440366,5538.0,461.0
2026-08-01,LLCX3CMmNL0,367048,4025.0,696.0
2026-08-01,hDy4Jz1seJE,677331,7473.0,669.0
2026-08-01,0fpRHgpZTXg,229643,4397.0,517.0
2026-08-01,FRNGzjwrXys,746105,11301.0,694.0
2026-08-01,K-JBmDmBL1I,1143105,8737.0,1032.0
2026-08-01,GnSJWX1dipQ,357871,4987.0,870.0
2026-08-01,Cto5NsBuR9k,1383800,13745.0,1746.0
2026-08-01,WqLNBvffN8k,1296177,15678.0,948.0
2026-08-01,XNWEopen1Uo,1988463,20763.0,818.0
2026-08-01,kHc8Jc_7Xlg,572547,7637.0,578.0
2026-08-01,fKXwGNzuf3Y,928249,10382.0,920.0
2026-08-01,xkVX4uJrJ0w,1313604,34414.0,3860.0
2026-08-01,WOm1uEdhcPg,525381,13522.0,1184.0
2026-08-01,k19irwUABe0,884985,11589.0,1200.0
2026-08-01,H5tki3IQqaI,695120,5423.0,657.0
2026-08-01,cPatcAQupHY,296805,4396.0,781.0
2026-08-01,Pmz3ziooa_c,1023165,15532.0,1345.0
2026-08-01,fTWbhxA6mxg,580502,9812.0,772.0
2026-08-01,TBp0OUwhJbw,478576,5841.0,556.0
2026-08-01,WQJ3X-qgPik,627426,4878.0,704.0
2026-08-01,kx59DjsZ_2Q,2032210,21523.0,1481.0
2026-08-01,WAeDKj2oG7E,420395,5596.0,596.0
2026-08-01,Favgw7hbTtA,524995,7816.0,1196.0
2026-08-01,FCwpkLI5cwo,1319126,17720.0,1072.0
2026-08-01,lqgZpChmZ-s,959950,7378.0,1190.0
2026-08-01,xZcIFS0_XnE,445976,9252.0,736.0
2026-08-01,qCjt-eM2L-A,1863826,23231.0,2549.0
2026-08-01,LyMbNq3SUXA,1896793,20982.0,2345.0
2026-08-01,qeX4_MEnLLo,1399373,15583.0,1863.0
2026-08-01,XxY-9w0yTcE,1562277,15806.0,1086.0
2026-08-01,6W6MvEMYN50,498873,7521.0,1123.0
2026-08-01,Xf67MHSWZKk,449959,3722.0,347.0
2026-08-01,t5WZJGQZR40,575372,6597.0,722.0
2026-08-01,HU0cvWlVUdk,236821,3499.0,504.0
2026-08-01,p0vqEId3PCc,1100261,11994.0,1320.0
2026-08-01,ZozbCbayo7g,338352,4692.0,336.0
2026-08-01,nSWkHyRSRMs,636564,6739.0,965.0
2026-08-01,KckPU8D6ebc,1703913,19038.0,1648.0
2026-08-01,H-BcE5n-OzQ,1063533,13224.0,925.0
2026-08-01,DrfZI-fU1Cw,239206,3899.0,285.0
2026-08-01,cjIMSjNKXos,652195,8917.0,1501.0
2026-08-01,F99YrfCzJ7o,529278,6412.0,741.0
2026-08-01,4Yg2CVSssfY,2872462,24679.0,1967.0
2026-08-01,W5hAIRbs_lk,219974,4580.0,1179.0
2026-08-01,fgBvEdppqyk,545635,7699.0,472.0
2026-08-01,b_B2cKsS-go,2175276,18484.0,1771.0
2026-08-01,6SaUBsiBXsw,579368,7196.0,595.0
2026-08-01,wB4CcBJe98Q,280025,3376.0,358.0
2026-08-01,ha8dwsIDgBA,712330,11169.0,727.0
2026-08-01,IHSSpPs7_rE,173064,2454.0,301.0
2026-08-01,kHEhNYm-3p8,219997,3492.0,300.0
2026-08-01,lvYNWQEgwAA,595877,8213.0,685.0
2026-08-01,WrFzSd2TktQ,342637,4706.0,629.0
2026-08-01,_x-kKqaqZXE,939235,21322.0,1732.0
2026-08-01,BQ-On-c-Yrk,424453,5421.0,529.0
2026-08-01,oigksFaA-J8,629552,10053.0,869.0
2026-08-01,yFIq6d4IhAk,699152,8366.0,976.0
2026-08-01,y0_KWZkxJ7k,912658,14379.0,3426.0
2026-08-01,HKqOWlqVilA,243525,3760.0,331.0
2026-08-01,Q02Jq0VCP18,933805,15681.0,1257.0
2026-08-01,vhoGaZ44bdQ,3732129,34940.0,3721.0
2026-08-01,6xkvZZLmjZ4,169160,2711.0,209.0
2026-08-01,wpHR7N_opwM,2399706,25821.0,2308.0
2026-08-01,S7IfX8efLSs,795729,7331.0,1218.0
2026-08-01,aVvOl_EvYlM,432389,5923.0,776.0
2026-08-01,540GthDxyew,373609,6545.0,714.0
2026-08-01,myQyT_rHMkU,1633857,17141.0,1025.0
2026-08-01,TM-wkzUuX7w,401231,8252.0,581.0
2026-08-01,VQL_fNLKrFU,2328054,49185.0,4223.0
2026-08-01,L1vzoJdnAhA,1578415,16647.0,1229.0
2026-08-01,ivfIKHRrrq8,820747,9772.0,1169.0
2026-08-01,Dn37H1eTRkU,2955712,27036.0,1740.0
2026-08-01,DkTJpUE0WgE,804339,11788.0,1689.0
2026-08-01,RPPqNsiZdkw,714523,13813.0,3031.0
2026-08-01,zbS30B7Oslc,1777453,18482.0,3344.0
2026-08-01,MFx37Fs5Q44,493926,5934.0,882.0
2026-08-01,ijWKaN5spcU,706353,11021.0,1560.0
2026-08-01,1h5hbDxKR_o,1426350,16687.0,2024.0
2026-08-01,8iuO7bSNnF8,778408,8309.0,760.0
2026-08-01,2kqANdtRAvg,325669,4909.0,563.0
2026-08-01,9oFmAFWWJzE,434064,5177.0,1135.0
2026-08-01,PXDAfvNuB_U,424604,6673.0,720.0
2026-08-01,LIcDZYNt_ps,795084,9621.0,1591.0
2026-08-01,UTMBo9NTuqM,512261,7867.0,619.0
2026-08-01,leecaCYua9s,193559,3192.0,327.0
2026-08-01,BhXWm1spQg8,770637,7524.0,558.0
2026-08-01,N8o81-h3crE,533635,6185.0,760.0
2026-08-01,FTz7IyYhKQk,203597,3937.0,573.0
2026-08-01,MtsahMpXOls,279438,5111.0,418.0
2026-08-01,jVN2Qblo3iE,636150,12567.0,1430.0
2026-08-01,MQZSzG8hjdA,621771,7490.0,483.0
2026-08-01,OJ8yhbqSRfQ,375411,4564.0,338.0
2026-08-01,0Bx5rJNoGkY,288355,4909.0,521.0
2026-08-01,vQPfpyjV658,381962,5109.0,1100.0
2026-08-01,2lz26bokLig,1073274,11132.0,1124.0
2026-08-01,rLyymNzFyfU,521062,6478.0,1177.0
2026-08-01,n62TlrmMNho,867947,14347.0,2037.0
2026-08-01,d8b2dzP8_qg,983801,14208.0,1464.0
2026-08-01,dZdwdWd0kx0,200422,5598.0,610.0
2026-08-01,ibA1vL-JkdM,464524,6895.0,2650.0
2026-08-01,zqo0fFFgwQU,194346,2270.0,260.0
2026-08-01,VfehP2h61lo,435077,4937.0,285.0
2026-08-01,p4JuVQSqGvE,685423,9346.0,1348.0
2026-08-01,TLMbSn-nmZw,373834,5099.0,413.0
2026-08-01,eYp1EAM3c1U,905013,9082.0,1141.0
2026-08-01,Vh7yP4UWlnI,747821,6709.0,1238.0
2026-08-01,UhwsCd8EsS8,883209,10345.0,532.0
2026-08-01,sKfEoPr9CKM,736541,11949.0,857.0
2026-08-01,8Ylqreer_1k,142818,2107.0,192.0
2026-08-01,U2v59sd_9IE,484096,5252.0,465.0
2026-08-01,NsI6PyAGbNk,297949,5152.0,196.0
2026-08-01,efmlR9-r2H0,742138,5690.0,475.0
2026-08-01,LtRucA4hT_M,495354,4698.0,569.0
2026-08-01,ggkZcLn2m0I,1355630,19023.0,1228.0
2026-08-01,k1WTInxNyxE,844743,9392.0,738.0
2026-08-01,6p7_j8ff9Cc,750675,10150.0,741.0
2026-08-01,EodUiAMfpBM,685289,9192.0,810.0
2026-08-01,tUH_bDQL5bY,859967,10733.0,1887.0
2026-08-01,0cZqBDBW_XA,297159,6530.0,1343.0
2026-08-01,6IKGq6Akd_A,745196,7664.0,462.0
2026-08-01,sBZFk2CxYM4,1251761,17625.0,901.0
2026-08-01,Y_N-bH7ZDuc,612034,6753.0,900.0
2026-08-01,xENw-PAG1jQ,623947,10069.0,806.0
2026-08-01,iqk4vtXcdSU,245082,3651.0,343.0
2026-08-01,G3MbfnnlUlE,1062843,14162.0,876.0
2026-08-01,o2i8vD1Ab4E,880199,14062.0,2043.0
2026-08-01,Rpy4Rztmu1g,1197917,18585.0,1843.0
2026-08-01,gHz0-eM2Q1w,970008,8060.0,727.0
2026-08-01,BfQmqXLLs4k,171366,2978.0,420.0
2026-08-01,j60yWVGNeYU,1206007,5123.0,838.0
2026-08-01,_K3dcRWPAIg,823137,11517.0,777.0
2026-08-01,uqeu-lP5wJg,340354,3573.0,450.0
2026-08-01,qllfii86tKQ,447765,4875.0,398.0
2026-08-01,ZUpNPdhCOWQ,928566,24371.0,1430.0
2026-08-01,uPTdpnRTBIE,530324,6264.0,850.0
2026-08-01,gH7GuLRhHgs,1492650,15479.0,1342.0
2026-08-01,0iaoggmejcA,675573,7125.0,702.0
2026-08-01,utyYSlsmsMw,1081497,16026.0,2615.0
2026-08-01,OrJ7c67dXuw,942282,17977.0,2000.0
2026-08-01,bk07JY0fggM,382281,3420.0,478.0
2026-08-01,DP5r6jHluvo,585301,6489.0,494.0
2026-08-01,mPWWiNHYxWs,221371,3608.0,354.0
2026-08-01,KufKb7hUCyI,1341011,10766.0,1101.0
2026-08-01,Y-avnK_whrE,342095,4069.0,511.0
2026-08-01,s9vTi2B7xVQ,486328,5073.0,448.0
2026-08-01,13DxVgo13WM,292061,6717.0,715.0
2026-08-01,vsf1Uxxog_Y,487502,13648.0,1499.0
2026-08-01,R6C3ER-YltI,343635,4123.0,448.0
2026-08-01,CdX8PeCXYkI,884276,8775.0,865.0
2026-08-01,XVJXEYMyYf8,1363278,11247.0,1148.0
2026-08-01,Ys7UkQMrGeM,1149535,16935.0,2054.0
2026-08-01,L69W_p8BYcQ,500998,8117.0,321.0
2026-08-01,GlxPyh4P878,450915,6071.0,1049.0
2026-08-01,yEhMSeW5xkQ,306386,5622.0,773.0
2026-08-01,gi02NaedFBE,972208,11350.0,894.0
2026-08-01,RNvetTpVK_w,487318,5696.0,399.0
2026-08-01,bW-LkNCUgeg,450891,6305.0,435.0
2026-08-01,5CuRmbMazVA,494925,7534.0,376.0
2026-08-01,FZAwR75qoTU,151845,2256.0,346.0
2026-08-01,6-zhtnQJkG0,1196224,20307.0,2100.0
2026-08-01,bQbD4zDi3DI,568201,10522.0,2861.0
2026-08-01,t6lYzvjOLtg,659718,7358.0,999.0
2026-08-01,UiBa7j8eL-s,913010,6830.0,458.0
2026-08-01,xM-SL-cR0cQ,1341840,16406.0,1951.0
2026-08-01,DGOY2HnlMi0,1021151,22255.0,2708.0
2026-08-01,IZzFknrU0II,506845,6755.0,796.0
2026-08-01,hiK_eOEHbAc,414675,6137.0,486.0
2026-08-01,b3XQm398kuM,1304408,12914.0,1326.0
2026-08-01,sZc-TrOpNno,2486183,25553.0,1751.0
2026-08-01,v4LK3iNQN2s,1617236,6205.0,608.0
2026-08-01,-JAnQov4oGs,1449395,19322.0,1470.0
2026-08-01,haJjvg0UMqg,864733,10591.0,1578.0
2026-08-01,bb_tLpJoy3E,1290332,11172.0,1808.0
2026-08-01,L0-ntbMEhDI,386325,4602.0,422.0
2026-08-01,cLrTcsC6crc,328944,4849.0,314.0
2026-08-01,3PCZvMlPj2Q,441299,8219.0,1382.0
2026-08-01,rPuZRQMWfck,710491,9617.0,759.0
2026-08-01,sYYV1uo62V0,110769,2077.0,261.0
2026-08-01,_Df4yhV1LLQ,377957,4503.0,387.0
2026-08-01,ACjRbuSjQps,584454,9585.0,665.0
2026-08-01,FmVXdKwOAYM,438927,6049.0,756.0
2026-08-01,Q2r8OO4tGbk,105731,1601.0,99.0
2026-08-01,UQiGXNIU_g0,1030410,12315.0,702.0
2026-08-01,aZ9VW4nNJz0,2266129,15217.0,1976.0
2026-08-01,fhntc2Lopic,928730,12280.0,1888.0
2026-08-01,sIvS3ov5P78,420003,5807.0,824.0
2026-08-01,wqrBHM4YpQI,239946,3841.0,326.0
2026-08-01,ug-Fk8Ol07k,664720,7788.0,950.0
2026-08-01,h76QTiQ1FwE,906316,10332.0,917.0
2026-08-01,PTIBpwUDwO0,887879,15194.0,893.0
2026-08-01,V33iV8NObZ0,578811,7633.0,1167.0
2026-08-01,lBS9YC3HYPE,175226,2967.0,515.0
2026-08-01,MelnpjQPHaE,654404,10505.0,1430.0
2026-08-01,JZ_PkLAZAXQ,219804,2678.0,248.0
2026-08-01,-FkR-uajc9I,442860,5963.0,1270.0
2026-08-01,M3YA4WiKTfA,595212,7787.0,1854.0
2026-08-01,lrSZy7sbzQ0,760918,8677.0,536.0
2026-08-01,JCub653FBqg,226981,3468.0,551.0
2026-08-01,uQGnPa_MIbA,297676,3674.0,490.0
2026-08-01,GnZ4RA7DwUU,223926,3302.0,548.0
2026-08-01,1RtogAfIiQQ,659615,10773.0,1027.0
2026-08-01,E2HESXpT1HY,3356534,123977.0,13261.0
2026-08-01,DZSTQ61t0hQ,435853,5714.0,1222.0
2026-08-01,A7Lzpv3ZSsU,557876,6010.0,567.0
2026-08-01,8oHES2X-5qI,1804502,23877.0,1688.0
2026-08-01,egb2LK4a-ng,431332,9008.0,481.0
2026-08-01,AluxyaxmaAA,737264,2954.0,312.0
2026-08-01,kj3H47naUpM,1011444,14321.0,1786.0
2026-08-01,s5M5aKi-8ZA,3157984,31829.0,1633.0
2026-08-01,AHPTpO_EOTQ,336554,3136.0,478.0
2026-08-01,Fh_haJQbSe8,729880,7626.0,856.0
2026-08-01,hf5Jm6Th4u4,347015,4010.0,1086.0
2026-08-01,mOBaKwe5t8M,216830,3151.0,249.0
2026-08-01,RZ9KNVU8704,280840,3452.0,379.0
2026-08-01,9DJRkGtj1Cc,523716,6874.0,1114.0
2026-08-01,IBbDIpEixrU,9879111,107334.0,11872.0
2026-08-01,waP15uXl2eQ,563031,12268.0,1086.0
2026-08-01,p1L1W3nW__M,444926,10294.0,920.0
2026-08-01,duq7YdlwY8Y,419947,8976.0,1542.0
2026-08-01,TicLlMu_urA,322403,5758.0,405.0
2026-08-01,I3STO7HbCcE,271447,3393.0,417.0
2026-08-01,b1VPVFGVfRA,2221109,19781.0,1482.0
2026-08-01,SK3rhTUG6eY,1590480,17479.0,2340.0
2026-08-01,BUJ9MWAq5Wo,889318,12923.0,1179.0
2026-08-01,HS7ErGM7p3k,1510497,12192.0,1151.0
2026-08-01,RByRvtl2N94,992795,10294.0,1078.0
2026-08-01,49aSAc17WeU,1044799,17408.0,978.0
2026-08-01,7ct1dY8y9f0,294233,4260.0,339.0
2026-08-01,nBMfBFXGc20,1029211,12007.0,958.0
2026-08-01,7RLrz2gycU8,1820198,17931.0,1755.0
2026-08-01,Hq_Kr8mSiEI,583731,6809.0,1217.0
2026-08-01,HUZki1tTB0A,1623484,17602.0,1100.0
2026-08-01,4BMRPkX5my4,1305255,24944.0,1525.0
2026-08-01,TrdYVMCGSQ4,1284917,12948.0,1105.0
2026-08-01,V6VZxtfetJA,411200,4264.0,593.0
2026-08-01,IRwUXabFAWE,1234850,11912.0,788.0
2026-08-01,gIgGUSyItQk,2036956,26574.0,2856.0
2026-08-01,XND8GC7SpDw,2652492,28161.0,1409.0
2026-08-01,-3fm2P9wNDs,689008,7793.0,594.0
2026-08-01,g8Q69gVN5mc,829465,10803.0,634.0
2026-08-01,7O5ptq0RSB8,1284285,21407.0,1257.0
2026-08-01,SXMHmhtilV4,3021125,44438.0,1467.0
2026-08-01,Qnoy24aCTDk,987997,15480.0,1554.0
2026-08-01,OhB73K2iDO0,1070099,11343.0,827.0
2026-08-01,mp20RqlJwbo,10576826,168434.0,11104.0
2026-08-01,DX3nt8_flQQ,710474,13934.0,1460.0
2026-08-01,g6SwFXwkBhM,493630,5773.0,669.0
2026-08-01,DNsVx83c0fQ,425300,5506.0,473.0
2026-08-01,It8A4pPrKkw,741474,6616.0,493.0
2026-08-01,tTgjy7REHhM,1922429,24467.0,1108.0
2026-08-01,KO9kP8SJFq4,797266,13128.0,3389.0
2026-08-01,kKx4hKZWR5U,598123,10563.0,811.0
2026-08-01,moJVYyvsy30,456663,7802.0,735.0
2026-08-01,cDVFG2n2EU8,828547,11292.0,1104.0
2026-08-01,6oUIxtbCERw,456384,5007.0,444.0
2026-08-01,RAVecQNdqdw,601027,8245.0,771.0
2026-08-01,d-aqQ0C_9MM,809950,12695.0,642.0
2026-08-01,GnjhzA8oXyY,2270827,23592.0,2393.0
2026-08-01,-DzCX7cGcGU,816181,9842.0,1272.0
2026-08-01,vQXqxXUS6S4,1074677,8955.0,1888.0
2026-08-01,m-rTJGpBFAE,339365,4605.0,389.0
2026-08-01,fA-6kNf5su4,245707,3023.0,330.0
2026-08-01,hXjrqKrd5Vo,726019,8049.0,1066.0
2026-08-01,fV0svoJpsMg,2439237,20696.0,2210.0
2026-08-01,uu_7yI9exgk,3270873,33589.0,1743.0
2026-08-01,vbTQuWo8n90,851197,12672.0,1031.0
2026-08-01,B6QBNQkIQnc,1038810,23114.0,1848.0
2026-08-01,tGgbVgtq6Lc,945066,11645.0,791.0
2026-08-01,QRDLa_T42D4,1023724,9873.0,992.0
2026-08-01,lLkOEZdlbtQ,2690158,35667.0,4112.0
2026-08-01,KjuSAnjyr0M,1545462,14193.0,1795.0
2026-08-01,_Lf9wj4LE7c,1690007,24305.0,1172.0
2026-08-01,96MpMPaKaHE,1625465,22993.0,1965.0
2026-08-01,6_xPoxL-4bQ,457963,5881.0,810.0
2026-08-01,1d_9iAb0ZMA,1000064,8961.0,767.0
2026-08-01,rpkwbRi21pA,506112,5864.0,711.0
2026-08-01,fLs7Gg_VJ10,646320,6633.0,749.0
2026-08-01,j6ivBI8zDNM,455289,6557.0,884.0
2026-08-01,WKTJTnRUXMw,377050,4700.0,298.0
2026-08-01,w-XYOQQF6BY,548481,6460.0,886.0
2026-08-01,cBTgxDvTMxw,771745,6757.0,545.0
2026-08-01,fGvMf0OehHw,1121054,16364.0,1281.0
2026-08-01,lha9oHsu2ag,2012434,23830.0,1122.0
2026-08-01,q4JitO4t2bo,492775,7386.0,1182.0
2026-08-01,FWEoR4Fgk_Y,901226,12202.0,946.0
2026-08-01,Z3I0vVdqJ7k,2070828,21709.0,1092.0
2026-08-01,KR_88YodpRY,495163,4211.0,401.0
2026-08-01,Bwe26hmEhW0,1340862,24163.0,1185.0
2026-08-01,IowzQAi5Xno,374861,9320.0,1296.0
2026-08-01,ZaenA101S-M,372415,4626.0,720.0
2026-08-01,ihpfkmtqulU,622566,8410.0,2003.0
2026-08-01,T100und5zIk,7315816,56948.0,5801.0
2026-08-01,MIc6WINmW0w,584090,4682.0,1333.0
2026-08-01,3k1z4M2cc1E,2008056,25387.0,2584.0
2026-08-01,U0WJVifUnJQ,929343,11190.0,1372.0
2026-08-01,A2FTFoy8PV8,1278001,12235.0,807.0
2026-08-01,kxIpQ_ORXUg,684621,16038.0,1678.0
2026-08-01,IiTSI9-q0ps,219659,2576.0,399.0
2026-08-01,pSZ7FnZI8_c,473962,6906.0,853.0
2026-08-01,rRVNfBuGClA,311328,5696.0,898.0
2026-08-01,ddJUu5Hw9cU,2195273,29713.0,1366.0
2026-08-01,jL87hgzO7vA,990748,6018.0,482.0
2026-08-01,X87MG5lv1W0,782956,25023.0,2516.0
2026-08-01,2w-iWVqf0oM,882223,3576.0,426.0
2026-08-01,4R62pP2X9aE,886074,14076.0,1097.0
2026-08-01,KQxYWsW6z-U,1505822,13717.0,1181.0
2026-08-01,oXmyb_QJUFk,1951054,24778.0,1607.0
2026-08-01,aLviHKgeJOY,455371,6150.0,1056.0
2026-08-01,IYwG8EtimJE,349405,4981.0,751.0
2026-08-01,DzI8ssstKcQ,649835,9871.0,1487.0
2026-08-01,wZEIhXXM3xk,1155512,18385.0,3926.0
2026-08-01,Wb4ZCxbSlQ8,1243461,12578.0,1380.0
2026-08-01,id3xxfgQvjI,555139,13163.0,1038.0
2026-08-01,8Jnwg3Wn1MQ,958340,11937.0,1140.0
2026-08-01,F5Mwkl5DgJg,822670,11780.0,461.0
2026-08-01,w6iPA9_CuwA,462116,5329.0,582.0
2026-08-01,VaXb0g4G4Ug,1015650,8398.0,943.0
2026-08-01,QA-ywcfbiMA,2365232,26452.0,2665.0
2026-08-01,Rh4aR4Wukug,477305,5905.0,615.0
2026-08-01,aeXo1Uz8FDU,334298,4702.0,622.0
2026-08-01,4wB4iGPdPXw,1648035,12356.0,1269.0
2026-08-01,e-56mOkILms,1480974,15206.0,1263.0
2026-08-01,BCYrb8BmM1k,504294,6858.0,996.0
2026-08-01,SZ1a_v1TsI4,698148,5119.0,880.0
2026-08-01,oQYPgD3cIP0,1163248,13367.0,1755.0
2026-08-01,GcHTXEYCXNg,1087623,18080.0,1985.0
2026-08-01,93pLN-LUqV4,355467,5156.0,956.0
2026-08-01,6gf9egw2DJA,505346,5568.0,600.0
2026-08-01,DkmzHrUYs2w,301123,5460.0,860.0
2026-08-01,CPrTegO9aSA,202124,4975.0,344.0
2026-08-01,gr9MVXkXuxs,668127,7909.0,594.0
2026-08-01,BazRmtH26g4,492141,6038.0,867.0
2026-08-01,fGD6qE0i__4,631082,8290.0,856.0
2026-08-01,3IeYYN0Kz2c,2150148,20537.0,1481.0
2026-08-01,XdaZyOjUjF8,1736761,19428.0,2768.0
2026-08-01,9lYDS3_oV64,407708,5109.0,334.0
2026-08-01,3hThHvQAZro,863300,10163.0,1101.0
2026-08-01,00AxXFbgvgE,328318,3907.0,527.0
2026-08-01,E2MD_21MNwU,212546,4074.0,412.0
2026-08-01,HiGuvsUiCNI,1003889,9067.0,1652.0
2026-08-01,Yx_vpgtHN_U,507484,5399.0,855.0
2026-08-01,TseYUQKrMZs,487665,6585.0,974.0
2026-08-01,l6Roq91gYj0,475174,5236.0,897.0
2026-08-01,wfIpOtgJ2iw,1488848,35279.0,1375.0
2026-08-01,g52Beas26lQ,539849,12862.0,1513.0
2026-08-01,okFrYeZb96o,519086,6711.0,1393.0
2026-08-01,SMpf3Uc0JrU,446493,5227.0,562.0
2026-08-01,ZAegVqPa3EA,600725,7593.0,856.0
2026-08-01,HX1WLSHI-LA,818180,15526.0,2055.0
2026-08-01,wtlXnpZAnOo,633030,7356.0,810.0
2026-08-01,U8h0m7s7V5s,273449,5066.0,569.0
2026-08-01,QJ02NHju5oY,780242,9041.0,640.0
2026-08-01,WNdCY-HDm0Y,642397,6954.0,1354.0
2026-08-01,sDBpEOAPvOw,945439,15160.0,1439.0
2026-08-01,_T0dQYbJMAU,1746969,17999.0,1250.0
2026-08-01,cUMX4wminc4,2060945,17303.0,1661.0
2026-08-01,h-jiw3kY-sI,222682,3022.0,347.0
2026-08-01,bhnMtEHHYiY,591001,5936.0,1035.0
2026-08-01,IrJ8TUsjRh8,890312,10337.0,954.0
2026-08-01,DYZ7IaLmiTw,592564,8603.0,1198.0
2026-08-01,iIUPwXr0eBg,842417,7521.0,980.0
2026-08-01,pJAuyAgKCF8,346931,4873.0,474.0
2026-08-01,VBRgy3Wao30,832714,17095.0,1486.0
2026-08-01,15Sg28kI_G4,570250,10809.0,1879.0
2026-08-01,zaKT4RDGpqI,898337,15736.0,1730.0
2026-08-01,yJglsCBPnV4,340373,4663.0,463.0
2026-08-01,gpJrZdVLfHU,275451,3663.0,379.0
2026-08-01,N_SBd9wm4Ys,526652,6995.0,1461.0
2026-08-01,95fbfWQRKA4,590309,24087.0,3735.0
2026-08-01,S8_OH3Ey7ko,465867,6177.0,1626.0
2026-08-01,NHH6ng7612o,1978422,33124.0,2271.0
2026-08-01,0xexSuj1s3g,1296274,16259.0,1229.0
2026-08-01,WHAIO6lxe9M,1314738,33716.0,4584.0
2026-08-01,ljgoKjMvMWM,468983,5169.0,528.0
2026-08-01,551Sj3w0Avk,379054,5855.0,488.0
2026-08-01,LsmwR2meu4Y,821951,7446.0,987.0
2026-08-01,0WLoZOAZWzk,556845,6908.0,1006.0
2026-08-01,k5StMNkZNJE,5587935,64104.0,4211.0
2026-08-01,vjOsO2yMv7Y,349257,4702.0,1252.0
2026-08-01,fJaV3XpMRmk,323551,3686.0,687.0
2026-08-01,Ej03Bq99xj0,224645,3139.0,366.0
2026-08-01,Sl3j14jdnE0,1322649,10980.0,3366.0
2026-08-01,aRvDnZMz6j4,525202,6259.0,1142.0
2026-08-01,FFc-Ot356I8,663970,6833.0,832.0
2026-08-01,vUMcKiUvOOk,972761,12307.0,2943.0
2026-08-01,NvNKtZo3Lvc,453372,5608.0,740.0
2026-08-01,Rx-K760ugxA,1876579,25555.0,4049.0
2026-08-01,23x3sU35l28,241538,3140.0,716.0
2026-08-01,-Fd63ME1imw,885717,10969.0,1760.0
2026-08-01,nNvLfteovls,390552,4902.0,706.0
2026-08-01,zfvULDMKWF8,1451105,13087.0,1589.0
2026-08-01,OShWitxiqM4,243127,3400.0,429.0
2026-08-01,k29O2xAezeo,2393532,18998.0,2468.0
2026-08-01,FcpP9eObRYk,389378,5267.0,907.0
2026-08-01,iSeklNYXoTU,537351,7567.0,562.0
2026-08-01,C_MSqj7B5p8,1531633,13626.0,1146.0
2026-08-01,ciqEWfLktLE,965247,7540.0,713.0
2026-08-01,Vke0KSOmCUw,838694,7874.0,834.0
2026-08-01,QLf_cBZl-2Y,868302,7233.0,783.0
2026-08-01,brI00_-KBCg,487755,5732.0,896.0
2026-08-01,8SWyHMXKL68,1002565,11521.0,795.0
2026-08-01,9hKHC32aYE0,635328,12067.0,2319.0
2026-08-01,VQ66rU_MHV0,343865,4185.0,502.0
2026-08-01,CHtJHfUGBIM,256188,4378.0,387.0
2026-08-01,V96hV1Jysp8,403006,4747.0,375.0
2026-08-01,JWToEtJI4Qw,1461854,10847.0,1432.0
2026-08-01,hfnuU3IH6gQ,967250,8467.0,645.0
2026-08-01,evEqnPKMO5M,399030,4798.0,561.0
2026-08-01,CxkYRi-BGjA,1212532,9408.0,792.0
2026-08-01,3Do7nNCDP2g,406821,9254.0,616.0
2026-08-01,zZANIjocxUo,393682,7117.0,841.0
2026-08-01,qJVKaXuQ98E,692401,7332.0,777.0
2026-08-01,q0MbI31R4UE,234080,3844.0,337.0
2026-08-01,0LayfKCcz0w,893331,8252.0,608.0
2026-08-01,KfTgmSIS1uE,611207,7520.0,421.0
2026-08-01,mnFC_xvfK2U,800114,6578.0,757.0
2026-08-01,rr5p7H11CxA,586801,5190.0,568.0
2026-08-01,uKIN3Rvn8aA,2223729,22635.0,1275.0
2026-08-01,Vnbkl1Lla04,442782,7505.0,593.0
2026-08-01,qA32IGVuODE,1154571,5370.0,529.0
2026-08-01,XSzfXoYx0Xg,2720696,18331.0,811.0
2026-08-01,Ypw2XVpz4a4,2734521,27610.0,3713.0
2026-08-01,N14t_U0GIAI,427122,4392.0,475.0
2026-08-01,u4sRWXu87ks,863103,12617.0,625.0
2026-08-01,qOxYKLOG_nA,889076,15937.0,943.0
2026-08-01,AYZED_Zx6Hc,333103,3477.0,326.0
2026-08-01,Ly0IMZCMG6s,1142713,11004.0,1348.0
2026-08-01,iyStz9bZHnY,1809144,18594.0,1109.0
2026-08-01,dA0ttQ6lnP4,452185,5522.0,545.0
2026-08-01,8C_I8pJhfbk,2692872,26821.0,1495.0
2026-08-01,hWe1DAp8GV4,877151,9260.0,1520.0
2026-08-01,3fUgTV6VKDY,911381,13070.0,986.0
2026-08-01,3_8ef7xJaaU,2313356,23307.0,2417.0
2026-08-01,bvCQnu2mnfY,449814,13901.0,1539.0
2026-08-01,1CUq9Lq5UEY,2449837,31428.0,3330.0
2026-08-01,HIjCZL8BiAo,1146778,14812.0,1128.0
2026-08-01,aFqfOkXGg58,664013,6439.0,801.0
2026-08-01,Bog8P_smKlA,362862,4858.0,493.0
2026-08-01,d1PCw1yp4Xc,681075,6301.0,798.0
2026-08-01,7Y57gnHTUno,824834,8951.0,1266.0
2026-08-01,35Hj9MAzdPQ,1178008,9337.0,930.0
2026-08-01,uvtcxKXU_9k,435032,4809.0,583.0
2026-08-01,ZGZj3zv5RK8,377071,4761.0,470.0
2026-08-01,biDuhz-5ESo,1577985,18297.0,1718.0
2026-08-01,CEmkNCx5ruA,705344,6471.0,366.0
2026-08-01,w-63QNeJoKM,640888,6139.0,910.0
2026-08-01,gL4svcBDI0Y,587299,5083.0,591.0
2026-08-01,uYcmx5Vqu0g,492983,12723.0,1491.0
2026-08-01,h0jagPStHlU,2994859,21989.0,1711.0
2026-08-01,LFY2D-U6XwE,402239,4703.0,414.0
2026-08-01,Xaq04iOJqjY,685443,7736.0,712.0
2026-08-01,Y0WUW8UUkLs,154429,2291.0,417.0
2026-08-01,vPzx9kHeQAs,1143014,21532.0,6127.0
2026-08-01,kgDafQZMuP0,383828,4363.0,330.0
2026-08-01,AvoS2G9WMP8,416835,4860.0,330.0
2026-08-01,JjT3sZmWCHs,248699,2984.0,333.0
2026-08-01,cuVnXayR4wc,223170,4283.0,1330.0
2026-08-01,gC-gzoPD6Is,2362074,18413.0,1315.0
2026-08-01,QC6sOJ032h8,332351,2432.0,252.0
2026-08-01,Hdh4V_Uk5as,494063,4579.0,269.0
2026-08-01,fIgncRfM9KE,1050075,13002.0,2984.0
2026-08-01,gLwBYTShzB4,275019,2855.0,151.0
2026-08-01,3l1CIX23mrI,1199443,9602.0,784.0
2026-08-01,0smKHQMDCNM,314013,2983.0,243.0
2026-08-01,-WEqFzyrbbs,387015,4307.0,275.0
2026-08-01,4Oq2zjt_wTU,225692,2072.0,163.0
2026-08-01,DC7Joo94BAM,278521,5215.0,381.0
2026-08-01,WziVdoonTCw,358802,4117.0,442.0
2026-08-01,aT0k1R2D1-0,300420,4206.0,378.0
2026-08-01,_BUepsKPoFw,929953,7231.0,839.0
2026-08-01,Djhya5G3BSk,3595360,27906.0,1068.0
2026-08-01,vdN-Eii2fOw,784697,8638.0,623.0
2026-08-01,7rk7LBAoqzU,1081675,14077.0,1029.0
2026-08-01,h2kzp_C9Z6E,1686382,14041.0,1017.0
2026-08-01,N6cZXZktnO4,765011,7249.0,932.0
2026-08-01,yxU6xkVSNrc,339393,4793.0,392.0
2026-08-01,fBraVQd5T7k,734651,5931.0,408.0
2026-08-01,q2s47_57U1k,1108016,13311.0,2956.0
2026-08-01,bPJ3Fzd_T-U,1364989,12884.0,891.0
2026-08-01,vU6glnBBXqE,593914,5202.0,1491.0
2026-08-01,L44FI_1y7RQ,142464,2636.0,166.0
2026-08-01,O0Wj0mzq9VE,279089,3668.0,324.0
2026-08-01,qG2ZiOnls1M,622632,7289.0,793.0
2026-08-01,GmpeliHmNhQ,688194,7457.0,350.0
2026-08-01,vTVwIhJoejk,559922,4582.0,571.0
2026-08-01,vaWKlwOrgts,522854,5024.0,544.0
2026-08-01,SNhua9p8QGk,680184,7239.0,538.0
2026-08-01,BmQ5l042_78,582406,5811.0,461.0
2026-08-01,mffCD2M5rtM,1591391,11135.0,944.0
2026-08-01,fpbJNx3u8DA,259726,3905.0,450.0
2026-08-01,_Ppxac4LAzQ,1785934,15521.0,1391.0
2026-08-01,HpY2A3CM0WI,613098,5337.0,446.0
2026-08-01,MeAplifMdRU,463972,4668.0,423.0
2026-08-01,85SVBp0KkYk,313179,4306.0,347.0
2026-08-01,SDynekmtAKA,297325,3415.0,484.0
2026-08-01,t5MhdpIIULw,478396,8131.0,476.0
2026-08-01,rejP68_1VcI,707046,5477.0,305.0
2026-08-01,fGSiSRhPkyA,474452,5782.0,290.0
2026-08-01,nsWuy9DflLE,1903718,15338.0,365.0
2026-08-01,Bcrpn7tkoy0,267636,3295.0,581.0
2026-08-01,d7U0By1Fi4k,1250219,15869.0,1159.0
2026-08-01,O4fFZH6Uczw,329852,3148.0,401.0
2026-08-01,A22tHrQKL3s,781914,6000.0,227.0
2026-08-01,tEkapo_gcUU,442288,6456.0,560.0
2026-08-01,OAA1WNJ67PA,1322930,13345.0,2465.0
2026-08-01,HVaUSn4wBM0,250602,2495.0,330.0
2026-08-01,MaLhp45w_Pg,1122082,10393.0,834.0
2026-08-01,rS2mdMF6zSI,183532,2870.0,245.0
2026-08-01,aDwuUoimcIo,425644,4283.0,296.0
2026-08-01,JfCAKrJdUzk,1576939,21838.0,1740.0
2026-08-01,4_SrVvL6EWE,855532,8286.0,525.0
2026-08-01,OQd2uzgKhrg,759853,6884.0,1140.0
2026-08-01,_eX0EUe-meU,361816,3386.0,472.0
2026-08-01,qrRyKwR7REI,886442,5821.0,769.0
2026-08-01,ewJIgpFRrw8,251504,3095.0,282.0
2026-08-01,BROyQTDpMjI,2047599,18920.0,3241.0
2026-08-01,n_6a9K-6-Ak,111760,1569.0,145.0
2026-08-01,VwQjFOAH-7g,196203,2671.0,127.0
2026-08-01,7ytD2mi2NhI,838836,5520.0,587.0
2026-08-01,MgPq9HpZj3Y,160826,2123.0,625.0
2026-08-01,GRd6LLt20Ew,1159114,8304.0,311.0
2026-08-01,cabzUqnj_-o,256430,2127.0,291.0
2026-08-01,kpfdr4lcbss,339274,3152.0,460.0
2026-08-01,ZRaaSouGxWo,760439,8840.0,497.0
2026-08-01,0P5M0JFuRE0,161707,2091.0,203.0
2026-08-01,CRXm8J2JS5g,1311146,6329.0,280.0
2026-08-01,xZLLa3lMxlE,495766,4803.0,392.0
2026-08-01,EDjwSZOr4rA,876269,6828.0,189.0
2026-08-01,2oMf5H7hSM8,438359,3239.0,416.0
2026-08-01,5yCJSF9U60o,964688,10653.0,1130.0
2026-08-01,d4rt1NdWazw,225274,3630.0,429.0
2026-08-01,m-xUa-J5Njc,257082,2161.0,234.0
2026-08-01,wVE-hSewOq0,460993,6579.0,812.0
2026-08-01,NdCJ15dkh-Y,217055,2241.0,286.0
2026-08-01,sZRCiezYKLM,1209458,8293.0,1066.0
2026-08-01,0gYTNN7RAjY,782779,7149.0,469.0
2026-08-01,1eSZLvbHekA,668950,6129.0,634.0
2026-08-01,NZgAEQjxI0w,914531,9384.0,657.0
2026-08-01,x3NoBHvaowQ,1077272,5907.0,277.0
2026-08-01,69k24LCaVkg,141691,2327.0,210.0
2026-08-01,YX230Pq7T1w,346250,3067.0,320.0
2026-08-01,gDihfbThVOA,198768,2168.0,220.0
2026-08-01,rWxwFpJcFFk,751395,5067.0,643.0
2026-08-01,VsEwYQl1EQQ,865473,13135.0,686.0
2026-08-01,A5TQxgxBqsU,1046181,8189.0,946.0
2026-08-01,5exKZ2QZqwg,205208,2345.0,225.0
2026-08-01,VawTdGA2jE4,1263043,8378.0,442.0
2026-08-01,jEjRFBpQ9EA,261272,2536.0,422.0
2026-08-01,Z2y80Y8aFIw,544531,4994.0,1199.0
2026-08-01,bsdTMJbgJ6k,129718,2783.0,274.0
2026-08-01,M6CPdl__m84,559775,4494.0,970.0
2026-08-01,QJPmI0YP3Ag,3080354,22154.0,732.0
2026-08-01,30fg_vgQvD4,626978,5606.0,601.0
2026-08-01,bxidkpUBVIU,311807,3558.0,611.0
2026-08-01,fgJEzUwG_0c,274312,2970.0,179.0
2026-08-01,s-wrBC0CbDw,352660,6927.0,959.0
2026-08-01,PFuV00ybEjc,318656,3405.0,470.0
2026-08-01,MRaJ47qFVXE,1181943,8629.0,290.0
2026-08-01,7My-sdXv__w,1127245,9888.0,393.0
2026-08-01,cOF6N4Ut8Z0,833619,7460.0,1362.0
2026-08-01,o_NujHwIkW4,5469331,43911.0,1476.0
2026-08-01,KvoqlA_-h5g,891866,8775.0,767.0
2026-08-01,0kFCq_sdzgw,1290368,10446.0,1315.0
2026-08-01,VEe2zrygZ80,1050178,19708.0,5225.0
2026-08-01,X2O6Jf_AR6s,683294,6142.0,820.0
2026-08-01,zlHHufsT3XI,1192912,14587.0,1538.0
2026-08-01,Lz7U_TJ6bwY,537624,5067.0,713.0
2026-08-01,CKX3E9-pXyY,282606,3068.0,464.0
2026-08-01,rNT7MR0UMBM,533990,10521.0,408.0
2026-08-01,5ukXQn4jXxI,747470,6295.0,539.0
2026-08-01,7YQijKljKYU,1370862,9925.0,929.0
2026-08-01,xvGvAJrmL9g,91359,1827.0,155.0
2026-08-01,xkm-oSOgE_U,1330538,11921.0,1132.0
2026-08-01,VItB7Aw5tNg,1063801,9617.0,705.0
2026-08-01,eeN5wQopy0g,49218,690.0,127.0
2026-08-01,Hc6gcrQ9Gy0,268912,1965.0,137.0
2026-08-01,1Bi1NxJD-os,2712856,31284.0,2682.0
2026-08-01,k_HnFP7cPbU,992995,9477.0,1174.0
2026-08-01,tZ0vQrWbx7s,1108029,10625.0,572.0
2026-08-01,u4xQHdZhod0,286041,3041.0,309.0
2026-08-01,BoqZT1N6Z14,603258,4475.0,308.0
2026-08-01,o54tUwTAr34,675388,4560.0,579.0
2026-08-01,oAOYg_2v9ok,429808,3629.0,410.0
2026-08-01,w5HPy1af6OY,225594,2810.0,544.0
2026-08-01,2pCra_ARWb8,673178,6110.0,554.0
2026-08-01,nqPNSD99GMc,525320,9326.0,362.0
2026-08-01,wtEclq9XZBI,96783,1700.0,240.0
2026-08-01,SvB55au-wXk,588618,5192.0,737.0
2026-08-01,1CVmfXfR_Qs,62353,818.0,79.0
2026-08-01,pGeTwrU1xzA,786019,5841.0,634.0
2026-08-01,WibB7xBimfM,547440,4830.0,631.0
2026-08-01,BELhyPVFvZc,261451,2263.0,168.0
2026-08-01,Oe8PTYvRlz4,587127,11592.0,704.0
2026-08-01,ePaNUKwNoJc,408296,3097.0,242.0
2026-08-01,NHkcli4Z8j4,510001,6137.0,403.0
2026-08-01,RrDjgBSnNsM,620136,5926.0,271.0
2026-08-01,34SyuNAoC_w,45129,833.0,126.0
2026-08-01,7Ig9uPUskzk,97906,637.0,123.0
2026-08-01,Eti46UfgF04,8105344,19282.0,1679.0
2026-08-01,DjZgOco3P48,760081,5174.0,262.0
2026-08-01,goVREpjdI2A,114037,1987.0,271.0
2026-08-01,cyj_NdjSMBU,576456,6397.0,833.0
2026-08-01,ql2yQz5NkoA,1011946,12658.0,1990.0
2026-08-01,nlDpdyNLFKk,709258,4726.0,352.0
2026-08-01,NC1gN-ZE1uQ,332557,2944.0,396.0
2026-08-01,mczpIo6GiM0,814467,7153.0,1476.0
2026-08-01,Wam0_dQ8pAc,128180,1507.0,132.0
2026-08-01,W_KXknv61Sw,632757,6350.0,922.0
2026-08-01,4UmIAzX8JUU,123973,1920.0,176.0
2026-08-01,52QqfG-vXr8,1735415,10512.0,385.0
2026-08-01,UkE-iEzCeDU,663812,5508.0,612.0
2026-08-01,MbFCKEbRUKs,1974262,13484.0,1683.0
2026-08-01,DSJzyTM3VtQ,227540,1785.0,161.0
2026-08-01,0fKNV5I7v18,60157,3182.0,370.0
2026-08-01,QafuMMK6TVg,138584,1604.0,340.0
2026-08-01,1IDgid_sLW8,1059033,10954.0,674.0
2026-08-01,Hww-Xzxklz8,765473,6100.0,617.0
2026-08-01,SYEOykw__f4,724107,13094.0,655.0
2026-08-01,giBzqkzRb4g,159362,679.0,145.0
2026-08-01,OiaiXV7_WPQ,1139978,9273.0,1011.0
2026-08-01,WkA2Kvsum2o,2597390,12140.0,1194.0
2026-08-01,nG_q3lkLyJg,260112,4905.0,7522.0
2026-08-01,EO55c_AKr-U,526602,3346.0,531.0
2026-08-01,RF2nU7KjF-A,934059,11266.0,848.0
2026-08-01,xI1HorgQP3k,653478,4440.0,424.0
2026-08-01,0wlLVfFgDQg,756626,6156.0,1010.0
2026-08-01,qNRtpBSqQxM,57144,712.0,248.0
2026-08-01,_Gr0M9GH3nU,66105,1049.0,1179.0
2026-08-01,nPYpxYerSxA,381665,2420.0,441.0
2026-08-01,AsWnubXWaJ4,330585,2092.0,174.0
2026-08-01,io-wS1A3ZE8,337725,2397.0,647.0
2026-08-01,GIkbCDmLUHI,408285,3107.0,241.0
2026-08-01,XjNo8Pt_zxM,156224,1098.0,156.0
2026-08-01,Tl-bcZvkF4k,206806,1860.0,95.0
2026-08-01,OPuY-T9QXEY,406059,3715.0,143.0
2026-08-01,LuOJ8DGm64Q,85986,1119.0,139.0
2026-08-01,_zfqmyKOz9M,279368,1857.0,444.0
2026-08-01,C4iaybr2dng,422825,3673.0,569.0
2026-08-01,3Cb30HTvyHE,512301,4635.0,659.0
2026-08-01,oFavSHIOqM0,157433,1605.0,152.0
2026-08-01,kL0vmk7sGlI,123729,1387.0,150.0
2026-08-01,E529JRmNUWM,804921,11122.0,1424.0
2026-08-01,kxdP4k1AmgE,781420,4211.0,551.0
2026-08-01,Y0iiZVxieBI,1268758,6228.0,581.0
2026-08-01,er65lweGy3c,450599,2931.0,328.0
2026-08-01,RsYxBN_LwgY,2238697,11492.0,885.0
2026-08-01,jtn-IOiDyJM,244949,1882.0,370.0
2026-08-01,bZ3gFqhOqRM,270367,3286.0,334.0
2026-08-01,6FjAL_WBR7A,616789,6319.0,643.0
2026-08-01,uDA5-v3qoE0,479816,3792.0,489.0
2026-08-01,vn3VvyKp12I,611943,6385.0,759.0
2026-08-01,MDSiSlIWIN0,511834,3653.0,327.0
2026-08-01,Qgy3qL70wEQ,139190,1519.0,166.0
2026-08-01,Xs08DUcaGnw,556666,3173.0,261.0
2026-08-01,nQd79HXdWoU,606727,4085.0,397.0
2026-08-01,YSwXdYoN0fM,899140,8404.0,674.0
2026-08-01,xd85fqk6ih0,323998,3340.0,262.0
2026-08-01,toh-dFf5mpk,226198,1713.0,245.0
2026-08-01,gvIuMknWlH8,724881,4799.0,380.0
2026-08-01,rgVUTgyHy6A,1921630,16314.0,1579.0
2026-08-01,pO9sQdWBqMQ,406494,2515.0,174.0
2026-08-01,wZhvUGNl90c,198393,2471.0,240.0
2026-08-01,jDsSPWeOXL0,86813,1260.0,80.0
2026-08-01,ITjceNkI3Kw,642297,4430.0,375.0
2026-08-01,I3g4-hX76D0,576627,4172.0,383.0
2026-08-01,S7ipqvNQfLY,1877694,16852.0,3064.0
2026-08-01,3FMEcyfNUc0,193105,2118.0,281.0
2026-08-01,Y5BSWm2x4k4,290171,2297.0,200.0
2026-08-01,kSYJ-0Dza-k,24093,593.0,125.0
2026-08-01,xTLfIWdaugE,36697,1607.0,423.0
2026-08-01,WMBcaqKjBrA,83811,1327.0,90.0
2026-08-01,1-xV8Ay-59E,319319,1436.0,158.0
2026-08-01,6I_476IjM1k,91207,1022.0,70.0
2026-08-01,g2MblLYAZyI,1814221,7863.0,896.0
2026-08-01,2IB_AVC-lTI,403450,2847.0,303.0
2026-08-01,xHaaC5tTGYo,110633,1020.0,70.0
2026-08-01,LAGRFgJJ6pc,51942,506.0,40.0
2026-08-01,dYtXNGTQk0o,792653,5555.0,339.0
2026-08-01,MTU7EOqTLq4,260799,2463.0,240.0
2026-08-01,5-Rc9fohxt8,560437,3514.0,196.0
2026-08-01,uJdAXOkjQeU,97513,744.0,75.0
2026-08-01,6WbtomYQScE,1740188,11208.0,463.0
2026-08-01,0y_L_ToZjk4,112774,1126.0,37.0
2026-08-01,PkUH4erhyLY,1320735,7073.0,192.0
2026-08-01,qmQcizLAEog,80535,742.0,50.0
2026-08-01,CVPtEKtffXo,699827,4252.0,335.0
2026-08-01,dW6WjAzMGFc,1054144,4609.0,480.0
2026-08-01,vtwltBfAUT4,243882,1378.0,154.0
2026-08-01,aLYn2DTEycs,15672,76.0,8.0
2026-08-01,3ijUQ3-uVXE,183900,790.0,119.0
2026-08-01,dcr4Z8Wb91A,90277,435.0,70.0
2026-08-01,rtHEwnyi8RM,213881,1742.0,337.0
2026-08-01,VHZF7CSgvss,37598,334.0,43.0
2026-08-01,w5edgmMxKG4,215850,1864.0,79.0
2026-08-01,hyO53EvdskY,184470,1641.0,79.0
2026-08-01,bZuDPk_e8Rk,316382,823.0,131.0
2026-08-01,74L6pJKpqpQ,570846,4953.0,459.0
2026-08-01,0kUE7e2LSDU,71428,468.0,28.0
2026-08-01,CjuCrer7iIo,194242,644.0,123.0
2026-08-01,1qACG4nOohA,17743,191.0,37.0
2026-08-01,dC61VNpT6s4,70563,331.0,65.0
2026-08-01,Ib7Ijg4vcBw,312162,2082.0,103.0
2026-08-01,QksEwOPwSIg,927680,9829.0,460.0
2026-08-01,SgF1RdEvSlc,207962,1009.0,182.0
2026-08-01,0WKKtUknW34,136224,487.0,103.0
2026-08-01,YQmXOCRcQB8,20334,131.0,15.0
2026-08-01,yLCvxL3TJVE,1443264,10149.0,827.0
2026-08-01,_L651B-DiOg,37510,194.0,23.0
2026-08-01,gNXU7TuJ1Mc,193866,2151.0,196.0
2026-08-01,Wft92kUUJkM,1164068,9052.0,845.0
2026-08-01,zXryG3UWDHk,105118,841.0,34.0
2026-08-01,1I5Fgkxc6jM,83395,364.0,40.0
2026-08-01,2GFtnC5WZKo,344509,2325.0,237.0
2026-08-01,-hjrIyU7Zak,36753,229.0,33.0
2026-08-01,-NvptE-Lybc,606454,1553.0,184.0
2026-08-01,XVeJs2qCAVA,557122,3198.0,813.0
2026-08-01,AvZbrq4tZco,35817,160.0,16.0
2026-08-01,Kmlolv9GqVw,116625,542.0,72.0
2026-08-01,OXB-73Fy42k,74109,614.0,44.0
2026-08-01,kBGiN1YQGJA,90084,572.0,62.0
2026-08-01,3ou0EqpgNn4,616516,5403.0,525.0
2026-08-01,R09808z1Gvg,198735,1033.0,107.0
2026-08-01,fmKMTnavskc,130395,1053.0,78.0
2026-08-01,dzbuWnTlT-w,50473,291.0,65.0
2026-08-01,2NAiVtAHFKk,226406,1529.0,166.0
2026-08-01,IGQueStDVFE,64127,327.0,52.0
2026-08-01,0q1qc6LvxeU,96684,641.0,64.0
2026-08-01,bKdNvgzg4VQ,337256,1528.0,159.0
2026-08-01,A8jruM0jyvs,107483,597.0,129.0
2026-08-01,GTNlhJJ87Rw,74468,520.0,30.0
2026-08-01,CSMe2IFwh7M,12622,80.0,8.0
2026-08-01,7Ym3lUFDhds,50628,295.0,31.0
2026-08-01,eOAsGd-8YCk,15193,76.0,38.0
2026-08-01,q_XDFvi-B0s,47951,676.0,83.0
2026-08-01,pOUcPUDGz0s,18698,36.0,10.0
2026-08-01,mjWHR01sO7s,12298,126.0,3.0
2026-08-01,Pubb9YV9Gjg,105649,893.0,63.0
2026-08-01,xyw0nQx0IV0,8964,62.0,14.0
2026-08-01,4PKFiVSf5cE,10909,68.0,9.0
2026-08-01,URuu7n4JKf4,14416,223.0,16.0
2026-08-01,QvTp6y1JqYU,308040,1021.0,78.0
2026-08-01,AztWbH3NDaM,371495,4270.0,261.0
2026-08-01,lnvOPizyMU4,272878,1326.0,258.0
2026-08-01,GCKiFdNClmQ,513120,2773.0,309.0
2026-08-01,IxN36uJsaAk,10012,203.0,34.0
2026-08-01,a1YbR37eCeI,127885,732.0,51.0
2026-08-01,-k5ScuZG41U,685592,3738.0,511.0
2026-08-01,Hj3cRwMqEmQ,21840,215.0,26.0
2026-08-01,CpcrvHYQXkg,274336,2046.0,106.0
2026-08-01,HkzlhOBX_fY,290513,1840.0,158.0
2026-08-01,qS4YIPbNmFE,14869,259.0,36.0
2026-08-01,PRtPrULxO_g,278759,1924.0,271.0
2026-08-01,MFJbEReQiow,425197,859.0,238.0
2026-08-01,rR9Ndh0Qfc4,79152,197.0,71.0
2026-08-01,jVHR5nK5_Jw,67142,227.0,118.0
2026-08-01,DNjao1uS878,79733,733.0,57.0
2026-08-01,Ii5LR3vKknY,157484,1147.0,219.0
2026-08-01,f5MKx71pN_M,394088,2095.0,138.0
2026-08-01,dS6o-dQGfWU,159954,988.0,110.0
2026-08-01,ykBPOh6BmZg,253133,2230.0,237.0
2026-08-01,LTKJVyvRWLI,819901,4249.0,254.0
2026-08-01,hkClHbGf5wo,153033,806.0,79.0
2026-08-01,EbQ4kPpChrc,4327,14.0,2.0
2026-08-01,vxVN1s-WiXE,9112,49.0,10.0
2026-08-01,Llc4iipJtLk,5639,32.0,7.0
2026-08-01,XRYgEKaTHbA,7719,30.0,5.0
2026-08-01,N_VONZfduqU,4902,27.0,1.0
2026-08-01,8mGaKOcUoU4,544544,2675.0,331.0
2026-08-01,O0nApAme3hg,26836,54.0,12.0
2026-08-01,JvCxwTmFbP8,8411,17.0,6.0
2026-08-01,jXhdRYMKq3M,8217,24.0,4.0
2026-08-01,oQNEdEjpgl8,1513364,7318.0,1207.0
2026-08-01,5DUXRU9x47Y,5657,42.0,4.0
2026-08-01,ixndIZzghI8,3971,12.0,0.0
2026-08-01,DDDsz3Ym0Qc,4086,12.0,2.0
2026-08-01,giTVvgj-mu4,4418,26.0,2.0
2026-08-01,oeEDltA9l-Q,11463,57.0,3.0
2026-08-01,46DebIWqZiw,8952,25.0,5.0
2026-08-01,HiTNQQECxZU,8743,22.0,1.0
2026-08-01,UDPN8kAFw1M,8656,24.0,1.0
2026-08-01,b_qdMy6__Z8,11706,31.0,1.0
2026-08-01,pPqfkxFxDAA,18102,37.0,4.0
2026-08-01,C0-Ot3BE3LY,13315,29.0,1.0
2026-08-01,OC39uCwyLhA,41153,119.0,32.0
2026-08-01,bFS3qN20tG8,18069,136.0,35.0
2026-08-01,u1jrLvi_X58,43709,373.0,28.0
2026-08-01,QY33o2vBjvU,2028,8.0,1.0
2026-08-01,XYv1mnaVg7A,1055,5.0,2.0
2026-08-01,7bpW5kGStO4,982,5.0,2.0
2026-08-01,Y7j0NlFWEds,2331,12.0,1.0
2026-08-01,LlecuEIyiGo,12416,52.0,7.0
2026-08-01,_4lAeYP4DO4,86455,656.0,47.0
2026-08-01,4x7v5wujs64,5459,32.0,3.0
2026-08-01,tVEJNwK857I,4187,21.0,2.0
2026-08-01,Zj69VeaU6EA,11976,54.0,4.0
2026-08-01,N3822ySCWhM,16036,54.0,5.0
2026-08-01,UBAZLz7ZZM8,43583,176.0,9.0
2026-08-01,MWPX7KYiGu8,16054,104.0,7.0
2026-08-01,66eVooFV3wA,6644,36.0,3.0
2026-08-01,nxXG_-VEQME,5943,26.0,2.0
2026-08-01,Z4DjTZTh4xk,6495,44.0,1.0
2026-08-01,HVSnm-QAtKI,26228,118.0,19.0
2026-08-01,FJU0_APn5b0,24205,92.0,11.0
2026-08-01,POJRUAa_hdk,56753,255.0,21.0
2026-08-01,uCx0Wz2whCM,3008,12.0,2.0
2026-08-01,QV0Lx1WDwj8,13030,83.0,9.0
2026-08-01,Hj9WZDgF6Mk,7184,40.0,9.0
2026-08-01,sBjA_27eSBs,7640,39.0,2.0
2026-08-01,V3m2fJk6SEA,13362,100.0,12.0
2026-08-01,77MuiFsx2_o,156862,523.0,85.0
2026-08-01,G4OF9sSHdaI,1298,4.0,0.0
2026-08-01,Vj_p_05Yr9E,2292,16.0,2.0
2026-08-01,tch1WXlX0ao,2620,21.0,5.0
2026-08-01,jrBCJ4S9zfc,1033,8.0,1.0
2026-08-01,_FcHZKUl_VE,161657,623.0,68.0
2026-08-01,1jw1mglX3uw,1457,4.0,1.0
2026-08-01,25rznqH3a2k,1004,4.0,0.0
2026-08-01,CUDbpo7Mwpc,1299,6.0,2.0
2026-08-01,_pQVVCKkGxk,1135,5.0,1.0
2026-08-01,jePkP4npiKY,885,4.0,1.0
2026-08-01,muuzVuYzUTY,1140,9.0,4.0
2026-08-01,svkL1v0LJ9k,881,7.0,3.0
2026-08-01,J9r7fkaVmtc,1199,1.0,0.0
2026-08-01,cjXAReYH474,1392,3.0,0.0
2026-08-01,dA6H-DMl-Eg,874,1.0,0.0
2026-08-01,qkCWX8_CCuI,4627,11.0,2.0
2026-08-01,xZ8s7E19vqw,751,5.0,0.0
2026-08-01,zbhSnC8P5pM,3716,10.0,0.0
2026-08-01,735zTpNb0zY,822,3.0,3.0
2026-08-01,8Fq1RhgzcIg,1468,7.0,0.0
2026-08-01,YTo4gF0ucSk,1207,6.0,5.0
2026-08-01,vmWuVxkb42Q,816,1.0,1.0
2026-08-01,yWZuuhccKQQ,1456,4.0,1.0
2026-08-01,hlKQ8-ZWPS4,93423,526.0,59.0
2026-08-01,e8y2D8DyoUE,3025,12.0,2.0
2026-08-01,kEB6Tg4fGGA,2572,2.0,1.0
2026-08-01,zDdcKUv5gQo,2148,9.0,1.0
2026-08-01,c-oO-K0Jlwo,1679,3.0,0.0
2026-08-01,YRAOp-8SvJI,1642,1.0,0.0
2026-08-01,Bg1ursiF7Eo,2374,6.0,0.0
2026-08-01,5XUIuPi9fsA,1877,7.0,0.0
2026-08-01,qFdPnZFun-A,2087,4.0,1.0
2026-08-01,1zp4INOQbeQ,2815,9.0,0.0
2026-08-01,aNSFf_O1Ogk,2662,6.0,0.0
2026-08-01,eIHay2nwiVE,2404,7.0,0.0
2026-08-01,upDocOrc9pI,2162,11.0,0.0
2026-08-01,Jl4LYm04r98,4667,23.0,0.0
2026-08-01,0kd_OFyAVBE,1476,7.0,0.0
2026-08-01,MzmQ8-pxYL0,1643,5.0,1.0
2026-08-01,QtgXrBmISQY,4237,12.0,1.0
2026-08-01,qO2YBUzQbv4,901,4.0,1.0
2026-08-01,XxbsfsQp88U,56280,600.0,40.0
2026-08-01,lr8-P6LbWFY,931,1.0,0.0
2026-08-01,8jaGlPKyCAc,1330,7.0,0.0
2026-08-01,fbtlNw4EgAQ,1608,9.0,1.0
2026-08-01,YrASeKOylYE,959,3.0,1.0
2026-08-01,nb-u0maPEXk,1769,10.0,3.0
2026-08-01,IzaqlF1EpOY,1588,6.0,1.0
2026-08-01,ltlS9pAaKRw,1087,4.0,0.0
2026-08-01,1Ye_26vDCuQ,2945,10.0,2.0
2026-08-01,EDSJjtDCz5c,1186,3.0,1.0
2026-08-01,F5PTd8V4UBU,20403,55.0,
2026-08-01,jWd9dsmcUI8,3622,14.0,0.0
2026-08-01,pxWmnRE1dbU,3910,12.0,1.0
2026-08-01,n44ZS4LnxD0,3197,6.0,0.0
2026-08-01,6El-Ey9myWM,3962,15.0,0.0
2026-08-01,CQlMgh4ON_Q,17375,61.0,8.0
2026-08-01,3wLqa62LNJI,7989,28.0,3.0
2026-08-01,LagNvboJG-M,14416,46.0,3.0
2026-08-01,1JP47loZM1Q,2691,9.0,1.0
2026-08-01,M_9ilJsqpEo,27884,82.0,7.0
2026-08-01,mQSXUS2ELlY,25494,65.0,8.0
2026-08-01,3b5YtBsHN4E,135580,435.0,42.0
2026-08-01,0wEGv53OBgs,3969,20.0,4.0
2026-08-01,YCwuGKyXHJE,3880,12.0,4.0
2026-08-01,dDPzNlY0jmA,1505,4.0,1.0
2026-08-01,ICUXmw3IVug,1178,2.0,1.0
2026-08-01,Z5JozHvMxbE,616,3.0,1.0
2026-08-01,wM3te4nXinw,714,2.0,0.0
2026-08-01,c4n_nf3pbsI,752,2.0,1.0
2026-08-01,zXd5tWKf0bM,925,3.0,1.0
2026-08-01,FyMkNZmuNBM,1056,7.0,0.0
2026-08-01,X6Tz1aLid1g,809,1.0,0.0
2026-08-01,z7QluJpOj3c,794,4.0,1.0
2026-08-01,qcOiWL0rbiY,584,2.0,0.0
2026-08-01,IyWaKFOdKes,592,2.0,1.0
2026-08-01,X3wldEoPHco,1441,9.0,1.0
2026-08-01,0RosioBfUA0,726,5.0,0.0
2026-08-01,p36O2WOHP1E,884,6.0,0.0
2026-08-01,a1TmiVhgl9s,1405,11.0,0.0
2026-08-01,7YUClGtcQQw,3387,22.0,6.0
2026-08-01,qWhcqn2S9NU,1971,3.0,1.0
2026-08-01,Hnk0p-1iRZE,2454,7.0,2.0
2026-08-01,WQnAs-0OF1Y,1607,9.0,1.0
2026-08-01,9n2GAmtIVgg,5926,26.0,2.0
2026-08-01,Nk2hWyPz1vM,907,5.0,3.0
2026-08-01,cpGWIk7JcFM,925,4.0,1.0
2026-08-01,lQ-TS4prRs8,802,1.0,0.0
2026-08-01,bchWKkBcXZs,1643,6.0,1.0
2026-08-01,m-FQmkaxuNM,761,2.0,0.0
2026-08-01,uBgJiF2GMa8,1037,4.0,0.0
2026-08-01,ph2Y4AMbu-Y,594,3.0,0.0
2026-08-01,tx9nrxDfYu4,617,1.0,1.0
2026-08-01,kZlW1cIFYCw,626,4.0,0.0
2026-08-01,4DNjDbnTDXQ,591,3.0,0.0
2026-08-01,Yu06PvTKwXc,1809,10.0,3.0
2026-08-01,lnSzl_fek74,876,2.0,2.0
2026-08-01,H7-UuxUptBM,834,4.0,1.0
2026-08-01,E6FCizmPGZY,1293,5.0,0.0
2026-08-01,WBuVpTOpsq0,1675,10.0,3.0
2026-08-01,W38b13-62-o,716,6.0,0.0
2026-08-01,emdCvtQFxgQ,647,1.0,2.0
2026-08-01,D9ImI1jO9JU,580,0.0,1.0
2026-08-01,HSGvcGK__wg,584,0.0,0.0
2026-08-01,BOQjVHCtN3Q,606,2.0,0.0
2026-08-01,NXMH66cXF54,591,5.0,2.0
2026-08-01,mbKgYgX8xv8,654,2.0,1.0
2026-08-01,kGuyVkXYfvg,3253,23.0,5.0
2026-08-01,toNYZttGTC8,938,2.0,0.0
2026-08-01,z92h6N4qimU,1005,2.0,0.0
2026-08-01,tMQASG-TZFw,769,2.0,1.0
2026-08-01,mWI2dL8XPi0,1177,3.0,0.0
2026-08-01,o0hM5Suv0SY,1272,4.0,0.0
2026-08-01,d1BVfVVXE6M,2265,6.0,1.0
2026-08-01,va6zzUyrHUw,5963,33.0,6.0
2026-08-01,xgpNnn1S_OA,7692,27.0,4.0
2026-08-01,3N-mPxd7h80,34641,52.0,6.0
2026-08-01,SjSQGBoMQy0,2209,11.0,0.0
2026-08-01,AglThwKWxgM,3066,7.0,0.0
2026-08-01,ZVQrqaqXoT0,6340,9.0,1.0
2026-08-01,ubpDnFILIU4,2269,4.0,0.0
2026-08-01,8fy6yXhCGGo,4592,13.0,0.0
2026-08-01,HykfX_A2wY0,4440,14.0,0.0
2026-08-01,MtDdrOy89kA,2227,5.0,0.0
2026-08-01,IUBDxGVjCVY,1694,2.0,0.0
2026-08-01,jB9wd7uGjXY,1930,2.0,0.0
2026-08-01,f2mk1l_mRhE,2526,3.0,2.0
2026-08-01,xBMbRf4ZmS4,2781,7.0,1.0
2026-08-01,iDqM2_StAr8,2585,4.0,0.0
2026-08-01,Rk8PR51Sojg,2456,5.0,0.0
2026-08-01,FgHlLLnEQNM,1617,4.0,0.0
2026-08-01,1nwgBJRpiN4,2572,3.0,0.0
2026-08-01,4cDHICeAAiw,17747,47.0,4.0
2026-08-01,SlmIxWlvOXo,27672,47.0,12.0
2026-08-01,WzNoX5EE-ps,22308,33.0,9.0
2026-08-01,_KQVbi8TtQ8,4686,10.0,1.0
2026-08-01,DFh40raE6v8,3788,9.0,1.0
2026-08-01,mvrGOZQA2zc,3127,7.0,0.0
2026-08-01,gVb1i_84lfs,2426,7.0,0.0
2026-08-01,VyR18jVVsOo,2496,4.0,2.0
2026-08-01,BPZ_D3oDB30,2669,6.0,1.0
2026-08-01,urgYhZ28J6Y,25274,31.0,6.0
2026-08-01,KazL_H4FG60,25919,41.0,5.0
2026-08-01,h02Vlv3HPB8,31354,54.0,4.0
2026-08-01,8XC0RrM72mw,27931,43.0,6.0
2026-08-01,2iT0RPgGiYw,4702,12.0,0.0
2026-08-01,owHKsLBGkgY,5927,14.0,0.0
2026-08-01,uUWpuhYFFIM,3832,12.0,2.0
2026-08-01,xm23wWh2dDI,3475,8.0,1.0
2026-08-01,1zH9GfyNuwU,36455,63.0,25.0
2026-08-01,AGjqDV1_VM8,27320,52.0,4.0
2026-08-01,TDpI4W-EZhw,30566,64.0,12.0
2026-08-01,yMM8WhFSzvg,29366,53.0,9.0
2026-08-01,p3PM836S1xw,94749,246.0,31.0
2026-08-01,pDc2_5onajw,4460,10.0,1.0
2026-08-01,XJEvL5aBKJk,4460,7.0,0.0
2026-08-01,t2uK3N3h1Tk,12052,27.0,6.0
2026-08-01,aNwe3L31Wfo,2416,3.0,1.0
2026-08-01,FMSzwLLr5CU,3599,12.0,1.0
2026-08-01,ZoxN-OnPU-8,2691,9.0,1.0
2026-08-01,mCGfOSfwBs0,3783,19.0,6.0
2026-08-01,htv6gpIAODA,4105,10.0,0.0
2026-08-01,TCfZHXk2WAU,2429,5.0,0.0
2026-08-01,J8SopAvLZDY,1785,4.0,1.0
2026-08-01,tieg9crbllM,1771,4.0,0.0
2026-08-01,wp4tD9k1_TU,2335,8.0,0.0
2026-08-01,NgYzX5T42hA,2003,4.0,0.0
2026-08-01,ua-9daknZtk,1629,5.0,0.0
2026-08-01,-6FBuHQB_3w,2329,6.0,0.0
2026-08-01,7D7yhh-n5GE,2104,5.0,1.0
2026-08-01,uLInLg_Odeo,2709,4.0,1.0
2026-08-01,mZWc6GYLaA0,1977,6.0,2.0
2026-08-01,BWX4RW7R4l0,2603,8.0,1.0
2026-08-01,UUyV07HvFUw,3543,11.0,0.0
2026-08-01,dOyrSpX_Ao8,11459,34.0,14.0
2026-08-01,flG6OrDq73s,2361,7.0,0.0
2026-08-01,sHCwwtbtwL0,3845,7.0,0.0
2026-08-01,FZPxaygVzTg,2757,9.0,1.0
2026-08-01,ms7OjsuvCi8,2090,2.0,0.0
2026-08-01,GUWgvVlZGl4,1777,3.0,0.0
2026-08-01,o65Uk2fBsRI,1597,3.0,0.0
2026-08-01,8Lkgv-xLP7M,1756,3.0,1.0
2026-08-01,wghpqXoyrIU,1713,3.0,0.0
2026-08-01,VFzddYvDPkA,2903,8.0,1.0
2026-08-01,7_zyhDYJNOc,1509,3.0,0.0
2026-08-01,fpUOjfgLH-g,1415,1.0,0.0
2026-08-01,e3xnTtbkWWc,2047,2.0,0.0
2026-08-01,4eGiGf8sSJI,1999,4.0,3.0
2026-08-01,bOZxPUptk6M,1701,2.0,1.0
2026-08-01,wmdFbPn2A-k,1557,3.0,0.0
2026-08-01,PsgBlXLIsWw,2365,1.0,0.0
2026-08-01,Gu8iHXJ8e5o,1992,5.0,3.0
2026-08-01,nAuYGHgnCnI,2199,10.0,0.0
2026-08-01,kD_pij93U9o,1967,6.0,0.0
2026-08-01,EB_BvBOVsWg,1725,4.0,0.0
2026-08-01,nfX1YtFnO9w,8236,31.0,0.0
2026-08-01,Dge3PlSuVuw,1835,4.0,0.0
2026-08-01,5CDOKmIdjPw,2456,3.0,2.0
2026-08-01,IxEH80t9qTw,2234,4.0,1.0
2026-08-01,R-zqLBKyU1E,3136,8.0,1.0
2026-08-01,Ef1AMIfMQMw,6145,9.0,2.0
2026-08-01,qUW-yHLJCGo,3213,4.0,0.0
2026-08-01,c4TqbgGUQKw,2477,8.0,0.0
2026-08-01,vjUzpJW82nA,2168,5.0,1.0
2026-08-01,LvTFolHU5rA,2523,4.0,1.0
2026-08-01,-NJouXehlqA,2451,7.0,1.0
2026-08-01,9FSlDjSlpV8,2254,6.0,0.0
2026-08-01,A6eNVINRBjM,2807,7.0,0.0
2026-08-01,PzUg_DdB0cI,2367,2.0,0.0
2026-08-01,inL6VYHyGcM,14778,114.0,16.0
2026-08-01,FUqOhMGxT40,2440,6.0,0.0
2026-08-01,LcVc7Np9OZU,2196,4.0,0.0
2026-08-01,6YI5Tt5HaN4,6703,16.0,2.0
2026-08-01,ouWy8XWdl1I,3430,6.0,0.0
2026-08-01,ABtmHZh-Lz4,13137,19.0,0.0
2026-08-01,Ag6pw3GKvfM,3881,8.0,2.0
2026-08-01,3VGzs64MP3w,3360,5.0,2.0
2026-08-01,30LKs6C5us8,3039,9.0,0.0
2026-08-01,xCiVKPBnZDg,2937,7.0,1.0
2026-08-01,adFnCqUptQY,4772,15.0,3.0
2026-08-01,AIkUGWe1KpE,11210,29.0,6.0
2026-08-01,MK6iq3_nPVE,879,3.0,2.0
2026-08-01,34Zg5tiG24E,1004,5.0,2.0
2026-08-01,Q_eMbw92lwI,776,1.0,0.0
2026-08-01,rfbEt7Pm6OM,674,1.0,0.0
2026-08-01,6Us5tl-fWPM,812,1.0,1.0
2026-08-01,u0o24W-lApk,860,2.0,0.0
2026-08-01,IsClHGmtD9Y,1099,3.0,0.0
2026-08-01,JsKiiAuACq8,947,3.0,0.0
2026-08-01,LSBwrqtvqQQ,905,3.0,0.0
2026-08-01,Vq3jW8YbnS4,976,1.0,0.0
2026-08-01,iZ6s1vkW4BU,1102,3.0,0.0
2026-08-01,jmDAUHeaZOA,1056,4.0,0.0
2026-08-01,oJdOUH0UmXM,1046,2.0,2.0
2026-08-01,GyOnvs4SGBA,3325,15.0,7.0
2026-08-01,ZFM3FvheRxg,1471,8.0,3.0
2026-08-01,-7jE5lN3GvU,1781,7.0,3.0
2026-08-01,uXmqQEJo-bw,4579,21.0,2.0
2026-08-01,RRFPFQO3Vfo,1909,6.0,4.0
2026-08-01,Kp3rpdtcIVw,1045,3.0,1.0
2026-08-01,Lmq4kofiW3Y,1089,5.0,1.0
2026-08-01,ZOk9cnLn6TA,964,0.0,0.0
2026-08-01,ugOzQ-Oycy8,961,6.0,1.0
2026-08-01,ZgbNwKGQkF8,1057,2.0,0.0
2026-08-01,riqM1BoCmY0,1221,4.0,0.0
2026-08-01,GWBMkISy0AE,1351,1.0,0.0
2026-08-01,huRNJPaFQRE,1233,2.0,0.0
2026-08-01,NQbShdnE7nU,1154,1.0,1.0
2026-08-01,JlOJuGBH_KY,1388,7.0,0.0
2026-08-01,3pWQ58wHsyU,1125,2.0,1.0
2026-08-01,3sVsMeAfRMs,1221,2.0,2.0
2026-08-01,E1WXWxnxaJ8,1374,3.0,0.0
2026-08-01,bWElvnOwezc,5191,26.0,15.0
2026-08-01,Gu_7_3dHDyo,1296,3.0,0.0
2026-08-01,ZXVMmRW2HZI,1166,4.0,1.0
2026-08-01,TEFeXq4lgL0,2310,6.0,1.0
2026-08-01,sVja85MalV4,1787,5.0,2.0
2026-08-01,vexG25TCGrc,920,4.0,3.0
2026-08-01,X-DdPnXlS8E,1937,7.0,0.0
2026-08-01,tcfg9Xz-lp4,1867,3.0,1.0
2026-08-01,4uC6yMeoS3w,1787,7.0,1.0
2026-08-01,GOS5MdNxSOc,7352,31.0,0.0
2026-08-01,fDMckocHYhE,3579,10.0,3.0
2026-08-01,udnWzL9kPN0,990,3.0,0.0
2026-08-01,oSqxx-WIvZg,1564,9.0,0.0
2026-08-01,hqJjaAAFhHg,3614,9.0,2.0
2026-08-01,ItxbAMznZ_g,2123,1.0,0.0
2026-08-01,t3p2YnVvnfk,1788,3.0,0.0
2026-08-01,nMq16EId_eI,2811,3.0,1.0
2026-08-01,ObBLCzSbAOo,2826,3.0,2.0
2026-08-01,SayBEH-4nxY,3120,19.0,2.0
2026-08-01,YH9UsKPwnPw,3195,7.0,2.0
2026-08-01,mo2HgvQrMpg,3441,7.0,0.0
2026-08-01,FNmQtThyYBU,6120,2.0,2.0
2026-08-01,A5kHdbxmPi4,4637,9.0,1.0
2026-08-01,ZKW8Y-PlFPw,4905,4.0,4.0
2026-08-01,sK3ZwXzHkl8,12406,17.0,0.0
2026-08-01,KkFueo-Bi5A,2194486,3358.0,173.0
2026-08-01,nT_l8w_I4Zo,1173,1.0,0.0
2026-08-01,5LTxwWujAVc,1235,2.0,0.0
2026-08-01,tqghZbq25-o,1649,3.0,0.0
2026-08-01,bxHm1u5yBPI,1647,3.0,0.0
2026-08-01,a-69myjJIZU,13573,84.0,22.0
2026-08-01,Idx5IGzx4Zc,2624,17.0,3.0
2026-08-01,m2Hf0ngvfbk,1291,5.0,0.0
2026-08-01,tt8oYhAfatc,1546,7.0,0.0
2026-08-01,HCDV4bzeBhE,1608,4.0,5.0
2026-08-01,BmOuqKgxSW8,1386,4.0,3.0
2026-08-01,uzO39v4RG9Q,1406,2.0,1.0
2026-08-01,mrJpNoRVFl0,2125,3.0,2.0
2026-08-01,crHJ_gmLjpc,1894,2.0,0.0
2026-08-01,gbLJSTzEDhI,2109,7.0,0.0
2026-08-01,HS5iwaHIzfg,2628,9.0,1.0
2026-08-01,yAJYZT0MfZ8,1241,8.0,1.0
2026-08-01,A4K7C02MfUU,963,4.0,0.0
2026-08-01,fWn2XcQrS5Y,1574,17.0,5.0
2026-08-01,vq8AXNyNwcw,12583,45.0,6.0
2026-08-01,1TrSdixZPQI,2483,9.0,0.0
2026-08-01,6CozFX3GK_o,3342,18.0,1.0
2026-08-01,chcnY4n2vY8,3081,5.0,13.0
2026-08-01,Cw3QMN_gcnk,3367,13.0,3.0
2026-08-01,YmLqJT_tv8Y,9562,41.0,7.0
2026-08-01,mF5TlE5Z--M,1333,2.0,0.0
2026-08-01,GaVQPzefj1A,1506,3.0,0.0
2026-08-01,ZJT5ydcRKHQ,1671,3.0,0.0
2026-08-01,LOClSv1znFU,4173,20.0,1.0
2026-08-01,A3CtLT_be_w,1394,5.0,1.0
2026-08-01,FBFdf_zEOP8,1539,3.0,2.0
2026-08-01,KI-fKIJDHAs,2621,11.0,3.0
2026-08-01,1UBAFp2lIzo,1580,4.0,0.0
2026-08-01,tmuL8-DBtVI,1850,4.0,0.0
2026-08-01,o-HUrA0-FAI,1746,3.0,1.0
2026-08-01,m1K-8QhELVk,1611,4.0,0.0
2026-08-01,2pnV3w09h-g,2710,4.0,1.0
2026-08-01,mfr9dQhY6wQ,2236,7.0,0.0
2026-08-01,EIMIwb6nJAA,2716,8.0,0.0
2026-08-01,wED0tJIeINE,1245,7.0,0.0
2026-08-01,T95agrCD_ck,1411,8.0,0.0
2026-08-01,YSJhEtV-P04,1385,3.0,0.0
2026-08-01,7wsKS10X0Ls,26424,207.0,47.0
2026-08-01,J0vSn3OGIz8,1855,6.0,1.0
2026-08-01,sQjpPBSu1vw,3985,12.0,1.0
2026-08-01,P0n6Qkt8wUU,3791,15.0,1.0
2026-08-01,5IvSm6mBHGw,8801,43.0,13.0
2026-08-01,GzYgkICvCAA,137854,1446.0,247.0
2026-08-01,-glCjnhuLPY,101261,588.0,112.0
2026-08-01,v4qL2B3dk7c,3412,10.0,3.0
2026-08-01,iUr3IbEwwHs,2195,9.0,1.0
2026-08-01,OrL32cyR21o,72039,267.0,22.0
2026-08-01,yRtU0gfTe5c,1395,5.0,0.0
2026-08-01,1M7mpZIp6I0,1556,3.0,1.0
2026-08-01,bmpLARbqx8o,19352,77.0,14.0
2026-08-01,hZSmprVwPMo,1755,6.0,3.0
2026-08-01,vSUzlwX19Vk,1842,7.0,2.0
2026-08-01,0kUw6H1-W7I,1198,1.0,0.0
2026-08-01,SVdagZekwjA,1334,3.0,0.0
2026-08-01,36jxgIP2qGE,1724,2.0,0.0
2026-08-01,3afTM_-pxZA,869,4.0,1.0
2026-08-01,LU8Qms65w1w,5250,55.0,5.0
2026-08-01,oyz2vG8VBBY,1466,3.0,0.0
2026-08-01,-l4RUrqm7zg,1613,3.0,2.0
2026-08-01,TY8E4G-coVc,1361,2.0,0.0
2026-08-01,5wkiLLZEHYw,1798,3.0,0.0
2026-08-01,Nj2XxSsdBTc,1359,3.0,1.0
2026-08-01,6olRTB-2hPw,1618,2.0,0.0
2026-08-01,emfT2nDcTB0,1382,3.0,0.0
2026-08-01,GYT9j7CSrWs,1839,4.0,1.0
2026-08-01,DKKqzE1TotM,2014,4.0,0.0
2026-08-01,r0KPTl8Wsmk,5971,22.0,3.0
2026-08-01,DLJ2f267giY,2929,9.0,0.0
2026-08-01,6YYDuupRQiw,3966,41.0,5.0
2026-08-01,qS4HAxNcn-o,2960,8.0,2.0
2026-08-01,TBX--OPEijI,889,2.0,0.0
2026-08-01,_J1VBbOi7UA,731,3.0,0.0
2026-08-01,SlTzZee9Qf0,1049,2.0,0.0
2026-08-01,La40BBMoatA,983,2.0,0.0
2026-08-01,JmDKhnHicnw,904,4.0,0.0
2026-08-01,s2X_r725wMY,753,3.0,0.0
2026-08-01,H_VaMZgaDNw,907,8.0,0.0
2026-08-01,8sX4mXaXamY,754,1.0,1.0
2026-08-01,hPTwEXo15nw,854,6.0,0.0
2026-08-01,kgjfm1tv4Gc,1346,3.0,0.0
2026-08-01,xUhEdrq3dAI,1034,3.0,1.0
2026-08-01,Q5o1WJ8WKEo,826,3.0,0.0
2026-08-01,U6ytUAlWwFQ,932,5.0,1.0
2026-08-01,nNVYagRTQ0Q,1615,5.0,0.0
2026-08-01,SyQWzvjwGy4,1619,4.0,0.0
2026-08-01,sZL7RxsGdbw,4324,21.0,5.0
2026-08-01,0OVxMr-zkys,1219,7.0,4.0
2026-08-01,l16I3hBO7ZU,3724,18.0,3.0
2026-08-01,7cs3qAFaov0,526,5.0,0.0
2026-08-01,5STQoZOsj1U,1370,8.0,1.0
2026-08-01,i4QJH3TT0_E,1545,5.0,1.0
2026-08-01,OYShv3_PMEQ,1051,9.0,0.0
2026-08-01,zksdJWLiSPs,2464,19.0,3.0
2026-08-01,7X7XudRjwK8,3745,10.0,5.0
2026-08-01,ZIDoakhqLrI,4235,16.0,3.0
2026-08-01,ds3w8dDus5E,4184,21.0,1.0
2026-08-01,5iVZZ5QlX8w,3909,17.0,1.0
2026-08-01,s1eH1fZrd1M,2948,13.0,0.0
2026-08-01,J5ThVCRTlE8,3215,13.0,7.0
2026-08-01,t0Y4CCrDir8,3828,14.0,4.0
2026-08-01,j6TyLQDx70s,2972,16.0,6.0
2026-08-01,FjEpjk6Zrbg,3154,15.0,0.0
2026-08-01,9YZNZnWFrz8,3498,19.0,15.0
2026-08-01,OlrByp6Rfd8,7245,38.0,5.0
2026-08-01,TL6mKdJbRyU,2846,15.0,2.0
2026-08-01,SVc07hzAH9k,1268,6.0,2.0
2026-08-01,ZOoUPUX3vIk,788,3.0,0.0
2026-08-01,Zk4kqcCJKbg,1284,5.0,0.0
2026-08-01,5LR1c3QyCb0,798,5.0,1.0
2026-08-01,zLLJM8-SbMc,742,4.0,1.0
2026-08-01,C_4B9r_Vgx0,762,3.0,1.0
2026-08-01,YRzZh60dxy0,1132,3.0,0.0
2026-08-01,Cpye1RwR9rw,968,6.0,4.0
2026-08-01,ygHaLzQCYJA,864,4.0,2.0
2026-08-01,LSC12fIgfo4,1527,5.0,1.0
2026-08-01,It4l2kPUsu4,22306,125.0,13.0
2026-08-01,6o5M6Es7zZU,1875,3.0,0.0
2026-08-01,tXmKGpsn9-M,1755,9.0,0.0
2026-08-01,zb9iy1L_NzM,1433,7.0,0.0
2026-08-01,_PfUmTsSUN4,5973,38.0,2.0
2026-08-01,4jdRhJh7NV8,9520,17.0,12.0
2026-08-01,U-AVCPWKTyo,4896,10.0,2.0
2026-08-01,AL1AT-2n3Os,4520,5.0,5.0
2026-08-01,k2xXwdJSyTw,2669,7.0,3.0
2026-08-01,wQHQ801OOpM,18446,35.0,8.0
2026-08-01,_ZhCqRaLr-g,7386,9.0,3.0
2026-08-01,xTTohAq-MBo,4131,6.0,2.0
2026-08-01,DS2mJYQUP-E,6647,12.0,1.0
2026-08-01,u5VWXx_eDwU,5857,5.0,3.0
2026-08-01,kvc6WPidSNg,3877,4.0,2.0
2026-08-01,BHO6LM9ny8k,4836,5.0,3.0
2026-08-01,CvPFJlm3us0,3543,9.0,0.0
2026-08-01,dDTO4ryN7S8,3465,4.0,2.0
2026-08-01,K22Sp0cuZlw,3047,4.0,1.0
2026-08-01,a7r39DXJ3jU,2397,2.0,0.0
2026-08-01,mRVVD_ahKVo,2368,4.0,0.0
2026-08-01,7BXSyrBcI64,2937,3.0,2.0
2026-08-01,CUBPLfnj7xA,3775,6.0,9.0
2026-08-01,3EEBtA9rhUA,2617,3.0,0.0
2026-08-01,kO6cTPv4U_0,2435,7.0,0.0
2026-08-01,2L2pSiDRYIY,2224,2.0,1.0
2026-08-01,AiEb0q8doS8,3126,10.0,2.0
2026-08-01,DONgiR81OII,2765,6.0,0.0
2026-08-01,smikVOVxRIg,4354,6.0,3.0
2026-08-01,IYkuBRgAgBo,4457,9.0,1.0
2026-08-01,eEyflYeBaSM,3542,6.0,0.0
2026-08-01,1rugGjsdcMw,3712,5.0,0.0
2026-08-01,PByRckqSAb4,4195,11.0,0.0
2026-08-01,umUSCmHZfew,4360,8.0,1.0
2026-08-01,wWhniqu4GZU,4511,7.0,2.0
2026-08-01,sW4e5Q1LJ-s,4954,4.0,0.0
2026-08-01,d1okmmxsGpc,6343,13.0,1.0
2026-08-01,2QYpDe1hGrE,4367,47.0,7.0
2026-08-01,D08eMW0JUPI,6265,44.0,6.0
2026-08-01,K75FTUqH4r8,10342,22.0,10.0
2026-08-01,NBzv8MQJRUg,1688,9.0,0.0
2026-08-01,kOaNrPRqnUE,2122,11.0,6.0
2026-08-01,vmf1q-B6iH4,5694,38.0,10.0
2026-08-01,-qb_9gNhozA,10826,79.0,9.0
2026-08-01,LWRM6dxoVsA,355,3.0,0.0
2026-08-01,CjmYLF8Bx3M,293,3.0,2.0
2026-08-01,Z9PyGm-NBEA,364,2.0,0.0
2026-08-01,hBaeztJ2tls,40803,316.0,37.0
2026-08-01,GNwycvokxb4,6258,48.0,3.0
2026-08-01,UPp-bg1SBQw,7662,55.0,3.0
2026-08-01,U8lhpcNuKI4,20480,111.0,12.0
2026-08-01,pMzR4EcJYFM,2517,15.0,1.0
2026-08-01,-JDdIEKpMSI,2499,27.0,3.0
2026-08-01,YEunmkmgSIo,4853,16.0,2.0
2026-08-01,81nWFgwShn8,1466,5.0,3.0
2026-08-01,IjYQg5j5kgE,9878,41.0,13.0
2026-08-01,1AJlZT-bIhY,2346,19.0,0.0
2026-08-01,56FZ-MuHASU,2582,11.0,1.0
2026-08-01,2zo3TPPgMSE,1483,4.0,0.0
2026-08-01,nHMgMgJivVQ,3991,16.0,3.0
2026-08-01,rC6kl6rEhCE,571,0.0,2.0
2026-08-01,OmHEdSpgzFA,85687,340.0,66.0
2026-08-01,yltF7C4XGkQ,7770,28.0,15.0
2026-08-01,u89T7xqyJPY,5056,9.0,2.0
2026-08-01,q6tjnntTUCA,3795,7.0,5.0
2026-08-01,hcPILEO6hTI,2943,5.0,0.0
2026-08-01,Q5J1k1Zgn1g,2904,5.0,3.0
2026-08-01,nYDiqO9jZQM,3192,6.0,1.0
2026-08-01,WPYhmdeepd0,3187,4.0,0.0
2026-08-01,u9UQmzkN42c,3221,6.0,0.0
2026-08-01,0gJ1XAssiHY,2670,4.0,0.0
2026-08-01,UOd4PTF8ECg,2856,2.0,1.0
2026-08-01,gqbOvD7HAvc,3576,5.0,0.0
2026-08-01,TRb7xPwhxQo,3469,4.0,1.0
2026-08-01,couJvuixfzY,3626,8.0,0.0
2026-08-01,U-fVg_--AfY,3983,6.0,1.0
2026-08-01,9LagG3k6_-4,1270,9.0,0.0
2026-08-01,Zd4m-ptngBg,4825,12.0,0.0
2026-08-01,63X09rFzVRI,447,1.0,0.0
2026-08-01,qXEQYmReoB0,17610,43.0,10.0
2026-08-01,p5x0hJfEWfU,436,1.0,1.0
2026-08-01,YXGPNFpRJ0I,481,1.0,0.0
2026-08-01,mchZ3Ui6toM,2157,9.0,2.0
2026-08-01,BhsMRvjVbbw,3874,16.0,2.0
2026-08-01,T_JRER1Adpo,2839,12.0,4.0
2026-08-01,nDU1j4rNVx0,9426,63.0,5.0
2026-08-01,Ocgla1c0rPw,1414,5.0,2.0
2026-08-01,P1O4bOAzjZY,2152,16.0,1.0
2026-08-01,vEkyy5e8BZo,7100,25.0,6.0
2026-08-01,vJANpSWIjr0,5408,21.0,2.0
2026-08-01,YJmIBZQ3u9s,484,2.0,0.0
2026-08-01,U76pQGL6IwE,5255,15.0,0.0
2026-08-01,HEFiybYfTT4,2557,14.0,0.0
2026-08-01,WbzhC_-qvP0,2448,13.0,0.0
2026-08-01,sAKVv4TvLl0,3626,18.0,4.0
2026-08-01,XoUOmkH5EkM,2089,10.0,1.0
2026-08-01,P2xp2YYSyLY,1879,5.0,0.0
2026-08-01,Hby_ovidyrw,19971,19.0,8.0
2026-08-01,MC3ruN5OHck,501,4.0,0.0
2026-08-01,E1JqSmboBIQ,23636,34.0,13.0
2026-08-01,YaTJvjV6DXQ,2668,9.0,1.0
2026-08-01,g1OHHyLE8Gs,10319,48.0,6.0
2026-08-01,qrx_KivVKuU,467,2.0,1.0
2026-08-01,dBIq9OH1mKY,12565,17.0,3.0
2026-08-01,kCMH5RBG4sY,6172,17.0,6.0
2026-08-01,PTMt8KqBAbg,534,2.0,0.0
2026-08-01,2u8sqfXgz3w,507,2.0,0.0
2026-08-01,gL2YuhSVckY,10570,18.0,8.0
2026-08-01,8mC6MpTzw-0,637,6.0,1.0
2026-08-01,taz-4l5gyBc,13714,28.0,1.0
2026-08-01,VLIxce5i9Zw,558,2.0,0.0
2026-08-01,gJkWvIKWVVM,4358,22.0,1.0
2026-08-01,cCF23yBF67Y,885,3.0,2.0
2026-08-01,WBd1fAMpWak,6393,23.0,1.0
2026-08-01,AFrsnqaukY4,2900,17.0,7.0
2026-08-01,xe5KcIYPank,6748,26.0,2.0
2026-08-01,e9bXkZNSDxk,3079,35.0,4.0
2026-08-01,JQskaZSn_Ac,999,7.0,4.0
2026-08-01,Sy1nCs9C9e4,1797,8.0,3.0
2026-08-01,mMtejQ5EQ9s,9424,36.0,7.0
2026-08-01,zsB8_5WYzQ0,20251,95.0,19.0
2026-08-01,qw4OgPf0Iq4,901,9.0,0.0
2026-08-01,GSCR9kpi24c,1192,2.0,0.0
2026-08-01,uusnkKLhgUc,1089,1.0,1.0
2026-08-01,P8gR_ErVT7M,995,8.0,0.0
2026-08-01,7ejjIODU4yE,7674,35.0,6.0
2026-08-01,u6u7wiynD1Y,11784,38.0,24.0
2026-08-01,Rp0GJjh7qV8,6778,17.0,2.0
2026-08-01,DDOqsNNgzmM,1811,12.0,1.0
2026-08-01,GDmRszC8Iyk,4946,14.0,3.0
2026-08-01,RZlENgHGAaE,1242,14.0,1.0
2026-08-01,mtLOVMKz_LY,8644,41.0,3.0
2026-08-01,T5fZh5oKSf8,1912,9.0,3.0
2026-08-01,-XB5JY0zNX0,6341,28.0,1.0
2026-08-01,zVKZheSnxGY,2718,10.0,1.0
2026-08-01,jJXF-JPprCs,1799,14.0,1.0
2026-08-01,VtLnbZbpCf4,16834,15.0,5.0
2026-08-01,sHMMqtESGO4,3380,17.0,11.0
2026-08-01,BJVY54gz0-k,8754,27.0,8.0
2026-08-01,_nj-HJdHJ9w,756,3.0,1.0
2026-08-01,cWe36vSePJI,10161,53.0,4.0
2026-08-01,P-TF2E5TfGs,1481,9.0,0.0
2026-08-01,6Ntkpw5tnuc,6595,31.0,5.0
2026-08-01,hvQBEICliDI,14911,93.0,9.0
2026-08-01,kjR259c35mU,28539,42.0,21.0
2026-08-01,xv2a0E1tlZI,2546,12.0,1.0
2026-08-01,C5GTmJfLBGQ,3315,34.0,4.0
2026-08-01,N6HebsiMNIM,4081,19.0,1.0
2026-08-01,QU4ANysrV4o,2553,9.0,1.0
2026-08-01,LZwONleWh_Q,2755,7.0,1.0
2026-08-01,Hup3AjpIj8U,737,9.0,0.0
2026-08-01,jXoCZcCy0jU,3351,21.0,0.0
2026-08-01,EelCQ57NMqc,5648,36.0,14.0
2026-08-01,foLn8_XZvqc,1633,12.0,0.0
2026-08-01,ppVjLChUV4A,2052,20.0,1.0
2026-08-01,ogZyy1MK6eM,681,6.0,1.0
2026-08-01,5wuTkNLA5HQ,6002,15.0,4.0
2026-08-01,TJwrf7_gIyw,4419,27.0,4.0
2026-08-01,-gc_DPdB6bk,2041,8.0,3.0
2026-08-01,wrRNyXSDG9g,1985,9.0,1.0
2026-08-01,eBMRL0ck0XI,19044,21.0,4.0
2026-08-01,nDYggUB_2Y8,63789,49.0,21.0
2026-08-01,aV9xuU47rnc,4394,15.0,1.0
2026-08-01,cHELHeM5qxs,1877,8.0,1.0
2026-08-01,LWN6_57JYMI,1703,8.0,1.0
2026-08-01,iJkPY4-rf34,2353,6.0,1.0
2026-08-01,WTOIaUJ8ET4,1927,2.0,1.0
2026-08-01,h6PFi1O3LuU,1317,2.0,0.0
2026-08-01,mkr092aEpHg,738,5.0,1.0
2026-08-01,0oaSWOvTYzY,1097,2.0,1.0
2026-08-01,Anw6GK8HBQg,1122,2.0,1.0
2026-08-01,FW9PIjzMPKU,941,0.0,0.0
2026-08-01,ZW8cWBuMJ6U,1503,2.0,0.0
2026-08-01,t2nfcMynW_s,1081,2.0,0.0
2026-08-01,w4ehW-xZpy8,751,5.0,0.0
2026-08-01,9gbm_Bs4r3k,1753,6.0,0.0
2026-08-01,sbI3HQ1C9bc,1593,5.0,1.0
2026-08-01,YlHGzUFp6mg,1917,11.0,2.0
2026-08-01,uvsmGGpW-zw,4524,33.0,2.0
2026-08-01,FbtiGeiCMs4,6219,38.0,6.0
2026-08-01,-trj8imc8CE,1545,5.0,2.0
2026-08-01,p6PDwb1Mf9U,1944,8.0,2.0
2026-08-01,xP0cNV2_9V4,3303,16.0,1.0
2026-08-01,C_OExN1-lsk,1430,4.0,0.0
2026-08-01,T9JzlnOWdCY,2683,13.0,2.0
2026-08-01,vlc3rB2_RY8,2772,11.0,1.0
2026-08-01,PDK6wF4dtTU,1700,7.0,1.0
2026-08-01,5DWrNp0uZcc,3560,12.0,1.0
2026-08-01,a_BAWa7j4Vw,3036,21.0,3.0
2026-08-01,WHm3QHs4doc,5457,21.0,4.0
2026-08-01,otHYz1YuPlE,71079,576.0,93.0
2026-08-01,DXY8x2y6ANg,2548,11.0,2.0
2026-08-01,IdbATO4E1sI,5228,14.0,5.0
2026-08-01,BjzALjrjywo,2045,11.0,3.0
2026-08-01,NsAFXLFQvPg,13851,44.0,7.0
2026-08-01,g8gye0fxpDE,10768,36.0,12.0
2026-08-01,XQ5R18HVdyk,4029,18.0,1.0
2026-08-01,KvaV4qc_gFY,2729,11.0,3.0
2026-08-01,5uiGWua6xF4,5157,20.0,2.0
2026-08-01,Bx8viFYAQeI,6736,25.0,5.0
2026-08-01,QRwj9yhmxq8,2912,9.0,1.0
2026-08-01,_ix-52jtVEs,6763,30.0,8.0
2026-08-01,ejBPLzGoxvc,26530,123.0,24.0
2026-08-01,TLUl_2yvVh8,28303,83.0,37.0
2026-08-01,JPJ4cbE9hYE,15704,21.0,2.0
2026-08-01,jvZs8XgOcBI,632,3.0,0.0
2026-08-01,-cxSL6D0Q3Q,39104,63.0,32.0
2026-08-01,TxmYq0CmEfo,799,2.0,1.0
2026-08-01,EkU-rzBqI_s,1707,6.0,0.0
2026-08-01,DH9N1MXDQuA,3305,10.0,3.0
2026-08-01,_Qh8-hgWllo,1500,0.0,0.0
2026-08-01,FW5UPVoFYFA,1012,5.0,1.0
2026-08-01,2JyFLFYrUa0,21456,50.0,25.0
2026-08-01,DT8QKHlcxKQ,2251,8.0,0.0
2026-08-01,LBSCIbSSIu4,4520,21.0,4.0
2026-08-01,skEGjyN6tSo,1400,9.0,0.0
2026-08-01,t398vfAUoFs,756,3.0,0.0
2026-08-01,yUXzpj8bnKA,5650,27.0,9.0
2026-08-01,bxKF2Ah6_v8,3825,3.0,2.0
2026-08-01,ZxNyKj3UAgU,7489,7.0,4.0
2026-08-01,sunzfAAWJXo,1272,3.0,1.0
2026-08-01,jhR0L5EE9c4,1276,0.0,1.0
2026-08-01,RFNGlEoYcHk,1137,1.0,2.0
2026-08-01,_w3iKMQijzo,585,0.0,2.0
2026-08-01,GPpFu9ttw5g,20206,36.0,8.0
2026-08-01,cCf5K_wXJtE,7557,26.0,8.0
2026-08-01,eIr9Lob_XZ0,2356,5.0,2.0
2026-08-01,fOJHD2JPjFY,1123,6.0,3.0
2026-08-01,p6lUFVXB9t4,841,3.0,1.0
2026-08-01,ZZRUgbW57Ec,2013,9.0,0.0
2026-08-01,biU15Hhw2vM,12958,40.0,32.0
2026-08-01,aWe1xNoCXQE,2122,6.0,1.0
2026-08-01,dPby51ubRXw,1991,4.0,0.0
2026-08-01,K49fywpugDg,2709,6.0,0.0
2026-08-01,cqKASYqXDlw,1586,5.0,1.0
2026-08-01,3PAw5zC7Ldg,22585,23.0,8.0
2026-08-01,3qMEZAa8h7E,17481,56.0,25.0
2026-08-01,ghqS9VHXhh4,1459,6.0,0.0
2026-08-01,hjYi8W8Hz70,1525,3.0,1.0
2026-08-01,5CNIrknZ50A,19243,36.0,7.0
2026-08-01,GCPy84-J8ts,1245,4.0,4.0
2026-08-01,Ku4vDGsmID0,1245,2.0,0.0
2026-08-01,w0i2hxLLqd0,1006,5.0,0.0
2026-08-01,I4KAiEF4Rcg,2057,21.0,16.0
2026-08-01,dQPNadhm7M4,17764,62.0,24.0
2026-08-01,2-sd5tVHzd8,34882,78.0,32.0
2026-08-01,llUr6yOdaQk,111912,274.0,94.0
2026-08-01,ywY2MBs9hos,83127,121.0,20.0
2026-08-01,6itPVHAMUJA,2450,7.0,1.0
2026-08-01,t6Ih032TAAU,1629,6.0,1.0
2026-08-01,Z8PetbI3gXE,2067,6.0,0.0
2026-08-01,gg4Npu_u-3U,2407,10.0,2.0
2026-08-01,X2SqYtNfo-w,7098,38.0,5.0
2026-08-01,nK768_du__0,1261,3.0,2.0
2026-08-01,aTe20j7TqFg,1376,4.0,0.0
2026-08-01,9ZBRO0KfGhM,1544,4.0,5.0
2026-08-01,ffnc_2A20vw,1167,3.0,1.0
2026-08-01,2jxTUmojoas,1228,5.0,5.0
2026-08-01,Xs8I6V415Sc,1178,3.0,2.0
2026-08-01,0O4HUZujpww,886,2.0,1.0
2026-08-01,8vvbMG719_w,5379,24.0,11.0
2026-08-01,Sat-2Ip_hqE,859,2.0,0.0
2026-08-01,kSbLQHMHceg,1366,4.0,0.0
2026-08-01,kVYTLqe89BQ,640,1.0,0.0
2026-08-01,YJdLexufkMM,3672,3.0,5.0
2026-08-01,yVzFY5kHz9s,15273,47.0,25.0
2026-08-01,e6_NIzkvIvQ,5682,15.0,8.0
2026-08-01,DL-4ABP4A_8,668,1.0,0.0
2026-08-01,6BF1DMFGL5M,1294,6.0,0.0
2026-08-01,azprAboy5mc,1012,4.0,0.0
2026-08-01,GVJPsXMJHv0,1460,7.0,5.0
2026-08-01,iiOLlsuv6W8,1438,10.0,1.0
2026-08-01,eSN1StghXsk,1482,7.0,1.0
2026-08-01,GKbHta9gTjg,1064,5.0,0.0
2026-08-01,yS5m6x2Nyf8,32382,54.0,19.0
2026-08-01,D3CizPsw2kU,5470,22.0,5.0
2026-08-01,T4C_01jeaqk,11847,70.0,17.0
2026-08-01,QckSQZqE6II,6326,29.0,18.0
2026-08-01,yP7xgvZkRNw,44328,59.0,17.0
2026-08-01,7MbCMbhlSCA,12740,22.0,6.0
2026-08-01,D0LB2o3okcI,10700,40.0,42.0
2026-08-01,hOZ1fld1Ieo,1375,1.0,2.0
2026-08-01,qWWQmDnKQcQ,8210,31.0,10.0
2026-08-01,GnubCDFSza8,1537,2.0,4.0
2026-08-01,V1m3v5p0OR8,860,4.0,0.0
2026-08-01,DK7l-XfM6iA,16041,28.0,10.0
2026-08-01,Y1OzuuoX2M4,1391,3.0,1.0
2026-08-01,_lq-uxKcRiY,892,4.0,0.0
2026-08-01,xrARG_dp6_k,1154,6.0,0.0
2026-08-01,w_4SSGKmy3s,872,7.0,4.0
2026-08-01,lsMriAgu1mc,727,5.0,1.0
2026-08-01,Z6tOJ2FekoE,993,1.0,0.0
2026-08-01,3r2WH2zdJ3U,633,5.0,0.0
2026-08-01,H6LWhyFrnD0,575,5.0,5.0
2026-08-01,nEsbLmv5w4c,33908,53.0,30.0
2026-08-01,zH82xjlYXSY,640,4.0,0.0
2026-08-01,hZ0RZ0dKI8w,1209,3.0,2.0
2026-08-01,2-o3n0hERx8,855,4.0,3.0
2026-08-01,0WDoyWF7ClM,1242,5.0,6.0
2026-08-01,IHRERdVOzXs,1000,8.0,4.0
2026-08-01,DvrLz-sU628,10207,32.0,20.0
2026-08-01,wrsDfIV9El0,1436,9.0,3.0
2026-08-01,qfeq3z9J2ZE,1848,9.0,7.0
2026-08-01,KSKo9oCfcRw,3269,24.0,6.0
2026-08-01,OpzFcGwpjJ8,13279,30.0,14.0
2026-08-01,AcWUe58L0Rw,4423,17.0,4.0
2026-08-01,gH1RpcLmkP0,5746,14.0,4.0
2026-08-01,5QoM-RP9Skw,18538,75.0,15.0
2026-08-01,-lyXfAVo840,7485,27.0,3.0
2026-08-01,2SoMTNTwIL0,71402,149.0,17.0
2026-08-01,dd1RO76XBdk,13861,24.0,7.0
2026-08-01,PPkvhFGO8Mk,11003,39.0,13.0
2026-08-01,A2qN_Auc8DE,100434,236.0,95.0
2026-08-01,V4fOFOj1P2M,147397,368.0,133.0
2026-08-01,g1LWpWk5Hjk,21712,72.0,16.0
2026-08-01,FkCvJv0Bx-Y,14679,16.0,9.0
2026-08-01,6QFM8eXWu34,15130,63.0,20.0
2026-08-01,9Kw433B380o,3652,12.0,2.0
2026-08-01,gqbHODsm1-c,5724,12.0,2.0
2026-08-01,_1J5fqmexsk,2119,12.0,1.0
2026-08-01,IUNmPEo_gDg,8314,22.0,1.0
2026-08-01,Y2nUw8La9sc,21895,83.0,29.0
2026-08-01,YBC6xkVGXv0,14343,24.0,0.0
2026-08-01,taTn_QO43MQ,13326,30.0,5.0
2026-08-01,eB6G99ED1gM,23304,65.0,5.0
2026-08-01,_OvCidUgZ00,27888,51.0,6.0
2026-08-01,kD6kCJBuMBQ,17801,65.0,7.0
2026-08-01,1H-j0c5ZHNE,34509,85.0,4.0
2026-08-01,2JjJn6GrF7Q,26667,32.0,4.0
2026-08-01,HnxpS9gN6M4,32060,70.0,14.0
2026-08-01,6jgxdk7ZsCQ,61016,72.0,19.0
2026-08-01,fzOlNau3gC0,9618,10.0,3.0
2026-08-01,BMUzzkKsyuo,4352,11.0,0.0
2026-08-01,K9MD5pXXISc,4874,7.0,0.0
2026-08-01,WgY8uTKmnr0,47410,72.0,9.0
2026-08-01,Jrww7EGqi5I,10337,9.0,5.0
2026-08-01,LX1noW6zmuU,75160,110.0,28.0
2026-08-01,_BOeeqgWUts,23476,23.0,2.0
2026-08-01,yGenWUxe1-c,72390,111.0,19.0
2026-08-01,rmZpbNJvcbk,10974,46.0,13.0
2026-08-01,Q-EOOpqYM2Y,24176,26.0,1.0
2026-08-01,4TDAXPM-ulY,7694,86.0,8.0
2026-08-01,e07mSDFWyjQ,12528,56.0,14.0
2026-08-01,tY6NMvXCPOc,1591,1.0,1.0
2026-08-01,F4P07_I3U3Q,1766,1.0,1.0
2026-08-01,No-RHot-6QA,948,1.0,2.0
2026-08-01,CHk7DB3jBbU,3347,3.0,2.0
2026-08-01,bXc-ZeQfIt0,2231,4.0,1.0
2026-08-01,cxstWzmDawE,1070,3.0,1.0
2026-08-01,rMtPCCoBj4k,2898,4.0,3.0
2026-08-01,vwp84wBrS5w,5910,12.0,1.0
2026-08-01,R_DTyYG0Trc,969,2.0,2.0
2026-08-01,5qQpnSMhs_w,986,1.0,1.0
2026-08-01,8PF1SjbDTpY,873,1.0,0.0
2026-08-01,yt00OZRocOg,842,1.0,3.0
2026-08-01,f9_ozzNKu3Q,934,0.0,0.0
2026-08-01,UYqEII7SKNI,1014,0.0,2.0
2026-08-01,VyMPjqFsY2s,1115,1.0,0.0
2026-08-01,55RnSdCO9xc,908,0.0,0.0
2026-08-01,O5ghvXgm_Kg,929,2.0,1.0
2026-08-01,Aj_l9JjA88s,504,0.0,0.0
2026-08-01,2Q3Ypot72dU,626,0.0,3.0
2026-08-01,Ep__XCrZqpw,721,0.0,0.0
2026-08-01,bZKPNlrDEJA,589,0.0,0.0
2026-08-01,4P9JCfgq95Q,2191,3.0,2.0
2026-08-01,JPtrouBRVmE,878,1.0,0.0
2026-08-01,wsrbyGn-Ry4,889,2.0,0.0
2026-08-01,JFftqCsysLo,40714,29.0,4.0
2026-08-01,ckqd7ZgikEI,4314,9.0,3.0
2026-08-01,2AoEHPBtXPo,3807,16.0,11.0
2026-08-01,mBG8qFP11rY,7594,30.0,8.0
2026-08-01,XVlLmhbwnDU,2,9.0,0.0
2026-08-01,HcrLty70HL4,1498,9.0,0.0
2026-08-01,bZmkstIMbss,1498,2.0,2.0
2026-08-01,d0PJIt3Id6Q,2771,7.0,3.0
2026-08-01,sulYg17Eay0,908,5.0,0.0
2026-08-01,duy1bcYiPSo,201143,1128.0,144.0
2026-08-01,liJkX1oHj-k,20783,109.0,8.0
2026-08-01,1-vwTK2EyUk,8614,53.0,11.0
2026-08-01,4vrAcF2FaDs,2953,12.0,0.0
2026-08-01,qRkBuxA_hEE,1927,5.0,1.0
2026-08-01,rPSa_3wmeT0,1194,6.0,0.0
2026-08-01,1P6T6ED80wg,1081,7.0,0.0
2026-08-01,jIslK0JsyeA,954,9.0,0.0
2026-08-01,cZMx0m8NoKc,2088,7.0,0.0
2026-08-01,mgDLO9kpSks,5153,55.0,4.0
2026-08-01,AA3gmDOTANE,6643,53.0,12.0
2026-08-01,T_6lGXMg3yE,1661,8.0,1.0
2026-08-01,x7ud-hjTL_g,2142,12.0,2.0
2026-08-01,OINUsiDaRek,1342,5.0,0.0
2026-08-01,RzVt3R58fMM,7232,39.0,6.0
2026-08-01,tQSsxqhZHz0,2784,26.0,1.0
2026-08-01,4SEr0i7Glkw,1331,5.0,0.0
2026-08-01,Y6drPkmWqGg,4181,19.0,3.0
2026-08-01,F_S3orPbSxc,5909,24.0,5.0
2026-08-01,fVx5JWZnlQE,4385,14.0,4.0
2026-08-01,2VaO67C14BY,15894,49.0,15.0
2026-08-01,lGYf0aIiYRE,9393,30.0,12.0
2026-08-01,ikfbzoQdXWc,96528,187.0,36.0
2026-08-01,cwdbnPjNFqo,13992,18.0,5.0
2026-08-01,ylrQj5oUMAo,8266,103.0,30.0
2026-08-01,1ysOsxbNV44,6889,15.0,2.0
2026-08-01,agzV8lR59DY,4605,21.0,1.0
2026-08-01,-j1Hb1kTfLw,3741,10.0,0.0
2026-08-01,5mE0nyfVZHs,4125,11.0,1.0
2026-08-01,n8ktXMOzhkw,4039,10.0,2.0
2026-08-01,miBTlphlwWY,7022,29.0,2.0
2026-08-01,R4o9_2bUZzU,4806,10.0,1.0
2026-08-01,u93RPO49noo,4118,5.0,3.0
2026-08-01,wnc6Czh9NNk,32269,133.0,19.0
2026-08-01,gRjahafwLKA,51334,202.0,39.0
2026-08-01,1aO8XgobVec,31971,104.0,30.0
2026-08-01,6G_v10PDlq8,26861,107.0,13.0
2026-08-01,pMdQ4a5tca0,47553,243.0,25.0
2026-08-01,FOhytM9gQrw,5816,14.0,3.0
2026-08-01,vAWlFJFbn_k,4143,11.0,6.0
2026-08-01,GQLEI6YoYBA,6556,75.0,7.0
2026-08-01,MRoHRNbKB0Q,10582,65.0,23.0
2026-08-01,DuXwrgBpGC0,4789,63.0,10.0
2026-08-01,t-MhEEcEimg,10093,18.0,9.0
2026-08-01,4UcW9P0-Kd4,16321,103.0,15.0
2026-08-01,AR4_VMIlGvQ,18859,62.0,9.0
2026-08-01,cJnlBYhtR4E,33642,174.0,24.0
2026-08-01,rM3qGLbDrbg,25582,115.0,62.0
2026-08-01,t7E1HHnCOrE,21044,103.0,13.0
2026-08-01,9ccsYi3uupg,4128,16.0,5.0
2026-08-01,mDYn9u9oLHQ,11653,93.0,18.0
2026-08-01,OqvBRpf0K6c,4359,33.0,7.0
2026-08-01,RJV-4MIBWGY,66717,590.0,149.0
2026-08-01,_cIc5E4amOw,3693,13.0,10.0
2026-08-01,bN6lKmCEi9c,63065,603.0,135.0
2026-08-01,-cQUeFRpnYU,14980,63.0,34.0
2026-08-01,hD7r0Bt2iaI,26969,353.0,36.0
2026-08-01,YcPPSgg3C5g,5635,30.0,10.0
2026-08-01,pTQ63hjWC1I,10858,99.0,42.0
2026-08-01,hJ172_gLR1k,5954,21.0,12.0
2026-08-01,Z1EmQDH49YU,21796,75.0,24.0
2026-08-01,j4VqKVoETwc,10432,31.0,6.0
2026-08-01,x0ZY_OwOBOo,11481,40.0,18.0
2026-08-01,cn6T978hfwU,15987,84.0,42.0
2026-08-01,PYEcVnbxSAM,18346,56.0,32.0
2026-08-01,-tkBT10f_y4,15442,33.0,13.0
2026-08-01,csPVONsbZMs,3901,40.0,11.0
2026-08-01,QI5YTQiQsWU,887,9.0,1.0
2026-08-01,SdO-qOPSdMo,522,6.0,0.0
2026-08-01,_jxwrZNw6go,476,5.0,0.0
2026-08-01,_-du9V4D4A8,17454,55.0,24.0
2026-08-01,Fd5XJllAt8k,21206,78.0,51.0
2026-08-01,7APqOjccrCE,9610,71.0,19.0
2026-08-01,HQ8jB8BCTG0,6839,23.0,10.0
2026-08-01,VGTXOTb-HdM,7289,31.0,9.0
2026-08-01,qn6EYTf7CgM,32537,102.0,50.0
2026-08-01,KIgjpfw83Ww,19123,62.0,40.0
2026-08-01,_naeGhqgCNA,54024,150.0,78.0
2026-08-01,1d2Y0eljeko,3719,10.0,2.0
2026-08-01,EohjZ_51EtU,1271,5.0,0.0
2026-08-01,QiIs-J36O8U,2559,11.0,2.0
2026-08-01,F4NFxkTUgOw,4047,12.0,5.0
2026-08-01,Peb3HYvkOeo,2182,10.0,5.0
2026-08-01,AFEtFXzC0f8,3406,18.0,3.0
2026-08-01,obXwspjNoSQ,7532,29.0,6.0
2026-08-01,vdhkwLx4_fs,1618,5.0,3.0
2026-08-01,Q52s3CIcPrc,3392,6.0,10.0
2026-08-01,8sGAHc9Lb4o,3416,45.0,10.0
2026-08-01,hY-onuivHGE,6793,35.0,10.0
2026-08-01,umxcxg3rzTg,5608,11.0,3.0
2026-08-01,PFgq8zovNyQ,4374,20.0,4.0
2026-08-01,U4S6vRJlCUI,3070,15.0,1.0
2026-08-01,xDnHPYF-Mu4,3357,5.0,2.0
2026-08-01,yk0-i7k2blk,6038,16.0,10.0
2026-08-01,_0EyEhTCPio,2612,2.0,2.0
2026-08-01,pwtPnNJRrjI,2191,2.0,3.0
2026-08-01,3pv3A2RB2g4,3086,2.0,2.0
2026-08-01,S5Cn4xUV0oM,3284,2.0,1.0
2026-08-01,ehRta6hg9zM,4210,7.0,0.0
2026-08-01,5mA2zrvprHI,520,3.0,0.0
2026-08-01,fDmhXUlNxl8,504,5.0,0.0
2026-08-01,hWUxMxuHZ8A,292,6.0,1.0
2026-08-01,3Qfm5uiqfF0,368,5.0,0.0
2026-08-01,luIQ5tuqN1Y,337,0.0,1.0
2026-08-01,vtp-bQ90jmk,553,8.0,0.0
2026-08-01,gGyzpRxFZ0I,426,4.0,1.0
2026-08-01,N5a2koTTxDg,750,5.0,0.0
2026-08-01,eLNwcaTqjqM,1048,15.0,2.0
2026-08-01,pDiRAOphKhU,6066,11.0,3.0
2026-08-01,sFTf03aCOcc,10451,20.0,4.0
2026-08-01,h5OSd1_NIFU,3384,11.0,5.0
2026-08-01,3ZlejyX3W38,3578,16.0,16.0
2026-08-01,YM5uuzyg5_s,1649,7.0,3.0
2026-08-01,ezT0ReTLysA,3098,23.0,9.0
2026-08-01,UvmoaZIQSUw,10718,65.0,27.0
2026-08-01,1dNhqpjVsrU,3425,16.0,3.0
2026-08-01,SiBXkBUZWZY,2751,6.0,5.0
2026-08-01,I4w2HwKhj78,7362,30.0,8.0
2026-08-01,-eDzdhYh5SM,1009,7.0,2.0
2026-08-01,0CihuyGc2I8,2685,9.0,3.0
2026-08-01,Vd_0NpyCzgQ,54012,101.0,27.0
2026-08-01,YVgSdu_51c4,23888,86.0,22.0
2026-08-01,mdAgcDDFWrs,9983,34.0,13.0
2026-08-01,_z81-RByRzM,7532,22.0,4.0
2026-08-01,7fOGAh3AbHM,4959,12.0,4.0
2026-08-01,wlRsj-QnCAM,7156,19.0,5.0
2026-08-01,F_mTGK77m7s,2285,9.0,1.0
2026-08-01,Ghq9M9urMEY,7017,18.0,12.0
2026-08-01,x9HaR8OslqE,11825,33.0,8.0
2026-08-01,kb8hybpnwSI,2825,3.0,4.0
2026-08-01,2c8xiBLBiuI,2777,2.0,1.0
2026-08-01,9uP_yYdTG-4,12266,28.0,23.0
2026-08-01,oC--enBG5ss,1743,5.0,3.0
2026-08-01,ppUqJkBoOSY,7416,8.0,10.0
2026-08-01,2AK014olaNs,9364,49.0,19.0
2026-08-01,93B86z1FO9E,8009,22.0,9.0
2026-08-01,9t-YFrBnAhw,1475,1.0,1.0
2026-08-01,cbcjkVSm1ss,2553,5.0,4.0
2026-08-01,y27rK5T1FmQ,2324,5.0,1.0
2026-08-01,wZF4ETeCjJk,9612,,10.0
2026-08-01,T9SUIUXNzvM,3457,9.0,4.0
2026-08-01,cXGszpik5LU,10318,34.0,7.0
2026-08-01,-yoz9B4ol6s,6235,18.0,9.0
2026-08-01,H9LnpFp29fE,2060,6.0,0.0
2026-08-01,jnOVYFmIhaI,2966,5.0,1.0
2026-08-01,PUP04Y-m1eQ,3262,6.0,2.0
2026-08-01,yYjceQ0JhmI,6327,15.0,15.0
2026-08-01,sgFCkmA3HPY,4415,10.0,9.0
2026-08-01,zDe2rgqw49k,3236,7.0,4.0
2026-08-01,AugERc48Llw,14930,24.0,14.0
2026-08-01,e2v_xL4P95g,7889,32.0,5.0
2026-08-01,UAk_AcqfOmg,7965,22.0,7.0
2026-08-01,5g_yUu_k-9g,3137,4.0,2.0
2026-08-01,zfTABRccHHg,6555,18.0,6.0
2026-08-01,HABCLyxHCqI,7779,35.0,7.0
2026-08-01,KLTBAN3Epw8,6840,23.0,9.0
2026-08-01,xhZvn3lB2Us,16859,41.0,17.0
2026-08-01,ypw6FKU8xig,11788,27.0,28.0
2026-08-01,eGhtPeYpj44,10162,34.0,9.0
2026-08-01,lkfQJP-bYNM,8121,16.0,9.0
2026-08-01,dI2CjTfoRyc,3202,5.0,0.0
2026-08-01,m5vtd08j9AI,3666,9.0,1.0
2026-08-01,w96rZVaGE1s,14273,20.0,19.0
2026-08-01,cCRxXrAcEjE,8226,21.0,17.0
2026-08-01,Tfv_1GifhgE,8931,23.0,7.0
2026-08-01,VO1Lp903B6U,9860,14.0,6.0
2026-08-01,g-Ro-n93hso,30360,79.0,31.0
2026-08-01,exKGTaXHLO8,9688,41.0,25.0
2026-08-01,Fj3lZp5JEbA,125713,339.0,110.0
2026-08-01,x6dJ1IfZM6Q,12486,16.0,7.0
2026-08-01,R5eymu_HqO8,7591,17.0,4.0
2026-08-01,N_p8eToFNWk,12132,26.0,14.0
2026-08-01,V61jr8eLDBM,622529,4014.0,996.0
2026-08-01,SNXgc4HV9HE,10576,60.0,15.0
2026-08-01,Swn8_Lh50bU,5059,4.0,2.0
2026-08-01,hscIbFuLK28,4893,2.0,0.0
2026-08-01,fgt-PpZ5Iis,6683,8.0,4.0
2026-08-01,qIE--6nPbJI,3492,6.0,0.0
2026-08-01,RJfitAL3VDk,8390,13.0,7.0
2026-08-01,IZHstG0Td0M,3711,4.0,0.0
2026-08-01,xOvvpV_T6eI,26997,52.0,23.0
2026-08-01,MnxmItS7gmQ,24274,177.0,47.0
2026-08-01,BtlNIMe-sVo,42018,237.0,49.0
2026-08-01,jBQ_CyZ6VzU,19227,58.0,15.0
2026-08-01,BQBdJWFBWc4,10866,15.0,9.0
2026-08-01,ww3HN3g4XIo,15388,33.0,13.0
2026-08-01,sZDNWqDIM2Q,13204,30.0,6.0
2026-08-01,Y2Bt3XNk-yQ,8207,7.0,1.0
2026-08-01,if-wkzz8qk4,12862,19.0,11.0
2026-08-01,Yg5wcWjxK1M,5383,15.0,0.0
2026-08-01,V8Ht36GYV8s,5517,4.0,1.0
2026-08-01,Su-SN5v27hQ,21357,86.0,12.0
2026-08-01,hz5_W-pZH4c,5184,13.0,3.0
2026-08-01,stwdP7wPx1E,4670,4.0,1.0
2026-08-01,llweDdDTX7o,6323,12.0,5.0
2026-08-01,TONyUwW8btY,5368,12.0,4.0
2026-08-01,f5ZkvWgTfh4,11333,20.0,6.0
2026-08-01,7DvGuXRrjgE,16444,54.0,17.0
2026-08-01,q9t13SCMm2Y,8020,33.0,31.0
2026-08-01,OL2YJrfPq2Q,7401,10.0,4.0
2026-08-01,T3RoPQk1jTQ,39948,74.0,25.0
2026-08-01,NZ1EQKUHB78,12852,38.0,2.0
2026-08-01,p-1XNJ2hICQ,15432,44.0,14.0
2026-08-01,s_TcuBGFp7w,59074,118.0,26.0
2026-08-01,Fl5N0fbY9dQ,21990,49.0,12.0
2026-08-01,2IXCQ100K48,58358,198.0,20.0
2026-08-01,U56vXM_G2Dc,82795,220.0,34.0
2026-08-01,V4RziHigpgQ,6603,25.0,8.0
2026-08-01,vFLMeUeFGB4,11684,18.0,13.0
2026-08-01,7gl9Fufgv2g,87731,251.0,83.0
2026-08-01,EYkdD5E_DOU,91944,278.0,86.0
2026-08-01,-3ht_8QpoQ8,32877,200.0,77.0
2026-08-01,CifF7Y4mdgs,11147,21.0,9.0
2026-08-01,LC6jwXD0EYg,14453,24.0,15.0
2026-08-01,X0vo4weBRoU,281261,3623.0,417.0
2026-08-01,_375NPGTfO8,8700,24.0,16.0
2026-08-01,n7tb2o5IJqw,17125,147.0,16.0
2026-08-01,nP8hAB6cgRE,142575,502.0,59.0
2026-08-01,vYtYqMmBT9s,23412,85.0,20.0
2026-08-01,FVUtH_icRi0,14503,31.0,16.0
2026-08-01,ouNpQhcRLIA,35948,45.0,20.0
2026-08-01,7ui8R_fm9UQ,142734,496.0,70.0
2026-08-01,t8yq0PQbovI,61728,115.0,28.0
2026-08-01,nSSD_i1Abc8,11235,63.0,24.0
2026-08-01,tdNz5Fwhd74,80534,119.0,34.0
2026-08-01,wnMcxedZyis,9554,21.0,3.0
2026-08-01,IPco3RbIwFw,20358,79.0,16.0
2026-08-01,lfmFvpERs9E,195764,796.0,70.0
2026-08-01,1xDNZ9XDkPc,20107,12.0,13.0
2026-08-01,S0h_e5sN19I,18504,33.0,12.0
2026-08-01,QQy0vEmvMbQ,17059,12.0,2.0
2026-08-01,1bDek4lZg_c,19696,82.0,40.0
2026-08-01,ctkUImGnmGg,220006,1218.0,140.0
2026-08-01,_gRqrOI5xwU,150145,185.0,139.0
2026-08-01,zGzWHZPsTl8,9345,17.0,20.0
2026-08-01,zQoLZRZvGGs,34130,64.0,29.0
2026-08-01,0b9uOmnZtUU,11302,14.0,11.0
2026-08-01,nzGsMgK75_M,11231,22.0,15.0
2026-08-01,_ij1Bd0txvk,18659,26.0,9.0
2026-08-01,9fbFE4pvpO8,41812,54.0,43.0
2026-08-01,dhFSnId_5VM,3998,11.0,6.0
2026-08-01,nQtlwCPq9Og,137867,908.0,142.0
2026-08-01,jDL7jaIt2w0,5063,6.0,4.0
2026-08-01,OoOT6zwwsGI,9055,16.0,16.0
2026-08-01,pQWORPQawcA,6586,16.0,12.0
2026-08-01,sI9Zj4flqaE,65744,125.0,35.0
2026-08-01,ghY1wW40dbk,6171,12.0,13.0
2026-08-01,fd0mmu2S6wQ,54091,68.0,26.0
2026-08-01,livHlEjA8LY,47697,65.0,24.0
2026-08-01,5VHWeTn6o0w,7501,49.0,10.0
2026-08-01,cFIkNP_qzYM,141816,314.0,67.0
2026-08-01,rNwm6wz_EzE,8692,11.0,8.0
2026-08-01,FKYgSPRmufk,3489,5.0,1.0
2026-08-01,uMmkRePgPDY,11992,23.0,11.0
2026-08-01,5t8Z-h3wt-4,47976,67.0,28.0
2026-08-01,kcVfKD5xwEI,7350,11.0,10.0
2026-08-01,s9by-Qsu5KI,7913,12.0,9.0
2026-08-01,D8lS59xEg_g,7568,12.0,11.0
2026-08-01,nrQIoHEKVCk,13083,14.0,14.0
2026-08-01,j9jF7u0_WIY,8264,13.0,9.0
2026-08-01,wzrgG5RhcfQ,11667,19.0,13.0
2026-08-01,pjmXauK_2Qw,34041,29.0,12.0
2026-08-01,I2TJvOBmRNE,18975,22.0,11.0
2026-08-01,UCe0AXCnVaM,4569,6.0,5.0
2026-08-01,MAFOgLN1b-Q,2664,8.0,2.0
2026-08-01,0gxPfm-ULz8,3979,8.0,1.0
2026-08-01,pBHanSTUdWg,3935,4.0,3.0
2026-08-01,G_7dH9sC92k,3771,7.0,6.0
2026-08-01,yQa_KqDAB5E,4013,22.0,6.0
2026-08-01,9mmrtZ0Y1cY,143310,277.0,67.0
2026-08-01,KnWNXlOGxGo,9181,11.0,6.0
2026-08-01,upD9VNWm9L4,10623,10.0,10.0
2026-08-01,kt2G2Ms9tZM,5514,7.0,10.0
2026-08-01,ZLmIeZSdKmA,34716,55.0,27.0
2026-08-01,oD-nIH_nKMs,8827,28.0,13.0
2026-08-01,kQL3y4Ed-sU,8474,21.0,14.0
2026-08-01,9IRSXUBTeG0,8692,17.0,7.0
2026-08-01,C8OUaHBUl18,28316,78.0,33.0
2026-08-01,ICOvhgPsnqk,4252,7.0,3.0
2026-08-01,JOpLs-HaI4E,2950,3.0,2.0
2026-08-01,GEVRSvDyPbA,9695,10.0,6.0
2026-08-01,OPQhj4g9Kns,5057,6.0,0.0
2026-08-01,Y3DZWfc0cuU,11072,36.0,29.0
2026-08-01,0JdzN__6Gcs,3198,2.0,1.0
2026-08-01,w7iaMHG_swQ,4336,4.0,6.0
2026-08-01,q-c2tYCtEeY,3311,6.0,0.0
2026-08-01,tnhFgUVv2OU,5341,9.0,6.0
2026-08-01,h_mTgG_Vq5s,3297,2.0,4.0
2026-08-01,_9INFfsbpSM,4342,2.0,0.0
2026-08-01,T7r7jdTMMno,4123,4.0,3.0
2026-08-01,DBuLCE2JNDU,3938,2.0,0.0
2026-08-01,7ZGim62t1M8,1696,2.0,3.0
2026-08-01,SRNzur5qW84,217844,257.0,47.0
2026-08-01,VvMtHFq700s,1316,13.0,7.0
2026-08-01,Lg3Bz_KyVu0,27552,48.0,12.0
2026-08-01,qgpGhnaVBkU,5792,9.0,5.0
2026-08-01,Hnl1RqZ5MTw,3039,1.0,9.0
2026-08-01,JfaHt6kkIm0,2560,7.0,9.0
2026-08-01,a5ykIs_D-PM,6407,31.0,15.0
2026-08-01,CtzHgpzy1zQ,2587,7.0,4.0
2026-08-01,DngWqsukF3M,15318,106.0,37.0
2026-08-01,Si9NiRVrXOk,2455,4.0,4.0
2026-08-01,soTtT8zK4TY,1352,2.0,5.0
2026-08-01,9Y5JodjjbJI,4537,6.0,4.0
2026-08-01,vq-E2LheceY,1410,2.0,7.0
2026-08-01,pWI9N-skiuE,4245,6.0,4.0
2026-08-01,RpMKtZDEOrY,1935,2.0,2.0
2026-08-01,IWMY9Og19c0,2640,3.0,1.0
2026-08-01,JrEWJwkZUZI,2635,3.0,2.0
2026-08-01,hX0Lz0LWCdY,4417,6.0,1.0
2026-08-01,HedQmzkKQyg,11860,21.0,2.0
2026-08-01,5wYrNgxoieA,3140,2.0,3.0
2026-08-01,Py6xz42GiVc,4396,9.0,0.0
2026-08-01,L0NUy_SlFCY,2536,3.0,1.0
2026-08-01,4vgIQzl1qN0,1989,1.0,5.0
2026-08-01,yfv2zymOEQE,4517,4.0,8.0
2026-08-01,ScxMJrgy2ro,29340,85.0,40.0
2026-08-01,IYnBgrFqMEM,4773,8.0,6.0
2026-08-01,dIxGXeLFFew,10742,10.0,10.0
2026-08-01,ZaQsWc7r5is,58594,135.0,30.0
2026-08-01,CbdP29vtArg,19505,58.0,18.0
2026-08-01,QAGzn3Q9ejA,85871,162.0,40.0
2026-08-01,x6XTd5asck4,53562,52.0,7.0
2026-08-01,rdexQEa8P94,3275,4.0,5.0
2026-08-01,j5kkT9Rqyxo,3030,3.0,3.0
2026-08-01,dquxyDkQ_EQ,4862,7.0,4.0
2026-08-01,q5k_htRU_wQ,9746,16.0,7.0
2026-08-01,l1AgEOmcygM,10809,14.0,9.0
2026-08-01,DpuzzrhHep0,43354,89.0,36.0
2026-08-01,mJnVfDqpNqA,12409,21.0,12.0
2026-08-01,_Fs3cOPGoBo,3324,3.0,0.0
2026-08-01,ycyKiKcR-gU,3243,3.0,1.0
2026-08-01,jS0Xpuw4c7A,4608,7.0,4.0
2026-08-01,g2tRUhBjMJ4,2066,4.0,1.0
2026-08-01,hkKnvYlAbS8,3996,2.0,2.0
2026-08-01,sV_b_IYS-PY,3637,1.0,2.0
2026-08-01,cwlvD77q6Zw,4756,3.0,5.0
2026-08-01,i2Zq9MZMIFY,4683,4.0,7.0
2026-08-01,3IZYKL-CTDM,65160,157.0,53.0
2026-08-01,WUf0jPHRgtw,2734,5.0,3.0
2026-08-01,pIOGAq5E1qY,11270,10.0,7.0
2026-08-01,u36E9fbWevE,6973,5.0,3.0
2026-08-01,-RZl-ZfIBFQ,2312,4.0,5.0
2026-08-01,opLvpF8u5_I,2744,0.0,4.0
2026-08-01,a5LjP8BKJes,3545,2.0,2.0
2026-08-01,eC8dM24WSUY,4210,5.0,7.0
2026-08-01,pioI8tt8EoA,10704,8.0,7.0
2026-08-01,5017Sh9-OKs,2846,1.0,3.0
2026-08-01,dv65JIi32fg,1664,1.0,1.0
2026-08-01,auLdwCPE-OM,4426,8.0,6.0
2026-08-01,AFBj8PmcuN0,2155,3.0,1.0
2026-08-01,EHI3tSSN7dc,2438,2.0,6.0
2026-08-01,DWr855P1i1A,4519,12.0,2.0
2026-08-01,-c0hPNk_Y-I,2209,4.0,3.0
2026-08-01,j8CXhphXPaA,2638,10.0,0.0
2026-08-01,q9TNMZZRCZw,2825,5.0,6.0
2026-08-01,kZQwF3VSFI8,2827,3.0,1.0
2026-08-01,aehXt0KqSbM,2063,4.0,0.0
2026-08-01,rE2-7bk5KhQ,2414,8.0,3.0
2026-08-01,vhc4gVwJi14,2788,5.0,1.0
2026-08-01,uR6-BAdUSfU,3268,13.0,0.0
2026-08-01,eiEwQNfC_RE,5207,4.0,8.0
2026-08-01,Ys3C0kwUXC0,2905,2.0,2.0
2026-08-01,XotoigyuxZQ,2952,7.0,3.0
2026-08-01,HtFX_bDK5yk,4608,3.0,1.0
2026-08-01,tw3MxSOfpGQ,4159,11.0,0.0
2026-08-01,H_TWHCfg_mA,10850,10.0,3.0
2026-08-01,LPjhMlcZrh4,13051,14.0,2.0
2026-08-01,gJZzIvgaerM,3129,7.0,2.0
2026-08-01,zg_QYnrrPj4,2844,7.0,0.0
2026-08-01,lUQXVxHy8Eg,2682,4.0,3.0
2026-08-01,kGLhUyodZRo,2961,2.0,0.0
2026-08-01,1C_2LS1Szqk,4202,3.0,0.0
2026-08-01,jtfcIFZWD5k,2158,2.0,2.0
2026-08-01,hydvJzZfDS0,1953,4.0,3.0
2026-08-01,Deqr6q5YWbk,2888,5.0,2.0
2026-08-01,io_PyddpcxE,2307,2.0,2.0
2026-08-01,ZmWLAjuMPOQ,2401,3.0,2.0
2026-08-01,usC1DEoFWMo,1853,1.0,2.0
2026-08-01,xqMv7nfT-LI,1997,3.0,2.0
2026-08-01,HwzS3STeC00,3925,5.0,1.0
2026-08-01,Atwjj3UFGzI,12855,8.0,22.0
2026-08-01,fd9xWojxzMo,12670,13.0,1.0
2026-08-01,BQ0-HtVr_pM,16654,20.0,8.0
2026-08-01,UQLm1lizlnk,51051,70.0,17.0
2026-08-01,UlLvSE3iQgQ,4357,2.0,2.0
2026-08-01,R90VEf9oSeQ,4165,6.0,3.0
2026-08-01,BiZGQ1oaRx8,3264,3.0,2.0
2026-08-01,NA-qELak_9g,1970,5.0,1.0
2026-08-01,G0E1Q6qkrj0,4708,5.0,1.0
2026-08-01,GNU2CYFGuDI,2183,4.0,4.0
2026-08-01,fbdXnQHZt6I,1991,4.0,1.0
2026-08-01,YUXedZTb-Tw,3057,5.0,3.0
2026-08-01,FKW6QY2QXpk,47550,69.0,17.0
2026-08-01,4kVn4bqT880,2261,2.0,2.0
2026-08-01,gLnN38dXJIQ,1796,1.0,1.0
2026-08-01,yGYNajmH8Mw,2851,4.0,2.0
2026-08-01,vK29cIH4oJQ,3348,7.0,0.0
2026-08-01,RJxa6ZYcum4,3296,9.0,2.0
2026-08-01,5R3-KexF7Xg,4353,4.0,1.0
2026-08-01,EOTy4QSTLE4,6457,7.0,2.0
2026-08-01,LMpGL_gA_mg,5535,6.0,4.0
2026-08-01,YqmKgqB9Bb4,2042,4.0,0.0
2026-08-01,Nu42qyjgIHM,1781,3.0,5.0
2026-08-01,RCuEGvhwnbg,1952,3.0,0.0
2026-08-01,vX931V7wUvQ,2124,3.0,0.0
2026-08-01,dX25FTPL_98,2190,2.0,1.0
2026-08-01,TEAGC9fqeRY,2041,1.0,1.0
2026-08-01,4gYHX6hFK_w,2110,2.0,0.0
2026-08-01,Z4PlHBEj7Ko,2690,4.0,1.0
2026-08-01,EjMTYAL0Kfk,2861,6.0,1.0
2026-08-01,QrDgV3r5Z_4,3599,4.0,5.0
2026-08-01,dcUyqnc42sI,3621,2.0,3.0
2026-08-01,mF3z5Mf_XU8,3222,7.0,1.0
2026-08-01,L0P-ae1jXLw,3382,5.0,2.0
2026-08-01,7yR0Ni7tE9M,3922,2.0,4.0
2026-08-01,ewhIQSKXNFY,4073,6.0,2.0
2026-08-01,-S6c1DXsBw0,5588,8.0,0.0
2026-08-01,Xsl6RRwTgC0,5184,5.0,3.0
2026-08-01,xsxv8ow3slE,6119,4.0,0.0
2026-08-01,DNsjQaRjM90,4792,3.0,8.0
2026-08-01,PQuvA1JdRQA,2590,6.0,3.0
2026-08-01,0btJHrj0NaE,2417,3.0,0.0
2026-08-01,iTTuH4NFAks,3019,0.0,3.0
2026-08-01,Bqb7USFcDEQ,3753,2.0,2.0
2026-08-01,OgK-gIAkPMM,2487,1.0,0.0
2026-08-01,V0L0rley3ZA,2727,3.0,3.0
2026-08-01,YFsxMZmxLZk,2598,1.0,3.0
2026-08-01,C5p8SuuJ7tM,3019,3.0,0.0
2026-08-01,Wz_5wOYfpUo,4262,4.0,3.0
2026-08-01,rB6kU6xwFyw,3281,5.0,8.0
2026-08-01,e3_sYJ1BDus,2732,0.0,2.0
2026-08-01,UxgRbEn1UNA,2793,2.0,1.0
2026-08-01,4Q-mIds9Nck,3920,3.0,9.0
2026-08-01,96aw-FLLwq4,2695,2.0,0.0
2026-08-01,wPI6dPXzzLE,3020,2.0,1.0
2026-08-01,OgGuGun_fu4,3451,3.0,1.0
2026-08-01,2A-j5A4u9c4,15498,15.0,9.0
2026-08-01,aPEvMAHhc6Y,19673,7.0,4.0
2026-08-01,kgJf0yT7Mew,170527,195.0,84.0
2026-08-01,5IrzGeP-sf8,3194,4.0,1.0
2026-08-01,poLpF9aY6kM,2941,3.0,0.0
2026-08-01,a1AfNzavoQU,3940,2.0,2.0
2026-08-01,lPhg9jE_zhE,5547,2.0,4.0
2026-08-01,IN8j_4y8YC4,5769,2.0,6.0
2026-08-01,S9jw909KsFI,5533,0.0,1.0
2026-08-01,lPriGU-1UH0,4622,3.0,2.0
2026-08-01,w9wf2xolYZs,10093,10.0,3.0
2026-08-01,PCeedZ5DzMk,8967,4.0,3.0
2026-08-01,Dta-RfQ1GXM,9049,10.0,4.0
2026-08-01,FRHBY1ZZ2cU,9552,60.0,20.0
2026-08-01,i793EixvCnk,6681,3.0,9.0
2026-08-01,8fl3oz6Wskw,6365,5.0,3.0
2026-08-01,HVEU_aRmMkU,8531,5.0,4.0
2026-08-01,9EtAq0pXlJg,4384,6.0,5.0
2026-08-01,tlbTQvbsC7E,6002,5.0,0.0
2026-08-01,xgEKJni5VEY,4493,10.0,10.0
2026-08-01,YlBI1I9DnP8,4376,4.0,1.0
2026-08-01,byGEd85AFck,26112,15.0,11.0
2026-08-01,cUqS4SEzDlc,42662,31.0,8.0
2026-08-01,6cKM7DfJisQ,20684,11.0,4.0
2026-08-01,dIeHNcUwntI,37501,29.0,3.0
2026-08-01,hLVaSBcBp-U,28664,24.0,13.0
2026-08-01,UkJLTDlePCA,15045,12.0,6.0
2026-08-01,5A6meVykk4Q,11464,10.0,8.0
2026-08-01,xQxEK_Pc2t0,8747,13.0,6.0
2026-08-01,Cui3FDl4byA,27590,25.0,16.0
2026-08-01,kXjsBBuz8oQ,3139,4.0,4.0
2026-08-01,OquJUte9P4M,1312,4.0,1.0
2026-08-01,-M3Nt_7svoU,1407,5.0,0.0
2026-08-01,CX16zM45VbI,1220,4.0,0.0
2026-08-01,KZvXj4qbq30,1031,5.0,1.0
2026-08-01,GJoN9NTkL4k,7412,6.0,1.0
2026-08-01,t2GCR0h_0ro,11939,10.0,2.0
2026-08-01,qy3YnPVf_fo,16222,14.0,2.0
2026-08-01,z7HSOQPr8bU,14728,14.0,3.0
2026-08-01,n9WypkR8h0Y,13673,14.0,1.0
2026-08-01,H9-mT6W3UaA,12795,6.0,2.0
2026-08-01,L_791IVm85g,16722,20.0,4.0
2026-08-01,4Z6H8pIgCGc,11851,17.0,6.0
2026-08-01,KdpsGXtvG1M,13352,18.0,4.0
2026-08-01,ZYXkk33FZKU,10574,16.0,5.0
2026-08-01,EodzbbH1Cvk,30181,243.0,97.0
2026-08-01,mNUqbev43Xg,8006,16.0,0.0
2026-08-01,LY6AyM8aANo,9341,12.0,12.0
2026-08-01,gMpxG6RIG4A,28214,31.0,16.0
2026-08-01,hlb2vqFWmCc,16475,25.0,4.0
2026-08-01,iNsMMW6xGPU,2006,4.0,0.0
2026-08-01,YQZ3BRRKp14,1840,4.0,3.0
2026-08-01,8VLehQ9pw0k,2327,3.0,2.0
2026-08-01,ikyxuHakyqc,2967,5.0,0.0
2026-08-01,EJPaGX0EdAw,2980,7.0,1.0
2026-08-01,8uWAJChZYYk,4250,9.0,1.0
2026-08-01,beUyVkeRzdQ,7399,13.0,5.0
2026-08-01,m0egXDNtBS8,8738,9.0,3.0
2026-08-01,1Gs55GQeK1U,10058,11.0,7.0
2026-08-01,CoRFUJ_Zf0Q,7979,13.0,4.0
2026-08-01,hD8TSVPy5d8,6016,11.0,4.0
2026-08-01,68Zp6WdN2x4,4932,5.0,7.0
2026-08-01,3M1-LpjiTyM,3722,5.0,3.0
2026-08-01,TFbRqJxsIz0,4046,4.0,4.0
2026-08-01,yxJuPPcoXCM,5791,14.0,6.0
2026-08-01,d_mu_RpPg78,8443,11.0,4.0
2026-08-01,tjK4BjU6PJ4,6885,12.0,6.0
2026-08-01,cZjvtR37K74,8622,14.0,7.0
2026-08-01,zTyVVTyZmk8,9191,9.0,2.0
2026-08-01,ZrhQtlda4CY,2284,7.0,2.0
2026-08-01,nsabiNz6lEg,2667,7.0,2.0
2026-08-01,i7WmJaySwG0,2178,7.0,0.0
2026-08-01,bRIhne2t1v8,6351,8.0,3.0
2026-08-01,sM2R5Yuflek,5423,8.0,2.0
2026-08-01,bOIxRx6vqUI,10500,8.0,1.0
2026-08-01,T3WTyvXvFtA,5475,9.0,7.0
2026-08-01,rAX5UINFaGc,1891,7.0,0.0
2026-08-01,FwHJ_wbH22k,1843,7.0,0.0
2026-08-01,hGZMXU_giT8,1504,6.0,0.0
2026-08-01,Xg7qAA7Xtp8,1195,9.0,2.0
2026-08-01,LLVtA756x0Q,1714,7.0,3.0
2026-08-01,W5QbIe4kfqA,1960,10.0,2.0
2026-08-01,ueD-9eWlO7M,2327,7.0,2.0
2026-08-01,5bnLXlauJVs,3172,13.0,1.0
2026-08-01,Jg8adfUFlPM,2200,9.0,0.0
2026-08-01,fcpf_wJA9u8,3796,11.0,0.0
2026-08-01,RTXy4RhNZx4,7669,34.0,13.0
2026-08-01,2yzW7jXUSsM,1536,12.0,2.0
2026-08-01,wRoJ5bNdBXg,2080,16.0,2.0
2026-08-01,H0uELoOgBbY,2316,16.0,1.0
2026-08-01,04B3i1qonM8,2138,14.0,3.0
2026-08-01,31ecum64YY4,3669,18.0,2.0
2026-08-01,CNACosCVkCU,3115,20.0,3.0
2026-08-01,rzv0HBt9_h8,4261,29.0,6.0
2026-08-01,dxxR4-Bovu8,5839,44.0,14.0
2026-08-01,6a58xHUU0lM,70247,804.0,452.0
2026-08-02,KifkcqxCOcI,693017,14088.0,783.0
2026-08-02,ILXTh-OULwE,34806,1850.0,164.0
2026-08-02,luFr-iC-jhE,553874,8741.0,706.0
2026-08-02,TZGYVke-4T8,37633,1410.0,23.0
2026-08-02,0BVdKWFx8oI,928109,17805.0,712.0
2026-08-02,_xv786d9A-E,966933,19599.0,1580.0
2026-08-02,PKkkM9OXnFM,77729,1319.0,77.0
2026-08-02,2bplSe6pkLE,23779,439.0,11.0
2026-08-02,Di9P7et21xs,287936,3863.0,320.0
2026-08-02,g63Hjg9OD50,72340,1413.0,68.0
2026-08-02,K6inhdZotBA,839062,14768.0,1559.0
2026-08-02,VLRwTIc_iPU,119637,1711.0,112.0
2026-08-02,OSWJut6AGZ4,150605,1792.0,45.0
2026-08-02,3UEKgJlfNo0,719338,11533.0,665.0
2026-08-02,8Nwf7kjg2DQ,1134231,30943.0,378.0
2026-08-02,6iJJf0UrNGc,121049,2641.0,70.0
2026-08-02,BPtb9WWqe4c,248904,4660.0,83.0
2026-08-02,udko1Z6zg2U,3601559,63062.0,5017.0
2026-08-02,J-buiTKFR0U,777088,11344.0,379.0
2026-08-02,PPRUq_lJ2BE,1211515,23858.0,2405.0
2026-08-02,cXUjaYvp0xk,53886,881.0,18.0
2026-08-02,T3sjpFXvdFo,220764,3776.0,456.0
2026-08-02,y17vWDmDLLU,76245,1702.0,35.0
2026-08-02,kUkoP7D19FU,99443,1770.0,37.0
2026-08-02,mu4YWCkKoDk,892380,16549.0,686.0
2026-08-02,2isdqFF0MYI,597928,10028.0,146.0
2026-08-02,WnvPjGoeIyQ,41043,587.0,20.0
2026-08-02,gbRkYlK-AW0,208504,3571.0,225.0
2026-08-02,vLXcVJGciMM,86962,1633.0,58.0
2026-08-02,udAVvAaVh6k,1560600,27218.0,2285.0
2026-08-02,ftrwUn1WEX4,816376,9262.0,1067.0
2026-08-02,jZtVd0j_Yic,128420,1985.0,56.0
2026-08-02,DQl32Kjouqw,120630,1988.0,37.0
2026-08-02,voVSMSJ9ewU,534188,6282.0,407.0
2026-08-02,nOJYE2uLlDU,960896,10198.0,1083.0
2026-08-02,e1ehNZzQLkA,123298,2260.0,115.0
2026-08-02,QhNkG7Z_FjA,264647,2124.0,34.0
2026-08-02,KdFj7m7Vi6U,226546,3589.0,162.0
2026-08-02,bdsXqWZX_C4,265500,4346.0,76.0
2026-08-02,KNwqT1tgbKU,49677,973.0,26.0
2026-08-02,p9YmY8Nh8kQ,641276,9257.0,958.0
2026-08-02,M7eF66fQBxs,191730,3670.0,91.0
2026-08-02,WON67J0NJB4,149024,2518.0,118.0
2026-08-02,kFxuDAajkB4,1507387,34645.0,3558.0
2026-08-02,J8AQ96FPwsg,932637,12985.0,162.0
2026-08-02,jemBC8agGf4,1330093,20783.0,1717.0
2026-08-02,bhV5Mvhn2RA,1897644,23463.0,735.0
2026-08-02,-8Jqg3cymSs,189501,2308.0,354.0
2026-08-02,sgFbsOG_y58,65091,667.0,32.0
2026-08-02,UY0hNkXcK6A,443172,3778.0,533.0
2026-08-02,YEAIgTzYmMo,124612,1833.0,58.0
2026-08-02,b6GCP9otK_Y,247149,1158.0,219.0
2026-08-02,3Wf4UxaJ-zo,76644,811.0,12.0
2026-08-02,ZAwRlnGva_w,598812,8858.0,549.0
2026-08-02,gMAU2PdFggg,907339,12434.0,460.0
2026-08-02,p_vbneEIfm8,597871,7833.0,1062.0
2026-08-02,Rp-_-EKVb1o,367067,5356.0,264.0
2026-08-02,tboE3v0NDfs,293078,3263.0,108.0
2026-08-02,NjsYyPA8Wic,3461819,65408.0,4748.0
2026-08-02,vzPb8j0w9ks,276275,2918.0,94.0
2026-08-02,44Z8I1L1Gg0,685056,5500.0,649.0
2026-08-02,tc9rDfTXGK8,790083,6281.0,347.0
2026-08-02,Lh54UyiPr6s,430954,5460.0,356.0
2026-08-02,Hc81mqEjK4A,386832,6385.0,511.0
2026-08-02,ITU7kU8Pdtw,100256,1804.0,141.0
2026-08-02,9VcAFieFARI,207928,1552.0,250.0
2026-08-02,tnpgwdGOZq8,152507,2079.0,35.0
2026-08-02,ujOybtSQ_dc,288490,3411.0,264.0
2026-08-02,sVeucKGTsnQ,701516,7372.0,483.0
2026-08-02,ydy3nSE7ywQ,294511,2391.0,321.0
2026-08-02,E8x56e38ATM,309670,5002.0,136.0
2026-08-02,66VVCava7-Y,1900461,22552.0,1053.0
2026-08-02,EJFV0dV9uDo,541223,7111.0,218.0
2026-08-02,jGrA3JTWmIY,527476,6845.0,159.0
2026-08-02,krwAJblmVPU,118696,838.0,89.0
2026-08-02,Lez3FG1fZxc,211431,3109.0,143.0
2026-08-02,vOlwhC4yn4w,54384,1183.0,40.0
2026-08-02,5OqpeSSYYtI,672969,13192.0,232.0
2026-08-02,wszdluHzTak,761568,8927.0,589.0
2026-08-02,ZeEqpS2Fiy8,324530,4341.0,309.0
2026-08-02,0EATAxsSnKk,364751,4149.0,330.0
2026-08-02,L60oEgOQdvk,1668828,30464.0,628.0
2026-08-02,Ygi0JsphXok,536953,12134.0,182.0
2026-08-02,1hqgUdZKbjM,270573,1139.0,22.0
2026-08-02,GHe8GOKV5dk,451234,16369.0,1153.0
2026-08-02,FOu0L1nYRkM,190521,3116.0,67.0
2026-08-02,444EDKBid2w,745361,11355.0,549.0
2026-08-02,dA2QVBtEVps,25471,365.0,14.0
2026-08-02,cC-hKpbuqS0,546400,6746.0,1195.0
2026-08-02,n2SkFb6M24w,110192,1807.0,47.0
2026-08-02,HsOEdfrgeZk,367760,4812.0,468.0
2026-08-02,OeafMZyEcgg,119445,2038.0,57.0
2026-08-02,KzNWUxU0HCk,969795,9511.0,601.0
2026-08-02,7r-qoSzWXHo,159876,2678.0,306.0
2026-08-02,ZHus-bYc4es,143233,2151.0,61.0
2026-08-02,wW6ycct7SZo,443601,5183.0,450.0
2026-08-02,6NudKxFWJ2k,763339,10579.0,568.0
2026-08-02,IsgXGbK4Uak,87958,1089.0,37.0
2026-08-02,yXq9L2M1dy4,265105,3519.0,138.0
2026-08-02,5iiVtuwweZM,634329,9708.0,129.0
2026-08-02,nUuj48gvNvA,203490,2734.0,203.0
2026-08-02,VSYDmR0pRd8,518716,6353.0,274.0
2026-08-02,IMTaW-qDd7g,325566,5121.0,192.0
2026-08-02,-1mIe6Puq9s,550269,9827.0,991.0
2026-08-02,JfQ3t9d7UFw,280977,4260.0,358.0
2026-08-02,FKKpTDGspJk,587578,7842.0,406.0
2026-08-02,KGwFYiQyYsQ,192380,3669.0,154.0
2026-08-02,0eF81AyV_us,93674,1856.0,115.0
2026-08-02,OTG5RGeLAQQ,339881,6402.0,839.0
2026-08-02,h70ZfDVvk1I,588446,2506.0,240.0
2026-08-02,8_VRut08Xps,499159,9964.0,509.0
2026-08-02,OrTX8OiR-FQ,635597,7781.0,215.0
2026-08-02,ryNeFTtcOwY,422391,2793.0,231.0
2026-08-02,036GoyUgzjs,405215,7244.0,240.0
2026-08-02,9nFyt6m4U-g,56586,1262.0,21.0
2026-08-02,-0HtTCRXI4Q,19962,270.0,10.0
2026-08-02,t-KgPvvbr4w,518544,7310.0,327.0
2026-08-02,FXNreX94exU,378719,6050.0,102.0
2026-08-02,35cM167x9T8,262206,3386.0,43.0
2026-08-02,T-zEQfaRRYA,112834,1618.0,18.0
2026-08-02,Y8jRolTmRu4,918675,14022.0,300.0
2026-08-02,6EgMX_dqAuE,76145,1369.0,19.0
2026-08-02,fa5-N2uJjOg,689904,15534.0,8782.0
2026-08-02,sZdnmdc5cnE,536235,8631.0,665.0
2026-08-02,hA8jtBjWlug,148084,1503.0,37.0
2026-08-02,juPA9SgqxiY,371637,8212.0,632.0
2026-08-02,hJ0WUR_D2jY,511963,7582.0,314.0
2026-08-02,IlPIfGojmcc,899115,8267.0,639.0
2026-08-02,2ZNk0d6vfwQ,628314,8130.0,482.0
2026-08-02,oSigp7C5vlw,1364908,10674.0,881.0
2026-08-02,PE_hTsHTBzE,575554,9055.0,402.0
2026-08-02,InngxYidux4,342993,3540.0,209.0
2026-08-02,1zpZp63p4to,451795,7569.0,560.0
2026-08-02,nq-TiAyCE-o,44572,736.0,12.0
2026-08-02,kleRKYvlHh8,64684,748.0,18.0
2026-08-02,eLtPN9udQdw,1519816,16512.0,549.0
2026-08-02,gRnhMUzDtAM,36976,750.0,6.0
2026-08-02,KvQ6_bPTC8k,1571471,6411.0,627.0
2026-08-02,NUy9yH9Yq0A,22707,397.0,5.0
2026-08-02,DJf7gPo-hTM,70453,920.0,15.0
2026-08-02,IMsIcsWcHf0,466196,8198.0,522.0
2026-08-02,XiEZ02qVYVo,33456,498.0,6.0
2026-08-02,NlyedY95lpM,230658,2458.0,146.0
2026-08-02,HKmbQaet1DM,145962,1662.0,120.0
2026-08-02,WD1BBxsxfpE,392191,4353.0,536.0
2026-08-02,j1MqFAhBcUw,312483,2755.0,226.0
2026-08-02,zlnlIB1_7Wk,35533,560.0,23.0
2026-08-02,bOsVzamA4P4,649666,8087.0,422.0
2026-08-02,9dFV4FkkRhM,782546,12740.0,565.0
2026-08-02,MN0hpcQ7j10,551924,8359.0,564.0
2026-08-02,HhQ4VH1UTU4,30708,477.0,6.0
2026-08-02,rzHv20HND1k,63282,1254.0,83.0
2026-08-02,X5aY3DNljUI,1232694,10886.0,656.0
2026-08-02,tRC-dglnpgA,635575,12918.0,835.0
2026-08-02,vcl9IM6fvzE,96675,1181.0,32.0
2026-08-02,hFLyhPeFHPc,47145,1035.0,20.0
2026-08-02,5xccHa9UxKk,1158455,24904.0,1691.0
2026-08-02,gQnKk3RulQo,556029,5708.0,877.0
2026-08-02,0Gzk13yadmA,428670,5605.0,345.0
2026-08-02,MzqrZ_a_DPg,50825,1031.0,18.0
2026-08-02,JSc4c4BEhag,53508,658.0,9.0
2026-08-02,ymQcV_wxK8g,809967,14201.0,982.0
2026-08-02,nzrBI-7tZvg,734136,7886.0,541.0
2026-08-02,1LLbClNRXt0,1391681,24440.0,1761.0
2026-08-02,Jq7llIkbJeA,533574,5705.0,450.0
2026-08-02,yOjD-6_Y0as,135017,2477.0,97.0
2026-08-02,brirXPljYso,530689,1932.0,44.0
2026-08-02,A8FCfN-WlyI,115504,1537.0,70.0
2026-08-02,XrZSufCvG6g,26000,380.0,16.0
2026-08-02,_8hRTF0EFb8,1186950,31511.0,3077.0
2026-08-02,n9OSyFouJMM,434125,3369.0,261.0
2026-08-02,GecjuFqSz2Q,109001,1284.0,32.0
2026-08-02,Cx4j-dux-ac,103536,833.0,24.0
2026-08-02,xe2Yg2aBflQ,179726,1668.0,179.0
2026-08-02,D-o6sQPQJpg,1091734,8196.0,1428.0
2026-08-02,DQ3fxfUWf-w,1133464,15470.0,1662.0
2026-08-02,WAveXqb7FRE,357294,2421.0,373.0
2026-08-02,XU6u5Ro-lFw,604760,7571.0,449.0
2026-08-02,rI5YuE5mIS4,422791,3804.0,551.0
2026-08-02,AVR93bW9ZDI,1273124,9767.0,758.0
2026-08-02,jl87f-4iwU4,792632,4740.0,427.0
2026-08-02,405qhpa0Lzg,147164,1797.0,56.0
2026-08-02,qBRc7m3VmFU,528985,5593.0,462.0
2026-08-02,DaOX3715CU0,107903,1364.0,74.0
2026-08-02,gHt8mEoGJLU,670467,7816.0,604.0
2026-08-02,ftwV9Q0e7Jo,500550,5266.0,127.0
2026-08-02,Oto6n6n3vao,149213,2325.0,83.0
2026-08-02,KJknopvpsT4,198691,3035.0,433.0
2026-08-02,DV5rAm1pGEU,370201,4829.0,381.0
2026-08-02,FnH7QXfDRJQ,1835731,17460.0,848.0
2026-08-02,CnoGML_LIbk,1346122,21808.0,1509.0
2026-08-02,drZYsIgqSIo,531147,6022.0,502.0
2026-08-02,D-y3MFi30fg,458785,8047.0,86.0
2026-08-02,XHZLE-g8t4Q,621494,7071.0,162.0
2026-08-02,9sFUCrxaYWo,187388,2680.0,71.0
2026-08-02,sFElH41zvHk,400258,4116.0,313.0
2026-08-02,xf4ssP9JoHw,523553,5711.0,87.0
2026-08-02,2rV5htxZ2KU,387833,4376.0,416.0
2026-08-02,AzzwhsEiLLA,477520,5748.0,356.0
2026-08-02,6UyF4TSv8tI,715111,11166.0,587.0
2026-08-02,FQEJ57GG2CI,416430,7815.0,628.0
2026-08-02,ax6PbVOZZIU,619055,7542.0,228.0
2026-08-02,qUNjT9WWMvU,594358,6757.0,601.0
2026-08-02,b4RkSPpbwP0,616868,7300.0,252.0
2026-08-02,mUvWxHJfqDA,250290,2468.0,131.0
2026-08-02,j_2rJO0QAeY,446139,7186.0,391.0
2026-08-02,5FHIgRnz7k4,942906,12745.0,816.0
2026-08-02,VqXR85V902g,417952,4179.0,187.0
2026-08-02,VUEb3AqoA8A,603080,9268.0,457.0
2026-08-02,-TtwFUmGvvU,404492,5682.0,358.0
2026-08-02,tCJ_UVBO9Oc,180578,2340.0,45.0
2026-08-02,pby-8b_K1XA,1069215,19164.0,1160.0
2026-08-02,Z1F3-eSKoTs,511042,3912.0,69.0
2026-08-02,9ApEaLbgP5g,842804,10541.0,375.0
2026-08-02,4yxINDGiS9U,287626,3602.0,216.0
2026-08-02,RqVROZYpGgg,175572,2025.0,32.0
2026-08-02,K2m1wAftEko,1312439,16793.0,964.0
2026-08-02,LEHtf4LnXmg,756518,11305.0,826.0
2026-08-02,0IpJuqW6_OM,666567,6729.0,353.0
2026-08-02,8v4bTQeOLro,944969,10129.0,570.0
2026-08-02,JAB8P3ZAd8s,1724845,23762.0,911.0
2026-08-02,EAhfBmMv2OI,199419,3319.0,161.0
2026-08-02,vkV3X-4fMlo,68285,760.0,21.0
2026-08-02,BnL-BXjomLQ,229687,2140.0,81.0
2026-08-02,oKx2NEA_Aj8,488986,5865.0,314.0
2026-08-02,NSvBVaZ8Moc,1235217,37063.0,377.0
2026-08-02,FsPPrwFpy8E,58291,823.0,19.0
2026-08-02,LWPyeLnVnxE,733381,3023.0,171.0
2026-08-02,m55L44FH46A,157323,3289.0,109.0
2026-08-02,aoefpJJJfNY,240136,3348.0,30.0
2026-08-02,FLpMCJ-uIqc,200213,3431.0,66.0
2026-08-02,S-4N8BMP3-o,1505098,16811.0,815.0
2026-08-02,6Np0Y9niE7g,481282,5061.0,228.0
2026-08-02,_82eh6twyko,1545410,21023.0,570.0
2026-08-02,NKo_tPVbBAc,324615,3534.0,198.0
2026-08-02,VZMWQtbeTd0,247630,2076.0,97.0
2026-08-02,DD7D5Vq2SiA,71543,1163.0,31.0
2026-08-02,x1yWjVs60oM,331896,5354.0,280.0
2026-08-02,VUcq_blQDhY,85206,1602.0,70.0
2026-08-02,YKWthEQNGsE,461250,5436.0,117.0
2026-08-02,vibKG9jswRI,443568,5568.0,560.0
2026-08-02,zpRIYhNWwlI,917838,8167.0,730.0
2026-08-02,n7L1rpqKp-s,208715,3518.0,155.0
2026-08-02,Ckof-QvJLqA,138942,1597.0,21.0
2026-08-02,9UgO-Fq8IRY,457607,5225.0,600.0
2026-08-02,wqSLQ550CT8,95449,611.0,35.0
2026-08-02,lE6DlmdiAA0,67534,758.0,35.0
2026-08-02,WFtkXX9mWug,920642,9432.0,413.0
2026-08-02,_7-OQtOPCZM,983083,8526.0,1268.0
2026-08-02,rl4YQjT5dBI,1278749,15259.0,223.0
2026-08-02,zOPEKLgy0OY,175855,2882.0,90.0
2026-08-02,Ue5orMobxDY,492269,4797.0,201.0
2026-08-02,l55qh0XmVqM,240481,2690.0,77.0
2026-08-02,c-L58cCrRn4,549821,6410.0,555.0
2026-08-02,OPg0rpaqZng,458883,6114.0,163.0
2026-08-02,EqTMPCRCCJI,474732,6402.0,256.0
2026-08-02,4-eHWTHOP9I,311139,4982.0,263.0
2026-08-02,RFne0wdpVTw,454376,9142.0,1536.0
2026-08-02,Y1m-AHLSg-A,309778,3554.0,79.0
2026-08-02,wkXW8ryejcQ,95345,1147.0,63.0
2026-08-02,n9jNAzTMSZI,221373,3025.0,86.0
2026-08-02,xNYTPde_ZC8,248999,2203.0,371.0
2026-08-02,If_2YsNlXuY,1121535,13710.0,159.0
2026-08-02,0n4bKVcVIv0,175454,1585.0,45.0
2026-08-02,usTHgaMiu4I,644818,11914.0,1114.0
2026-08-02,e14uxSqof0Q,226370,3869.0,197.0
2026-08-02,jc2Y5eGdWBc,411935,4126.0,520.0
2026-08-02,LEzNOKX1QR4,147947,2064.0,17.0
2026-08-02,T0KAU7uBDak,151778,2522.0,67.0
2026-08-02,u0nFfjgn694,707622,7508.0,594.0
2026-08-02,VihZQffK240,831372,9628.0,131.0
2026-08-02,bt85BTgbiSo,524097,7272.0,246.0
2026-08-02,s8zOWV5_RkI,116831,1450.0,80.0
2026-08-02,ZX0gYlL1fBU,337610,4513.0,716.0
2026-08-02,5VwN3f7oOqI,140004,1652.0,48.0
2026-08-02,3B7S02e4kSU,496690,4627.0,397.0
2026-08-02,_dd53Dybu1U,34963,558.0,36.0
2026-08-02,oOFhvKKfIS0,43776,634.0,17.0
2026-08-02,ukXrRqWoMNc,724020,7812.0,372.0
2026-08-02,8xA0lHsJmn0,472629,7168.0,212.0
2026-08-02,PRMx0IKHnmY,921159,16203.0,244.0
2026-08-02,lyCSLfdh69I,176972,1938.0,46.0
2026-08-02,fibSaE6fApU,634930,6583.0,549.0
2026-08-02,cQVbKp8EQQI,191848,2317.0,125.0
2026-08-02,1VV_Kp98fsQ,191991,2448.0,44.0
2026-08-02,E2b69_BDh4Y,63350,1309.0,23.0
2026-08-02,BQ5RcFYU9NE,272069,1857.0,39.0
2026-08-02,sX9MgWz5xw0,403092,5414.0,115.0
2026-08-02,DzGL5meSCyI,176686,2755.0,213.0
2026-08-02,oQRRySDKz7U,72417,951.0,59.0
2026-08-02,b06Buo1w3g0,27635,530.0,11.0
2026-08-02,pxbCIQ9_s70,472851,5979.0,395.0
2026-08-02,PqlRnvsC59Q,445902,4112.0,192.0
2026-08-02,YePsJGqlLm4,550795,7364.0,553.0
2026-08-02,yez92X6yX8g,113498,2045.0,125.0
2026-08-02,k3Sjrq44bao,736117,7941.0,397.0
2026-08-02,BaBR8qtSVg8,615911,6981.0,380.0
2026-08-02,qcZXiWQ3ds4,253011,2339.0,43.0
2026-08-02,TxV6adl256U,327741,8039.0,840.0
2026-08-02,UV6wX8SLAHM,356193,4716.0,83.0
2026-08-02,ZNF45t6HQHU,38313,448.0,5.0
2026-08-02,k79RZH_3Bns,909298,13664.0,876.0
2026-08-02,hQmYsZvE2SQ,479885,4673.0,74.0
2026-08-02,OdFF7eIM8DA,116628,1275.0,34.0
2026-08-02,UglHsqhbbUY,587110,7928.0,357.0
2026-08-02,-kzdKcsZrn8,300681,3656.0,104.0
2026-08-02,hq7KRQ72rMM,697450,10303.0,759.0
2026-08-02,yk94w5D2BRw,1284526,24263.0,368.0
2026-08-02,oLudI6eWLsM,150519,1454.0,52.0
2026-08-02,3tosFNAk8PU,425787,4789.0,121.0
2026-08-02,TFF2IP025C4,1037681,14187.0,685.0
2026-08-02,005a8GllC20,1239984,13895.0,609.0
2026-08-02,qJcxdtBBeHA,114946,1797.0,25.0
2026-08-02,dUZ9vOH1gx0,1792642,17248.0,744.0
2026-08-02,Lplr69ViTF4,431199,4883.0,626.0
2026-08-02,mpSaeFKBa6E,340973,7102.0,1091.0
2026-08-02,xGyJnBDIsdA,531405,8217.0,765.0
2026-08-02,JhpaUXwZEgw,487485,6554.0,334.0
2026-08-02,fyGnls7PCmI,627517,7549.0,463.0
2026-08-02,FkiXREdD-Yc,311016,5723.0,504.0
2026-08-02,3wVj1tGEdxY,65803,1183.0,54.0
2026-08-02,3xN2CBwCuGU,90355,1080.0,62.0
2026-08-02,wXrU2QjPHrQ,521411,6216.0,75.0
2026-08-02,XNPvSLHqf1k,994875,11260.0,763.0
2026-08-02,ZVwT73yB7Fo,72973,1240.0,10.0
2026-08-02,Q1yWS0Cx_Tc,1225574,16741.0,1253.0
2026-08-02,kibk-NsCRTk,796970,11045.0,119.0
2026-08-02,5MKgEt5Nxa0,423733,6517.0,120.0
2026-08-02,Wt6-2PysTY0,620308,7815.0,498.0
2026-08-02,YTyRC8vp3WI,333161,3199.0,118.0
2026-08-02,TIz4dZLDxeY,543574,5381.0,517.0
2026-08-02,_EGhSLAs57k,603968,5366.0,363.0
2026-08-02,ZqZXCFbusZ8,281674,2416.0,26.0
2026-08-02,KIRtgAddTk4,264072,2074.0,113.0
2026-08-02,d2-9qzKxIcQ,608098,4881.0,541.0
2026-08-02,xVpNDW4satM,1527256,14762.0,1219.0
2026-08-02,lxzvDZcO8n4,723162,4993.0,82.0
2026-08-02,D7trASXHL3I,582815,5196.0,25.0
2026-08-02,N-pfEtaL6wo,820349,11372.0,535.0
2026-08-02,OM57GewXsyE,1198737,12952.0,241.0
2026-08-02,sxGH8365kQw,411485,4237.0,95.0
2026-08-02,MI4WRENAxZM,116943,1757.0,87.0
2026-08-02,XtCVotttsks,542876,4497.0,201.0
2026-08-02,dGsitIKbyBw,500463,5478.0,439.0
2026-08-02,hC1yVhrTqqk,376566,3688.0,174.0
2026-08-02,JwBaKvKz3wg,1677081,19020.0,1466.0
2026-08-02,9CVOQA8yMZM,681080,6433.0,350.0
2026-08-02,ygSBXv-IgGg,553364,4210.0,221.0
2026-08-02,6-TeFHplXgE,706921,8041.0,557.0
2026-08-02,Yv4Ae_t99Uc,116858,965.0,28.0
2026-08-02,t8yxu_JstYA,2217622,35104.0,813.0
2026-08-02,po24OFyyOBo,748619,8083.0,564.0
2026-08-02,5V0oZyGjgzQ,74791,687.0,9.0
2026-08-02,Ch3iXiv1uyY,99287,1200.0,41.0
2026-08-02,zs3muz-XXPM,428116,4775.0,431.0
2026-08-02,jAW3nt1QekI,409872,4946.0,69.0
2026-08-02,3mZB_dr4mdc,2064040,36205.0,322.0
2026-08-02,3C8nj7wwMtY,398926,3860.0,225.0
2026-08-02,M54g3HMaXK0,46137,601.0,19.0
2026-08-02,wBnkLMwEa4k,83452,1326.0,38.0
2026-08-02,-jzz4YhzW2c,466016,5234.0,489.0
2026-08-02,HRD7u-dzjkU,2407085,26113.0,1612.0
2026-08-02,NN6YKD_bErI,97762,2378.0,52.0
2026-08-02,P3VpPa4uH3w,278983,3906.0,149.0
2026-08-02,s1CG21cnYXM,276122,4362.0,82.0
2026-08-02,XqekMvr-4zE,512516,9711.0,123.0
2026-08-02,arxHyiDv7VQ,1629203,20163.0,1081.0
2026-08-02,1LFhhQzEEmk,231767,6300.0,157.0
2026-08-02,r09UNWEvvMY,186266,6344.0,94.0
2026-08-02,bT8wdYP-4TM,55308,1041.0,17.0
2026-08-02,AG71F5Tg1UA,3030211,90481.0,6329.0
2026-08-02,qaXS7PzGbNg,986885,17111.0,765.0
2026-08-02,A_X6BpOkvEI,1895673,19564.0,327.0
2026-08-02,oI8LzKckOeU,829337,8346.0,793.0
2026-08-02,GiXkZRZFtRg,388029,8085.0,129.0
2026-08-02,NoyERwLSyR4,215544,2369.0,40.0
2026-08-02,GdaaEug5rBA,230384,5771.0,103.0
2026-08-02,dRP4qv_ympQ,923377,14895.0,705.0
2026-08-02,qbngFf0aOZo,290377,4985.0,102.0
2026-08-02,ixv9ZWHCSGs,367671,11169.0,477.0
2026-08-02,1TB8bkYNMD8,250569,5253.0,103.0
2026-08-02,fUS1l6VbWPU,340688,8676.0,153.0
2026-08-02,bVgXndmEFcs,439232,5674.0,529.0
2026-08-02,mHzpl5yeKHg,117955,2884.0,61.0
2026-08-02,tvCgpM3kFzk,367865,5564.0,176.0
2026-08-02,-N5Rys0rUpM,212279,3052.0,75.0
2026-08-02,ec_Knbmr5GI,212702,3996.0,109.0
2026-08-02,idOX4nh7SUE,446091,5691.0,670.0
2026-08-02,L8AT1OVX8gY,37165,925.0,17.0
2026-08-02,KE-zGpgITBE,85922,1250.0,117.0
2026-08-02,-sz7vMvJIXQ,232192,3918.0,102.0
2026-08-02,RRfU0L0_VX8,874280,10023.0,803.0
2026-08-02,ISRmrQND1E8,260665,7129.0,86.0
2026-08-02,FQdnSRofAxE,74816,1433.0,84.0
2026-08-02,PWsO5fZW_Xk,104339,2620.0,70.0
2026-08-02,_lZpaplHja8,1503565,20180.0,513.0
2026-08-02,xMRWe8L2vDc,1001895,15533.0,155.0
2026-08-02,AERd2mm6N8A,214879,3784.0,334.0
2026-08-02,gvTHJf5DSq8,101960,1999.0,145.0
2026-08-02,3kcA0Hjjfzk,365261,7225.0,2937.0
2026-08-02,wI2V_PQBKgc,848516,9265.0,565.0
2026-08-02,BOr74FT0vKI,304126,3598.0,602.0
2026-08-02,IGp6P1ICa6g,450529,4696.0,407.0
2026-08-02,brvuhoE8iIQ,465593,5198.0,426.0
2026-08-02,N4xZCeSksic,303449,2364.0,380.0
2026-08-02,GGaglnio_OE,497139,5265.0,556.0
2026-08-02,bGVoJBgSkOo,1535814,20284.0,883.0
2026-08-02,uwNz5fdnUnw,729136,8770.0,380.0
2026-08-02,l7ddSTLcV7s,453686,6342.0,339.0
2026-08-02,l-ce2GEyfrI,366138,2175.0,215.0
2026-08-02,DEF9fW63il4,42236,651.0,30.0
2026-08-02,-CDoUY27Gj4,181631,4135.0,140.0
2026-08-02,Ior8_9hvw_M,280933,4139.0,90.0
2026-08-02,hWvocJR_4fc,84695,1162.0,21.0
2026-08-02,SxMLEsBGl5Y,142886,2404.0,81.0
2026-08-02,Jr7YcSKmC6k,251106,4258.0,360.0
2026-08-02,9Fa0FSpKsgI,564894,7844.0,455.0
2026-08-02,rNlH4mG0C4U,760460,7962.0,523.0
2026-08-02,MQHJ_7bMuTg,270200,5725.0,244.0
2026-08-02,SHyNUOaT_hU,259077,4612.0,88.0
2026-08-02,hF8b9qukpNU,85809,1974.0,67.0
2026-08-02,UNgZG01vzDA,199996,4017.0,115.0
2026-08-02,O_LRCpDOIZ4,69417,1542.0,46.0
2026-08-02,ifBe8hoihTQ,24592,730.0,9.0
2026-08-02,tadjP94YOEg,695096,13499.0,172.0
2026-08-02,KVw-8_95gAo,804301,9136.0,521.0
2026-08-02,82lcyVVlSGc,109239,2451.0,46.0
2026-08-02,cVo0fN1vcb0,828370,8214.0,74.0
2026-08-02,MdYZSNv1KpA,594186,8023.0,466.0
2026-08-02,O886VHifoMs,519403,9860.0,464.0
2026-08-02,RS8QqbF2fpk,1347094,39775.0,221.0
2026-08-02,uAKCJJtDwI4,517133,4890.0,554.0
2026-08-02,lJvnbvTxGwg,864868,7279.0,284.0
2026-08-02,V1aM41ETxYY,351933,6952.0,1366.0
2026-08-02,WR9bi11sEzo,138476,2812.0,48.0
2026-08-02,tE-hmw2ZRaM,1045242,8516.0,488.0
2026-08-02,ZobG2c4Fcr0,368918,6552.0,536.0
2026-08-02,JWKwr7DOFIw,387721,,118.0
2026-08-02,N0gobQIyi9w,446748,5422.0,1325.0
2026-08-02,N92CHWr1B_8,1083676,8650.0,369.0
2026-08-02,HjXGhbujADQ,5032111,74068.0,535.0
2026-08-02,oXbflkncrCs,683061,8526.0,767.0
2026-08-02,StNhD0FY5Ic,212539,2390.0,1208.0
2026-08-02,QPpbudpd20U,386491,6927.0,170.0
2026-08-02,gg5Ep6PVLrs,252094,3423.0,328.0
2026-08-02,NWTerc3yEfk,480540,6813.0,396.0
2026-08-02,6n6TZKFl7c4,196706,3493.0,244.0
2026-08-02,AWLG1x5styo,884660,10786.0,624.0
2026-08-02,Hejh29fjeJk,206776,2465.0,3058.0
2026-08-02,k78-gi_GZ9A,723121,9659.0,448.0
2026-08-02,zrGiR15hv7g,38054,735.0,21.0
2026-08-02,GBmsKpAGJKA,1098537,14306.0,844.0
2026-08-02,6phQa8GR97E,195991,2682.0,845.0
2026-08-02,wezva9-OooI,280263,6860.0,384.0
2026-08-02,HpogY8d4ibM,214027,6140.0,35.0
2026-08-02,eNXw5AI6O4U,447926,8357.0,702.0
2026-08-02,kvEjPGaJv68,65325,1762.0,56.0
2026-08-02,6S-pPaUJPPk,654636,6835.0,457.0
2026-08-02,5-O9_uNlMG4,617261,9513.0,638.0
2026-08-02,RYJpMHaXw4I,105038,1886.0,32.0
2026-08-02,-tdCv38d57s,2057523,18858.0,1694.0
2026-08-02,UhnCRTpwIok,208576,2249.0,1227.0
2026-08-02,wm2s0q98-dQ,373189,7265.0,608.0
2026-08-02,M2GlVTQby24,321605,3799.0,315.0
2026-08-02,G2GMkGzLD-w,252550,9422.0,102.0
2026-08-02,zXHVazKMbk8,713345,11233.0,769.0
2026-08-02,ocgSQm-P3Ew,201444,2545.0,189.0
2026-08-02,0P3nHhPxyuE,214231,2259.0,1051.0
2026-08-02,zgYtIrKIQm8,262290,2938.0,521.0
2026-08-02,SBhwZQN1aiw,609931,5411.0,672.0
2026-08-02,JuGIBygBKMs,22413,527.0,6.0
2026-08-02,e-dk8Rk7NTM,20742,481.0,14.0
2026-08-02,foEGXfxR4QE,285519,4574.0,481.0
2026-08-02,6FrgQBZGvZk,1347615,23677.0,1856.0
2026-08-02,r52IeNaDCDw,32677,708.0,16.0
2026-08-02,qdFkk29g18Y,254729,2735.0,1622.0
2026-08-02,dFlPxMxmsMQ,429010,9476.0,2147.0
2026-08-02,ccrQfG6Xvqk,480016,9633.0,217.0
2026-08-02,K7sGQzxrmo4,328887,3592.0,217.0
2026-08-02,fkC7YmeYyBs,538611,5840.0,705.0
2026-08-02,TvXHxn-uU2E,231380,2504.0,1105.0
2026-08-02,rSHsO4CIBxc,78437,827.0,32.0
2026-08-02,13U-c62C5QY,54346,1151.0,42.0
2026-08-02,PnYmB1VMv2k,219694,2500.0,1603.0
2026-08-02,aeI3j7IOpjQ,669906,6252.0,270.0
2026-08-02,HW-6dkNNflk,375964,10992.0,347.0
2026-08-02,2YEq5U9oK40,412656,5321.0,304.0
2026-08-02,po8LTdZOuAM,37154,979.0,33.0
2026-08-02,nND8bgloOyc,238044,2429.0,660.0
2026-08-02,PGyybvOLAQ8,40993,918.0,22.0
2026-08-02,V1Jhc7IF4Kg,776278,16571.0,2154.0
2026-08-02,ZjuT4zkzV7Y,241103,2591.0,875.0
2026-08-02,eoGRjUxVITg,643403,10250.0,596.0
2026-08-02,dByUlzwq3yg,822561,8049.0,491.0
2026-08-02,wpHJq-Na_ic,273861,2881.0,1341.0
2026-08-02,7Q1Aq84HbPk,328323,3257.0,1294.0
2026-08-02,oAHmNxJSuLQ,1011359,31594.0,423.0
2026-08-02,CcoTgUcUPOA,1002655,21529.0,226.0
2026-08-02,J4J4RmRoSRc,108654,1849.0,51.0
2026-08-02,RgNO-U5tV2E,517268,5569.0,565.0
2026-08-02,PGCKnn-jRT0,970490,20620.0,3954.0
2026-08-02,gG4k1XyIans,346876,3782.0,1452.0
2026-08-02,WQgoQ0ZGY6w,41426,968.0,58.0
2026-08-02,8iPvn7r0oPI,469768,6204.0,644.0
2026-08-02,NXkJ8q4tYik,403970,4838.0,3125.0
2026-08-02,7ooNzHex8MA,1023246,10045.0,841.0
2026-08-02,JAKHdfkwqmI,769517,17356.0,2974.0
2026-08-02,CaTJdJPDzc8,459081,5030.0,1476.0
2026-08-02,E-NlTve6jZ8,412798,6713.0,302.0
2026-08-02,QmrEK1nJ47g,555352,7087.0,1178.0
2026-08-02,Dq7ADR6tGL4,520155,5624.0,688.0
2026-08-02,pBu0f3024jw,867185,14759.0,1985.0
2026-08-02,EbQWa2uR1xo,783189,19675.0,1519.0
2026-08-02,JLx3aPbpKZ0,550795,6798.0,1323.0
2026-08-02,_5yRP7xc63c,548625,5662.0,1501.0
2026-08-02,h87DqA4-BnM,727366,12024.0,468.0
2026-08-02,rnyDg0_a4Xk,515641,5488.0,423.0
2026-08-02,zT83fawS5t4,272051,3646.0,202.0
2026-08-02,_e9GWEHtIgk,626255,7011.0,2476.0
2026-08-02,4Bc7dbPCjVk,481683,17217.0,1358.0
2026-08-02,pO8qt8r4EEU,783584,8614.0,2336.0
2026-08-02,7Ve8p_iqqDA,304388,3597.0,412.0
2026-08-02,BgC7u9HqxeY,239190,9660.0,101.0
2026-08-02,U7OAW-_CL2k,990074,14950.0,913.0
2026-08-02,AiV3vVylkxY,1067835,14103.0,3034.0
2026-08-02,1Td-0APNtv0,574104,8656.0,1042.0
2026-08-02,eXJPoGWz2DA,85239,2193.0,40.0
2026-08-02,cS-kxbnVFUI,151292,3575.0,115.0
2026-08-02,cabXMIKPErc,458531,6484.0,542.0
2026-08-02,KmOsGsDi0Rc,214485,3681.0,96.0
2026-08-02,9qQJ1wWWW7E,196004,3487.0,58.0
2026-08-02,Y6FcI6YkyxU,1100190,20231.0,1140.0
2026-08-02,J3uTxdbA-Gk,1507848,24666.0,3124.0
2026-08-02,qQMj3Y49pgY,145690,2479.0,65.0
2026-08-02,jwf3qdKZaWA,374974,4477.0,430.0
2026-08-02,7YAtArcnnpk,751935,10849.0,4407.0
2026-08-02,5CGYq22OrD0,439123,6900.0,434.0
2026-08-02,x5_jysnrLUc,708991,8486.0,816.0
2026-08-02,z9cUO1bsbKk,563530,7941.0,1064.0
2026-08-02,GdqaTFzJlx0,151132,3264.0,148.0
2026-08-02,lZkbnDSu9l0,432505,8788.0,458.0
2026-08-02,fVbsra-vyk0,343368,5790.0,200.0
2026-08-02,u-9NcjZU5hE,462015,4630.0,461.0
2026-08-02,erfR0r1g5cA,148477,3586.0,90.0
2026-08-02,FHnP5_9_hMQ,660489,14141.0,688.0
2026-08-02,alR4Vb-VGBg,2543892,48916.0,3905.0
2026-08-02,HbMVZBT5INU,65142,1148.0,18.0
2026-08-02,pWqtBopHReA,334425,3268.0,287.0
2026-08-02,5DyuFsO775w,31347,684.0,9.0
2026-08-02,iyv6FtLZ0JI,643309,5983.0,526.0
2026-08-02,9mvgmTzccQQ,211597,2165.0,177.0
2026-08-02,X6X33N3zAms,529448,8503.0,553.0
2026-08-02,PzuImXiRA8w,402402,4757.0,426.0
2026-08-02,daie87LyhR0,54089,1046.0,30.0
2026-08-02,SnyX8QWPjRk,62879,1251.0,22.0
2026-08-02,pGDSkkgtTDs,615324,6577.0,561.0
2026-08-02,FzwY6CVdVzY,825564,8696.0,599.0
2026-08-02,Ll87-kf8B7s,364511,4173.0,410.0
2026-08-02,n21NBJl6U3M,257127,790.0,20.0
2026-08-02,9Gnby1PhpUI,1190524,12420.0,798.0
2026-08-02,oXsjyB2Rmew,96014,2257.0,56.0
2026-08-02,EoXkGTi2MZU,192806,4383.0,151.0
2026-08-02,O6oDJRDBD2Q,474589,8554.0,1008.0
2026-08-02,LBld2lQXzCg,620929,8167.0,1000.0
2026-08-02,JaR0cHmtKsc,480569,11094.0,1845.0
2026-08-02,pvvY3g3RsDs,722416,9184.0,452.0
2026-08-02,oWfQQL8jUKg,207672,3785.0,64.0
2026-08-02,DbTHWGW5zb4,323674,3235.0,60.0
2026-08-02,qstdz2GV4SI,1809249,49377.0,6371.0
2026-08-02,mbOGi1W_kgg,219063,,137.0
2026-08-02,fQWQd-rBcsA,2275807,28301.0,1910.0
2026-08-02,nB6BGAcPnbw,777544,9784.0,1209.0
2026-08-02,S2USz2A4LtA,222750,3699.0,159.0
2026-08-02,wmKLyPkDsv4,86889,1778.0,49.0
2026-08-02,vz1kMzPS-XM,388869,4975.0,317.0
2026-08-02,883YQQwcW_Q,611466,11342.0,1004.0
2026-08-02,25KZV0SeQxg,653166,9577.0,436.0
2026-08-02,0Y2awkmOqD8,1454617,25192.0,3291.0
2026-08-02,xyFHO7rnj4s,1192850,14786.0,1181.0
2026-08-02,uE3ZOtQ-d6s,493264,5288.0,705.0
2026-08-02,3qay5E8rWmk,352135,3847.0,288.0
2026-08-02,ZWhRHgfbUNA,49744,947.0,41.0
2026-08-02,caxs_KhG8Sw,498619,9235.0,86.0
2026-08-02,kq86XPHhwjw,37440,678.0,15.0
2026-08-02,fEsFvxj-0To,561150,5010.0,253.0
2026-08-02,3UtbWLk8PBM,35874,1014.0,81.0
2026-08-02,zEexVqhdU2c,158061,2722.0,111.0
2026-08-02,njOUQCIPMwI,430335,5093.0,462.0
2026-08-02,A6u3mYWbRRU,64675,743.0,27.0
2026-08-02,VdoV8cmMJ9g,570369,13115.0,507.0
2026-08-02,0U2jqhF3hT4,869560,8917.0,815.0
2026-08-02,hYLd6Ru-Ckc,107917,2517.0,72.0
2026-08-02,0SLlNn3kQDo,182493,4154.0,131.0
2026-08-02,14dUcGOm_2I,430126,6381.0,435.0
2026-08-02,mOHDjUJ6bgI,334207,3358.0,357.0
2026-08-02,79MX2ehOS1k,147308,3087.0,85.0
2026-08-02,yass3_pOl9g,280942,2410.0,144.0
2026-08-02,uGxmzqkYCeo,396349,4666.0,411.0
2026-08-02,pZQlNFu8un0,115808,1407.0,32.0
2026-08-02,WahgYnpR614,170032,2720.0,57.0
2026-08-02,i0tNXtqSoeM,690465,5829.0,328.0
2026-08-02,m6DqioHCEoY,1390313,23075.0,644.0
2026-08-02,OehNZcia7dQ,310117,1375.0,90.0
2026-08-02,h4Nl5kI75Z8,57912,765.0,32.0
2026-08-02,Y0yCo9m5WMs,73830,1638.0,52.0
2026-08-02,w3KCWcbuhHc,165369,2940.0,41.0
2026-08-02,HBwSNLDLMgE,1004789,8749.0,879.0
2026-08-02,wqR40qDR5Yg,493328,9757.0,177.0
2026-08-02,QnaEN86Yeqw,90154,1729.0,44.0
2026-08-02,2b5kQWoOD44,391661,8976.0,252.0
2026-08-02,_muIpWZR004,59446,1319.0,61.0
2026-08-02,HQZ9u7Rzw38,46563,741.0,27.0
2026-08-02,ePdgi7qhgHw,113702,2403.0,64.0
2026-08-02,a62k_b-nzVc,415020,5117.0,460.0
2026-08-02,ujs-zSoiHkQ,1680641,28414.0,452.0
2026-08-02,H-TeyADKU8Y,146669,2731.0,418.0
2026-08-02,aDMy8zpvoY8,36789,701.0,27.0
2026-08-02,qhtofQ5eDRw,1274618,19922.0,1249.0
2026-08-02,oUqCSnV7flc,383063,4880.0,465.0
2026-08-02,2iYGeMfipkE,278722,4131.0,385.0
2026-08-02,nnWczCTZp18,169285,3380.0,146.0
2026-08-02,Vss3c-6lyYg,308257,6709.0,289.0
2026-08-02,R5E-YojM1KM,93919,1678.0,98.0
2026-08-02,ULIPBPa4SfU,918062,7046.0,470.0
2026-08-02,lJZMUQp8EKo,1381477,33334.0,2603.0
2026-08-02,UkZdyUHXS8Y,1615240,42052.0,545.0
2026-08-02,JkU7PuYnZVU,318249,7536.0,137.0
2026-08-02,DcnY-kBiqEw,340755,4739.0,391.0
2026-08-02,rdTKvRgovCw,50004,2208.0,71.0
2026-08-02,oa9KAysIIVk,694374,17104.0,508.0
2026-08-02,oSvslpPUNYA,408474,7644.0,285.0
2026-08-02,sReiGg5cTIs,192524,,60.0
2026-08-02,Kr3QgmS6WgQ,335257,8941.0,168.0
2026-08-02,Rv_RJD1TC8A,457241,5244.0,326.0
2026-08-02,wnXFd-VhipI,518639,7503.0,882.0
2026-08-02,3mHkh_YJus4,604736,12662.0,254.0
2026-08-02,2fhr0vgxI7A,342647,9715.0,113.0
2026-08-02,zEjw00Cp-FY,600727,10341.0,518.0
2026-08-02,W8Esmw3cTzI,33073,620.0,15.0
2026-08-02,0g3ak12tr_0,457486,5164.0,439.0
2026-08-02,HtLvpLmdJb8,39599,699.0,9.0
2026-08-02,ciJgagMfEuU,50551,823.0,25.0
2026-08-02,7Z4tqorJZGw,757984,14060.0,1093.0
2026-08-02,cjVa2rZXQh0,51110,1063.0,48.0
2026-08-02,SOqlEtJlk24,45532,856.0,50.0
2026-08-02,ev1T_dHNIDk,20520,383.0,21.0
2026-08-02,Tr6_QX8hLlM,231113,3326.0,310.0
2026-08-02,c_mn-T7H90g,478620,5609.0,487.0
2026-08-02,AA8IwxhSx84,196071,3431.0,116.0
2026-08-02,K0BMWahyyIA,932171,18715.0,2064.0
2026-08-02,AD6_QKearY8,332617,7972.0,1283.0
2026-08-02,mKmfXKQg-X8,197573,4085.0,120.0
2026-08-02,YyhcrcokyDU,376553,7042.0,326.0
2026-08-02,Ss84VWA5Ixs,59967,683.0,29.0
2026-08-02,ygJ1xUEF3zc,366854,4544.0,347.0
2026-08-02,opx_gFtRloQ,234033,5020.0,78.0
2026-08-02,ALIdXqcOrPM,61656,1508.0,70.0
2026-08-02,5B1WHTu2B1I,683788,10567.0,736.0
2026-08-02,ftaYBwnXJsk,246656,4887.0,178.0
2026-08-02,Rnfo9Rh_k3Q,442128,7029.0,527.0
2026-08-02,rioJ6TNFlYc,418616,3422.0,325.0
2026-08-02,X_1aonjNt_o,260432,5968.0,108.0
2026-08-02,l24p4KDQNLE,315351,4493.0,768.0
2026-08-02,ST7tI7Mo7DY,489078,8712.0,523.0
2026-08-02,STQiBH4L7so,248265,5191.0,91.0
2026-08-02,D6Pssi_duF8,219925,2396.0,146.0
2026-08-02,WR-RcLu7ZUM,134061,1790.0,194.0
2026-08-02,paJbaOmENaI,41862,726.0,28.0
2026-08-02,bfenetDJ02U,1239127,21643.0,320.0
2026-08-02,l8x7VVhW1sE,639892,6475.0,494.0
2026-08-02,igY8SrLE5P4,246781,5307.0,126.0
2026-08-02,xa14nwyYcO0,2169022,39389.0,694.0
2026-08-02,V8vTYx9MBz8,229289,5787.0,121.0
2026-08-02,nYKLeVnX7B4,327158,6859.0,188.0
2026-08-02,Tl20LjQFUXE,767714,12852.0,749.0
2026-08-02,tTOXHHBS-Wg,218814,4867.0,138.0
2026-08-02,lkTMki6KZ1E,60198,1128.0,43.0
2026-08-02,QJPm1kkiTaQ,710272,7941.0,603.0
2026-08-02,H6j54drpgUk,52689,1083.0,25.0
2026-08-02,y7Zsc8FN0L4,1104353,18357.0,135.0
2026-08-02,xRqDeX-SYWI,97721,1176.0,58.0
2026-08-02,BwZarVAtSbo,765528,8510.0,678.0
2026-08-02,yzZ2_jCFXgY,104749,1381.0,69.0
2026-08-02,SubB9I2-nCI,782086,11341.0,570.0
2026-08-02,3Q-Mcow-i4I,1780026,32681.0,689.0
2026-08-02,nCSYnkAnIVw,163861,4335.0,72.0
2026-08-02,RTlmmToGUdo,110354,2050.0,103.0
2026-08-02,ajK5BoDNW4c,42875,536.0,28.0
2026-08-02,aXkwYtRmFqk,646798,8651.0,700.0
2026-08-02,yuFIKmQXERE,1181868,21098.0,218.0
2026-08-02,ZmM67BlYfEE,91320,1924.0,68.0
2026-08-02,JkvuvugbmJw,1688968,26780.0,2626.0
2026-08-02,iLuwT84GYO4,58179,559.0,25.0
2026-08-02,njbS2NycD8k,259772,6592.0,144.0
2026-08-02,nFoh6aUpr7I,162250,3677.0,93.0
2026-08-02,t3YaLnLMgmg,389416,6929.0,556.0
2026-08-02,xqRCioJXXyI,838374,10227.0,761.0
2026-08-02,hi4WqUtygV8,444422,8939.0,231.0
2026-08-02,z6XO0vXJCbI,1541883,22089.0,1787.0
2026-08-02,EQJQAg5s5NM,1254289,22753.0,1522.0
2026-08-02,xLLa8aVZ8EM,120538,912.0,41.0
2026-08-02,Eu7FcQOlCxw,315373,4221.0,249.0
2026-08-02,DbENsQG2AvM,47471,850.0,27.0
2026-08-02,yorMfrPjJr0,68756,973.0,30.0
2026-08-02,vBqPQiKpUmI,251613,3951.0,263.0
2026-08-02,Sbn6_H9IVtA,1035772,13404.0,553.0
2026-08-02,OaXNLfnsgmM,143957,4036.0,230.0
2026-08-02,qVXEr1x2Pwc,468232,8411.0,319.0
2026-08-02,F-2cP-rr7aY,60968,922.0,45.0
2026-08-02,C-nOuJbQnXE,524398,7220.0,667.0
2026-08-02,LhZoQqbcIdg,334132,3217.0,271.0
2026-08-02,mHRFdvNRTJI,31012,393.0,15.0
2026-08-02,-RuD_U2FDgw,71856,895.0,42.0
2026-08-02,XEghzjTAg5M,309669,4775.0,644.0
2026-08-02,lML4MwiYGOI,64526,1573.0,58.0
2026-08-02,IV2Wa7fZ-Mc,76090,1671.0,22.0
2026-08-02,SRTi59KqjnU,532181,11390.0,441.0
2026-08-02,T1eUtj44Uco,391066,5180.0,427.0
2026-08-02,sKV9ayOHCeE,293859,10344.0,641.0
2026-08-02,HtC4OAr7_vU,273411,7845.0,134.0
2026-08-02,CrwE9k_ji-U,394620,5558.0,1035.0
2026-08-02,C0mXHGmtsWw,45027,905.0,20.0
2026-08-02,bbygNJPYtnA,305407,9669.0,626.0
2026-08-02,lj05jFhLm5w,73936,1197.0,27.0
2026-08-02,ZPssfec9DGk,150449,3109.0,96.0
2026-08-02,fy_OzfGxioM,423458,5644.0,313.0
2026-08-02,yc9EZlPrXOo,950736,9572.0,407.0
2026-08-02,Bzmtl23_PIU,74214,1126.0,62.0
2026-08-02,4Fct9vAEA6w,1519271,35578.0,492.0
2026-08-02,cssZ2sCSXTk,777312,11007.0,1125.0
2026-08-02,rbo7uL6mxgw,33876,593.0,26.0
2026-08-02,8QNE9Jc0Kdw,377107,6767.0,113.0
2026-08-02,L3Hc_i7ISpQ,133510,2449.0,58.0
2026-08-02,lE3kOLeDHdM,405165,7801.0,903.0
2026-08-02,VhMoSjrF6Mg,398404,5905.0,412.0
2026-08-02,r_up9lhgvSk,67562,1155.0,40.0
2026-08-02,p_XrL2iHztA,179758,2674.0,131.0
2026-08-02,m2gGWCkKkIM,862226,22291.0,2192.0
2026-08-02,wtocK4mGGs4,766791,14705.0,276.0
2026-08-02,1uuB_A7GVmE,42399,616.0,38.0
2026-08-02,RIDRevVdhOI,382350,5971.0,652.0
2026-08-02,IF-8Ad7bfcI,248683,5922.0,342.0
2026-08-02,s5mO8OkJ2Mc,104740,1975.0,60.0
2026-08-02,M6UB6hkbTPI,61789,769.0,26.0
2026-08-02,TESgOkDhcQY,884263,20128.0,899.0
2026-08-02,D68DM0FaMPQ,333497,5785.0,483.0
2026-08-02,eqVb8jx8rPI,205635,3202.0,87.0
2026-08-02,XLWk1usEf2k,114540,1722.0,134.0
2026-08-02,mUsAr2Fm8Bg,559370,8353.0,820.0
2026-08-02,67esP10SvT4,132739,2516.0,264.0
2026-08-02,ds7RR1XwCqI,1040891,15655.0,661.0
2026-08-02,jyHTZvG_CYo,98778,1557.0,62.0
2026-08-02,V0kt3BLvJDs,227761,3037.0,270.0
2026-08-02,IVQ6LbB9wNg,42249,788.0,39.0
2026-08-02,pvqhWk6nZb0,701803,9952.0,603.0
2026-08-02,F7fjBEdnb3o,419204,6247.0,323.0
2026-08-02,HquWaQARgkg,85305,1961.0,44.0
2026-08-02,2Ry3-Y_Ogcs,331439,7431.0,989.0
2026-08-02,pnnv2XCM6R4,54376,1132.0,68.0
2026-08-02,nfDDrtp6FJk,1521146,23967.0,2345.0
2026-08-02,d0zhS5BccjI,2177759,73015.0,19941.0
2026-08-02,HsmjEwZq1do,256277,3868.0,398.0
2026-08-02,XGIePxlhfEU,805028,12152.0,4278.0
2026-08-02,9jWZZ2FoXcQ,191086,1340.0,1330.0
2026-08-02,4dmvQIAE4J0,222433,1134.0,143.0
2026-08-02,V8gkWmdjzqg,348909,10330.0,189.0
2026-08-02,vg-euFMHNwk,600293,8536.0,1291.0
2026-08-02,L_KtuPq_GGU,486261,8505.0,3072.0
2026-08-02,xKO7ni6rS8I,1784892,25421.0,970.0
2026-08-02,aOSaIPAg8hE,247806,2522.0,61.0
2026-08-02,OeTGrc3QDVw,101651,2382.0,55.0
2026-08-02,mUqTILQxdz0,123520,2472.0,89.0
2026-08-02,2TcDFMwTn6Y,120191,2310.0,243.0
2026-08-02,7_uZ5JSfHYE,318754,7679.0,181.0
2026-08-02,lAc_2slwUns,441095,4842.0,403.0
2026-08-02,3EHSKs7VkpY,88708,1721.0,53.0
2026-08-02,R1f6aDNdsKk,375170,2960.0,138.0
2026-08-02,8ijDQTWwm5M,493835,6659.0,627.0
2026-08-02,fqusWcSscpo,244992,3190.0,190.0
2026-08-02,s75EI9HxVCU,645998,18760.0,369.0
2026-08-02,pqIXtals8Ec,327631,5368.0,564.0
2026-08-02,IpanzFMJbv8,76752,2039.0,55.0
2026-08-02,USlXSSfaEkk,429558,15097.0,195.0
2026-08-02,0H9vXCYuO2U,1702110,46437.0,1186.0
2026-08-02,pJbc1Tw13R4,916077,12006.0,1682.0
2026-08-02,cC0ZU5Y3lpg,2920589,38204.0,14292.0
2026-08-02,UdkePViEfOE,258197,3999.0,249.0
2026-08-02,A1uI8Hyo9FQ,73515,1954.0,47.0
2026-08-02,fVI7dZEwp2w,53807,765.0,32.0
2026-08-02,e-g_aOLxxcQ,724236,10797.0,1293.0
2026-08-02,_gvGQCaBPN0,809052,18159.0,2435.0
2026-08-02,maAbwK22zX4,58098,1305.0,22.0
2026-08-02,-w22PmWZgkI,483847,4518.0,303.0
2026-08-02,4Xv9TLO0bT0,104743,1884.0,58.0
2026-08-02,E3oLwJrJ7Gc,828554,8855.0,736.0
2026-08-02,K9VSEstQfuU,32942,567.0,4.0
2026-08-02,f17mDgBzymg,342793,4348.0,196.0
2026-08-02,FVyqTAZyGHQ,830570,6606.0,674.0
2026-08-02,erMyXkfgC0w,569612,6028.0,613.0
2026-08-02,HM_LZhHzLT8,813397,9803.0,1138.0
2026-08-02,A70cE2T6a4A,248194,5805.0,103.0
2026-08-02,aKjVNbFidHA,1249803,16559.0,1534.0
2026-08-02,Zi4-OCT2xQA,88467,1163.0,58.0
2026-08-02,o4kq4xd7NgU,1061114,14906.0,1606.0
2026-08-02,31NKUkNz_ZE,175168,1434.0,134.0
2026-08-02,F9p4o5sDIF4,1169122,15272.0,1528.0
2026-08-02,JbKcxWfOAyc,1101418,14406.0,1505.0
2026-08-02,HFE3qKKFEFo,63590,1552.0,37.0
2026-08-02,ZaIv-Nx7W7I,247078,4690.0,168.0
2026-08-02,0Sg-UytVhJg,520398,10749.0,500.0
2026-08-02,R3KErksHKa4,274573,3852.0,354.0
2026-08-02,fDkZWS1QSPo,107845,2458.0,35.0
2026-08-02,6k4S_tZbbgw,36358,659.0,12.0
2026-08-02,ypALSLetYzQ,484012,6111.0,350.0
2026-08-02,5XRVhe-9m4k,894323,19724.0,1419.0
2026-08-02,EBpOQHIzRWE,108170,1462.0,41.0
2026-08-02,atxAfQJaQ2Q,110505,2121.0,202.0
2026-08-02,l-m2X_RbVKQ,46512,1072.0,43.0
2026-08-02,z8zd7ophZi8,470287,5818.0,401.0
2026-08-02,r0T7cKDk2UE,95638,1942.0,64.0
2026-08-02,M3tUcP3rNkA,36964,787.0,21.0
2026-08-02,wd6Klzm3B7U,56976,1254.0,23.0
2026-08-02,AOwRWLnxFUk,428911,2254.0,164.0
2026-08-02,S4na4QCmykY,198195,5265.0,551.0
2026-08-02,yH-p_NyxkGs,640589,7166.0,428.0
2026-08-02,vBoadcFkPJU,26574,497.0,6.0
2026-08-02,Z-wPqp1UPBA,27629,596.0,7.0
2026-08-02,Jkz2S6swFGM,894564,10245.0,553.0
2026-08-02,IqEHwL9EveY,500153,9664.0,253.0
2026-08-02,iKfdtXlthHs,231179,3678.0,71.0
2026-08-02,_4TwI4A8lrQ,508304,5764.0,362.0
2026-08-02,wfvRg_amrYg,60446,1556.0,12.0
2026-08-02,AM_xQZFs7bY,184686,2172.0,57.0
2026-08-02,me7AAtLQ99k,29953,505.0,7.0
2026-08-02,NevdTGq5kEI,165634,3793.0,62.0
2026-08-02,UbOoQ-L98-g,68899,1197.0,15.0
2026-08-02,WP2w2I9qgas,88696,784.0,43.0
2026-08-02,DB4GpBTlcmM,1659954,16786.0,1148.0
2026-08-02,xuAt1FnOjhY,53537,887.0,7.0
2026-08-02,LoYQRnYgyZY,38448,533.0,4.0
2026-08-02,D3dMg1JrGH8,759702,7107.0,295.0
2026-08-02,KZC_0ft3MfE,35649,639.0,3.0
2026-08-02,OZXl2akE7IY,38639,551.0,23.0
2026-08-02,n9FShTOu83Y,36891,865.0,11.0
2026-08-02,N-vsCail1Z0,53562,1346.0,23.0
2026-08-02,cPlOdCqiOIM,1994787,22958.0,880.0
2026-08-02,1-49kHEc40k,555674,6717.0,888.0
2026-08-02,UbqxN56vrk0,27981,530.0,12.0
2026-08-02,42TYIoxdJ78,559768,9214.0,725.0
2026-08-02,Ra8QJbOJ218,457337,5064.0,81.0
2026-08-02,wrmEyCmWdkQ,235205,2462.0,141.0
2026-08-02,OKdqEM0eNvk,974206,9090.0,603.0
2026-08-02,ad4Sn9Obchg,153958,2703.0,55.0
2026-08-02,r50-6_ZjrK8,51094,1012.0,27.0
2026-08-02,iJamSjFZY7Y,536070,4377.0,573.0
2026-08-02,a4Bral8cl9I,114150,1802.0,23.0
2026-08-02,1z4dKxdmblU,109885,1992.0,27.0
2026-08-02,gn1He1mCSIo,1802091,25391.0,1489.0
2026-08-02,a7M_dcX1x_Q,594785,9899.0,156.0
2026-08-02,29rgY7h8vbY,494051,7233.0,385.0
2026-08-02,iQnJufjtml0,646590,10525.0,318.0
2026-08-02,z2_kKx8NGhg,486214,5861.0,666.0
2026-08-02,JHHH3KZNGHs,302076,1847.0,122.0
2026-08-02,Ns1vpxykf5k,91151,1415.0,66.0
2026-08-02,DH4ZUk_ACq4,488953,5848.0,242.0
2026-08-02,BG5nj5gAlws,1482904,12026.0,636.0
2026-08-02,Im3HsXeTzX4,738924,13250.0,116.0
2026-08-02,1OF8doyCYoc,616028,11167.0,529.0
2026-08-02,6TcEYiiUYP4,1570809,30469.0,407.0
2026-08-02,DHCg34W_ARs,911708,16713.0,261.0
2026-08-02,Z42363G72GY,455182,4977.0,474.0
2026-08-02,WWNX-LrKTQQ,653813,10787.0,821.0
2026-08-02,w3lc7s57_FI,404664,3269.0,300.0
2026-08-02,6A755QAxJfg,1214486,11416.0,423.0
2026-08-02,GMNJYVcaCno,908734,27920.0,4326.0
2026-08-02,aaIXLOnsQ4c,263508,3183.0,581.0
2026-08-02,_75KMSWNI8o,359961,821.0,108.0
2026-08-02,uRd135xhw1g,719225,7257.0,500.0
2026-08-02,HpHlJhwPmOs,403527,5213.0,328.0
2026-08-02,_DW6WMYFuhc,288955,3501.0,192.0
2026-08-02,O14dY_wnn08,818074,13066.0,586.0
2026-08-02,PryIU7x8jJY,732497,8595.0,619.0
2026-08-02,z9PMKxQja3k,64822,1144.0,27.0
2026-08-02,hllr9hnwPwE,974974,14088.0,809.0
2026-08-02,GqOnNCq5VQ0,884426,17320.0,1761.0
2026-08-02,niMrZqr-KUw,157772,3146.0,98.0
2026-08-02,zzaRXVVgjiM,1160306,18881.0,1448.0
2026-08-02,oqEvOHspv2U,857752,11332.0,951.0
2026-08-02,SSMCWrzFYiA,400581,10037.0,894.0
2026-08-02,LQYeAl6GEQA,512218,6541.0,675.0
2026-08-02,X9rgnYi3UFw,201544,1416.0,149.0
2026-08-02,161-DJXcPD8,367686,1791.0,136.0
2026-08-02,WIuA12U6Lhk,882799,16319.0,738.0
2026-08-02,ImafWBn0qeQ,1215905,16160.0,1151.0
2026-08-02,wUebiYIc9gY,759175,14609.0,769.0
2026-08-02,F8KxgLoHqYg,695464,8129.0,423.0
2026-08-02,nENYcGYI0Mw,802302,9528.0,1058.0
2026-08-02,Wz6O19W21zg,546079,5639.0,934.0
2026-08-02,TzMKTGoIkGA,450141,5994.0,395.0
2026-08-02,DttGzU6xqL0,598581,6584.0,579.0
2026-08-02,I9cqlAIO8-w,365989,8803.0,463.0
2026-08-02,NhSMfo-SSFg,721821,7250.0,647.0
2026-08-02,LkCV7tBExOw,363016,3972.0,332.0
2026-08-02,EFagoLPCmWU,199888,2002.0,576.0
2026-08-02,rJsKUm4fhIs,315634,4129.0,597.0
2026-08-02,3x4Tg05z6Yg,306251,4609.0,596.0
2026-08-02,TMyrtdjIHgE,729489,8557.0,726.0
2026-08-02,zQVYsPNvzzw,293473,3092.0,156.0
2026-08-02,KYpEKIBw3Ls,346565,4151.0,161.0
2026-08-02,t1pXsCJ3vFI,194044,3158.0,134.0
2026-08-02,Azzc1zPnEa8,817696,10573.0,1692.0
2026-08-02,mBeWta8gJQQ,1107372,12596.0,970.0
2026-08-02,N0Nm03vLSHE,476548,10900.0,701.0
2026-08-02,WH0aNUW8UX4,144799,1697.0,90.0
2026-08-02,81zyMesQNUc,1418160,32383.0,2207.0
2026-08-02,dF_fSU9EnrI,204922,3029.0,279.0
2026-08-02,KKaLh9yu2iY,297463,4583.0,630.0
2026-08-02,6BrJa5chT9M,700002,6567.0,288.0
2026-08-02,Pl5gtvINZ9k,503095,6600.0,936.0
2026-08-02,hK11qfRU_UI,1220800,14856.0,2071.0
2026-08-02,4o-MFQWNIBE,529785,3019.0,287.0
2026-08-02,SWyHd_OvpR8,286562,2552.0,157.0
2026-08-02,9DNalUhcDsg,481199,11567.0,121.0
2026-08-02,VzHax3HQI0A,168185,970.0,85.0
2026-08-02,WqM99LW21Ck,206673,4327.0,51.0
2026-08-02,CCIYJGVzDy8,614109,6850.0,649.0
2026-08-02,yKU9lRfIPXQ,629210,6055.0,361.0
2026-08-02,vqlvE-I6F7U,442110,6254.0,271.0
2026-08-02,DtfXB6w3QQU,576976,6753.0,750.0
2026-08-02,VXHeakmusPU,289441,3048.0,688.0
2026-08-02,os74NzRvQeU,584032,6705.0,313.0
2026-08-02,qgsxTA-y_sA,723787,7744.0,417.0
2026-08-02,BMi3mFq5U44,259559,5285.0,725.0
2026-08-02,MECQjNKuCto,53651,1481.0,53.0
2026-08-02,YrZS-5N_cn4,547659,7473.0,941.0
2026-08-02,fGai88-Fzr4,713413,10800.0,517.0
2026-08-02,93A5AK2fpM0,61494,1125.0,47.0
2026-08-02,knt4yvAfdQ0,168700,3259.0,117.0
2026-08-02,w5sOqUuyGLk,304360,3836.0,484.0
2026-08-02,LR_HGML0_8M,864794,12347.0,1218.0
2026-08-02,Tpyhf5okhnI,1296810,23158.0,1407.0
2026-08-02,gSlqIeq0GrM,1630132,66052.0,11181.0
2026-08-02,0hpcjvInL8Q,170085,2569.0,128.0
2026-08-02,akjAOTLlo1Q,640741,8534.0,846.0
2026-08-02,HvsokQKO8s8,50376,882.0,20.0
2026-08-02,OFwB39moInw,242265,3190.0,341.0
2026-08-02,38K6b3XkKCw,1819004,16214.0,1341.0
2026-08-02,ump-wm8rNcY,175604,4496.0,102.0
2026-08-02,EFqF6PtSuGA,87233,1950.0,30.0
2026-08-02,rAoO0oNzicM,49231,896.0,31.0
2026-08-02,B1qa59zB1_M,42780,833.0,29.0
2026-08-02,-Rv6DP-roWw,384060,15766.0,82.0
2026-08-02,aVnJ93E4i-Y,535034,6999.0,799.0
2026-08-02,bXLJNXypu1k,70938,1385.0,21.0
2026-08-02,Oqc1gKMXsVE,248123,2954.0,153.0
2026-08-02,rtDRROHkij4,48897,1162.0,38.0
2026-08-02,UlKJQFQtCZE,1582015,27597.0,3343.0
2026-08-02,5xyA3njtfM8,805941,23078.0,228.0
2026-08-02,Ia8SU_mrwfc,647670,8144.0,704.0
2026-08-02,SZDSEzAgNvM,477568,5889.0,372.0
2026-08-02,rsPHved4SVU,552845,6079.0,437.0
2026-08-02,j3-PVX2C7z4,557317,8239.0,338.0
2026-08-02,OQLwssllv9U,370045,5511.0,484.0
2026-08-02,jpzGB5lz8U0,725534,6468.0,404.0
2026-08-02,BDxrTUaENWw,249116,4070.0,212.0
2026-08-02,4A8J2bBH3fw,1161829,10338.0,768.0
2026-08-02,2wyi8DBnxBw,1513532,26764.0,407.0
2026-08-02,Oks40zIImSc,732665,9475.0,443.0
2026-08-02,Z7BFEbAMpss,675320,13904.0,1005.0
2026-08-02,9WL7AlmOLXs,357364,4439.0,188.0
2026-08-02,BKZXC4BeiWI,1593605,26878.0,1672.0
2026-08-02,_GNz0PeFIuM,1622691,19187.0,966.0
2026-08-02,7Xje149SpsY,788459,6696.0,509.0
2026-08-02,4u9seiWEYdQ,1932384,32858.0,626.0
2026-08-02,BW8C6X4ee9w,1138616,10475.0,615.0
2026-08-02,JZK-tP7bT7I,1203383,14066.0,588.0
2026-08-02,E7C5Xh5oz9U,227555,2360.0,143.0
2026-08-02,nk_qsKpvMQo,1355015,2571.0,353.0
2026-08-02,vv4ihIfnfVs,457281,6993.0,1549.0
2026-08-02,Z000iINTP8s,989551,9716.0,491.0
2026-08-02,8kPFAm-8kOU,1085141,31317.0,2114.0
2026-08-02,1TrzSxgGObI,371768,4560.0,370.0
2026-08-02,LOBKhpf-oKE,732731,7036.0,419.0
2026-08-02,Yq0EEnOvp9c,712392,23419.0,7589.0
2026-08-02,_DDHqcjzO4k,514613,6583.0,487.0
2026-08-02,H2Xq8ty0QaY,597143,5261.0,318.0
2026-08-02,97EwPHUJ_NI,794049,9312.0,605.0
2026-08-02,J90TTQpspd0,306925,3912.0,246.0
2026-08-02,H70ERz8gMlM,1099659,8800.0,582.0
2026-08-02,ZeXpLdo_Vd8,3153765,62510.0,3874.0
2026-08-02,oYtwKOKU0BY,582654,6733.0,336.0
2026-08-02,-Y8N0KSs7U4,720459,22103.0,2548.0
2026-08-02,ZZCUOdRn2hM,909050,11683.0,702.0
2026-08-02,9-4rhsK_7Lo,528919,5071.0,495.0
2026-08-02,3jutcJj1e_w,349283,4374.0,280.0
2026-08-02,x1O3FZ8MsM8,1200715,10635.0,799.0
2026-08-02,F9ObOPQeWeU,275336,3437.0,159.0
2026-08-02,WApEI0IaJEc,1409975,10640.0,683.0
2026-08-02,dFujMyICK-U,2244355,28975.0,1111.0
2026-08-02,jEnqop_lanA,453887,5117.0,399.0
2026-08-02,3FCv9MvDdFA,1027347,6918.0,555.0
2026-08-02,X-z2JSMWlH0,1183085,11838.0,705.0
2026-08-02,F2iCM2qSOGY,658988,8738.0,942.0
2026-08-02,7XZwOeSa6WY,298068,3387.0,344.0
2026-08-02,GOz2uVzX5mw,601264,5272.0,524.0
2026-08-02,tIHs0W8IVIk,46368,659.0,8.0
2026-08-02,PRp3kJtMQwU,665060,13840.0,665.0
2026-08-02,AuCukfaG9hU,357503,2101.0,111.0
2026-08-02,c2A_cTJIqYE,624991,9164.0,928.0
2026-08-02,uRyuWGqa8QU,506880,7277.0,409.0
2026-08-02,gA7h4OelMyw,345252,4044.0,304.0
2026-08-02,2h9eXfGois0,545773,12776.0,987.0
2026-08-02,OnG1Qx7xe1I,600585,7538.0,694.0
2026-08-02,3fclWKQ2C7w,331127,4268.0,356.0
2026-08-02,TKy2LrYcHD4,551581,4835.0,369.0
2026-08-02,q01xZBCnhNA,779460,8108.0,898.0
2026-08-02,jysx6Fx6i_w,348895,4819.0,364.0
2026-08-02,YEnaITOkEd8,1503497,14139.0,583.0
2026-08-02,tgz7ol-ra3I,926959,11716.0,615.0
2026-08-02,9x4TKHQoWBw,705144,8289.0,711.0
2026-08-02,AGB710SYruo,339848,6011.0,526.0
2026-08-02,wdGq6ZxBKJk,343293,5288.0,512.0
2026-08-02,QF5QC-DizYQ,1178697,15900.0,1541.0
2026-08-02,S7QYsRTLCMw,889180,13602.0,531.0
2026-08-02,tA-0nB_8yCY,1227658,17457.0,1677.0
2026-08-02,k7f31Xn_1n8,524474,17477.0,1604.0
2026-08-02,fA8AQOj8F_I,452399,4962.0,727.0
2026-08-02,KCTQH29Qg-Y,759317,5882.0,427.0
2026-08-02,eBgJTutuwSc,928120,11606.0,694.0
2026-08-02,rk-OwXrNxoU,968463,9751.0,743.0
2026-08-02,ZUZWGmc23l8,3445158,34696.0,1776.0
2026-08-02,-8aTzd6F5QQ,331670,2738.0,225.0
2026-08-02,Ga22mpTDS6A,1737087,16487.0,1219.0
2026-08-02,eiHZaTlMHmQ,305399,4199.0,542.0
2026-08-02,dR50ced-8dI,217414,3249.0,196.0
2026-08-02,LYAqKEH23x0,1121553,16733.0,1138.0
2026-08-02,p5cyDhVXi7A,519608,6090.0,1019.0
2026-08-02,I5uELkKf294,598822,8521.0,1197.0
2026-08-02,L_x8J1bHFKQ,974200,11662.0,1140.0
2026-08-02,bjVRlHg2roU,657021,8503.0,606.0
2026-08-02,GUgPYAWpOZ0,1979083,30653.0,1888.0
2026-08-02,FYALksVxpvo,2034685,29373.0,1905.0
2026-08-02,tyvxFAas-Fw,1134342,17284.0,1893.0
2026-08-02,OohH63cEV_s,696278,7907.0,746.0
2026-08-02,8UnGXCzqWT8,486865,6445.0,474.0
2026-08-02,4f9aW8ibAkQ,402358,5146.0,471.0
2026-08-02,iVEgbs0crZ0,495408,6800.0,505.0
2026-08-02,W6_isgPHWvU,865795,8238.0,538.0
2026-08-02,LYCQNkthLyM,611663,6531.0,368.0
2026-08-02,Sa0xVPldSPI,174402,1667.0,220.0
2026-08-02,GecojKkw7Es,927637,7727.0,554.0
2026-08-02,_4Ovlz973iQ,1290801,17034.0,1073.0
2026-08-02,xGIF-iT4GCs,653903,7071.0,585.0
2026-08-02,lY70g8t2-Zo,884537,9407.0,724.0
2026-08-02,njJ6GsH_oH0,1340313,8198.0,434.0
2026-08-02,0DVYOUVxjM0,479876,4910.0,296.0
2026-08-02,TbZAc5gi1lg,635659,8387.0,644.0
2026-08-02,q-s18A_NStc,618010,5222.0,369.0
2026-08-02,VhUQg7bSayg,288291,4100.0,224.0
2026-08-02,PqNIq_yFZok,841754,12667.0,986.0
2026-08-02,nvxm9atR6i4,292925,5428.0,523.0
2026-08-02,9pXHw8ypHm0,398801,6124.0,966.0
2026-08-02,RyibuB-DUTs,421753,5522.0,1009.0
2026-08-02,h4jh_ZeF-Qo,348894,4911.0,418.0
2026-08-02,NWZdlvevZ1U,589548,6996.0,589.0
2026-08-02,x9K2yVWCnqg,132990,2296.0,121.0
2026-08-02,4tOSUbRaSsY,688069,8566.0,736.0
2026-08-02,lPWZS0TxykQ,666868,8670.0,1045.0
2026-08-02,PIBQFd-YAfU,266796,3379.0,210.0
2026-08-02,rhA7snMYs7g,978345,16540.0,874.0
2026-08-02,4_NCqZ7FIt0,417482,8331.0,334.0
2026-08-02,fEAoVt6vajg,284010,3225.0,322.0
2026-08-02,TzXPxEjEzmw,1162849,12070.0,1587.0
2026-08-02,CRE-orJTLO0,2183380,26105.0,1397.0
2026-08-02,rwvi8jAbN8k,1054043,11626.0,1029.0
2026-08-02,ITYM66o2wIw,407933,6113.0,1084.0
2026-08-02,MESiIYUc2vc,846824,10025.0,762.0
2026-08-02,aceNrMAVM5U,680372,8156.0,527.0
2026-08-02,m0HApYaBXjw,732742,8672.0,1074.0
2026-08-02,oTabQrtv84M,116749,2351.0,42.0
2026-08-02,lwRPPuCn668,415178,3192.0,331.0
2026-08-02,k6EXynJwKXY,677256,10026.0,637.0
2026-08-02,xSYD9e1EuRU,1647567,17503.0,1103.0
2026-08-02,yzc9YzV7Syw,273804,3352.0,452.0
2026-08-02,O91nsg9kRZQ,879923,12796.0,566.0
2026-08-02,LvohTo7WGt0,301377,4413.0,372.0
2026-08-02,VksRswA-Ns4,753077,15629.0,1966.0
2026-08-02,ZapmC1A-cv4,813125,10988.0,1412.0
2026-08-02,UcWFMZEKkrc,537566,5827.0,479.0
2026-08-02,IYgjUrHqDvE,920335,11672.0,719.0
2026-08-02,BIplHfTPuxI,397751,6411.0,383.0
2026-08-02,ijVVHIL7C0g,1609088,25820.0,2896.0
2026-08-02,quEh5LoFH_c,1123945,35987.0,2744.0
2026-08-02,flZGbAoEihc,203706,4384.0,165.0
2026-08-02,xeN7e-LqxlI,843308,10221.0,1334.0
2026-08-02,YmmW8V7b73M,605637,6711.0,494.0
2026-08-02,RUqiqSxLjxg,272061,2613.0,258.0
2026-08-02,MQ7ruD4w6-M,317688,2831.0,276.0
2026-08-02,mWZZCZGRGF4,134393,2453.0,143.0
2026-08-02,DTopRyWTstQ,1006969,14522.0,1265.0
2026-08-02,8lo3Dmg5uP4,241625,3990.0,626.0
2026-08-02,tw0i-3GbDLs,282171,2895.0,572.0
2026-08-02,phEcZPONXxc,809934,13222.0,1201.0
2026-08-02,eBMWMliI_vQ,355445,7037.0,564.0
2026-08-02,RGTj4ciIB24,355700,5201.0,689.0
2026-08-02,hMGVkdQk16Y,1989606,17930.0,8474.0
2026-08-02,A9joKYgpUT8,238481,3286.0,156.0
2026-08-02,8j4sI5lHtKo,1051369,12677.0,1458.0
2026-08-02,qtwXsAlAimw,620343,6799.0,351.0
2026-08-02,u-Mzr0PHCQM,276129,3328.0,507.0
2026-08-02,XajfPW1lhyA,2774584,28715.0,1577.0
2026-08-02,L9QRybzWstk,1452438,23462.0,1740.0
2026-08-02,p3fTRa9N_IU,287573,3424.0,237.0
2026-08-02,iIR2pYVLqtw,412173,5863.0,989.0
2026-08-02,6_d_hU5Jqdo,245169,2920.0,199.0
2026-08-02,DYNfpSSMJzw,1090194,8150.0,735.0
2026-08-02,4OLostqHleA,876227,8807.0,725.0
2026-08-02,4LHUrIERM50,2140497,14789.0,905.0
2026-08-02,YCwCKU06xNM,2271994,24715.0,1381.0
2026-08-02,ee9cA0dq77I,428000,3995.0,342.0
2026-08-02,tCZeTqEjHVo,238348,3498.0,333.0
2026-08-02,r1zW8tqOyas,390241,4706.0,244.0
2026-08-02,0yJL4x_G3rg,1179635,14277.0,2686.0
2026-08-02,2UuftnOVm2s,409306,4580.0,277.0
2026-08-02,2WODWnq1-xQ,968132,9397.0,630.0
2026-08-02,Wl1yGkiDaFA,408069,5541.0,745.0
2026-08-02,fFI9uVdf6sk,2402735,23221.0,1336.0
2026-08-02,poV4ne5Pd5Q,513016,5249.0,692.0
2026-08-02,8P6aUNS6Y2g,600911,7758.0,695.0
2026-08-02,OvX0T76qbVY,799028,10203.0,893.0
2026-08-02,pR6Q7Tk0A_k,432329,5191.0,611.0
2026-08-02,O5pscw-Uck0,498959,6576.0,666.0
2026-08-02,bC-78cLA86E,1841461,21195.0,1232.0
2026-08-02,LFYMaHcnBVQ,969116,9506.0,575.0
2026-08-02,ouqFdCPuN3s,413410,5069.0,305.0
2026-08-02,A3wxNMANQIU,474868,6719.0,456.0
2026-08-02,k8tKBbreRNM,386636,6070.0,493.0
2026-08-02,GkVWBb2-KeY,449498,3914.0,297.0
2026-08-02,nAtujJm5PNc,2254868,22101.0,949.0
2026-08-02,KkYwOniDuMo,2075641,19641.0,1143.0
2026-08-02,cEScUqJeQzA,1457609,38825.0,2200.0
2026-08-02,dY7kntGnJdM,195208,5516.0,334.0
2026-08-02,12Q8i81DLUo,336555,7082.0,563.0
2026-08-02,wnrZeMS5qMI,460053,9495.0,678.0
2026-08-02,D6V_zVqub-E,320922,8192.0,568.0
2026-08-02,GacFTjwDZAk,824003,7674.0,392.0
2026-08-02,D6KtZp2T258,231422,3044.0,393.0
2026-08-02,k8BBSaHf6iI,1079668,8920.0,513.0
2026-08-02,Kx_WQFscKq0,457634,6516.0,582.0
2026-08-02,ZFIbYRhg51Q,387816,4387.0,292.0
2026-08-02,RLDhVpqqnJE,845352,11561.0,764.0
2026-08-02,1iesSR0phFY,376545,3996.0,376.0
2026-08-02,n8AfusLmE7w,660229,7430.0,515.0
2026-08-02,Zc7Ftti3_aw,776512,16849.0,969.0
2026-08-02,SbxhyVb7JMQ,493072,6195.0,386.0
2026-08-02,G3DXXvcX7Ew,296113,3496.0,165.0
2026-08-02,r6MDw9Gb070,243414,3460.0,560.0
2026-08-02,Do0epabd-Ew,607552,9614.0,1013.0
2026-08-02,DcS68SucHcU,1565553,51953.0,3741.0
2026-08-02,Pnexn6J5PW4,901891,12082.0,446.0
2026-08-02,dZUq8xVXPgE,242318,2843.0,176.0
2026-08-02,xaqp4pBdPok,278048,3776.0,176.0
2026-08-02,NAoHr3xEguQ,948737,10419.0,827.0
2026-08-02,cBXtgcjg1N0,1253360,12215.0,981.0
2026-08-02,TUTdJxNrG4c,797591,2306.0,137.0
2026-08-02,GhIHK6Xqv1M,2053495,30255.0,2118.0
2026-08-02,guc10_Ydzo4,903442,10471.0,633.0
2026-08-02,nttE3-8_boQ,626069,6796.0,625.0
2026-08-02,JQ_q2024vT4,446593,5796.0,690.0
2026-08-02,ImruSbg0iQ8,897286,9974.0,1015.0
2026-08-02,387emEw5JwU,382191,9941.0,733.0
2026-08-02,9CjRb72GC0k,575677,4707.0,384.0
2026-08-02,Tw1B3IDJvVY,3169107,27187.0,1442.0
2026-08-02,ddMOtaFwDcM,798892,18426.0,1149.0
2026-08-02,IBA3k7GBsWc,1961709,34699.0,3297.0
2026-08-02,NTndXfhR0zE,74017,892.0,125.0
2026-08-02,VY6D1_7Ajr0,766800,7587.0,697.0
2026-08-02,ri1WfmgMFz0,705742,6299.0,650.0
2026-08-02,KSAHyCNYw1A,376551,5224.0,483.0
2026-08-02,xGAEMUCjWTM,777111,16982.0,884.0
2026-08-02,yxqrbHNwT_E,1159973,11479.0,746.0
2026-08-02,U8-FHsAPIr4,608192,8157.0,790.0
2026-08-02,1-nWL4gBqaM,838962,9859.0,538.0
2026-08-02,Bc0Wv_6STYI,920300,13521.0,912.0
2026-08-02,DlLE8b3CC44,328105,4957.0,425.0
2026-08-02,XFia3csKyWg,553328,19084.0,961.0
2026-08-02,v5tiuJav8b0,345953,4886.0,328.0
2026-08-02,q3KydX1F3sg,841668,9997.0,981.0
2026-08-02,Q_8D-adAjtU,515445,6032.0,542.0
2026-08-02,fg2cbRRTaEY,654275,4884.0,648.0
2026-08-02,sy5CPsAnN7M,1935150,25089.0,1600.0
2026-08-02,7U_eiJYNytQ,491243,7175.0,594.0
2026-08-02,p4R6NECDpOQ,680847,10772.0,951.0
2026-08-02,a5kEFaNstVI,1448283,29272.0,2378.0
2026-08-02,n0l54H7Q418,562104,7315.0,453.0
2026-08-02,QejzcDzvmkQ,1046156,15775.0,1679.0
2026-08-02,N8i6ePzVfbk,820945,11704.0,981.0
2026-08-02,rzjcUtXQz4E,359136,3850.0,313.0
2026-08-02,kWMmRyTrjps,690583,8720.0,679.0
2026-08-02,_UtXbictJtQ,323846,6831.0,845.0
2026-08-02,30jyM3KGd8U,164759,2368.0,171.0
2026-08-02,nE8qkQ6uHy0,491921,5620.0,350.0
2026-08-02,ZfggNr7Dxig,643001,7733.0,1064.0
2026-08-02,Zk2fDzPBiIw,689347,5968.0,410.0
2026-08-02,AFwMil7lapQ,859421,9473.0,952.0
2026-08-02,UfWnEHGZVQY,552554,9366.0,767.0
2026-08-02,WwUy5dGh1DE,953891,11550.0,733.0
2026-08-02,BluAOlK8jYw,1088574,11820.0,1137.0
2026-08-02,VqdXWwzkaKw,861687,12927.0,1543.0
2026-08-02,pN6pbHITBfk,349169,10046.0,673.0
2026-08-02,ub0IMsI7d8U,1111820,14467.0,880.0
2026-08-02,_TApfEWBsPo,1709441,31811.0,2193.0
2026-08-02,mo07lEx0Qaw,435819,10429.0,365.0
2026-08-02,LEpSiICAlvo,1553919,16027.0,1242.0
2026-08-02,jmtA3Ll3mcI,1275846,19486.0,2156.0
2026-08-02,NIX1BbU3aE0,1082629,13517.0,888.0
2026-08-02,YJt4DL0RavA,422751,7240.0,910.0
2026-08-02,By1f5K_SmLo,272586,3267.0,417.0
2026-08-02,YT4eqCBxTXs,808595,9726.0,913.0
2026-08-02,7UXQ7nr25DE,426670,8812.0,965.0
2026-08-02,3fsfp4WnxDA,518293,7239.0,822.0
2026-08-02,Qc95J1JMF5s,1027272,14770.0,1172.0
2026-08-02,ILeK_Y1sZHk,877903,8464.0,761.0
2026-08-02,VcEpa5cDIGA,803987,9989.0,795.0
2026-08-02,5b0F39pruH0,1372317,18979.0,1689.0
2026-08-02,qVXKZPCe_nI,561226,7051.0,539.0
2026-08-02,P7I_HE41W3o,232497,2182.0,258.0
2026-08-02,rdNEfWRRAxA,255038,4443.0,353.0
2026-08-02,VbsbOijW_3k,2482939,37632.0,2611.0
2026-08-02,cJd3ofMvKOc,1625396,23434.0,1106.0
2026-08-02,JAaCFI6TNsc,77432,2206.0,53.0
2026-08-02,QnmYd9ieJzM,355577,4449.0,303.0
2026-08-02,ll1YEAtOlYQ,366739,5779.0,554.0
2026-08-02,-Ye75PaVOnI,487010,12094.0,377.0
2026-08-02,M9STobkX6L0,1595043,41049.0,372.0
2026-08-02,gnagPlzL1yQ,710463,10602.0,874.0
2026-08-02,S5P_VWbGUq4,502985,5952.0,698.0
2026-08-02,93Tu3r-II1M,595838,5455.0,399.0
2026-08-02,ZN-AoO4IHQA,289301,3795.0,331.0
2026-08-02,QxeUb4nfefU,457549,5655.0,865.0
2026-08-02,CMMoPWICfrU,337595,5189.0,342.0
2026-08-02,5tPLntHymt4,733686,5646.0,600.0
2026-08-02,2IGpI-r3Ays,781031,7957.0,839.0
2026-08-02,YD3eQUwR-sE,495942,7239.0,1962.0
2026-08-02,FmT3XRyIhVE,926970,9107.0,1062.0
2026-08-02,yfYXcsM5S4c,299678,4610.0,539.0
2026-08-02,P8BeiHZ7fPQ,1258384,13101.0,912.0
2026-08-02,CHwIOQC6meo,303302,3476.0,771.0
2026-08-02,IT1mWbw8KS4,608819,7596.0,440.0
2026-08-02,nBTOHF9c5Ls,684555,7377.0,837.0
2026-08-02,lGvaPEcFuNM,451812,5747.0,529.0
2026-08-02,KHxKhTNjGvc,891719,9492.0,966.0
2026-08-02,ugpS8F2Xq2g,457392,6254.0,747.0
2026-08-02,69YqG3ZidOo,258541,2427.0,230.0
2026-08-02,TwhDNSEuTRE,521059,6038.0,1083.0
2026-08-02,wCy1uZoCorw,332700,8062.0,1927.0
2026-08-02,ZfWbVQy5qTo,578367,7507.0,535.0
2026-08-02,h7qBg9cxmrk,570897,6330.0,638.0
2026-08-02,OAhpLf8Cxzg,2374960,33856.0,3203.0
2026-08-02,beuF_SMc0hU,627228,7356.0,682.0
2026-08-02,yRHby2FgUTY,286493,3960.0,331.0
2026-08-02,53rIbdhjYms,996153,12227.0,1301.0
2026-08-02,63n9zCbqKF0,535567,6479.0,502.0
2026-08-02,YSVHfx3_CAE,386455,5903.0,454.0
2026-08-02,gQu_ZdbzpzE,365022,5674.0,933.0
2026-08-02,lEvEMg74pE4,1382208,14461.0,1091.0
2026-08-02,A72d784WRfk,382315,5929.0,1494.0
2026-08-02,VtvnzFxi2vc,726999,6887.0,1163.0
2026-08-02,Ckdll3aNpYQ,702473,9438.0,1369.0
2026-08-02,TCd1SXwamEE,187031,3070.0,269.0
2026-08-02,EaHYZXa46H4,227085,4247.0,485.0
2026-08-02,Q6mks64845g,1222466,12279.0,869.0
2026-08-02,drIHSOcf9tk,588417,7242.0,512.0
2026-08-02,oYO_paloGr8,215044,2960.0,460.0
2026-08-02,Wf_IOU9QTVo,273819,3670.0,287.0
2026-08-02,yZc6iBhKIWw,788076,9744.0,1006.0
2026-08-02,VJRCzcB13Ek,1370547,17733.0,4113.0
2026-08-02,-7nFDxxoEcU,155804,2794.0,322.0
2026-08-02,omcr6-TGWdM,378181,5444.0,478.0
2026-08-02,FcqWRi8j9CY,734174,7659.0,1163.0
2026-08-02,yIrgcb_UlH4,594040,6957.0,781.0
2026-08-02,7nkU5WOW5XE,156515,1636.0,119.0
2026-08-02,J1qUmNujAKg,171523,2851.0,534.0
2026-08-02,V-qhbdJKD14,1205478,17658.0,1267.0
2026-08-02,Ru2Xm0pTnaw,540977,6918.0,565.0
2026-08-02,UzZp0LIwJu4,219742,4342.0,347.0
2026-08-02,llTYjUeEDz0,1231347,9984.0,567.0
2026-08-02,2upe3h1XeZc,1462057,13511.0,1303.0
2026-08-02,bGOG2YXFnK0,423478,6576.0,2342.0
2026-08-02,o7p6KpjZfi8,332628,4908.0,281.0
2026-08-02,ZtvBqJ_Jy3I,221411,1549.0,149.0
2026-08-02,DesVudIM7K0,440710,9746.0,520.0
2026-08-02,i3z-2hH0OYc,434821,4872.0,257.0
2026-08-02,nKbbhOiodj0,593322,6181.0,593.0
2026-08-02,iETX-0aXL9o,437704,6091.0,725.0
2026-08-02,lHO1MCSMiRA,479826,7524.0,465.0
2026-08-02,RMiQVFnd2Ts,1308828,11806.0,892.0
2026-08-02,jN8-p-u6EpQ,411688,4756.0,525.0
2026-08-02,1R3EvJVuokE,342212,4622.0,869.0
2026-08-02,cCD2TH2BEzM,324312,3435.0,406.0
2026-08-02,_rfLMFvqM_g,1112568,11598.0,1744.0
2026-08-02,5WGPnS9Vefs,251215,2776.0,210.0
2026-08-02,W5RWAPoajtA,368606,4562.0,284.0
2026-08-02,rqFTeQM3Kh0,620684,5406.0,1129.0
2026-08-02,9hyMJX6WZy4,213492,4523.0,324.0
2026-08-02,ErxJ-2dZewg,117146,1828.0,169.0
2026-08-02,BOcQwiN41sU,236522,3150.0,359.0
2026-08-02,dpnXcw-8EfE,925847,10226.0,817.0
2026-08-02,1OdYs6HSiFg,1053316,18844.0,1224.0
2026-08-02,oMYmXQo_niI,385152,3053.0,688.0
2026-08-02,hDBLhQWX8v8,945457,8898.0,1033.0
2026-08-02,999AzbfM7kw,116911,2127.0,493.0
2026-08-02,7Z9is71Sx4M,696806,9054.0,630.0
2026-08-02,EzvX6DhNpvE,1465663,11028.0,1086.0
2026-08-02,V6Txn2cGHt8,734951,9285.0,978.0
2026-08-02,K-ht_Fk4Ewo,263473,3594.0,335.0
2026-08-02,A_G6UNFI9Ic,189009,4525.0,390.0
2026-08-02,gj53ZSshqzo,1275251,11968.0,1115.0
2026-08-02,wogACRFnBc4,1394362,18323.0,1302.0
2026-08-02,0px13Ek75Q0,338273,6201.0,338.0
2026-08-02,glWoWOYGksk,1291572,9102.0,1092.0
2026-08-02,1XBvKNHBgWo,781823,7804.0,1207.0
2026-08-02,F5TTseXNxYs,332583,4504.0,738.0
2026-08-02,4iAPsAPPWQM,403399,4224.0,574.0
2026-08-02,4oQtkXFMVco,1251811,22412.0,1883.0
2026-08-02,f8eGEK4Apzg,1105685,10963.0,857.0
2026-08-02,m9jr18Jb6eE,429994,6058.0,1100.0
2026-08-02,A7FGqfN2A-U,2328350,19024.0,1610.0
2026-08-02,0vEjblLx1oM,908645,13225.0,18490.0
2026-08-02,U6gBVE-fy0k,369926,3719.0,396.0
2026-08-02,KU6bE6ZVZb4,612028,7373.0,768.0
2026-08-02,HMMiB5oMd6k,868777,11250.0,1463.0
2026-08-02,4qGhBeetoqI,835439,23727.0,2327.0
2026-08-02,xSUntunUqdE,689599,7126.0,2050.0
2026-08-02,_xNlwFckDyY,946084,11865.0,773.0
2026-08-02,CmjwCpcbLpM,546743,7660.0,550.0
2026-08-02,j_6KzZFJUxM,2788347,26459.0,1776.0
2026-08-02,W5S-FT6XOsA,263415,4116.0,436.0
2026-08-02,Vi4PV3zyWoI,592599,8752.0,221.0
2026-08-02,JU6w5k8Lreg,200215,3283.0,299.0
2026-08-02,KYX_UCJZpAc,545266,7614.0,1040.0
2026-08-02,Ve5YQUC-E4A,1148211,13593.0,1588.0
2026-08-02,M1hDFPejDAo,669766,17028.0,1044.0
2026-08-02,ZbpQEoLIEYw,551760,5930.0,440.0
2026-08-02,-KBFHzLttaA,2088560,16845.0,1182.0
2026-08-02,BFFY_s38udE,770393,6358.0,1126.0
2026-08-02,bUAQB2QIJjw,248590,2731.0,441.0
2026-08-02,q6w4mxPvVeg,1219934,12242.0,1463.0
2026-08-02,NHPcqPbbFBc,376830,5789.0,298.0
2026-08-02,vYkCwHsk0iY,637446,6563.0,456.0
2026-08-02,eWaqwCJHMMg,660751,8148.0,919.0
2026-08-02,CMxFKATq2OI,932396,11845.0,1723.0
2026-08-02,EAA933VzHwc,1030382,15022.0,1400.0
2026-08-02,RJ44QO7fRvo,846304,14663.0,1549.0
2026-08-02,T0ECukvHsF0,445381,2355.0,235.0
2026-08-02,hdnRXrETuMM,1102606,19603.0,2120.0
2026-08-02,XN-om29--Bc,835030,9039.0,681.0
2026-08-02,UCGIvN-Bdc4,629882,8186.0,665.0
2026-08-02,k3oZqkK8_fs,1022423,11110.0,696.0
2026-08-02,gGF0Kt5Z4HQ,1208004,13460.0,2491.0
2026-08-02,O2n9bS_wVAE,375772,4612.0,817.0
2026-08-02,aOcm-wy8-eA,359316,7291.0,535.0
2026-08-02,OhSonbjjfCk,961873,12090.0,1273.0
2026-08-02,bIyxX6VoeSk,826765,8255.0,773.0
2026-08-02,AWsojsqqbNA,366693,6386.0,445.0
2026-08-02,bAR8XrGBKzg,1824055,15446.0,1166.0
2026-08-02,u3RDTxQuCs8,669890,7848.0,917.0
2026-08-02,z1y6AUgZ7ig,630004,5361.0,349.0
2026-08-02,Je1V8eNWojk,282812,5594.0,526.0
2026-08-02,BuYxygvFWsU,1293292,32642.0,2724.0
2026-08-02,qjDX7NNDMWM,2138537,34189.0,2227.0
2026-08-02,UGgMyheufpo,1289451,17301.0,1579.0
2026-08-02,mF585Jls4_k,1106349,12779.0,984.0
2026-08-02,hx-H9Ap2pes,326544,4000.0,357.0
2026-08-02,YXlmojPmcCs,946250,8269.0,904.0
2026-08-02,9u603l1OruU,525807,5924.0,906.0
2026-08-02,Ry6HisoBajY,732595,8089.0,880.0
2026-08-02,PLTgzjcPGiY,799433,5571.0,1019.0
2026-08-02,EZFEkimPEHk,1042356,10036.0,976.0
2026-08-02,d0y2lJjHwV8,534037,4415.0,450.0
2026-08-02,x-WdnahVUFs,503690,6824.0,434.0
2026-08-02,uFx-BuMBZIA,417970,5852.0,797.0
2026-08-02,mzhifxAJ3js,1867352,16681.0,597.0
2026-08-02,VDr2hYZDOYE,2692204,18080.0,1991.0
2026-08-02,-wSDbNopGOU,548509,8521.0,539.0
2026-08-02,jsS3vMzddfw,440368,5538.0,461.0
2026-08-02,LLCX3CMmNL0,367051,4025.0,696.0
2026-08-02,hDy4Jz1seJE,677351,7473.0,669.0
2026-08-02,0fpRHgpZTXg,229643,4397.0,517.0
2026-08-02,FRNGzjwrXys,746113,11301.0,694.0
2026-08-02,K-JBmDmBL1I,1143122,8737.0,1032.0
2026-08-02,GnSJWX1dipQ,357871,4987.0,870.0
2026-08-02,Cto5NsBuR9k,1383812,13745.0,1746.0
2026-08-02,WqLNBvffN8k,1296221,15678.0,948.0
2026-08-02,XNWEopen1Uo,1988483,20763.0,818.0
2026-08-02,kHc8Jc_7Xlg,572547,7637.0,578.0
2026-08-02,fKXwGNzuf3Y,928292,10382.0,920.0
2026-08-02,xkVX4uJrJ0w,1313638,34415.0,3860.0
2026-08-02,WOm1uEdhcPg,525381,13522.0,1184.0
2026-08-02,k19irwUABe0,885013,11589.0,1200.0
2026-08-02,H5tki3IQqaI,695120,5423.0,657.0
2026-08-02,cPatcAQupHY,296805,4396.0,781.0
2026-08-02,Pmz3ziooa_c,1023289,15534.0,1345.0
2026-08-02,fTWbhxA6mxg,580503,9812.0,772.0
2026-08-02,TBp0OUwhJbw,478576,5841.0,556.0
2026-08-02,WQJ3X-qgPik,627432,4878.0,704.0
2026-08-02,kx59DjsZ_2Q,2032326,21524.0,1481.0
2026-08-02,WAeDKj2oG7E,420396,5596.0,596.0
2026-08-02,Favgw7hbTtA,524995,7816.0,1196.0
2026-08-02,FCwpkLI5cwo,1319140,17720.0,1072.0
2026-08-02,lqgZpChmZ-s,959953,7378.0,1190.0
2026-08-02,xZcIFS0_XnE,445977,9252.0,736.0
2026-08-02,qCjt-eM2L-A,1863838,23231.0,2549.0
2026-08-02,LyMbNq3SUXA,1896894,20982.0,2345.0
2026-08-02,qeX4_MEnLLo,1399374,15583.0,1863.0
2026-08-02,XxY-9w0yTcE,1562297,15806.0,1086.0
2026-08-02,6W6MvEMYN50,498873,7521.0,1123.0
2026-08-02,Xf67MHSWZKk,449975,3722.0,347.0
2026-08-02,t5WZJGQZR40,575379,6597.0,722.0
2026-08-02,HU0cvWlVUdk,236822,3499.0,504.0
2026-08-02,p0vqEId3PCc,1100284,11994.0,1320.0
2026-08-02,ZozbCbayo7g,338354,4692.0,336.0
2026-08-02,nSWkHyRSRMs,636565,6739.0,965.0
2026-08-02,KckPU8D6ebc,1703944,19038.0,1648.0
2026-08-02,H-BcE5n-OzQ,1063538,13224.0,925.0
2026-08-02,DrfZI-fU1Cw,239206,3899.0,285.0
2026-08-02,cjIMSjNKXos,652196,8917.0,1501.0
2026-08-02,F99YrfCzJ7o,529283,6412.0,741.0
2026-08-02,4Yg2CVSssfY,2872531,24679.0,1967.0
2026-08-02,W5hAIRbs_lk,219979,4580.0,1179.0
2026-08-02,fgBvEdppqyk,545643,7699.0,472.0
2026-08-02,b_B2cKsS-go,2175334,18484.0,1771.0
2026-08-02,6SaUBsiBXsw,579381,7196.0,595.0
2026-08-02,wB4CcBJe98Q,280025,3376.0,358.0
2026-08-02,ha8dwsIDgBA,712342,11169.0,727.0
2026-08-02,IHSSpPs7_rE,173064,2454.0,301.0
2026-08-02,kHEhNYm-3p8,219997,3492.0,300.0
2026-08-02,lvYNWQEgwAA,595888,8213.0,685.0
2026-08-02,WrFzSd2TktQ,342663,4708.0,629.0
2026-08-02,_x-kKqaqZXE,939252,21322.0,1732.0
2026-08-02,BQ-On-c-Yrk,424455,5421.0,529.0
2026-08-02,oigksFaA-J8,629558,10053.0,869.0
2026-08-02,yFIq6d4IhAk,699166,8366.0,976.0
2026-08-02,y0_KWZkxJ7k,912658,14379.0,3426.0
2026-08-02,HKqOWlqVilA,243532,3760.0,331.0
2026-08-02,Q02Jq0VCP18,933820,15681.0,1257.0
2026-08-02,vhoGaZ44bdQ,3732208,34942.0,3721.0
2026-08-02,6xkvZZLmjZ4,169160,2711.0,209.0
2026-08-02,wpHR7N_opwM,2399781,25822.0,2308.0
2026-08-02,S7IfX8efLSs,795735,7331.0,1218.0
2026-08-02,aVvOl_EvYlM,432411,5924.0,776.0
2026-08-02,540GthDxyew,373611,6545.0,714.0
2026-08-02,myQyT_rHMkU,1633889,17141.0,1025.0
2026-08-02,TM-wkzUuX7w,401236,8252.0,581.0
2026-08-02,VQL_fNLKrFU,2328251,49186.0,4223.0
2026-08-02,L1vzoJdnAhA,1578523,16648.0,1229.0
2026-08-02,ivfIKHRrrq8,820750,9772.0,1169.0
2026-08-02,Dn37H1eTRkU,2956004,27037.0,1740.0
2026-08-02,DkTJpUE0WgE,804339,11788.0,1689.0
2026-08-02,RPPqNsiZdkw,714524,13813.0,3031.0
2026-08-02,zbS30B7Oslc,1777482,18483.0,3344.0
2026-08-02,MFx37Fs5Q44,493926,5934.0,882.0
2026-08-02,ijWKaN5spcU,706357,11021.0,1560.0
2026-08-02,1h5hbDxKR_o,1426366,16687.0,2024.0
2026-08-02,8iuO7bSNnF8,778414,8309.0,760.0
2026-08-02,2kqANdtRAvg,325669,4909.0,563.0
2026-08-02,9oFmAFWWJzE,434064,5177.0,1135.0
2026-08-02,PXDAfvNuB_U,424604,6673.0,720.0
2026-08-02,LIcDZYNt_ps,795085,9621.0,1591.0
2026-08-02,UTMBo9NTuqM,512261,7867.0,619.0
2026-08-02,leecaCYua9s,193559,3192.0,327.0
2026-08-02,BhXWm1spQg8,770642,7524.0,558.0
2026-08-02,N8o81-h3crE,533638,6185.0,760.0
2026-08-02,FTz7IyYhKQk,203597,3937.0,573.0
2026-08-02,MtsahMpXOls,279442,5111.0,418.0
2026-08-02,jVN2Qblo3iE,636156,12567.0,1430.0
2026-08-02,MQZSzG8hjdA,621773,7490.0,483.0
2026-08-02,OJ8yhbqSRfQ,375424,4564.0,338.0
2026-08-02,0Bx5rJNoGkY,288357,4909.0,521.0
2026-08-02,vQPfpyjV658,381966,5109.0,1100.0
2026-08-02,2lz26bokLig,1073276,11132.0,1124.0
2026-08-02,rLyymNzFyfU,521065,6478.0,1177.0
2026-08-02,n62TlrmMNho,867947,14347.0,2037.0
2026-08-02,d8b2dzP8_qg,983818,14208.0,1464.0
2026-08-02,dZdwdWd0kx0,200424,5598.0,610.0
2026-08-02,ibA1vL-JkdM,464524,6895.0,2650.0
2026-08-02,zqo0fFFgwQU,194346,2270.0,260.0
2026-08-02,VfehP2h61lo,435078,4937.0,285.0
2026-08-02,p4JuVQSqGvE,685430,9346.0,1348.0
2026-08-02,TLMbSn-nmZw,373834,5099.0,413.0
2026-08-02,eYp1EAM3c1U,905024,9082.0,1141.0
2026-08-02,Vh7yP4UWlnI,747821,6709.0,1238.0
2026-08-02,UhwsCd8EsS8,883210,10345.0,532.0
2026-08-02,sKfEoPr9CKM,736543,11949.0,857.0
2026-08-02,8Ylqreer_1k,142818,2107.0,192.0
2026-08-02,U2v59sd_9IE,484106,5252.0,465.0
2026-08-02,NsI6PyAGbNk,297949,5152.0,196.0
2026-08-02,efmlR9-r2H0,742145,5690.0,475.0
2026-08-02,LtRucA4hT_M,495354,4698.0,569.0
2026-08-02,ggkZcLn2m0I,1355633,19023.0,1228.0
2026-08-02,k1WTInxNyxE,844743,9392.0,738.0
2026-08-02,6p7_j8ff9Cc,750680,10149.0,741.0
2026-08-02,EodUiAMfpBM,685289,9192.0,810.0
2026-08-02,tUH_bDQL5bY,859971,10733.0,1887.0
2026-08-02,0cZqBDBW_XA,297159,6530.0,1343.0
2026-08-02,6IKGq6Akd_A,745199,7664.0,462.0
2026-08-02,sBZFk2CxYM4,1251764,17625.0,901.0
2026-08-02,Y_N-bH7ZDuc,612034,6753.0,900.0
2026-08-02,xENw-PAG1jQ,623947,10068.0,806.0
2026-08-02,iqk4vtXcdSU,245082,3651.0,343.0
2026-08-02,G3MbfnnlUlE,1062844,14162.0,876.0
2026-08-02,o2i8vD1Ab4E,880200,14062.0,2043.0
2026-08-02,Rpy4Rztmu1g,1197917,18585.0,1843.0
2026-08-02,gHz0-eM2Q1w,970009,8060.0,727.0
2026-08-02,BfQmqXLLs4k,171366,2978.0,420.0
2026-08-02,j60yWVGNeYU,1206009,5123.0,838.0
2026-08-02,_K3dcRWPAIg,823140,11517.0,777.0
2026-08-02,uqeu-lP5wJg,340354,3573.0,450.0
2026-08-02,qllfii86tKQ,447766,4875.0,398.0
2026-08-02,ZUpNPdhCOWQ,928578,24371.0,1430.0
2026-08-02,uPTdpnRTBIE,530325,6264.0,850.0
2026-08-02,gH7GuLRhHgs,1492651,15479.0,1342.0
2026-08-02,0iaoggmejcA,675581,7126.0,702.0
2026-08-02,utyYSlsmsMw,1081499,16026.0,2615.0
2026-08-02,OrJ7c67dXuw,942282,17977.0,2000.0
2026-08-02,bk07JY0fggM,382281,3420.0,478.0
2026-08-02,DP5r6jHluvo,585302,6489.0,494.0
2026-08-02,mPWWiNHYxWs,221371,3608.0,354.0
2026-08-02,KufKb7hUCyI,1341016,10766.0,1101.0
2026-08-02,Y-avnK_whrE,342095,4069.0,511.0
2026-08-02,s9vTi2B7xVQ,486330,5073.0,448.0
2026-08-02,13DxVgo13WM,292061,6717.0,715.0
2026-08-02,vsf1Uxxog_Y,487506,13648.0,1499.0
2026-08-02,R6C3ER-YltI,343645,4123.0,448.0
2026-08-02,CdX8PeCXYkI,884279,8775.0,865.0
2026-08-02,XVJXEYMyYf8,1363281,11247.0,1148.0
2026-08-02,Ys7UkQMrGeM,1149536,16935.0,2054.0
2026-08-02,L69W_p8BYcQ,500998,8117.0,321.0
2026-08-02,GlxPyh4P878,450915,6071.0,1049.0
2026-08-02,yEhMSeW5xkQ,306386,5622.0,773.0
2026-08-02,gi02NaedFBE,972213,11350.0,894.0
2026-08-02,RNvetTpVK_w,487318,5696.0,399.0
2026-08-02,bW-LkNCUgeg,450900,6305.0,435.0
2026-08-02,5CuRmbMazVA,494927,7534.0,376.0
2026-08-02,FZAwR75qoTU,151846,2256.0,346.0
2026-08-02,6-zhtnQJkG0,1196424,20309.0,2100.0
2026-08-02,bQbD4zDi3DI,568201,10522.0,2861.0
2026-08-02,t6lYzvjOLtg,659718,7358.0,999.0
2026-08-02,UiBa7j8eL-s,913013,6830.0,458.0
2026-08-02,xM-SL-cR0cQ,1341859,16406.0,1951.0
2026-08-02,DGOY2HnlMi0,1021154,22255.0,2707.0
2026-08-02,IZzFknrU0II,506845,6755.0,796.0
2026-08-02,hiK_eOEHbAc,414675,6137.0,486.0
2026-08-02,b3XQm398kuM,1304413,12914.0,1326.0
2026-08-02,sZc-TrOpNno,2486223,25553.0,1751.0
2026-08-02,v4LK3iNQN2s,1617237,6205.0,608.0
2026-08-02,-JAnQov4oGs,1449399,19322.0,1470.0
2026-08-02,haJjvg0UMqg,864734,10591.0,1578.0
2026-08-02,bb_tLpJoy3E,1290354,11172.0,1808.0
2026-08-02,L0-ntbMEhDI,386336,4602.0,422.0
2026-08-02,cLrTcsC6crc,328944,4849.0,314.0
2026-08-02,3PCZvMlPj2Q,441301,8219.0,1382.0
2026-08-02,rPuZRQMWfck,710492,9617.0,759.0
2026-08-02,sYYV1uo62V0,110769,2077.0,261.0
2026-08-02,_Df4yhV1LLQ,377959,4503.0,387.0
2026-08-02,ACjRbuSjQps,584463,9585.0,665.0
2026-08-02,FmVXdKwOAYM,438929,6049.0,756.0
2026-08-02,Q2r8OO4tGbk,105731,1601.0,99.0
2026-08-02,UQiGXNIU_g0,1030413,12315.0,702.0
2026-08-02,aZ9VW4nNJz0,2266179,15217.0,1976.0
2026-08-02,fhntc2Lopic,928736,12280.0,1888.0
2026-08-02,sIvS3ov5P78,420003,5807.0,824.0
2026-08-02,wqrBHM4YpQI,239946,3841.0,326.0
2026-08-02,ug-Fk8Ol07k,664721,7788.0,950.0
2026-08-02,h76QTiQ1FwE,906319,10332.0,917.0
2026-08-02,PTIBpwUDwO0,887885,15194.0,893.0
2026-08-02,V33iV8NObZ0,578811,7633.0,1167.0
2026-08-02,lBS9YC3HYPE,175226,2967.0,515.0
2026-08-02,MelnpjQPHaE,654404,10505.0,1429.0
2026-08-02,JZ_PkLAZAXQ,219804,2678.0,246.0
2026-08-02,-FkR-uajc9I,442863,5963.0,1270.0
2026-08-02,M3YA4WiKTfA,595212,7787.0,1853.0
2026-08-02,lrSZy7sbzQ0,760934,8677.0,536.0
2026-08-02,JCub653FBqg,226981,3468.0,551.0
2026-08-02,uQGnPa_MIbA,297676,3674.0,490.0
2026-08-02,GnZ4RA7DwUU,223926,3302.0,548.0
2026-08-02,1RtogAfIiQQ,659616,10773.0,1027.0
2026-08-02,E2HESXpT1HY,3356561,123977.0,13261.0
2026-08-02,DZSTQ61t0hQ,435853,5714.0,1222.0
2026-08-02,A7Lzpv3ZSsU,557876,6010.0,567.0
2026-08-02,8oHES2X-5qI,1804521,23877.0,1688.0
2026-08-02,egb2LK4a-ng,431332,9008.0,481.0
2026-08-02,AluxyaxmaAA,737264,2953.0,312.0
2026-08-02,kj3H47naUpM,1011446,14321.0,1786.0
2026-08-02,s5M5aKi-8ZA,3157988,31829.0,1633.0
2026-08-02,AHPTpO_EOTQ,336555,3136.0,478.0
2026-08-02,Fh_haJQbSe8,729884,7626.0,855.0
2026-08-02,hf5Jm6Th4u4,347015,4010.0,1086.0
2026-08-02,mOBaKwe5t8M,216830,3151.0,249.0
2026-08-02,RZ9KNVU8704,280840,3452.0,379.0
2026-08-02,9DJRkGtj1Cc,523716,6874.0,1114.0
2026-08-02,IBbDIpEixrU,9880014,107340.0,11872.0
2026-08-02,waP15uXl2eQ,563033,12269.0,1086.0
2026-08-02,p1L1W3nW__M,444927,10294.0,920.0
2026-08-02,duq7YdlwY8Y,419947,8976.0,1542.0
2026-08-02,TicLlMu_urA,322404,5758.0,405.0
2026-08-02,I3STO7HbCcE,271447,3393.0,417.0
2026-08-02,b1VPVFGVfRA,2221125,19782.0,1482.0
2026-08-02,SK3rhTUG6eY,1590486,17479.0,2340.0
2026-08-02,BUJ9MWAq5Wo,889323,12923.0,1179.0
2026-08-02,HS7ErGM7p3k,1510497,12192.0,1151.0
2026-08-02,RByRvtl2N94,992801,10294.0,1078.0
2026-08-02,49aSAc17WeU,1044802,17408.0,978.0
2026-08-02,7ct1dY8y9f0,294234,4260.0,339.0
2026-08-02,nBMfBFXGc20,1029272,12007.0,958.0
2026-08-02,7RLrz2gycU8,1820205,17931.0,1755.0
2026-08-02,Hq_Kr8mSiEI,583731,6809.0,1217.0
2026-08-02,HUZki1tTB0A,1623488,17602.0,1100.0
2026-08-02,4BMRPkX5my4,1305267,24944.0,1525.0
2026-08-02,TrdYVMCGSQ4,1284921,12948.0,1105.0
2026-08-02,V6VZxtfetJA,411200,4264.0,593.0
2026-08-02,IRwUXabFAWE,1234856,11912.0,788.0
2026-08-02,gIgGUSyItQk,2036985,26574.0,2856.0
2026-08-02,XND8GC7SpDw,2652536,28161.0,1409.0
2026-08-02,-3fm2P9wNDs,689008,7793.0,594.0
2026-08-02,g8Q69gVN5mc,829469,10803.0,634.0
2026-08-02,7O5ptq0RSB8,1284298,21407.0,1257.0
2026-08-02,SXMHmhtilV4,3021138,44438.0,1467.0
2026-08-02,Qnoy24aCTDk,987997,15480.0,1554.0
2026-08-02,OhB73K2iDO0,1070101,11343.0,827.0
2026-08-02,mp20RqlJwbo,10577223,168437.0,11104.0
2026-08-02,DX3nt8_flQQ,710476,13934.0,1460.0
2026-08-02,g6SwFXwkBhM,493631,5773.0,669.0
2026-08-02,DNsVx83c0fQ,425301,5506.0,473.0
2026-08-02,It8A4pPrKkw,741488,6617.0,493.0
2026-08-02,tTgjy7REHhM,1922440,24467.0,1108.0
2026-08-02,KO9kP8SJFq4,797266,13128.0,3389.0
2026-08-02,kKx4hKZWR5U,598124,10563.0,811.0
2026-08-02,moJVYyvsy30,456663,7802.0,735.0
2026-08-02,cDVFG2n2EU8,828552,11292.0,1104.0
2026-08-02,6oUIxtbCERw,456384,5007.0,444.0
2026-08-02,RAVecQNdqdw,601029,8245.0,771.0
2026-08-02,d-aqQ0C_9MM,809950,12695.0,642.0
2026-08-02,GnjhzA8oXyY,2270836,23591.0,2393.0
2026-08-02,-DzCX7cGcGU,816181,9842.0,1272.0
2026-08-02,vQXqxXUS6S4,1074685,8955.0,1888.0
2026-08-02,m-rTJGpBFAE,339365,4605.0,389.0
2026-08-02,fA-6kNf5su4,245708,3023.0,330.0
2026-08-02,hXjrqKrd5Vo,726019,8049.0,1066.0
2026-08-02,fV0svoJpsMg,2439252,20696.0,2210.0
2026-08-02,uu_7yI9exgk,3270943,33589.0,1743.0
2026-08-02,vbTQuWo8n90,851200,12672.0,1031.0
2026-08-02,B6QBNQkIQnc,1038811,23114.0,1849.0
2026-08-02,tGgbVgtq6Lc,945068,11645.0,791.0
2026-08-02,QRDLa_T42D4,1023726,9873.0,992.0
2026-08-02,lLkOEZdlbtQ,2690301,35668.0,4114.0
2026-08-02,KjuSAnjyr0M,1545466,14193.0,1795.0
2026-08-02,_Lf9wj4LE7c,1690008,24305.0,1172.0
2026-08-02,96MpMPaKaHE,1625467,22993.0,1965.0
2026-08-02,6_xPoxL-4bQ,457963,5881.0,810.0
2026-08-02,1d_9iAb0ZMA,1000064,8961.0,767.0
2026-08-02,rpkwbRi21pA,506112,5864.0,711.0
2026-08-02,fLs7Gg_VJ10,646321,6633.0,749.0
2026-08-02,j6ivBI8zDNM,455291,6557.0,884.0
2026-08-02,WKTJTnRUXMw,377050,4700.0,298.0
2026-08-02,w-XYOQQF6BY,548481,6460.0,886.0
2026-08-02,cBTgxDvTMxw,771745,6757.0,545.0
2026-08-02,fGvMf0OehHw,1121054,16364.0,1280.0
2026-08-02,lha9oHsu2ag,2012434,23830.0,1122.0
2026-08-02,q4JitO4t2bo,492776,7386.0,1182.0
2026-08-02,FWEoR4Fgk_Y,901228,12202.0,946.0
2026-08-02,Z3I0vVdqJ7k,2070833,21709.0,1092.0
2026-08-02,KR_88YodpRY,495163,4211.0,401.0
2026-08-02,Bwe26hmEhW0,1340864,24163.0,1185.0
2026-08-02,IowzQAi5Xno,374862,9320.0,1296.0
2026-08-02,ZaenA101S-M,372415,4626.0,720.0
2026-08-02,ihpfkmtqulU,622566,8410.0,2003.0
2026-08-02,T100und5zIk,7316003,56948.0,5801.0
2026-08-02,MIc6WINmW0w,584185,4682.0,1333.0
2026-08-02,3k1z4M2cc1E,2008067,25387.0,2584.0
2026-08-02,U0WJVifUnJQ,929345,11190.0,1372.0
2026-08-02,A2FTFoy8PV8,1278001,12235.0,807.0
2026-08-02,kxIpQ_ORXUg,684621,16038.0,1678.0
2026-08-02,IiTSI9-q0ps,219659,2576.0,399.0
2026-08-02,pSZ7FnZI8_c,473962,6906.0,853.0
2026-08-02,rRVNfBuGClA,311328,5696.0,898.0
2026-08-02,ddJUu5Hw9cU,2195288,29713.0,1366.0
2026-08-02,jL87hgzO7vA,990748,6018.0,482.0
2026-08-02,X87MG5lv1W0,782956,25023.0,2516.0
2026-08-02,2w-iWVqf0oM,882224,3576.0,426.0
2026-08-02,4R62pP2X9aE,886075,14076.0,1097.0
2026-08-02,KQxYWsW6z-U,1505822,13717.0,1181.0
2026-08-02,oXmyb_QJUFk,1951068,24778.0,1607.0
2026-08-02,aLviHKgeJOY,455371,6150.0,1056.0
2026-08-02,IYwG8EtimJE,349405,4981.0,751.0
2026-08-02,DzI8ssstKcQ,649838,9871.0,1487.0
2026-08-02,wZEIhXXM3xk,1155513,18385.0,3926.0
2026-08-02,Wb4ZCxbSlQ8,1243468,12578.0,1380.0
2026-08-02,id3xxfgQvjI,555140,13163.0,1038.0
2026-08-02,8Jnwg3Wn1MQ,958361,11937.0,1140.0
2026-08-02,F5Mwkl5DgJg,822675,11780.0,461.0
2026-08-02,w6iPA9_CuwA,462117,5329.0,582.0
2026-08-02,VaXb0g4G4Ug,1015652,8398.0,943.0
2026-08-02,QA-ywcfbiMA,2365294,26452.0,2665.0
2026-08-02,Rh4aR4Wukug,477305,5905.0,615.0
2026-08-02,aeXo1Uz8FDU,334298,4702.0,622.0
2026-08-02,4wB4iGPdPXw,1648056,12356.0,1269.0
2026-08-02,e-56mOkILms,1480976,15206.0,1263.0
2026-08-02,BCYrb8BmM1k,504294,6858.0,996.0
2026-08-02,SZ1a_v1TsI4,698148,5119.0,880.0
2026-08-02,oQYPgD3cIP0,1163248,13367.0,1755.0
2026-08-02,GcHTXEYCXNg,1087629,18080.0,1985.0
2026-08-02,93pLN-LUqV4,355467,5156.0,956.0
2026-08-02,6gf9egw2DJA,505346,5568.0,600.0
2026-08-02,DkmzHrUYs2w,301123,5460.0,860.0
2026-08-02,CPrTegO9aSA,202126,4975.0,344.0
2026-08-02,gr9MVXkXuxs,668129,7909.0,594.0
2026-08-02,BazRmtH26g4,492155,6038.0,867.0
2026-08-02,fGD6qE0i__4,631085,8290.0,856.0
2026-08-02,3IeYYN0Kz2c,2150158,20537.0,1481.0
2026-08-02,XdaZyOjUjF8,1736777,19428.0,2768.0
2026-08-02,9lYDS3_oV64,407712,5109.0,334.0
2026-08-02,3hThHvQAZro,863300,10163.0,1101.0
2026-08-02,00AxXFbgvgE,328320,3907.0,527.0
2026-08-02,E2MD_21MNwU,212549,4074.0,412.0
2026-08-02,HiGuvsUiCNI,1003891,9067.0,1652.0
2026-08-02,Yx_vpgtHN_U,507484,5399.0,855.0
2026-08-02,TseYUQKrMZs,487667,6585.0,974.0
2026-08-02,l6Roq91gYj0,475174,5236.0,897.0
2026-08-02,wfIpOtgJ2iw,1488853,35279.0,1375.0
2026-08-02,g52Beas26lQ,539851,12862.0,1513.0
2026-08-02,okFrYeZb96o,519089,6711.0,1393.0
2026-08-02,SMpf3Uc0JrU,446493,5227.0,562.0
2026-08-02,ZAegVqPa3EA,600725,7593.0,856.0
2026-08-02,HX1WLSHI-LA,818182,15525.0,2055.0
2026-08-02,wtlXnpZAnOo,633031,7356.0,810.0
2026-08-02,U8h0m7s7V5s,273452,5066.0,569.0
2026-08-02,QJ02NHju5oY,780242,9041.0,640.0
2026-08-02,WNdCY-HDm0Y,642398,6954.0,1354.0
2026-08-02,sDBpEOAPvOw,945466,15160.0,1439.0
2026-08-02,_T0dQYbJMAU,1746969,17999.0,1249.0
2026-08-02,cUMX4wminc4,2060959,17303.0,1661.0
2026-08-02,h-jiw3kY-sI,222683,3022.0,347.0
2026-08-02,bhnMtEHHYiY,591003,5936.0,1035.0
2026-08-02,IrJ8TUsjRh8,890312,10337.0,954.0
2026-08-02,DYZ7IaLmiTw,592565,8603.0,1198.0
2026-08-02,iIUPwXr0eBg,842419,7521.0,980.0
2026-08-02,pJAuyAgKCF8,346931,4873.0,474.0
2026-08-02,VBRgy3Wao30,832715,17095.0,1486.0
2026-08-02,15Sg28kI_G4,570250,10809.0,1879.0
2026-08-02,zaKT4RDGpqI,898342,15736.0,1730.0
2026-08-02,yJglsCBPnV4,340373,4663.0,463.0
2026-08-02,gpJrZdVLfHU,275451,3663.0,379.0
2026-08-02,N_SBd9wm4Ys,526652,6995.0,1461.0
2026-08-02,95fbfWQRKA4,590311,24087.0,3735.0
2026-08-02,S8_OH3Ey7ko,465870,6177.0,1626.0
2026-08-02,NHH6ng7612o,1978546,33127.0,2271.0
2026-08-02,0xexSuj1s3g,1296280,16259.0,1229.0
2026-08-02,WHAIO6lxe9M,1314742,33717.0,4584.0
2026-08-02,ljgoKjMvMWM,468983,5169.0,528.0
2026-08-02,551Sj3w0Avk,379054,5855.0,488.0
2026-08-02,LsmwR2meu4Y,821953,7446.0,987.0
2026-08-02,0WLoZOAZWzk,556845,6907.0,1006.0
2026-08-02,k5StMNkZNJE,5588065,64105.0,4211.0
2026-08-02,vjOsO2yMv7Y,349257,4702.0,1252.0
2026-08-02,fJaV3XpMRmk,323551,3686.0,687.0
2026-08-02,Ej03Bq99xj0,224645,3139.0,366.0
2026-08-02,Sl3j14jdnE0,1322651,10980.0,3366.0
2026-08-02,aRvDnZMz6j4,525202,6259.0,1142.0
2026-08-02,FFc-Ot356I8,663971,6833.0,832.0
2026-08-02,vUMcKiUvOOk,972761,12307.0,2954.0
2026-08-02,NvNKtZo3Lvc,453372,5608.0,740.0
2026-08-02,Rx-K760ugxA,1876640,25557.0,4049.0
2026-08-02,23x3sU35l28,241538,3140.0,716.0
2026-08-02,-Fd63ME1imw,885718,10969.0,1760.0
2026-08-02,nNvLfteovls,390552,4902.0,706.0
2026-08-02,zfvULDMKWF8,1451119,13087.0,1589.0
2026-08-02,OShWitxiqM4,243127,3400.0,429.0
2026-08-02,k29O2xAezeo,2393543,18998.0,2468.0
2026-08-02,FcpP9eObRYk,389380,5267.0,907.0
2026-08-02,iSeklNYXoTU,537352,7567.0,562.0
2026-08-02,C_MSqj7B5p8,1531637,13626.0,1146.0
2026-08-02,ciqEWfLktLE,965251,7540.0,713.0
2026-08-02,Vke0KSOmCUw,838695,7874.0,834.0
2026-08-02,QLf_cBZl-2Y,868302,7233.0,783.0
2026-08-02,brI00_-KBCg,487755,5732.0,896.0
2026-08-02,8SWyHMXKL68,1002572,11521.0,795.0
2026-08-02,9hKHC32aYE0,635331,12067.0,2319.0
2026-08-02,VQ66rU_MHV0,343865,4185.0,502.0
2026-08-02,CHtJHfUGBIM,256188,4378.0,387.0
2026-08-02,V96hV1Jysp8,403011,4747.0,375.0
2026-08-02,JWToEtJI4Qw,1461862,10847.0,1432.0
2026-08-02,hfnuU3IH6gQ,967253,8467.0,645.0
2026-08-02,evEqnPKMO5M,399034,4798.0,561.0
2026-08-02,CxkYRi-BGjA,1212547,9408.0,792.0
2026-08-02,3Do7nNCDP2g,406821,9254.0,616.0
2026-08-02,zZANIjocxUo,393682,7117.0,841.0
2026-08-02,qJVKaXuQ98E,692402,7332.0,777.0
2026-08-02,q0MbI31R4UE,234080,3844.0,337.0
2026-08-02,0LayfKCcz0w,893342,8252.0,608.0
2026-08-02,KfTgmSIS1uE,611209,7520.0,421.0
2026-08-02,mnFC_xvfK2U,800116,6578.0,757.0
2026-08-02,rr5p7H11CxA,586836,5190.0,568.0
2026-08-02,uKIN3Rvn8aA,2223738,22635.0,1275.0
2026-08-02,Vnbkl1Lla04,442782,7505.0,593.0
2026-08-02,qA32IGVuODE,1154572,5370.0,529.0
2026-08-02,XSzfXoYx0Xg,2720721,18331.0,811.0
2026-08-02,Ypw2XVpz4a4,2734538,27610.0,3712.0
2026-08-02,N14t_U0GIAI,427122,4392.0,475.0
2026-08-02,u4sRWXu87ks,863109,12617.0,625.0
2026-08-02,qOxYKLOG_nA,889078,15937.0,943.0
2026-08-02,AYZED_Zx6Hc,333103,3477.0,326.0
2026-08-02,Ly0IMZCMG6s,1142716,11004.0,1348.0
2026-08-02,iyStz9bZHnY,1809150,18594.0,1109.0
2026-08-02,dA0ttQ6lnP4,452185,5522.0,545.0
2026-08-02,8C_I8pJhfbk,2692888,26821.0,1495.0
2026-08-02,hWe1DAp8GV4,877151,9260.0,1520.0
2026-08-02,3fUgTV6VKDY,911383,13070.0,986.0
2026-08-02,3_8ef7xJaaU,2313374,23307.0,2417.0
2026-08-02,bvCQnu2mnfY,449818,13901.0,1539.0
2026-08-02,1CUq9Lq5UEY,2449876,31428.0,3330.0
2026-08-02,HIjCZL8BiAo,1146783,14812.0,1128.0
2026-08-02,aFqfOkXGg58,664013,6438.0,801.0
2026-08-02,Bog8P_smKlA,362862,4858.0,493.0
2026-08-02,d1PCw1yp4Xc,681075,6301.0,798.0
2026-08-02,7Y57gnHTUno,824834,8951.0,1266.0
2026-08-02,35Hj9MAzdPQ,1178014,9337.0,930.0
2026-08-02,uvtcxKXU_9k,435032,4809.0,583.0
2026-08-02,ZGZj3zv5RK8,377071,4761.0,470.0
2026-08-02,biDuhz-5ESo,1577991,18297.0,1718.0
2026-08-02,CEmkNCx5ruA,705345,6471.0,366.0
2026-08-02,w-63QNeJoKM,640888,6139.0,910.0
2026-08-02,gL4svcBDI0Y,587299,5083.0,591.0
2026-08-02,uYcmx5Vqu0g,492983,12723.0,1491.0
2026-08-02,h0jagPStHlU,2994872,21989.0,1709.0
2026-08-02,LFY2D-U6XwE,402239,4703.0,414.0
2026-08-02,Xaq04iOJqjY,685443,7736.0,711.0
2026-08-02,Y0WUW8UUkLs,154429,2291.0,417.0
2026-08-02,vPzx9kHeQAs,1143014,21532.0,6126.0
2026-08-02,kgDafQZMuP0,383836,4363.0,330.0
2026-08-02,AvoS2G9WMP8,416840,4860.0,330.0
2026-08-02,JjT3sZmWCHs,248699,2984.0,333.0
2026-08-02,cuVnXayR4wc,223170,4283.0,1330.0
2026-08-02,gC-gzoPD6Is,2362148,18413.0,1315.0
2026-08-02,QC6sOJ032h8,332355,2432.0,252.0
2026-08-02,Hdh4V_Uk5as,494064,4579.0,269.0
2026-08-02,fIgncRfM9KE,1050075,13002.0,2983.0
2026-08-02,gLwBYTShzB4,275019,2855.0,151.0
2026-08-02,3l1CIX23mrI,1199447,9602.0,784.0
2026-08-02,0smKHQMDCNM,314013,2983.0,243.0
2026-08-02,-WEqFzyrbbs,387015,4307.0,275.0
2026-08-02,4Oq2zjt_wTU,225692,2072.0,163.0
2026-08-02,DC7Joo94BAM,278521,5215.0,381.0
2026-08-02,WziVdoonTCw,358802,4117.0,442.0
2026-08-02,aT0k1R2D1-0,300420,4206.0,378.0
2026-08-02,_BUepsKPoFw,929954,7231.0,839.0
2026-08-02,Djhya5G3BSk,3595413,27906.0,1068.0
2026-08-02,vdN-Eii2fOw,784697,8638.0,623.0
2026-08-02,7rk7LBAoqzU,1081675,14077.0,1029.0
2026-08-02,h2kzp_C9Z6E,1686382,14041.0,1017.0
2026-08-02,N6cZXZktnO4,765011,7249.0,932.0
2026-08-02,yxU6xkVSNrc,339393,4793.0,392.0
2026-08-02,fBraVQd5T7k,734652,5931.0,408.0
2026-08-02,q2s47_57U1k,1108017,13311.0,2956.0
2026-08-02,bPJ3Fzd_T-U,1364990,12884.0,891.0
2026-08-02,vU6glnBBXqE,593914,5202.0,1491.0
2026-08-02,L44FI_1y7RQ,142464,2636.0,166.0
2026-08-02,O0Wj0mzq9VE,279090,3668.0,324.0
2026-08-02,qG2ZiOnls1M,622632,7289.0,793.0
2026-08-02,GmpeliHmNhQ,688201,7457.0,350.0
2026-08-02,vTVwIhJoejk,559924,4582.0,571.0
2026-08-02,vaWKlwOrgts,522854,5024.0,544.0
2026-08-02,SNhua9p8QGk,680184,7239.0,538.0
2026-08-02,BmQ5l042_78,582406,5811.0,461.0
2026-08-02,mffCD2M5rtM,1591403,11135.0,944.0
2026-08-02,fpbJNx3u8DA,259726,3905.0,450.0
2026-08-02,_Ppxac4LAzQ,1785934,15521.0,1391.0
2026-08-02,HpY2A3CM0WI,613099,5337.0,446.0
2026-08-02,MeAplifMdRU,463972,4668.0,423.0
2026-08-02,85SVBp0KkYk,313180,4306.0,347.0
2026-08-02,SDynekmtAKA,297325,3415.0,484.0
2026-08-02,t5MhdpIIULw,478403,8131.0,476.0
2026-08-02,rejP68_1VcI,707046,5477.0,305.0
2026-08-02,fGSiSRhPkyA,474455,5782.0,290.0
2026-08-02,nsWuy9DflLE,1903732,15338.0,365.0
2026-08-02,Bcrpn7tkoy0,267638,3295.0,581.0
2026-08-02,d7U0By1Fi4k,1250220,15869.0,1159.0
2026-08-02,O4fFZH6Uczw,329852,3148.0,401.0
2026-08-02,A22tHrQKL3s,781914,6000.0,227.0
2026-08-02,tEkapo_gcUU,442291,6456.0,560.0
2026-08-02,OAA1WNJ67PA,1322936,13345.0,2465.0
2026-08-02,HVaUSn4wBM0,250602,2495.0,330.0
2026-08-02,MaLhp45w_Pg,1122083,10393.0,834.0
2026-08-02,rS2mdMF6zSI,183533,2870.0,245.0
2026-08-02,aDwuUoimcIo,425644,4283.0,296.0
2026-08-02,JfCAKrJdUzk,1576941,21838.0,1740.0
2026-08-02,4_SrVvL6EWE,855533,8286.0,525.0
2026-08-02,OQd2uzgKhrg,759853,6884.0,1140.0
2026-08-02,_eX0EUe-meU,361817,3386.0,472.0
2026-08-02,qrRyKwR7REI,886446,5821.0,769.0
2026-08-02,ewJIgpFRrw8,251504,3095.0,282.0
2026-08-02,BROyQTDpMjI,2047600,18920.0,3241.0
2026-08-02,n_6a9K-6-Ak,111760,1569.0,145.0
2026-08-02,VwQjFOAH-7g,196207,2671.0,127.0
2026-08-02,7ytD2mi2NhI,838836,5520.0,587.0
2026-08-02,MgPq9HpZj3Y,160826,2123.0,625.0
2026-08-02,GRd6LLt20Ew,1159129,8304.0,311.0
2026-08-02,cabzUqnj_-o,256430,2127.0,291.0
2026-08-02,kpfdr4lcbss,339274,3152.0,460.0
2026-08-02,ZRaaSouGxWo,760440,8840.0,497.0
2026-08-02,0P5M0JFuRE0,161707,2091.0,203.0
2026-08-02,CRXm8J2JS5g,1311147,6329.0,280.0
2026-08-02,xZLLa3lMxlE,495771,4803.0,392.0
2026-08-02,EDjwSZOr4rA,876274,6828.0,189.0
2026-08-02,2oMf5H7hSM8,438359,3239.0,416.0
2026-08-02,5yCJSF9U60o,964691,10653.0,1130.0
2026-08-02,d4rt1NdWazw,225274,3630.0,429.0
2026-08-02,m-xUa-J5Njc,257084,2161.0,234.0
2026-08-02,wVE-hSewOq0,460993,6579.0,812.0
2026-08-02,NdCJ15dkh-Y,217055,2241.0,286.0
2026-08-02,sZRCiezYKLM,1209460,8293.0,1066.0
2026-08-02,0gYTNN7RAjY,782780,7149.0,469.0
2026-08-02,1eSZLvbHekA,668952,6129.0,634.0
2026-08-02,NZgAEQjxI0w,914532,9384.0,657.0
2026-08-02,x3NoBHvaowQ,1077272,5907.0,277.0
2026-08-02,69k24LCaVkg,141691,2327.0,210.0
2026-08-02,YX230Pq7T1w,346251,3067.0,320.0
2026-08-02,gDihfbThVOA,198768,2168.0,220.0
2026-08-02,rWxwFpJcFFk,751398,5068.0,643.0
2026-08-02,VsEwYQl1EQQ,865475,13135.0,686.0
2026-08-02,A5TQxgxBqsU,1046191,8189.0,946.0
2026-08-02,5exKZ2QZqwg,205208,2345.0,225.0
2026-08-02,VawTdGA2jE4,1263043,8378.0,442.0
2026-08-02,jEjRFBpQ9EA,261272,2536.0,422.0
2026-08-02,Z2y80Y8aFIw,544531,4994.0,1199.0
2026-08-02,bsdTMJbgJ6k,129719,2783.0,274.0
2026-08-02,M6CPdl__m84,559775,4494.0,970.0
2026-08-02,QJPmI0YP3Ag,3080386,22154.0,732.0
2026-08-02,30fg_vgQvD4,626979,5606.0,601.0
2026-08-02,bxidkpUBVIU,311808,3558.0,611.0
2026-08-02,fgJEzUwG_0c,274312,2970.0,179.0
2026-08-02,s-wrBC0CbDw,352682,6927.0,959.0
2026-08-02,PFuV00ybEjc,318656,3405.0,470.0
2026-08-02,MRaJ47qFVXE,1181950,8629.0,290.0
2026-08-02,7My-sdXv__w,1127246,9888.0,393.0
2026-08-02,cOF6N4Ut8Z0,833619,7460.0,1362.0
2026-08-02,o_NujHwIkW4,5469387,43911.0,1476.0
2026-08-02,KvoqlA_-h5g,891871,8775.0,767.0
2026-08-02,0kFCq_sdzgw,1290373,10446.0,1315.0
2026-08-02,VEe2zrygZ80,1050236,19708.0,5225.0
2026-08-02,X2O6Jf_AR6s,683294,6142.0,820.0
2026-08-02,zlHHufsT3XI,1192920,14587.0,1538.0
2026-08-02,Lz7U_TJ6bwY,537624,5067.0,713.0
2026-08-02,CKX3E9-pXyY,282606,3068.0,464.0
2026-08-02,rNT7MR0UMBM,533990,10521.0,408.0
2026-08-02,5ukXQn4jXxI,747470,6295.0,539.0
2026-08-02,7YQijKljKYU,1370866,9925.0,929.0
2026-08-02,xvGvAJrmL9g,91359,1827.0,155.0
2026-08-02,xkm-oSOgE_U,1330539,11921.0,1132.0
2026-08-02,VItB7Aw5tNg,1063802,9617.0,705.0
2026-08-02,eeN5wQopy0g,49218,690.0,127.0
2026-08-02,Hc6gcrQ9Gy0,268913,1965.0,137.0
2026-08-02,1Bi1NxJD-os,2712874,31284.0,2682.0
2026-08-02,k_HnFP7cPbU,992999,9477.0,1174.0
2026-08-02,tZ0vQrWbx7s,1108033,10625.0,572.0
2026-08-02,u4xQHdZhod0,286042,3041.0,309.0
2026-08-02,BoqZT1N6Z14,603259,4475.0,308.0
2026-08-02,o54tUwTAr34,675390,4560.0,579.0
2026-08-02,oAOYg_2v9ok,429809,3629.0,410.0
2026-08-02,w5HPy1af6OY,225595,2809.0,544.0
2026-08-02,2pCra_ARWb8,673178,6110.0,554.0
2026-08-02,nqPNSD99GMc,525328,9326.0,362.0
2026-08-02,wtEclq9XZBI,96783,1700.0,240.0
2026-08-02,SvB55au-wXk,588623,5192.0,737.0
2026-08-02,1CVmfXfR_Qs,62353,818.0,79.0
2026-08-02,pGeTwrU1xzA,786023,5841.0,634.0
2026-08-02,WibB7xBimfM,547440,4830.0,631.0
2026-08-02,BELhyPVFvZc,261452,2263.0,168.0
2026-08-02,Oe8PTYvRlz4,587128,11592.0,704.0
2026-08-02,ePaNUKwNoJc,408298,3097.0,242.0
2026-08-02,NHkcli4Z8j4,510001,6137.0,403.0
2026-08-02,RrDjgBSnNsM,620141,5926.0,271.0
2026-08-02,34SyuNAoC_w,45129,833.0,126.0
2026-08-02,7Ig9uPUskzk,97906,637.0,123.0
2026-08-02,Eti46UfgF04,8105410,19283.0,1679.0
2026-08-02,DjZgOco3P48,760086,5174.0,262.0
2026-08-02,goVREpjdI2A,114037,1987.0,271.0
2026-08-02,cyj_NdjSMBU,576457,6397.0,833.0
2026-08-02,ql2yQz5NkoA,1011946,12658.0,1990.0
2026-08-02,nlDpdyNLFKk,709258,4726.0,352.0
2026-08-02,NC1gN-ZE1uQ,332558,2944.0,396.0
2026-08-02,mczpIo6GiM0,814467,7153.0,1476.0
2026-08-02,Wam0_dQ8pAc,128180,1507.0,132.0
2026-08-02,W_KXknv61Sw,632761,6350.0,922.0
2026-08-02,4UmIAzX8JUU,123973,1920.0,176.0
2026-08-02,52QqfG-vXr8,1735427,10512.0,385.0
2026-08-02,UkE-iEzCeDU,663813,5508.0,612.0
2026-08-02,MbFCKEbRUKs,1974280,13484.0,1683.0
2026-08-02,DSJzyTM3VtQ,227540,1785.0,161.0
2026-08-02,0fKNV5I7v18,60157,3182.0,370.0
2026-08-02,QafuMMK6TVg,138584,1604.0,340.0
2026-08-02,1IDgid_sLW8,1059033,10954.0,674.0
2026-08-02,Hww-Xzxklz8,765474,6100.0,617.0
2026-08-02,SYEOykw__f4,724108,13094.0,655.0
2026-08-02,giBzqkzRb4g,159362,679.0,145.0
2026-08-02,OiaiXV7_WPQ,1139978,9273.0,1011.0
2026-08-02,WkA2Kvsum2o,2597406,12140.0,1194.0
2026-08-02,nG_q3lkLyJg,260112,4905.0,7522.0
2026-08-02,EO55c_AKr-U,526603,3346.0,531.0
2026-08-02,RF2nU7KjF-A,934059,11266.0,848.0
2026-08-02,xI1HorgQP3k,653479,4440.0,424.0
2026-08-02,0wlLVfFgDQg,756629,6156.0,1010.0
2026-08-02,qNRtpBSqQxM,57144,712.0,248.0
2026-08-02,_Gr0M9GH3nU,66105,1049.0,1179.0
2026-08-02,nPYpxYerSxA,381669,2420.0,441.0
2026-08-02,AsWnubXWaJ4,330586,2092.0,174.0
2026-08-02,io-wS1A3ZE8,337725,2397.0,647.0
2026-08-02,GIkbCDmLUHI,408289,3107.0,241.0
2026-08-02,XjNo8Pt_zxM,156225,1098.0,156.0
2026-08-02,Tl-bcZvkF4k,206808,1860.0,95.0
2026-08-02,OPuY-T9QXEY,406060,3715.0,143.0
2026-08-02,LuOJ8DGm64Q,85987,1119.0,139.0
2026-08-02,_zfqmyKOz9M,279368,1857.0,444.0
2026-08-02,C4iaybr2dng,422826,3673.0,569.0
2026-08-02,3Cb30HTvyHE,512301,4635.0,659.0
2026-08-02,oFavSHIOqM0,157434,1605.0,152.0
2026-08-02,kL0vmk7sGlI,123729,1387.0,150.0
2026-08-02,E529JRmNUWM,804922,11122.0,1424.0
2026-08-02,kxdP4k1AmgE,781420,4211.0,551.0
2026-08-02,Y0iiZVxieBI,1268762,6228.0,581.0
2026-08-02,er65lweGy3c,450599,2931.0,328.0
2026-08-02,RsYxBN_LwgY,2238713,11492.0,885.0
2026-08-02,jtn-IOiDyJM,244949,1882.0,370.0
2026-08-02,bZ3gFqhOqRM,270367,3286.0,334.0
2026-08-02,6FjAL_WBR7A,616790,6319.0,643.0
2026-08-02,uDA5-v3qoE0,479816,3792.0,489.0
2026-08-02,vn3VvyKp12I,611943,6385.0,759.0
2026-08-02,MDSiSlIWIN0,511834,3653.0,327.0
2026-08-02,Qgy3qL70wEQ,139190,1519.0,166.0
2026-08-02,Xs08DUcaGnw,556666,3173.0,261.0
2026-08-02,nQd79HXdWoU,606731,4085.0,397.0
2026-08-02,YSwXdYoN0fM,899140,8404.0,674.0
2026-08-02,xd85fqk6ih0,323998,3340.0,262.0
2026-08-02,toh-dFf5mpk,226198,1713.0,245.0
2026-08-02,gvIuMknWlH8,724884,4799.0,380.0
2026-08-02,rgVUTgyHy6A,1921634,16314.0,1579.0
2026-08-02,pO9sQdWBqMQ,406496,2515.0,174.0
2026-08-02,wZhvUGNl90c,198394,2471.0,240.0
2026-08-02,jDsSPWeOXL0,86813,1260.0,80.0
2026-08-02,ITjceNkI3Kw,642297,4430.0,375.0
2026-08-02,I3g4-hX76D0,576627,4172.0,383.0
2026-08-02,S7ipqvNQfLY,1877699,16853.0,3064.0
2026-08-02,3FMEcyfNUc0,193105,2118.0,281.0
2026-08-02,Y5BSWm2x4k4,290171,2297.0,200.0
2026-08-02,kSYJ-0Dza-k,24093,593.0,125.0
2026-08-02,xTLfIWdaugE,36697,1607.0,423.0
2026-08-02,WMBcaqKjBrA,83811,1327.0,90.0
2026-08-02,1-xV8Ay-59E,319321,1436.0,158.0
2026-08-02,6I_476IjM1k,91208,1022.0,70.0
2026-08-02,g2MblLYAZyI,1814237,7863.0,896.0
2026-08-02,2IB_AVC-lTI,403450,2847.0,303.0
2026-08-02,xHaaC5tTGYo,110634,1020.0,70.0
2026-08-02,LAGRFgJJ6pc,51942,506.0,40.0
2026-08-02,dYtXNGTQk0o,792653,5555.0,339.0
2026-08-02,MTU7EOqTLq4,260799,2463.0,240.0
2026-08-02,5-Rc9fohxt8,560438,3514.0,196.0
2026-08-02,uJdAXOkjQeU,97513,744.0,75.0
2026-08-02,6WbtomYQScE,1740193,11208.0,463.0
2026-08-02,0y_L_ToZjk4,112774,1126.0,37.0
2026-08-02,PkUH4erhyLY,1320738,7073.0,192.0
2026-08-02,qmQcizLAEog,80535,742.0,50.0
2026-08-02,CVPtEKtffXo,699827,4252.0,335.0
2026-08-02,dW6WjAzMGFc,1054146,4609.0,480.0
2026-08-02,vtwltBfAUT4,243883,1378.0,154.0
2026-08-02,aLYn2DTEycs,15673,76.0,8.0
2026-08-02,3ijUQ3-uVXE,183903,790.0,119.0
2026-08-02,dcr4Z8Wb91A,90277,435.0,70.0
2026-08-02,rtHEwnyi8RM,213881,1742.0,337.0
2026-08-02,VHZF7CSgvss,37601,334.0,43.0
2026-08-02,w5edgmMxKG4,215850,1864.0,79.0
2026-08-02,hyO53EvdskY,184470,1641.0,79.0
2026-08-02,bZuDPk_e8Rk,316382,823.0,131.0
2026-08-02,74L6pJKpqpQ,570847,4953.0,459.0
2026-08-02,0kUE7e2LSDU,71428,468.0,28.0
2026-08-02,CjuCrer7iIo,194242,644.0,123.0
2026-08-02,1qACG4nOohA,17744,191.0,37.0
2026-08-02,dC61VNpT6s4,70563,331.0,65.0
2026-08-02,Ib7Ijg4vcBw,312162,2082.0,103.0
2026-08-02,QksEwOPwSIg,927681,9829.0,460.0
2026-08-02,SgF1RdEvSlc,207962,1009.0,182.0
2026-08-02,0WKKtUknW34,136224,487.0,103.0
2026-08-02,YQmXOCRcQB8,20334,131.0,15.0
2026-08-02,yLCvxL3TJVE,1443265,10149.0,827.0
2026-08-02,_L651B-DiOg,37510,194.0,23.0
2026-08-02,gNXU7TuJ1Mc,193869,2151.0,196.0
2026-08-02,Wft92kUUJkM,1164071,9052.0,845.0
2026-08-02,zXryG3UWDHk,105119,841.0,34.0
2026-08-02,1I5Fgkxc6jM,83395,364.0,40.0
2026-08-02,2GFtnC5WZKo,344509,2325.0,237.0
2026-08-02,-hjrIyU7Zak,36754,229.0,33.0
2026-08-02,-NvptE-Lybc,606454,1553.0,184.0
2026-08-02,XVeJs2qCAVA,557122,3198.0,813.0
2026-08-02,AvZbrq4tZco,35818,160.0,16.0
2026-08-02,Kmlolv9GqVw,116625,542.0,72.0
2026-08-02,OXB-73Fy42k,74110,614.0,44.0
2026-08-02,kBGiN1YQGJA,90084,572.0,62.0
2026-08-02,3ou0EqpgNn4,616519,5403.0,525.0
2026-08-02,R09808z1Gvg,198735,1033.0,107.0
2026-08-02,fmKMTnavskc,130395,1053.0,78.0
2026-08-02,dzbuWnTlT-w,50473,291.0,65.0
2026-08-02,2NAiVtAHFKk,226406,1529.0,166.0
2026-08-02,IGQueStDVFE,64127,327.0,52.0
2026-08-02,0q1qc6LvxeU,96684,641.0,64.0
2026-08-02,bKdNvgzg4VQ,337258,1528.0,159.0
2026-08-02,A8jruM0jyvs,107483,597.0,129.0
2026-08-02,GTNlhJJ87Rw,74469,520.0,30.0
2026-08-02,CSMe2IFwh7M,12622,80.0,8.0
2026-08-02,7Ym3lUFDhds,50628,295.0,31.0
2026-08-02,eOAsGd-8YCk,15193,76.0,38.0
2026-08-02,q_XDFvi-B0s,47951,676.0,83.0
2026-08-02,pOUcPUDGz0s,18698,36.0,10.0
2026-08-02,mjWHR01sO7s,12298,126.0,3.0
2026-08-02,Pubb9YV9Gjg,105652,893.0,63.0
2026-08-02,xyw0nQx0IV0,8964,62.0,14.0
2026-08-02,4PKFiVSf5cE,10909,68.0,9.0
2026-08-02,URuu7n4JKf4,14416,223.0,16.0
2026-08-02,QvTp6y1JqYU,308040,1021.0,78.0
2026-08-02,AztWbH3NDaM,371495,4270.0,261.0
2026-08-02,lnvOPizyMU4,272879,1326.0,258.0
2026-08-02,GCKiFdNClmQ,513120,2773.0,309.0
2026-08-02,IxN36uJsaAk,10012,203.0,34.0
2026-08-02,a1YbR37eCeI,127885,732.0,51.0
2026-08-02,-k5ScuZG41U,685592,3738.0,511.0
2026-08-02,Hj3cRwMqEmQ,21840,215.0,26.0
2026-08-02,CpcrvHYQXkg,274340,2046.0,106.0
2026-08-02,HkzlhOBX_fY,290513,1840.0,158.0
2026-08-02,qS4YIPbNmFE,14869,259.0,36.0
2026-08-02,PRtPrULxO_g,278759,1924.0,271.0
2026-08-02,MFJbEReQiow,425197,859.0,238.0
2026-08-02,rR9Ndh0Qfc4,79152,197.0,71.0
2026-08-02,jVHR5nK5_Jw,67142,227.0,118.0
2026-08-02,DNjao1uS878,79733,733.0,57.0
2026-08-02,Ii5LR3vKknY,157490,1147.0,219.0
2026-08-02,f5MKx71pN_M,394089,2095.0,138.0
2026-08-02,dS6o-dQGfWU,159954,988.0,110.0
2026-08-02,ykBPOh6BmZg,253133,2230.0,237.0
2026-08-02,LTKJVyvRWLI,819901,4249.0,254.0
2026-08-02,hkClHbGf5wo,153033,806.0,79.0
2026-08-02,EbQ4kPpChrc,4327,14.0,2.0
2026-08-02,vxVN1s-WiXE,9112,49.0,10.0
2026-08-02,Llc4iipJtLk,5639,32.0,7.0
2026-08-02,XRYgEKaTHbA,7719,30.0,5.0
2026-08-02,N_VONZfduqU,4902,27.0,1.0
2026-08-02,8mGaKOcUoU4,544545,2675.0,331.0
2026-08-02,O0nApAme3hg,26836,54.0,12.0
2026-08-02,JvCxwTmFbP8,8411,17.0,6.0
2026-08-02,jXhdRYMKq3M,8217,24.0,4.0
2026-08-02,oQNEdEjpgl8,1513376,7318.0,1207.0
2026-08-02,5DUXRU9x47Y,5657,42.0,4.0
2026-08-02,ixndIZzghI8,3971,12.0,0.0
2026-08-02,DDDsz3Ym0Qc,4086,12.0,2.0
2026-08-02,giTVvgj-mu4,4418,26.0,2.0
2026-08-02,oeEDltA9l-Q,11463,57.0,3.0
2026-08-02,46DebIWqZiw,8952,25.0,5.0
2026-08-02,HiTNQQECxZU,8743,22.0,1.0
2026-08-02,UDPN8kAFw1M,8656,24.0,1.0
2026-08-02,b_qdMy6__Z8,11706,31.0,1.0
2026-08-02,pPqfkxFxDAA,18102,37.0,4.0
2026-08-02,C0-Ot3BE3LY,13315,29.0,1.0
2026-08-02,OC39uCwyLhA,41153,119.0,32.0
2026-08-02,bFS3qN20tG8,18070,136.0,35.0
2026-08-02,u1jrLvi_X58,43709,373.0,28.0
2026-08-02,QY33o2vBjvU,2028,8.0,1.0
2026-08-02,XYv1mnaVg7A,1055,5.0,2.0
2026-08-02,7bpW5kGStO4,982,5.0,2.0
2026-08-02,Y7j0NlFWEds,2331,12.0,1.0
2026-08-02,LlecuEIyiGo,12416,52.0,7.0
2026-08-02,_4lAeYP4DO4,86455,656.0,47.0
2026-08-02,4x7v5wujs64,5459,32.0,3.0
2026-08-02,tVEJNwK857I,4187,21.0,2.0
2026-08-02,Zj69VeaU6EA,11976,54.0,4.0
2026-08-02,N3822ySCWhM,16037,54.0,5.0
2026-08-02,UBAZLz7ZZM8,43583,176.0,9.0
2026-08-02,MWPX7KYiGu8,16056,104.0,7.0
2026-08-02,66eVooFV3wA,6644,36.0,3.0
2026-08-02,nxXG_-VEQME,5943,26.0,2.0
2026-08-02,Z4DjTZTh4xk,6495,44.0,1.0
2026-08-02,HVSnm-QAtKI,26228,118.0,19.0
2026-08-02,FJU0_APn5b0,24205,92.0,11.0
2026-08-02,POJRUAa_hdk,56753,255.0,21.0
2026-08-02,uCx0Wz2whCM,3008,12.0,2.0
2026-08-02,QV0Lx1WDwj8,13031,83.0,9.0
2026-08-02,Hj9WZDgF6Mk,7184,40.0,9.0
2026-08-02,sBjA_27eSBs,7640,39.0,2.0
2026-08-02,V3m2fJk6SEA,13362,100.0,12.0
2026-08-02,77MuiFsx2_o,156862,523.0,85.0
2026-08-02,G4OF9sSHdaI,1298,4.0,0.0
2026-08-02,Vj_p_05Yr9E,2292,16.0,2.0
2026-08-02,tch1WXlX0ao,2620,21.0,5.0
2026-08-02,jrBCJ4S9zfc,1033,8.0,1.0
2026-08-02,_FcHZKUl_VE,161658,623.0,68.0
2026-08-02,1jw1mglX3uw,1457,4.0,1.0
2026-08-02,25rznqH3a2k,1004,4.0,0.0
2026-08-02,CUDbpo7Mwpc,1299,6.0,2.0
2026-08-02,_pQVVCKkGxk,1135,5.0,1.0
2026-08-02,jePkP4npiKY,885,4.0,1.0
2026-08-02,muuzVuYzUTY,1140,9.0,4.0
2026-08-02,svkL1v0LJ9k,881,7.0,3.0
2026-08-02,J9r7fkaVmtc,1199,1.0,0.0
2026-08-02,cjXAReYH474,1392,3.0,0.0
2026-08-02,dA6H-DMl-Eg,874,1.0,0.0
2026-08-02,qkCWX8_CCuI,4627,11.0,2.0
2026-08-02,xZ8s7E19vqw,751,5.0,0.0
2026-08-02,zbhSnC8P5pM,3716,10.0,0.0
2026-08-02,735zTpNb0zY,822,3.0,3.0
2026-08-02,8Fq1RhgzcIg,1468,7.0,0.0
2026-08-02,YTo4gF0ucSk,1207,6.0,5.0
2026-08-02,vmWuVxkb42Q,816,1.0,1.0
2026-08-02,yWZuuhccKQQ,1456,4.0,1.0
2026-08-02,hlKQ8-ZWPS4,93425,525.0,59.0
2026-08-02,e8y2D8DyoUE,3025,12.0,2.0
2026-08-02,kEB6Tg4fGGA,2572,2.0,1.0
2026-08-02,zDdcKUv5gQo,2148,9.0,1.0
2026-08-02,c-oO-K0Jlwo,1679,3.0,0.0
2026-08-02,YRAOp-8SvJI,1642,1.0,0.0
2026-08-02,Bg1ursiF7Eo,2374,6.0,0.0
2026-08-02,5XUIuPi9fsA,1877,7.0,0.0
2026-08-02,qFdPnZFun-A,2087,4.0,1.0
2026-08-02,1zp4INOQbeQ,2815,9.0,0.0
2026-08-02,aNSFf_O1Ogk,2662,6.0,0.0
2026-08-02,eIHay2nwiVE,2404,7.0,0.0
2026-08-02,upDocOrc9pI,2162,11.0,0.0
2026-08-02,Jl4LYm04r98,4668,23.0,0.0
2026-08-02,0kd_OFyAVBE,1476,7.0,0.0
2026-08-02,MzmQ8-pxYL0,1643,5.0,1.0
2026-08-02,QtgXrBmISQY,4237,12.0,1.0
2026-08-02,qO2YBUzQbv4,901,4.0,1.0
2026-08-02,XxbsfsQp88U,56280,600.0,40.0
2026-08-02,lr8-P6LbWFY,931,1.0,0.0
2026-08-02,8jaGlPKyCAc,1330,7.0,0.0
2026-08-02,fbtlNw4EgAQ,1608,9.0,1.0
2026-08-02,YrASeKOylYE,959,3.0,1.0
2026-08-02,nb-u0maPEXk,1769,10.0,3.0
2026-08-02,IzaqlF1EpOY,1588,6.0,1.0
2026-08-02,ltlS9pAaKRw,1087,4.0,0.0
2026-08-02,1Ye_26vDCuQ,2945,10.0,2.0
2026-08-02,EDSJjtDCz5c,1186,3.0,1.0
2026-08-02,F5PTd8V4UBU,20403,55.0,
2026-08-02,jWd9dsmcUI8,3622,14.0,0.0
2026-08-02,pxWmnRE1dbU,3910,12.0,1.0
2026-08-02,n44ZS4LnxD0,3197,6.0,0.0
2026-08-02,6El-Ey9myWM,3962,15.0,0.0
2026-08-02,CQlMgh4ON_Q,17376,61.0,8.0
2026-08-02,3wLqa62LNJI,7989,28.0,3.0
2026-08-02,LagNvboJG-M,14416,46.0,3.0
2026-08-02,1JP47loZM1Q,2691,9.0,1.0
2026-08-02,M_9ilJsqpEo,27884,82.0,7.0
2026-08-02,mQSXUS2ELlY,25494,65.0,8.0
2026-08-02,3b5YtBsHN4E,135582,435.0,42.0
2026-08-02,0wEGv53OBgs,3969,20.0,4.0
2026-08-02,YCwuGKyXHJE,3880,12.0,4.0
2026-08-02,dDPzNlY0jmA,1505,4.0,1.0
2026-08-02,ICUXmw3IVug,1178,2.0,1.0
2026-08-02,Z5JozHvMxbE,616,3.0,1.0
2026-08-02,wM3te4nXinw,714,2.0,0.0
2026-08-02,c4n_nf3pbsI,752,2.0,1.0
2026-08-02,zXd5tWKf0bM,925,3.0,1.0
2026-08-02,FyMkNZmuNBM,1056,7.0,0.0
2026-08-02,X6Tz1aLid1g,809,1.0,0.0
2026-08-02,z7QluJpOj3c,794,4.0,1.0
2026-08-02,qcOiWL0rbiY,584,2.0,0.0
2026-08-02,IyWaKFOdKes,592,2.0,1.0
2026-08-02,X3wldEoPHco,1441,9.0,1.0
2026-08-02,0RosioBfUA0,726,5.0,0.0
2026-08-02,p36O2WOHP1E,884,6.0,0.0
2026-08-02,a1TmiVhgl9s,1405,11.0,0.0
2026-08-02,7YUClGtcQQw,3387,22.0,6.0
2026-08-02,qWhcqn2S9NU,1971,3.0,1.0
2026-08-02,Hnk0p-1iRZE,2455,7.0,2.0
2026-08-02,WQnAs-0OF1Y,1607,9.0,1.0
2026-08-02,9n2GAmtIVgg,5926,26.0,2.0
2026-08-02,Nk2hWyPz1vM,907,5.0,3.0
2026-08-02,cpGWIk7JcFM,925,4.0,1.0
2026-08-02,lQ-TS4prRs8,802,1.0,0.0
2026-08-02,bchWKkBcXZs,1643,6.0,1.0
2026-08-02,m-FQmkaxuNM,761,2.0,0.0
2026-08-02,uBgJiF2GMa8,1037,4.0,0.0
2026-08-02,ph2Y4AMbu-Y,594,3.0,0.0
2026-08-02,tx9nrxDfYu4,617,1.0,1.0
2026-08-02,kZlW1cIFYCw,626,4.0,0.0
2026-08-02,4DNjDbnTDXQ,591,3.0,0.0
2026-08-02,Yu06PvTKwXc,1809,10.0,3.0
2026-08-02,lnSzl_fek74,876,2.0,2.0
2026-08-02,H7-UuxUptBM,834,4.0,1.0
2026-08-02,E6FCizmPGZY,1293,5.0,0.0
2026-08-02,WBuVpTOpsq0,1675,10.0,3.0
2026-08-02,W38b13-62-o,716,6.0,0.0
2026-08-02,emdCvtQFxgQ,647,1.0,2.0
2026-08-02,D9ImI1jO9JU,580,0.0,1.0
2026-08-02,HSGvcGK__wg,584,0.0,0.0
2026-08-02,BOQjVHCtN3Q,606,2.0,0.0
2026-08-02,NXMH66cXF54,591,5.0,2.0
2026-08-02,mbKgYgX8xv8,654,2.0,1.0
2026-08-02,kGuyVkXYfvg,3253,23.0,5.0
2026-08-02,toNYZttGTC8,938,2.0,0.0
2026-08-02,z92h6N4qimU,1005,2.0,0.0
2026-08-02,tMQASG-TZFw,769,2.0,1.0
2026-08-02,mWI2dL8XPi0,1177,3.0,0.0
2026-08-02,o0hM5Suv0SY,1272,4.0,0.0
2026-08-02,d1BVfVVXE6M,2265,6.0,1.0
2026-08-02,va6zzUyrHUw,5963,33.0,6.0
2026-08-02,xgpNnn1S_OA,7692,27.0,4.0
2026-08-02,3N-mPxd7h80,34641,52.0,6.0
2026-08-02,SjSQGBoMQy0,2209,11.0,0.0
2026-08-02,AglThwKWxgM,3066,7.0,0.0
2026-08-02,ZVQrqaqXoT0,6340,9.0,1.0
2026-08-02,ubpDnFILIU4,2269,4.0,0.0
2026-08-02,8fy6yXhCGGo,4592,13.0,0.0
2026-08-02,HykfX_A2wY0,4440,14.0,0.0
2026-08-02,MtDdrOy89kA,2227,5.0,0.0
2026-08-02,IUBDxGVjCVY,1694,2.0,0.0
2026-08-02,jB9wd7uGjXY,1930,2.0,0.0
2026-08-02,f2mk1l_mRhE,2526,3.0,2.0
2026-08-02,xBMbRf4ZmS4,2781,7.0,1.0
2026-08-02,iDqM2_StAr8,2585,4.0,0.0
2026-08-02,Rk8PR51Sojg,2456,5.0,0.0
2026-08-02,FgHlLLnEQNM,1617,4.0,0.0
2026-08-02,1nwgBJRpiN4,2572,3.0,0.0
2026-08-02,4cDHICeAAiw,17747,47.0,4.0
2026-08-02,SlmIxWlvOXo,27672,47.0,12.0
2026-08-02,WzNoX5EE-ps,22308,33.0,9.0
2026-08-02,_KQVbi8TtQ8,4686,10.0,1.0
2026-08-02,DFh40raE6v8,3788,9.0,1.0
2026-08-02,mvrGOZQA2zc,3127,7.0,0.0
2026-08-02,gVb1i_84lfs,2426,7.0,0.0
2026-08-02,VyR18jVVsOo,2496,4.0,2.0
2026-08-02,BPZ_D3oDB30,2669,6.0,1.0
2026-08-02,urgYhZ28J6Y,25274,31.0,6.0
2026-08-02,KazL_H4FG60,25919,41.0,5.0
2026-08-02,h02Vlv3HPB8,31354,54.0,4.0
2026-08-02,8XC0RrM72mw,27931,43.0,6.0
2026-08-02,2iT0RPgGiYw,4702,12.0,0.0
2026-08-02,owHKsLBGkgY,5927,14.0,0.0
2026-08-02,uUWpuhYFFIM,3832,12.0,2.0
2026-08-02,xm23wWh2dDI,3475,8.0,1.0
2026-08-02,1zH9GfyNuwU,36455,63.0,25.0
2026-08-02,AGjqDV1_VM8,27320,52.0,4.0
2026-08-02,TDpI4W-EZhw,30566,64.0,12.0
2026-08-02,yMM8WhFSzvg,29366,53.0,9.0
2026-08-02,p3PM836S1xw,94753,246.0,31.0
2026-08-02,pDc2_5onajw,4460,10.0,1.0
2026-08-02,XJEvL5aBKJk,4460,7.0,0.0
2026-08-02,t2uK3N3h1Tk,12052,27.0,6.0
2026-08-02,aNwe3L31Wfo,2416,3.0,1.0
2026-08-02,FMSzwLLr5CU,3599,12.0,1.0
2026-08-02,ZoxN-OnPU-8,2691,9.0,1.0
2026-08-02,mCGfOSfwBs0,3783,19.0,6.0
2026-08-02,htv6gpIAODA,4105,10.0,0.0
2026-08-02,TCfZHXk2WAU,2429,5.0,0.0
2026-08-02,J8SopAvLZDY,1785,4.0,1.0
2026-08-02,tieg9crbllM,1771,4.0,0.0
2026-08-02,wp4tD9k1_TU,2335,8.0,0.0
2026-08-02,NgYzX5T42hA,2003,4.0,0.0
2026-08-02,ua-9daknZtk,1629,5.0,0.0
2026-08-02,-6FBuHQB_3w,2329,6.0,0.0
2026-08-02,7D7yhh-n5GE,2104,5.0,1.0
2026-08-02,uLInLg_Odeo,2709,4.0,1.0
2026-08-02,mZWc6GYLaA0,1977,6.0,2.0
2026-08-02,BWX4RW7R4l0,2603,8.0,1.0
2026-08-02,UUyV07HvFUw,3543,11.0,0.0
2026-08-02,dOyrSpX_Ao8,11459,34.0,14.0
2026-08-02,flG6OrDq73s,2361,7.0,0.0
2026-08-02,sHCwwtbtwL0,3845,7.0,0.0
2026-08-02,FZPxaygVzTg,2757,9.0,1.0
2026-08-02,ms7OjsuvCi8,2090,2.0,0.0
2026-08-02,GUWgvVlZGl4,1777,3.0,0.0
2026-08-02,o65Uk2fBsRI,1597,3.0,0.0
2026-08-02,8Lkgv-xLP7M,1756,3.0,1.0
2026-08-02,wghpqXoyrIU,1713,3.0,0.0
2026-08-02,VFzddYvDPkA,2903,8.0,1.0
2026-08-02,7_zyhDYJNOc,1509,3.0,0.0
2026-08-02,fpUOjfgLH-g,1415,1.0,0.0
2026-08-02,e3xnTtbkWWc,2047,2.0,0.0
2026-08-02,4eGiGf8sSJI,1999,4.0,3.0
2026-08-02,bOZxPUptk6M,1701,2.0,1.0
2026-08-02,wmdFbPn2A-k,1557,3.0,0.0
2026-08-02,PsgBlXLIsWw,2365,1.0,0.0
2026-08-02,Gu8iHXJ8e5o,1992,5.0,3.0
2026-08-02,nAuYGHgnCnI,2199,10.0,0.0
2026-08-02,kD_pij93U9o,1967,6.0,0.0
2026-08-02,EB_BvBOVsWg,1725,4.0,0.0
2026-08-02,nfX1YtFnO9w,8236,31.0,0.0
2026-08-02,Dge3PlSuVuw,1835,4.0,0.0
2026-08-02,5CDOKmIdjPw,2456,3.0,2.0
2026-08-02,IxEH80t9qTw,2235,4.0,1.0
2026-08-02,R-zqLBKyU1E,3136,8.0,1.0
2026-08-02,Ef1AMIfMQMw,6145,9.0,2.0
2026-08-02,qUW-yHLJCGo,3213,4.0,0.0
2026-08-02,c4TqbgGUQKw,2477,8.0,0.0
2026-08-02,vjUzpJW82nA,2168,5.0,1.0
2026-08-02,LvTFolHU5rA,2523,4.0,1.0
2026-08-02,-NJouXehlqA,2451,7.0,1.0
2026-08-02,9FSlDjSlpV8,2254,6.0,0.0
2026-08-02,A6eNVINRBjM,2807,7.0,0.0
2026-08-02,PzUg_DdB0cI,2367,2.0,0.0
2026-08-02,inL6VYHyGcM,14778,114.0,16.0
2026-08-02,FUqOhMGxT40,2440,6.0,0.0
2026-08-02,LcVc7Np9OZU,2196,4.0,0.0
2026-08-02,6YI5Tt5HaN4,6703,16.0,2.0
2026-08-02,ouWy8XWdl1I,3430,6.0,0.0
2026-08-02,ABtmHZh-Lz4,13137,19.0,0.0
2026-08-02,Ag6pw3GKvfM,3881,8.0,2.0
2026-08-02,3VGzs64MP3w,3360,5.0,2.0
2026-08-02,30LKs6C5us8,3039,9.0,0.0
2026-08-02,xCiVKPBnZDg,2937,7.0,1.0
2026-08-02,adFnCqUptQY,4772,15.0,3.0
2026-08-02,AIkUGWe1KpE,11210,29.0,6.0
2026-08-02,MK6iq3_nPVE,879,3.0,2.0
2026-08-02,34Zg5tiG24E,1004,5.0,2.0
2026-08-02,Q_eMbw92lwI,776,1.0,0.0
2026-08-02,rfbEt7Pm6OM,674,1.0,0.0
2026-08-02,6Us5tl-fWPM,812,1.0,1.0
2026-08-02,u0o24W-lApk,860,2.0,0.0
2026-08-02,IsClHGmtD9Y,1099,3.0,0.0
2026-08-02,JsKiiAuACq8,947,3.0,0.0
2026-08-02,LSBwrqtvqQQ,905,3.0,0.0
2026-08-02,Vq3jW8YbnS4,976,1.0,0.0
2026-08-02,iZ6s1vkW4BU,1102,3.0,0.0
2026-08-02,jmDAUHeaZOA,1056,4.0,0.0
2026-08-02,oJdOUH0UmXM,1046,2.0,2.0
2026-08-02,GyOnvs4SGBA,3325,15.0,7.0
2026-08-02,ZFM3FvheRxg,1471,8.0,3.0
2026-08-02,-7jE5lN3GvU,1781,7.0,3.0
2026-08-02,uXmqQEJo-bw,4579,21.0,2.0
2026-08-02,RRFPFQO3Vfo,1909,6.0,4.0
2026-08-02,Kp3rpdtcIVw,1045,3.0,1.0
2026-08-02,Lmq4kofiW3Y,1089,5.0,1.0
2026-08-02,ZOk9cnLn6TA,964,0.0,0.0
2026-08-02,ugOzQ-Oycy8,961,6.0,1.0
2026-08-02,ZgbNwKGQkF8,1057,2.0,0.0
2026-08-02,riqM1BoCmY0,1221,4.0,0.0
2026-08-02,GWBMkISy0AE,1351,1.0,0.0
2026-08-02,huRNJPaFQRE,1233,2.0,0.0
2026-08-02,NQbShdnE7nU,1154,1.0,1.0
2026-08-02,JlOJuGBH_KY,1388,7.0,0.0
2026-08-02,3pWQ58wHsyU,1125,2.0,1.0
2026-08-02,3sVsMeAfRMs,1221,2.0,2.0
2026-08-02,E1WXWxnxaJ8,1374,3.0,0.0
2026-08-02,bWElvnOwezc,5191,26.0,15.0
2026-08-02,Gu_7_3dHDyo,1296,3.0,0.0
2026-08-02,ZXVMmRW2HZI,1166,4.0,1.0
2026-08-02,TEFeXq4lgL0,2310,6.0,1.0
2026-08-02,sVja85MalV4,1787,5.0,2.0
2026-08-02,vexG25TCGrc,920,4.0,3.0
2026-08-02,X-DdPnXlS8E,1937,7.0,0.0
2026-08-02,tcfg9Xz-lp4,1867,3.0,1.0
2026-08-02,4uC6yMeoS3w,1787,7.0,1.0
2026-08-02,GOS5MdNxSOc,7353,31.0,0.0
2026-08-02,fDMckocHYhE,3579,10.0,3.0
2026-08-02,udnWzL9kPN0,990,3.0,0.0
2026-08-02,oSqxx-WIvZg,1564,9.0,0.0
2026-08-02,hqJjaAAFhHg,3614,9.0,2.0
2026-08-02,ItxbAMznZ_g,2123,1.0,0.0
2026-08-02,t3p2YnVvnfk,1788,3.0,0.0
2026-08-02,nMq16EId_eI,2811,3.0,1.0
2026-08-02,ObBLCzSbAOo,2826,3.0,2.0
2026-08-02,SayBEH-4nxY,3120,19.0,2.0
2026-08-02,YH9UsKPwnPw,3195,7.0,2.0
2026-08-02,mo2HgvQrMpg,3441,7.0,0.0
2026-08-02,FNmQtThyYBU,6120,2.0,2.0
2026-08-02,A5kHdbxmPi4,4637,9.0,1.0
2026-08-02,ZKW8Y-PlFPw,4905,4.0,4.0
2026-08-02,sK3ZwXzHkl8,12406,17.0,0.0
2026-08-02,KkFueo-Bi5A,2194499,3358.0,173.0
2026-08-02,nT_l8w_I4Zo,1173,1.0,0.0
2026-08-02,5LTxwWujAVc,1235,2.0,0.0
2026-08-02,tqghZbq25-o,1649,3.0,0.0
2026-08-02,bxHm1u5yBPI,1647,3.0,0.0
2026-08-02,a-69myjJIZU,13573,84.0,22.0
2026-08-02,Idx5IGzx4Zc,2624,17.0,3.0
2026-08-02,m2Hf0ngvfbk,1291,5.0,0.0
2026-08-02,tt8oYhAfatc,1546,7.0,0.0
2026-08-02,HCDV4bzeBhE,1610,4.0,5.0
2026-08-02,BmOuqKgxSW8,1386,4.0,3.0
2026-08-02,uzO39v4RG9Q,1406,2.0,1.0
2026-08-02,mrJpNoRVFl0,2126,3.0,2.0
2026-08-02,crHJ_gmLjpc,1894,2.0,0.0
2026-08-02,gbLJSTzEDhI,2109,7.0,0.0
2026-08-02,HS5iwaHIzfg,2628,9.0,1.0
2026-08-02,yAJYZT0MfZ8,1241,8.0,1.0
2026-08-02,A4K7C02MfUU,963,4.0,0.0
2026-08-02,fWn2XcQrS5Y,1574,17.0,5.0
2026-08-02,vq8AXNyNwcw,12583,45.0,6.0
2026-08-02,1TrSdixZPQI,2483,9.0,0.0
2026-08-02,6CozFX3GK_o,3342,18.0,1.0
2026-08-02,chcnY4n2vY8,3081,5.0,13.0
2026-08-02,Cw3QMN_gcnk,3367,13.0,3.0
2026-08-02,YmLqJT_tv8Y,9564,41.0,7.0
2026-08-02,mF5TlE5Z--M,1333,2.0,0.0
2026-08-02,GaVQPzefj1A,1506,3.0,0.0
2026-08-02,ZJT5ydcRKHQ,1671,3.0,0.0
2026-08-02,LOClSv1znFU,4173,20.0,1.0
2026-08-02,A3CtLT_be_w,1394,5.0,1.0
2026-08-02,FBFdf_zEOP8,1539,3.0,2.0
2026-08-02,KI-fKIJDHAs,2621,11.0,3.0
2026-08-02,1UBAFp2lIzo,1580,4.0,0.0
2026-08-02,tmuL8-DBtVI,1850,4.0,0.0
2026-08-02,o-HUrA0-FAI,1746,3.0,1.0
2026-08-02,m1K-8QhELVk,1611,4.0,0.0
2026-08-02,2pnV3w09h-g,2710,4.0,1.0
2026-08-02,mfr9dQhY6wQ,2236,7.0,0.0
2026-08-02,EIMIwb6nJAA,2716,8.0,0.0
2026-08-02,wED0tJIeINE,1245,7.0,0.0
2026-08-02,T95agrCD_ck,1411,8.0,0.0
2026-08-02,YSJhEtV-P04,1386,3.0,0.0
2026-08-02,7wsKS10X0Ls,26425,207.0,47.0
2026-08-02,J0vSn3OGIz8,1855,6.0,1.0
2026-08-02,sQjpPBSu1vw,3985,12.0,1.0
2026-08-02,P0n6Qkt8wUU,3791,15.0,1.0
2026-08-02,5IvSm6mBHGw,8801,43.0,13.0
2026-08-02,GzYgkICvCAA,137855,1446.0,247.0
2026-08-02,-glCjnhuLPY,101262,588.0,112.0
2026-08-02,v4qL2B3dk7c,3412,10.0,3.0
2026-08-02,iUr3IbEwwHs,2195,9.0,1.0
2026-08-02,OrL32cyR21o,72039,267.0,22.0
2026-08-02,yRtU0gfTe5c,1395,5.0,0.0
2026-08-02,1M7mpZIp6I0,1556,3.0,1.0
2026-08-02,bmpLARbqx8o,19352,77.0,14.0
2026-08-02,hZSmprVwPMo,1755,6.0,3.0
2026-08-02,vSUzlwX19Vk,1842,7.0,2.0
2026-08-02,0kUw6H1-W7I,1198,1.0,0.0
2026-08-02,SVdagZekwjA,1334,3.0,0.0
2026-08-02,36jxgIP2qGE,1724,2.0,0.0
2026-08-02,3afTM_-pxZA,869,4.0,1.0
2026-08-02,LU8Qms65w1w,5251,55.0,5.0
2026-08-02,oyz2vG8VBBY,1466,3.0,0.0
2026-08-02,-l4RUrqm7zg,1613,3.0,2.0
2026-08-02,TY8E4G-coVc,1361,2.0,0.0
2026-08-02,5wkiLLZEHYw,1798,3.0,0.0
2026-08-02,Nj2XxSsdBTc,1359,3.0,1.0
2026-08-02,6olRTB-2hPw,1618,2.0,0.0
2026-08-02,emfT2nDcTB0,1382,3.0,0.0
2026-08-02,GYT9j7CSrWs,1839,4.0,1.0
2026-08-02,DKKqzE1TotM,2014,4.0,0.0
2026-08-02,r0KPTl8Wsmk,5971,22.0,3.0
2026-08-02,DLJ2f267giY,2929,9.0,0.0
2026-08-02,6YYDuupRQiw,3966,41.0,5.0
2026-08-02,qS4HAxNcn-o,2960,8.0,2.0
2026-08-02,TBX--OPEijI,889,2.0,0.0
2026-08-02,_J1VBbOi7UA,731,3.0,0.0
2026-08-02,SlTzZee9Qf0,1049,2.0,0.0
2026-08-02,La40BBMoatA,983,2.0,0.0
2026-08-02,JmDKhnHicnw,904,4.0,0.0
2026-08-02,s2X_r725wMY,753,3.0,0.0
2026-08-02,H_VaMZgaDNw,907,8.0,0.0
2026-08-02,8sX4mXaXamY,754,1.0,1.0
2026-08-02,hPTwEXo15nw,854,6.0,0.0
2026-08-02,kgjfm1tv4Gc,1346,3.0,0.0
2026-08-02,xUhEdrq3dAI,1034,3.0,1.0
2026-08-02,Q5o1WJ8WKEo,826,3.0,0.0
2026-08-02,U6ytUAlWwFQ,932,5.0,1.0
2026-08-02,nNVYagRTQ0Q,1615,5.0,0.0
2026-08-02,SyQWzvjwGy4,1619,4.0,0.0
2026-08-02,sZL7RxsGdbw,4324,21.0,5.0
2026-08-02,0OVxMr-zkys,1219,7.0,4.0
2026-08-02,l16I3hBO7ZU,3725,18.0,3.0
2026-08-02,7cs3qAFaov0,526,5.0,0.0
2026-08-02,5STQoZOsj1U,1370,8.0,1.0
2026-08-02,i4QJH3TT0_E,1545,5.0,1.0
2026-08-02,OYShv3_PMEQ,1051,9.0,0.0
2026-08-02,zksdJWLiSPs,2464,19.0,3.0
2026-08-02,7X7XudRjwK8,3745,10.0,5.0
2026-08-02,ZIDoakhqLrI,4235,16.0,3.0
2026-08-02,ds3w8dDus5E,4184,21.0,1.0
2026-08-02,5iVZZ5QlX8w,3909,17.0,1.0
2026-08-02,s1eH1fZrd1M,2948,13.0,0.0
2026-08-02,J5ThVCRTlE8,3215,13.0,7.0
2026-08-02,t0Y4CCrDir8,3828,14.0,4.0
2026-08-02,j6TyLQDx70s,2972,16.0,6.0
2026-08-02,FjEpjk6Zrbg,3154,15.0,0.0
2026-08-02,9YZNZnWFrz8,3498,19.0,15.0
2026-08-02,OlrByp6Rfd8,7245,38.0,5.0
2026-08-02,TL6mKdJbRyU,2846,15.0,2.0
2026-08-02,SVc07hzAH9k,1268,6.0,2.0
2026-08-02,ZOoUPUX3vIk,788,3.0,0.0
2026-08-02,Zk4kqcCJKbg,1284,5.0,0.0
2026-08-02,5LR1c3QyCb0,798,5.0,1.0
2026-08-02,zLLJM8-SbMc,742,4.0,1.0
2026-08-02,C_4B9r_Vgx0,762,3.0,1.0
2026-08-02,YRzZh60dxy0,1132,3.0,0.0
2026-08-02,Cpye1RwR9rw,968,6.0,4.0
2026-08-02,ygHaLzQCYJA,864,4.0,2.0
2026-08-02,LSC12fIgfo4,1527,5.0,1.0
2026-08-02,It4l2kPUsu4,22306,125.0,13.0
2026-08-02,6o5M6Es7zZU,1875,3.0,0.0
2026-08-02,tXmKGpsn9-M,1755,9.0,0.0
2026-08-02,zb9iy1L_NzM,1433,7.0,0.0
2026-08-02,_PfUmTsSUN4,5973,38.0,2.0
2026-08-02,4jdRhJh7NV8,9520,17.0,12.0
2026-08-02,U-AVCPWKTyo,4896,10.0,2.0
2026-08-02,AL1AT-2n3Os,4520,5.0,5.0
2026-08-02,k2xXwdJSyTw,2669,7.0,3.0
2026-08-02,wQHQ801OOpM,18446,35.0,8.0
2026-08-02,_ZhCqRaLr-g,7386,9.0,3.0
2026-08-02,xTTohAq-MBo,4131,6.0,2.0
2026-08-02,DS2mJYQUP-E,6647,12.0,1.0
2026-08-02,u5VWXx_eDwU,5857,5.0,3.0
2026-08-02,kvc6WPidSNg,3877,4.0,2.0
2026-08-02,BHO6LM9ny8k,4836,5.0,3.0
2026-08-02,CvPFJlm3us0,3543,9.0,0.0
2026-08-02,dDTO4ryN7S8,3465,4.0,2.0
2026-08-02,K22Sp0cuZlw,3047,4.0,1.0
2026-08-02,a7r39DXJ3jU,2397,2.0,0.0
2026-08-02,mRVVD_ahKVo,2368,4.0,0.0
2026-08-02,7BXSyrBcI64,2937,3.0,2.0
2026-08-02,CUBPLfnj7xA,3775,6.0,9.0
2026-08-02,3EEBtA9rhUA,2617,3.0,0.0
2026-08-02,kO6cTPv4U_0,2435,7.0,0.0
2026-08-02,2L2pSiDRYIY,2224,2.0,1.0
2026-08-02,AiEb0q8doS8,3126,10.0,2.0
2026-08-02,DONgiR81OII,2765,6.0,0.0
2026-08-02,smikVOVxRIg,4354,6.0,3.0
2026-08-02,IYkuBRgAgBo,4457,9.0,1.0
2026-08-02,eEyflYeBaSM,3542,6.0,0.0
2026-08-02,1rugGjsdcMw,3712,5.0,0.0
2026-08-02,PByRckqSAb4,4195,11.0,0.0
2026-08-02,umUSCmHZfew,4360,8.0,1.0
2026-08-02,wWhniqu4GZU,4512,7.0,2.0
2026-08-02,sW4e5Q1LJ-s,4954,4.0,0.0
2026-08-02,d1okmmxsGpc,6343,13.0,1.0
2026-08-02,2QYpDe1hGrE,4367,47.0,7.0
2026-08-02,D08eMW0JUPI,6266,44.0,6.0
2026-08-02,K75FTUqH4r8,10342,22.0,10.0
2026-08-02,NBzv8MQJRUg,1688,9.0,0.0
2026-08-02,kOaNrPRqnUE,2122,11.0,6.0
2026-08-02,vmf1q-B6iH4,5694,38.0,10.0
2026-08-02,-qb_9gNhozA,10827,79.0,9.0
2026-08-02,LWRM6dxoVsA,355,3.0,0.0
2026-08-02,CjmYLF8Bx3M,293,3.0,2.0
2026-08-02,Z9PyGm-NBEA,364,2.0,0.0
2026-08-02,hBaeztJ2tls,40803,316.0,37.0
2026-08-02,GNwycvokxb4,6258,48.0,3.0
2026-08-02,UPp-bg1SBQw,7663,55.0,3.0
2026-08-02,U8lhpcNuKI4,20482,111.0,12.0
2026-08-02,pMzR4EcJYFM,2518,15.0,1.0
2026-08-02,-JDdIEKpMSI,2499,27.0,3.0
2026-08-02,YEunmkmgSIo,4853,16.0,2.0
2026-08-02,81nWFgwShn8,1466,5.0,3.0
2026-08-02,IjYQg5j5kgE,9878,41.0,13.0
2026-08-02,1AJlZT-bIhY,2346,19.0,0.0
2026-08-02,56FZ-MuHASU,2582,11.0,1.0
2026-08-02,2zo3TPPgMSE,1483,4.0,0.0
2026-08-02,nHMgMgJivVQ,3991,16.0,3.0
2026-08-02,rC6kl6rEhCE,571,0.0,2.0
2026-08-02,OmHEdSpgzFA,85689,340.0,66.0
2026-08-02,yltF7C4XGkQ,7770,28.0,15.0
2026-08-02,u89T7xqyJPY,5056,9.0,2.0
2026-08-02,q6tjnntTUCA,3795,7.0,5.0
2026-08-02,hcPILEO6hTI,2943,5.0,0.0
2026-08-02,Q5J1k1Zgn1g,2904,5.0,3.0
2026-08-02,nYDiqO9jZQM,3192,6.0,1.0
2026-08-02,WPYhmdeepd0,3187,4.0,0.0
2026-08-02,u9UQmzkN42c,3221,6.0,0.0
2026-08-02,0gJ1XAssiHY,2670,4.0,0.0
2026-08-02,UOd4PTF8ECg,2856,2.0,1.0
2026-08-02,gqbOvD7HAvc,3576,5.0,0.0
2026-08-02,TRb7xPwhxQo,3469,4.0,1.0
2026-08-02,couJvuixfzY,3626,8.0,0.0
2026-08-02,U-fVg_--AfY,3983,6.0,1.0
2026-08-02,9LagG3k6_-4,1270,9.0,0.0
2026-08-02,Zd4m-ptngBg,4825,12.0,0.0
2026-08-02,63X09rFzVRI,447,1.0,0.0
2026-08-02,qXEQYmReoB0,17612,43.0,10.0
2026-08-02,p5x0hJfEWfU,436,1.0,1.0
2026-08-02,YXGPNFpRJ0I,481,1.0,0.0
2026-08-02,mchZ3Ui6toM,2157,9.0,2.0
2026-08-02,BhsMRvjVbbw,3874,16.0,2.0
2026-08-02,T_JRER1Adpo,2839,12.0,4.0
2026-08-02,nDU1j4rNVx0,9426,63.0,5.0
2026-08-02,Ocgla1c0rPw,1414,5.0,2.0
2026-08-02,P1O4bOAzjZY,2153,16.0,1.0
2026-08-02,vEkyy5e8BZo,7100,25.0,6.0
2026-08-02,vJANpSWIjr0,5408,21.0,2.0
2026-08-02,YJmIBZQ3u9s,484,2.0,0.0
2026-08-02,U76pQGL6IwE,5255,15.0,0.0
2026-08-02,HEFiybYfTT4,2557,14.0,0.0
2026-08-02,WbzhC_-qvP0,2448,13.0,0.0
2026-08-02,sAKVv4TvLl0,3626,18.0,4.0
2026-08-02,XoUOmkH5EkM,2089,10.0,1.0
2026-08-02,P2xp2YYSyLY,1879,5.0,0.0
2026-08-02,Hby_ovidyrw,19971,19.0,8.0
2026-08-02,MC3ruN5OHck,501,4.0,0.0
2026-08-02,E1JqSmboBIQ,23636,34.0,13.0
2026-08-02,YaTJvjV6DXQ,2668,9.0,1.0
2026-08-02,g1OHHyLE8Gs,10319,48.0,6.0
2026-08-02,qrx_KivVKuU,467,2.0,1.0
2026-08-02,dBIq9OH1mKY,12565,17.0,3.0
2026-08-02,kCMH5RBG4sY,6172,17.0,6.0
2026-08-02,PTMt8KqBAbg,534,2.0,0.0
2026-08-02,2u8sqfXgz3w,507,2.0,0.0
2026-08-02,gL2YuhSVckY,10570,18.0,8.0
2026-08-02,8mC6MpTzw-0,637,6.0,1.0
2026-08-02,taz-4l5gyBc,13714,28.0,1.0
2026-08-02,VLIxce5i9Zw,558,2.0,0.0
2026-08-02,gJkWvIKWVVM,4358,22.0,1.0
2026-08-02,cCF23yBF67Y,885,3.0,2.0
2026-08-02,WBd1fAMpWak,6393,23.0,1.0
2026-08-02,AFrsnqaukY4,2902,17.0,7.0
2026-08-02,xe5KcIYPank,6749,26.0,2.0
2026-08-02,e9bXkZNSDxk,3079,35.0,4.0
2026-08-02,JQskaZSn_Ac,999,7.0,4.0
2026-08-02,Sy1nCs9C9e4,1797,8.0,3.0
2026-08-02,mMtejQ5EQ9s,9424,36.0,7.0
2026-08-02,zsB8_5WYzQ0,20254,95.0,19.0
2026-08-02,qw4OgPf0Iq4,901,9.0,0.0
2026-08-02,GSCR9kpi24c,1192,2.0,0.0
2026-08-02,uusnkKLhgUc,1089,1.0,1.0
2026-08-02,P8gR_ErVT7M,995,8.0,0.0
2026-08-02,7ejjIODU4yE,7674,35.0,6.0
2026-08-02,u6u7wiynD1Y,11784,38.0,24.0
2026-08-02,Rp0GJjh7qV8,6779,17.0,2.0
2026-08-02,DDOqsNNgzmM,1811,12.0,1.0
2026-08-02,GDmRszC8Iyk,4946,14.0,3.0
2026-08-02,RZlENgHGAaE,1242,14.0,1.0
2026-08-02,mtLOVMKz_LY,8645,41.0,3.0
2026-08-02,T5fZh5oKSf8,1912,9.0,3.0
2026-08-02,-XB5JY0zNX0,6342,28.0,1.0
2026-08-02,zVKZheSnxGY,2718,10.0,1.0
2026-08-02,jJXF-JPprCs,1800,14.0,1.0
2026-08-02,VtLnbZbpCf4,16834,15.0,5.0
2026-08-02,sHMMqtESGO4,3380,17.0,11.0
2026-08-02,BJVY54gz0-k,8754,27.0,8.0
2026-08-02,_nj-HJdHJ9w,756,3.0,1.0
2026-08-02,cWe36vSePJI,10161,53.0,4.0
2026-08-02,P-TF2E5TfGs,1481,9.0,0.0
2026-08-02,6Ntkpw5tnuc,6595,31.0,5.0
2026-08-02,hvQBEICliDI,14911,93.0,9.0
2026-08-02,kjR259c35mU,28539,42.0,21.0
2026-08-02,xv2a0E1tlZI,2546,12.0,1.0
2026-08-02,C5GTmJfLBGQ,3315,34.0,4.0
2026-08-02,N6HebsiMNIM,4081,19.0,1.0
2026-08-02,QU4ANysrV4o,2553,9.0,1.0
2026-08-02,LZwONleWh_Q,2755,7.0,1.0
2026-08-02,Hup3AjpIj8U,737,9.0,0.0
2026-08-02,jXoCZcCy0jU,3352,21.0,0.0
2026-08-02,EelCQ57NMqc,5648,36.0,14.0
2026-08-02,foLn8_XZvqc,1633,12.0,0.0
2026-08-02,ppVjLChUV4A,2052,20.0,1.0
2026-08-02,ogZyy1MK6eM,681,6.0,1.0
2026-08-02,5wuTkNLA5HQ,6002,15.0,4.0
2026-08-02,TJwrf7_gIyw,4420,27.0,4.0
2026-08-02,-gc_DPdB6bk,2041,8.0,3.0
2026-08-02,wrRNyXSDG9g,1985,9.0,1.0
2026-08-02,eBMRL0ck0XI,19044,21.0,4.0
2026-08-02,nDYggUB_2Y8,63789,49.0,21.0
2026-08-02,aV9xuU47rnc,4394,15.0,1.0
2026-08-02,cHELHeM5qxs,1877,8.0,1.0
2026-08-02,LWN6_57JYMI,1703,8.0,1.0
2026-08-02,iJkPY4-rf34,2353,6.0,1.0
2026-08-02,WTOIaUJ8ET4,1927,2.0,1.0
2026-08-02,h6PFi1O3LuU,1317,2.0,0.0
2026-08-02,mkr092aEpHg,738,5.0,1.0
2026-08-02,0oaSWOvTYzY,1097,2.0,1.0
2026-08-02,Anw6GK8HBQg,1122,2.0,1.0
2026-08-02,FW9PIjzMPKU,941,0.0,0.0
2026-08-02,ZW8cWBuMJ6U,1503,2.0,0.0
2026-08-02,t2nfcMynW_s,1081,2.0,0.0
2026-08-02,w4ehW-xZpy8,751,5.0,0.0
2026-08-02,9gbm_Bs4r3k,1753,6.0,0.0
2026-08-02,sbI3HQ1C9bc,1593,5.0,1.0
2026-08-02,YlHGzUFp6mg,1917,11.0,2.0
2026-08-02,uvsmGGpW-zw,4524,33.0,2.0
2026-08-02,FbtiGeiCMs4,6219,38.0,6.0
2026-08-02,-trj8imc8CE,1545,5.0,2.0
2026-08-02,p6PDwb1Mf9U,1945,8.0,2.0
2026-08-02,xP0cNV2_9V4,3303,16.0,1.0
2026-08-02,C_OExN1-lsk,1430,4.0,0.0
2026-08-02,T9JzlnOWdCY,2684,13.0,2.0
2026-08-02,vlc3rB2_RY8,2772,11.0,1.0
2026-08-02,PDK6wF4dtTU,1700,7.0,1.0
2026-08-02,5DWrNp0uZcc,3561,12.0,1.0
2026-08-02,a_BAWa7j4Vw,3036,21.0,3.0
2026-08-02,WHm3QHs4doc,5457,21.0,4.0
2026-08-02,otHYz1YuPlE,71079,576.0,93.0
2026-08-02,DXY8x2y6ANg,2548,11.0,2.0
2026-08-02,IdbATO4E1sI,5228,14.0,5.0
2026-08-02,BjzALjrjywo,2045,11.0,3.0
2026-08-02,NsAFXLFQvPg,13851,44.0,7.0
2026-08-02,g8gye0fxpDE,10768,36.0,12.0
2026-08-02,XQ5R18HVdyk,4029,18.0,1.0
2026-08-02,KvaV4qc_gFY,2729,11.0,3.0
2026-08-02,5uiGWua6xF4,5157,20.0,2.0
2026-08-02,Bx8viFYAQeI,6736,25.0,5.0
2026-08-02,QRwj9yhmxq8,2912,9.0,1.0
2026-08-02,_ix-52jtVEs,6763,30.0,8.0
2026-08-02,ejBPLzGoxvc,26531,123.0,24.0
2026-08-02,TLUl_2yvVh8,28303,83.0,37.0
2026-08-02,JPJ4cbE9hYE,15704,21.0,2.0
2026-08-02,jvZs8XgOcBI,632,3.0,0.0
2026-08-02,-cxSL6D0Q3Q,39104,63.0,32.0
2026-08-02,TxmYq0CmEfo,799,2.0,1.0
2026-08-02,EkU-rzBqI_s,1707,6.0,0.0
2026-08-02,DH9N1MXDQuA,3305,10.0,3.0
2026-08-02,_Qh8-hgWllo,1500,0.0,0.0
2026-08-02,FW5UPVoFYFA,1012,5.0,1.0
2026-08-02,2JyFLFYrUa0,21456,50.0,25.0
2026-08-02,DT8QKHlcxKQ,2251,8.0,0.0
2026-08-02,LBSCIbSSIu4,4520,21.0,4.0
2026-08-02,skEGjyN6tSo,1400,9.0,0.0
2026-08-02,t398vfAUoFs,756,3.0,0.0
2026-08-02,yUXzpj8bnKA,5650,27.0,9.0
2026-08-02,bxKF2Ah6_v8,3826,3.0,2.0
2026-08-02,ZxNyKj3UAgU,7489,7.0,4.0
2026-08-02,sunzfAAWJXo,1272,3.0,1.0
2026-08-02,jhR0L5EE9c4,1276,0.0,1.0
2026-08-02,RFNGlEoYcHk,1137,1.0,2.0
2026-08-02,_w3iKMQijzo,585,0.0,2.0
2026-08-02,GPpFu9ttw5g,20206,36.0,8.0
2026-08-02,cCf5K_wXJtE,7557,26.0,8.0
2026-08-02,eIr9Lob_XZ0,2356,5.0,2.0
2026-08-02,fOJHD2JPjFY,1123,6.0,3.0
2026-08-02,p6lUFVXB9t4,841,3.0,1.0
2026-08-02,ZZRUgbW57Ec,2013,9.0,0.0
2026-08-02,biU15Hhw2vM,12959,40.0,32.0
2026-08-02,aWe1xNoCXQE,2122,6.0,1.0
2026-08-02,dPby51ubRXw,1991,4.0,0.0
2026-08-02,K49fywpugDg,2709,6.0,0.0
2026-08-02,cqKASYqXDlw,1586,5.0,1.0
2026-08-02,3PAw5zC7Ldg,22585,23.0,8.0
2026-08-02,3qMEZAa8h7E,17481,56.0,25.0
2026-08-02,ghqS9VHXhh4,1459,6.0,0.0
2026-08-02,hjYi8W8Hz70,1525,3.0,1.0
2026-08-02,5CNIrknZ50A,19244,36.0,7.0
2026-08-02,GCPy84-J8ts,1245,4.0,4.0
2026-08-02,Ku4vDGsmID0,1245,2.0,0.0
2026-08-02,w0i2hxLLqd0,1006,5.0,0.0
2026-08-02,I4KAiEF4Rcg,2057,21.0,16.0
2026-08-02,dQPNadhm7M4,17764,62.0,24.0
2026-08-02,2-sd5tVHzd8,34882,78.0,32.0
2026-08-02,llUr6yOdaQk,111913,274.0,94.0
2026-08-02,ywY2MBs9hos,83127,121.0,20.0
2026-08-02,6itPVHAMUJA,2450,7.0,1.0
2026-08-02,t6Ih032TAAU,1629,6.0,1.0
2026-08-02,Z8PetbI3gXE,2067,6.0,0.0
2026-08-02,gg4Npu_u-3U,2407,10.0,2.0
2026-08-02,X2SqYtNfo-w,7098,38.0,5.0
2026-08-02,nK768_du__0,1261,3.0,2.0
2026-08-02,aTe20j7TqFg,1376,4.0,0.0
2026-08-02,9ZBRO0KfGhM,1544,4.0,5.0
2026-08-02,ffnc_2A20vw,1167,3.0,1.0
2026-08-02,2jxTUmojoas,1228,5.0,5.0
2026-08-02,Xs8I6V415Sc,1178,3.0,2.0
2026-08-02,0O4HUZujpww,886,2.0,1.0
2026-08-02,8vvbMG719_w,5379,24.0,11.0
2026-08-02,Sat-2Ip_hqE,859,2.0,0.0
2026-08-02,kSbLQHMHceg,1366,4.0,0.0
2026-08-02,kVYTLqe89BQ,640,1.0,0.0
2026-08-02,YJdLexufkMM,3672,3.0,5.0
2026-08-02,yVzFY5kHz9s,15273,47.0,25.0
2026-08-02,e6_NIzkvIvQ,5682,15.0,8.0
2026-08-02,DL-4ABP4A_8,668,1.0,0.0
2026-08-02,6BF1DMFGL5M,1294,6.0,0.0
2026-08-02,azprAboy5mc,1012,4.0,0.0
2026-08-02,GVJPsXMJHv0,1460,7.0,5.0
2026-08-02,iiOLlsuv6W8,1438,10.0,1.0
2026-08-02,eSN1StghXsk,1482,7.0,1.0
2026-08-02,GKbHta9gTjg,1064,5.0,0.0
2026-08-02,yS5m6x2Nyf8,32382,54.0,19.0
2026-08-02,D3CizPsw2kU,5470,22.0,5.0
2026-08-02,T4C_01jeaqk,11847,70.0,17.0
2026-08-02,QckSQZqE6II,6326,29.0,18.0
2026-08-02,yP7xgvZkRNw,44328,59.0,17.0
2026-08-02,7MbCMbhlSCA,12740,22.0,6.0
2026-08-02,D0LB2o3okcI,10700,40.0,42.0
2026-08-02,hOZ1fld1Ieo,1375,1.0,2.0
2026-08-02,qWWQmDnKQcQ,8210,31.0,10.0
2026-08-02,GnubCDFSza8,1537,2.0,4.0
2026-08-02,V1m3v5p0OR8,860,4.0,0.0
2026-08-02,DK7l-XfM6iA,16041,28.0,10.0
2026-08-02,Y1OzuuoX2M4,1391,3.0,1.0
2026-08-02,_lq-uxKcRiY,892,4.0,0.0
2026-08-02,xrARG_dp6_k,1154,6.0,0.0
2026-08-02,w_4SSGKmy3s,872,7.0,4.0
2026-08-02,lsMriAgu1mc,727,5.0,1.0
2026-08-02,Z6tOJ2FekoE,993,1.0,0.0
2026-08-02,3r2WH2zdJ3U,633,5.0,0.0
2026-08-02,H6LWhyFrnD0,575,5.0,5.0
2026-08-02,nEsbLmv5w4c,33908,53.0,30.0
2026-08-02,zH82xjlYXSY,640,4.0,0.0
2026-08-02,hZ0RZ0dKI8w,1209,3.0,2.0
2026-08-02,2-o3n0hERx8,855,4.0,3.0
2026-08-02,0WDoyWF7ClM,1242,5.0,6.0
2026-08-02,IHRERdVOzXs,1000,8.0,4.0
2026-08-02,DvrLz-sU628,10207,32.0,20.0
2026-08-02,wrsDfIV9El0,1436,9.0,3.0
2026-08-02,qfeq3z9J2ZE,1848,9.0,7.0
2026-08-02,KSKo9oCfcRw,3270,24.0,6.0
2026-08-02,OpzFcGwpjJ8,13279,30.0,14.0
2026-08-02,AcWUe58L0Rw,4424,17.0,4.0
2026-08-02,gH1RpcLmkP0,5746,14.0,4.0
2026-08-02,5QoM-RP9Skw,18538,75.0,15.0
2026-08-02,-lyXfAVo840,7485,27.0,3.0
2026-08-02,2SoMTNTwIL0,71402,149.0,17.0
2026-08-02,dd1RO76XBdk,13861,24.0,7.0
2026-08-02,PPkvhFGO8Mk,11003,39.0,13.0
2026-08-02,A2qN_Auc8DE,100435,236.0,95.0
2026-08-02,V4fOFOj1P2M,147397,368.0,133.0
2026-08-02,g1LWpWk5Hjk,21712,72.0,16.0
2026-08-02,FkCvJv0Bx-Y,14680,16.0,9.0
2026-08-02,6QFM8eXWu34,15130,63.0,20.0
2026-08-02,9Kw433B380o,3652,12.0,2.0
2026-08-02,gqbHODsm1-c,5724,12.0,2.0
2026-08-02,_1J5fqmexsk,2119,12.0,1.0
2026-08-02,IUNmPEo_gDg,8314,22.0,1.0
2026-08-02,Y2nUw8La9sc,21895,83.0,29.0
2026-08-02,YBC6xkVGXv0,14343,24.0,0.0
2026-08-02,taTn_QO43MQ,13326,30.0,5.0
2026-08-02,eB6G99ED1gM,23304,65.0,5.0
2026-08-02,_OvCidUgZ00,27888,51.0,6.0
2026-08-02,kD6kCJBuMBQ,17801,65.0,7.0
2026-08-02,1H-j0c5ZHNE,34509,85.0,4.0
2026-08-02,2JjJn6GrF7Q,26667,32.0,4.0
2026-08-02,HnxpS9gN6M4,32060,70.0,14.0
2026-08-02,6jgxdk7ZsCQ,61016,72.0,19.0
2026-08-02,fzOlNau3gC0,9618,10.0,3.0
2026-08-02,BMUzzkKsyuo,4352,11.0,0.0
2026-08-02,K9MD5pXXISc,4874,7.0,0.0
2026-08-02,WgY8uTKmnr0,47410,72.0,9.0
2026-08-02,Jrww7EGqi5I,10337,9.0,5.0
2026-08-02,LX1noW6zmuU,75160,110.0,28.0
2026-08-02,_BOeeqgWUts,23477,23.0,2.0
2026-08-02,yGenWUxe1-c,72390,111.0,19.0
2026-08-02,rmZpbNJvcbk,10975,46.0,13.0
2026-08-02,Q-EOOpqYM2Y,24176,26.0,1.0
2026-08-02,4TDAXPM-ulY,7694,86.0,8.0
2026-08-02,e07mSDFWyjQ,12531,56.0,14.0
2026-08-02,tY6NMvXCPOc,1591,1.0,1.0
2026-08-02,F4P07_I3U3Q,1766,1.0,1.0
2026-08-02,No-RHot-6QA,948,1.0,2.0
2026-08-02,CHk7DB3jBbU,3347,3.0,2.0
2026-08-02,bXc-ZeQfIt0,2231,4.0,1.0
2026-08-02,cxstWzmDawE,1071,3.0,1.0
2026-08-02,rMtPCCoBj4k,2898,4.0,3.0
2026-08-02,vwp84wBrS5w,5910,12.0,1.0
2026-08-02,R_DTyYG0Trc,969,2.0,2.0
2026-08-02,5qQpnSMhs_w,986,1.0,1.0
2026-08-02,8PF1SjbDTpY,873,1.0,0.0
2026-08-02,yt00OZRocOg,842,1.0,3.0
2026-08-02,f9_ozzNKu3Q,934,0.0,0.0
2026-08-02,UYqEII7SKNI,1014,0.0,2.0
2026-08-02,VyMPjqFsY2s,1115,1.0,0.0
2026-08-02,55RnSdCO9xc,908,0.0,0.0
2026-08-02,O5ghvXgm_Kg,929,2.0,1.0
2026-08-02,Aj_l9JjA88s,504,0.0,0.0
2026-08-02,2Q3Ypot72dU,626,0.0,3.0
2026-08-02,Ep__XCrZqpw,721,0.0,0.0
2026-08-02,bZKPNlrDEJA,589,0.0,0.0
2026-08-02,4P9JCfgq95Q,2191,3.0,2.0
2026-08-02,JPtrouBRVmE,878,1.0,0.0
2026-08-02,wsrbyGn-Ry4,889,2.0,0.0
2026-08-02,JFftqCsysLo,40714,29.0,4.0
2026-08-02,ckqd7ZgikEI,4314,9.0,3.0
2026-08-02,2AoEHPBtXPo,3807,16.0,11.0
2026-08-02,mBG8qFP11rY,7594,30.0,8.0
2026-08-02,XVlLmhbwnDU,2,9.0,0.0
2026-08-02,HcrLty70HL4,1498,9.0,0.0
2026-08-02,bZmkstIMbss,1498,2.0,2.0
2026-08-02,d0PJIt3Id6Q,2771,7.0,3.0
2026-08-02,sulYg17Eay0,908,5.0,0.0
2026-08-02,duy1bcYiPSo,201424,1133.0,147.0
2026-08-02,liJkX1oHj-k,20788,109.0,8.0
2026-08-02,1-vwTK2EyUk,8614,53.0,11.0
2026-08-02,4vrAcF2FaDs,2953,12.0,0.0
2026-08-02,qRkBuxA_hEE,1927,5.0,1.0
2026-08-02,rPSa_3wmeT0,1194,6.0,0.0
2026-08-02,1P6T6ED80wg,1081,7.0,0.0
2026-08-02,jIslK0JsyeA,954,9.0,0.0
2026-08-02,cZMx0m8NoKc,2088,7.0,0.0
2026-08-02,mgDLO9kpSks,5153,55.0,4.0
2026-08-02,AA3gmDOTANE,6643,53.0,12.0
2026-08-02,T_6lGXMg3yE,1661,8.0,1.0
2026-08-02,x7ud-hjTL_g,2142,12.0,2.0
2026-08-02,OINUsiDaRek,1342,5.0,0.0
2026-08-02,RzVt3R58fMM,7232,39.0,6.0
2026-08-02,tQSsxqhZHz0,2784,26.0,1.0
2026-08-02,4SEr0i7Glkw,1331,5.0,0.0
2026-08-02,Y6drPkmWqGg,4181,19.0,3.0
2026-08-02,F_S3orPbSxc,5909,24.0,5.0
2026-08-02,fVx5JWZnlQE,4385,14.0,4.0
2026-08-02,2VaO67C14BY,15894,49.0,15.0
2026-08-02,lGYf0aIiYRE,9394,30.0,12.0
2026-08-02,ikfbzoQdXWc,96528,187.0,36.0
2026-08-02,cwdbnPjNFqo,13992,18.0,5.0
2026-08-02,ylrQj5oUMAo,8266,103.0,30.0
2026-08-02,1ysOsxbNV44,6889,15.0,2.0
2026-08-02,agzV8lR59DY,4605,21.0,1.0
2026-08-02,-j1Hb1kTfLw,3741,10.0,0.0
2026-08-02,5mE0nyfVZHs,4125,11.0,1.0
2026-08-02,n8ktXMOzhkw,4039,10.0,2.0
2026-08-02,miBTlphlwWY,7023,29.0,2.0
2026-08-02,R4o9_2bUZzU,4806,10.0,1.0
2026-08-02,u93RPO49noo,4118,5.0,3.0
2026-08-02,wnc6Czh9NNk,32269,133.0,19.0
2026-08-02,gRjahafwLKA,51334,202.0,39.0
2026-08-02,1aO8XgobVec,31971,104.0,30.0
2026-08-02,6G_v10PDlq8,26861,107.0,13.0
2026-08-02,pMdQ4a5tca0,47553,243.0,25.0
2026-08-02,FOhytM9gQrw,5816,14.0,3.0
2026-08-02,vAWlFJFbn_k,4143,11.0,6.0
2026-08-02,GQLEI6YoYBA,6556,75.0,7.0
2026-08-02,MRoHRNbKB0Q,10583,65.0,23.0
2026-08-02,DuXwrgBpGC0,4790,63.0,10.0
2026-08-02,t-MhEEcEimg,10093,18.0,9.0
2026-08-02,4UcW9P0-Kd4,16322,103.0,15.0
2026-08-02,AR4_VMIlGvQ,18859,62.0,9.0
2026-08-02,cJnlBYhtR4E,33642,174.0,24.0
2026-08-02,rM3qGLbDrbg,25583,115.0,62.0
2026-08-02,t7E1HHnCOrE,21044,103.0,13.0
2026-08-02,9ccsYi3uupg,4128,16.0,5.0
2026-08-02,mDYn9u9oLHQ,11653,93.0,18.0
2026-08-02,OqvBRpf0K6c,4359,33.0,7.0
2026-08-02,RJV-4MIBWGY,66717,590.0,149.0
2026-08-02,_cIc5E4amOw,3693,13.0,10.0
2026-08-02,bN6lKmCEi9c,63065,603.0,135.0
2026-08-02,-cQUeFRpnYU,14980,63.0,34.0
2026-08-02,hD7r0Bt2iaI,26969,353.0,36.0
2026-08-02,YcPPSgg3C5g,5635,30.0,10.0
2026-08-02,pTQ63hjWC1I,10859,99.0,42.0
2026-08-02,hJ172_gLR1k,5954,21.0,12.0
2026-08-02,Z1EmQDH49YU,21797,75.0,24.0
2026-08-02,j4VqKVoETwc,10432,31.0,6.0
2026-08-02,x0ZY_OwOBOo,11481,40.0,18.0
2026-08-02,cn6T978hfwU,15988,84.0,42.0
2026-08-02,PYEcVnbxSAM,18346,56.0,32.0
2026-08-02,-tkBT10f_y4,15442,33.0,13.0
2026-08-02,csPVONsbZMs,3901,40.0,11.0
2026-08-02,QI5YTQiQsWU,887,9.0,1.0
2026-08-02,SdO-qOPSdMo,522,6.0,0.0
2026-08-02,_jxwrZNw6go,476,5.0,0.0
2026-08-02,_-du9V4D4A8,17454,55.0,24.0
2026-08-02,Fd5XJllAt8k,21206,78.0,51.0
2026-08-02,7APqOjccrCE,9610,71.0,19.0
2026-08-02,HQ8jB8BCTG0,6840,23.0,10.0
2026-08-02,VGTXOTb-HdM,7289,31.0,9.0
2026-08-02,qn6EYTf7CgM,32537,102.0,50.0
2026-08-02,KIgjpfw83Ww,19123,62.0,40.0
2026-08-02,_naeGhqgCNA,54024,150.0,78.0
2026-08-02,1d2Y0eljeko,3719,10.0,2.0
2026-08-02,EohjZ_51EtU,1271,5.0,0.0
2026-08-02,QiIs-J36O8U,2559,11.0,2.0
2026-08-02,F4NFxkTUgOw,4048,12.0,5.0
2026-08-02,Peb3HYvkOeo,2182,10.0,5.0
2026-08-02,AFEtFXzC0f8,3406,18.0,3.0
2026-08-02,obXwspjNoSQ,7534,29.0,6.0
2026-08-02,vdhkwLx4_fs,1618,5.0,3.0
2026-08-02,Q52s3CIcPrc,3392,6.0,10.0
2026-08-02,8sGAHc9Lb4o,3416,45.0,10.0
2026-08-02,hY-onuivHGE,6793,35.0,10.0
2026-08-02,umxcxg3rzTg,5608,11.0,3.0
2026-08-02,PFgq8zovNyQ,4374,20.0,4.0
2026-08-02,U4S6vRJlCUI,3070,15.0,1.0
2026-08-02,xDnHPYF-Mu4,3357,5.0,2.0
2026-08-02,yk0-i7k2blk,6038,16.0,10.0
2026-08-02,_0EyEhTCPio,2612,2.0,2.0
2026-08-02,pwtPnNJRrjI,2191,2.0,3.0
2026-08-02,3pv3A2RB2g4,3086,2.0,2.0
2026-08-02,S5Cn4xUV0oM,3284,2.0,1.0
2026-08-02,ehRta6hg9zM,4210,7.0,0.0
2026-08-02,5mA2zrvprHI,520,3.0,0.0
2026-08-02,fDmhXUlNxl8,504,5.0,0.0
2026-08-02,hWUxMxuHZ8A,292,6.0,1.0
2026-08-02,3Qfm5uiqfF0,368,5.0,0.0
2026-08-02,luIQ5tuqN1Y,337,0.0,1.0
2026-08-02,vtp-bQ90jmk,553,8.0,0.0
2026-08-02,gGyzpRxFZ0I,426,4.0,1.0
2026-08-02,N5a2koTTxDg,750,5.0,0.0
2026-08-02,eLNwcaTqjqM,1048,15.0,2.0
2026-08-02,pDiRAOphKhU,6066,11.0,3.0
2026-08-02,sFTf03aCOcc,10451,20.0,4.0
2026-08-02,h5OSd1_NIFU,3384,11.0,5.0
2026-08-02,3ZlejyX3W38,3578,16.0,16.0
2026-08-02,YM5uuzyg5_s,1649,7.0,3.0
2026-08-02,ezT0ReTLysA,3099,23.0,9.0
2026-08-02,UvmoaZIQSUw,10721,65.0,27.0
2026-08-02,1dNhqpjVsrU,3426,16.0,3.0
2026-08-02,SiBXkBUZWZY,2751,6.0,5.0
2026-08-02,I4w2HwKhj78,7362,30.0,8.0
2026-08-02,-eDzdhYh5SM,1009,7.0,2.0
2026-08-02,0CihuyGc2I8,2685,9.0,3.0
2026-08-02,Vd_0NpyCzgQ,54013,101.0,27.0
2026-08-02,YVgSdu_51c4,23888,86.0,22.0
2026-08-02,mdAgcDDFWrs,9983,34.0,13.0
2026-08-02,_z81-RByRzM,7532,22.0,4.0
2026-08-02,7fOGAh3AbHM,4959,12.0,4.0
2026-08-02,wlRsj-QnCAM,7156,19.0,5.0
2026-08-02,F_mTGK77m7s,2285,9.0,1.0
2026-08-02,Ghq9M9urMEY,7017,18.0,12.0
2026-08-02,x9HaR8OslqE,11825,33.0,8.0
2026-08-02,kb8hybpnwSI,2825,3.0,4.0
2026-08-02,2c8xiBLBiuI,2777,2.0,1.0
2026-08-02,9uP_yYdTG-4,12266,28.0,23.0
2026-08-02,oC--enBG5ss,1743,5.0,3.0
2026-08-02,ppUqJkBoOSY,7416,8.0,10.0
2026-08-02,2AK014olaNs,9364,49.0,19.0
2026-08-02,93B86z1FO9E,8009,22.0,9.0
2026-08-02,9t-YFrBnAhw,1475,1.0,1.0
2026-08-02,cbcjkVSm1ss,2553,5.0,4.0
2026-08-02,y27rK5T1FmQ,2324,5.0,1.0
2026-08-02,wZF4ETeCjJk,9612,,10.0
2026-08-02,T9SUIUXNzvM,3457,9.0,4.0
2026-08-02,cXGszpik5LU,10318,34.0,7.0
2026-08-02,-yoz9B4ol6s,6235,18.0,9.0
2026-08-02,H9LnpFp29fE,2060,6.0,0.0
2026-08-02,jnOVYFmIhaI,2966,5.0,1.0
2026-08-02,PUP04Y-m1eQ,3262,6.0,2.0
2026-08-02,yYjceQ0JhmI,6327,15.0,15.0
2026-08-02,sgFCkmA3HPY,4415,10.0,9.0
2026-08-02,zDe2rgqw49k,3236,7.0,4.0
2026-08-02,AugERc48Llw,14930,24.0,14.0
2026-08-02,e2v_xL4P95g,7889,32.0,5.0
2026-08-02,UAk_AcqfOmg,7965,22.0,7.0
2026-08-02,5g_yUu_k-9g,3137,4.0,2.0
2026-08-02,zfTABRccHHg,6555,18.0,6.0
2026-08-02,HABCLyxHCqI,7779,35.0,7.0
2026-08-02,KLTBAN3Epw8,6840,23.0,9.0
2026-08-02,xhZvn3lB2Us,16859,41.0,17.0
2026-08-02,ypw6FKU8xig,11789,27.0,28.0
2026-08-02,eGhtPeYpj44,10162,34.0,9.0
2026-08-02,lkfQJP-bYNM,8121,16.0,9.0
2026-08-02,dI2CjTfoRyc,3202,5.0,0.0
2026-08-02,m5vtd08j9AI,3666,9.0,1.0
2026-08-02,w96rZVaGE1s,14273,20.0,19.0
2026-08-02,cCRxXrAcEjE,8226,21.0,17.0
2026-08-02,Tfv_1GifhgE,8931,23.0,7.0
2026-08-02,VO1Lp903B6U,9860,14.0,6.0
2026-08-02,g-Ro-n93hso,30360,79.0,31.0
2026-08-02,exKGTaXHLO8,9688,41.0,25.0
2026-08-02,Fj3lZp5JEbA,125715,339.0,110.0
2026-08-02,x6dJ1IfZM6Q,12486,16.0,7.0
2026-08-02,R5eymu_HqO8,7591,17.0,4.0
2026-08-02,N_p8eToFNWk,12132,26.0,14.0
2026-08-02,V61jr8eLDBM,622541,4014.0,996.0
2026-08-02,SNXgc4HV9HE,10576,60.0,15.0
2026-08-02,Swn8_Lh50bU,5059,4.0,2.0
2026-08-02,hscIbFuLK28,4893,2.0,0.0
2026-08-02,fgt-PpZ5Iis,6683,8.0,4.0
2026-08-02,qIE--6nPbJI,3492,6.0,0.0
2026-08-02,RJfitAL3VDk,8390,13.0,7.0
2026-08-02,IZHstG0Td0M,3711,4.0,0.0
2026-08-02,xOvvpV_T6eI,26997,52.0,23.0
2026-08-02,MnxmItS7gmQ,24282,177.0,47.0
2026-08-02,BtlNIMe-sVo,42018,237.0,49.0
2026-08-02,jBQ_CyZ6VzU,19227,58.0,15.0
2026-08-02,BQBdJWFBWc4,10866,15.0,9.0
2026-08-02,ww3HN3g4XIo,15388,33.0,13.0
2026-08-02,sZDNWqDIM2Q,13204,30.0,6.0
2026-08-02,Y2Bt3XNk-yQ,8207,7.0,1.0
2026-08-02,if-wkzz8qk4,12862,19.0,11.0
2026-08-02,Yg5wcWjxK1M,5383,15.0,0.0
2026-08-02,V8Ht36GYV8s,5517,4.0,1.0
2026-08-02,Su-SN5v27hQ,21357,86.0,12.0
2026-08-02,hz5_W-pZH4c,5184,13.0,3.0
2026-08-02,stwdP7wPx1E,4670,4.0,1.0
2026-08-02,llweDdDTX7o,6323,12.0,5.0
2026-08-02,TONyUwW8btY,5368,12.0,4.0
2026-08-02,f5ZkvWgTfh4,11333,20.0,6.0
2026-08-02,7DvGuXRrjgE,16446,54.0,17.0
2026-08-02,q9t13SCMm2Y,8020,33.0,31.0
2026-08-02,OL2YJrfPq2Q,7401,10.0,4.0
2026-08-02,T3RoPQk1jTQ,39948,74.0,25.0
2026-08-02,NZ1EQKUHB78,12852,38.0,2.0
2026-08-02,p-1XNJ2hICQ,15432,44.0,14.0
2026-08-02,s_TcuBGFp7w,59074,118.0,26.0
2026-08-02,Fl5N0fbY9dQ,21990,49.0,12.0
2026-08-02,2IXCQ100K48,58358,198.0,20.0
2026-08-02,U56vXM_G2Dc,82795,220.0,34.0
2026-08-02,V4RziHigpgQ,6603,25.0,8.0
2026-08-02,vFLMeUeFGB4,11684,18.0,13.0
2026-08-02,7gl9Fufgv2g,87731,251.0,83.0
2026-08-02,EYkdD5E_DOU,91949,278.0,86.0
2026-08-02,-3ht_8QpoQ8,32887,200.0,77.0
2026-08-02,CifF7Y4mdgs,11147,21.0,9.0
2026-08-02,LC6jwXD0EYg,14453,24.0,15.0
2026-08-02,X0vo4weBRoU,281266,3623.0,417.0
2026-08-02,_375NPGTfO8,8700,24.0,16.0
2026-08-02,n7tb2o5IJqw,17125,147.0,16.0
2026-08-02,nP8hAB6cgRE,142575,502.0,59.0
2026-08-02,vYtYqMmBT9s,23412,85.0,20.0
2026-08-02,FVUtH_icRi0,14503,31.0,16.0
2026-08-02,ouNpQhcRLIA,35948,45.0,20.0
2026-08-02,7ui8R_fm9UQ,142734,496.0,70.0
2026-08-02,t8yq0PQbovI,61733,115.0,28.0
2026-08-02,nSSD_i1Abc8,11236,63.0,24.0
2026-08-02,tdNz5Fwhd74,80534,119.0,34.0
2026-08-02,wnMcxedZyis,9554,21.0,3.0
2026-08-02,IPco3RbIwFw,20358,79.0,16.0
2026-08-02,lfmFvpERs9E,195764,796.0,70.0
2026-08-02,1xDNZ9XDkPc,20108,12.0,13.0
2026-08-02,S0h_e5sN19I,18504,33.0,12.0
2026-08-02,QQy0vEmvMbQ,17059,12.0,2.0
2026-08-02,1bDek4lZg_c,19699,82.0,40.0
2026-08-02,ctkUImGnmGg,220007,1218.0,140.0
2026-08-02,_gRqrOI5xwU,150147,185.0,139.0
2026-08-02,zGzWHZPsTl8,9345,17.0,20.0
2026-08-02,zQoLZRZvGGs,34130,64.0,29.0
2026-08-02,0b9uOmnZtUU,11302,14.0,11.0
2026-08-02,nzGsMgK75_M,11231,22.0,15.0
2026-08-02,_ij1Bd0txvk,18659,26.0,9.0
2026-08-02,9fbFE4pvpO8,41812,54.0,43.0
2026-08-02,dhFSnId_5VM,3998,11.0,6.0
2026-08-02,nQtlwCPq9Og,137867,908.0,142.0
2026-08-02,jDL7jaIt2w0,5063,6.0,4.0
2026-08-02,OoOT6zwwsGI,9055,16.0,16.0
2026-08-02,pQWORPQawcA,6586,16.0,12.0
2026-08-02,sI9Zj4flqaE,65744,125.0,35.0
2026-08-02,ghY1wW40dbk,6171,12.0,13.0
2026-08-02,fd0mmu2S6wQ,54091,68.0,26.0
2026-08-02,livHlEjA8LY,47697,65.0,24.0
2026-08-02,5VHWeTn6o0w,7501,49.0,10.0
2026-08-02,cFIkNP_qzYM,141818,314.0,67.0
2026-08-02,rNwm6wz_EzE,8692,11.0,8.0
2026-08-02,FKYgSPRmufk,3489,5.0,1.0
2026-08-02,uMmkRePgPDY,11992,23.0,11.0
2026-08-02,5t8Z-h3wt-4,47976,67.0,28.0
2026-08-02,kcVfKD5xwEI,7350,11.0,10.0
2026-08-02,s9by-Qsu5KI,7913,12.0,9.0
2026-08-02,D8lS59xEg_g,7568,12.0,11.0
2026-08-02,nrQIoHEKVCk,13083,14.0,14.0
2026-08-02,j9jF7u0_WIY,8264,13.0,9.0
2026-08-02,wzrgG5RhcfQ,11667,19.0,13.0
2026-08-02,pjmXauK_2Qw,34041,29.0,12.0
2026-08-02,I2TJvOBmRNE,18975,22.0,11.0
2026-08-02,UCe0AXCnVaM,4569,6.0,5.0
2026-08-02,MAFOgLN1b-Q,2664,8.0,2.0
2026-08-02,0gxPfm-ULz8,3979,8.0,1.0
2026-08-02,pBHanSTUdWg,3936,4.0,3.0
2026-08-02,G_7dH9sC92k,3771,7.0,6.0
2026-08-02,yQa_KqDAB5E,4013,22.0,6.0
2026-08-02,9mmrtZ0Y1cY,143311,277.0,67.0
2026-08-02,KnWNXlOGxGo,9181,11.0,6.0
2026-08-02,upD9VNWm9L4,10626,10.0,10.0
2026-08-02,kt2G2Ms9tZM,5514,7.0,10.0
2026-08-02,ZLmIeZSdKmA,34716,55.0,27.0
2026-08-02,oD-nIH_nKMs,8827,28.0,13.0
2026-08-02,kQL3y4Ed-sU,8474,21.0,14.0
2026-08-02,9IRSXUBTeG0,8692,17.0,7.0
2026-08-02,C8OUaHBUl18,28316,78.0,33.0
2026-08-02,ICOvhgPsnqk,4252,7.0,3.0
2026-08-02,JOpLs-HaI4E,2950,3.0,2.0
2026-08-02,GEVRSvDyPbA,9695,10.0,6.0
2026-08-02,OPQhj4g9Kns,5057,6.0,0.0
2026-08-02,Y3DZWfc0cuU,11072,36.0,29.0
2026-08-02,0JdzN__6Gcs,3198,2.0,1.0
2026-08-02,w7iaMHG_swQ,4336,4.0,6.0
2026-08-02,q-c2tYCtEeY,3311,6.0,0.0
2026-08-02,tnhFgUVv2OU,5341,9.0,6.0
2026-08-02,h_mTgG_Vq5s,3297,2.0,4.0
2026-08-02,_9INFfsbpSM,4342,2.0,0.0
2026-08-02,T7r7jdTMMno,4123,4.0,3.0
2026-08-02,DBuLCE2JNDU,3938,2.0,0.0
2026-08-02,7ZGim62t1M8,1696,2.0,3.0
2026-08-02,SRNzur5qW84,217851,257.0,47.0
2026-08-02,VvMtHFq700s,1316,13.0,7.0
2026-08-02,Lg3Bz_KyVu0,27552,48.0,12.0
2026-08-02,qgpGhnaVBkU,5792,9.0,5.0
2026-08-02,Hnl1RqZ5MTw,3039,1.0,9.0
2026-08-02,JfaHt6kkIm0,2562,7.0,9.0
2026-08-02,a5ykIs_D-PM,6407,31.0,15.0
2026-08-02,CtzHgpzy1zQ,2587,7.0,4.0
2026-08-02,DngWqsukF3M,15326,106.0,37.0
2026-08-02,Si9NiRVrXOk,2456,4.0,4.0
2026-08-02,soTtT8zK4TY,1352,2.0,5.0
2026-08-02,9Y5JodjjbJI,4537,6.0,4.0
2026-08-02,vq-E2LheceY,1410,2.0,7.0
2026-08-02,pWI9N-skiuE,4245,6.0,4.0
2026-08-02,RpMKtZDEOrY,1935,2.0,2.0
2026-08-02,IWMY9Og19c0,2640,3.0,1.0
2026-08-02,JrEWJwkZUZI,2635,3.0,2.0
2026-08-02,hX0Lz0LWCdY,4417,6.0,1.0
2026-08-02,HedQmzkKQyg,11860,21.0,2.0
2026-08-02,5wYrNgxoieA,3140,2.0,3.0
2026-08-02,Py6xz42GiVc,4396,9.0,0.0
2026-08-02,L0NUy_SlFCY,2536,3.0,1.0
2026-08-02,4vgIQzl1qN0,1989,1.0,5.0
2026-08-02,yfv2zymOEQE,4517,4.0,8.0
2026-08-02,ScxMJrgy2ro,29342,85.0,40.0
2026-08-02,IYnBgrFqMEM,4773,8.0,6.0
2026-08-02,dIxGXeLFFew,10742,10.0,10.0
2026-08-02,ZaQsWc7r5is,58594,135.0,30.0
2026-08-02,CbdP29vtArg,19505,58.0,18.0
2026-08-02,QAGzn3Q9ejA,85871,162.0,40.0
2026-08-02,x6XTd5asck4,53562,52.0,7.0
2026-08-02,rdexQEa8P94,3275,4.0,5.0
2026-08-02,j5kkT9Rqyxo,3030,3.0,3.0
2026-08-02,dquxyDkQ_EQ,4862,7.0,4.0
2026-08-02,q5k_htRU_wQ,9746,16.0,7.0
2026-08-02,l1AgEOmcygM,10809,14.0,9.0
2026-08-02,DpuzzrhHep0,43354,89.0,36.0
2026-08-02,mJnVfDqpNqA,12409,21.0,12.0
2026-08-02,_Fs3cOPGoBo,3324,3.0,0.0
2026-08-02,ycyKiKcR-gU,3243,3.0,1.0
2026-08-02,jS0Xpuw4c7A,4608,7.0,4.0
2026-08-02,g2tRUhBjMJ4,2066,4.0,1.0
2026-08-02,hkKnvYlAbS8,3996,2.0,2.0
2026-08-02,sV_b_IYS-PY,3637,1.0,2.0
2026-08-02,cwlvD77q6Zw,4756,3.0,5.0
2026-08-02,i2Zq9MZMIFY,4683,4.0,7.0
2026-08-02,3IZYKL-CTDM,65160,157.0,53.0
2026-08-02,WUf0jPHRgtw,2734,5.0,3.0
2026-08-02,pIOGAq5E1qY,11270,10.0,7.0
2026-08-02,u36E9fbWevE,6973,5.0,3.0
2026-08-02,-RZl-ZfIBFQ,2312,4.0,5.0
2026-08-02,opLvpF8u5_I,2744,0.0,4.0
2026-08-02,a5LjP8BKJes,3545,2.0,2.0
2026-08-02,eC8dM24WSUY,4210,5.0,7.0
2026-08-02,pioI8tt8EoA,10704,8.0,7.0
2026-08-02,5017Sh9-OKs,2846,1.0,3.0
2026-08-02,dv65JIi32fg,1664,1.0,1.0
2026-08-02,auLdwCPE-OM,4426,8.0,6.0
2026-08-02,AFBj8PmcuN0,2155,3.0,1.0
2026-08-02,EHI3tSSN7dc,2438,2.0,6.0
2026-08-02,DWr855P1i1A,4520,12.0,2.0
2026-08-02,-c0hPNk_Y-I,2209,4.0,3.0
2026-08-02,j8CXhphXPaA,2638,10.0,0.0
2026-08-02,q9TNMZZRCZw,2825,5.0,6.0
2026-08-02,kZQwF3VSFI8,2827,3.0,1.0
2026-08-02,aehXt0KqSbM,2063,4.0,0.0
2026-08-02,rE2-7bk5KhQ,2414,8.0,3.0
2026-08-02,vhc4gVwJi14,2788,5.0,1.0
2026-08-02,uR6-BAdUSfU,3268,13.0,0.0
2026-08-02,eiEwQNfC_RE,5207,4.0,8.0
2026-08-02,Ys3C0kwUXC0,2905,2.0,2.0
2026-08-02,XotoigyuxZQ,2952,7.0,3.0
2026-08-02,HtFX_bDK5yk,4608,3.0,1.0
2026-08-02,tw3MxSOfpGQ,4159,11.0,0.0
2026-08-02,H_TWHCfg_mA,10850,10.0,3.0
2026-08-02,LPjhMlcZrh4,13051,14.0,2.0
2026-08-02,gJZzIvgaerM,3129,7.0,2.0
2026-08-02,zg_QYnrrPj4,2844,7.0,0.0
2026-08-02,lUQXVxHy8Eg,2682,4.0,3.0
2026-08-02,kGLhUyodZRo,2961,2.0,0.0
2026-08-02,1C_2LS1Szqk,4202,3.0,0.0
2026-08-02,jtfcIFZWD5k,2158,2.0,2.0
2026-08-02,hydvJzZfDS0,1953,4.0,3.0
2026-08-02,Deqr6q5YWbk,2888,5.0,2.0
2026-08-02,io_PyddpcxE,2307,2.0,2.0
2026-08-02,ZmWLAjuMPOQ,2401,3.0,2.0
2026-08-02,usC1DEoFWMo,1853,1.0,2.0
2026-08-02,xqMv7nfT-LI,1997,3.0,2.0
2026-08-02,HwzS3STeC00,3925,5.0,1.0
2026-08-02,Atwjj3UFGzI,12855,8.0,22.0
2026-08-02,fd9xWojxzMo,12670,13.0,1.0
2026-08-02,BQ0-HtVr_pM,16654,20.0,8.0
2026-08-02,UQLm1lizlnk,51051,70.0,17.0
2026-08-02,UlLvSE3iQgQ,4357,2.0,2.0
2026-08-02,R90VEf9oSeQ,4165,6.0,3.0
2026-08-02,BiZGQ1oaRx8,3265,3.0,2.0
2026-08-02,NA-qELak_9g,1970,5.0,1.0
2026-08-02,G0E1Q6qkrj0,4708,5.0,1.0
2026-08-02,GNU2CYFGuDI,2183,4.0,4.0
2026-08-02,fbdXnQHZt6I,1991,4.0,1.0
2026-08-02,YUXedZTb-Tw,3057,5.0,3.0
2026-08-02,FKW6QY2QXpk,47550,69.0,17.0
2026-08-02,4kVn4bqT880,2261,2.0,2.0
2026-08-02,gLnN38dXJIQ,1796,1.0,1.0
2026-08-02,yGYNajmH8Mw,2851,4.0,2.0
2026-08-02,vK29cIH4oJQ,3348,7.0,0.0
2026-08-02,RJxa6ZYcum4,3296,9.0,2.0
2026-08-02,5R3-KexF7Xg,4353,4.0,1.0
2026-08-02,EOTy4QSTLE4,6457,7.0,2.0
2026-08-02,LMpGL_gA_mg,5535,6.0,4.0
2026-08-02,YqmKgqB9Bb4,2042,4.0,0.0
2026-08-02,Nu42qyjgIHM,1781,3.0,5.0
2026-08-02,RCuEGvhwnbg,1952,3.0,0.0
2026-08-02,vX931V7wUvQ,2124,3.0,0.0
2026-08-02,dX25FTPL_98,2190,2.0,1.0
2026-08-02,TEAGC9fqeRY,2041,1.0,1.0
2026-08-02,4gYHX6hFK_w,2110,2.0,0.0
2026-08-02,Z4PlHBEj7Ko,2690,4.0,1.0
2026-08-02,EjMTYAL0Kfk,2861,6.0,1.0
2026-08-02,QrDgV3r5Z_4,3599,4.0,5.0
2026-08-02,dcUyqnc42sI,3621,2.0,3.0
2026-08-02,mF3z5Mf_XU8,3222,7.0,1.0
2026-08-02,L0P-ae1jXLw,3382,5.0,2.0
2026-08-02,7yR0Ni7tE9M,3922,2.0,4.0
2026-08-02,ewhIQSKXNFY,4073,6.0,2.0
2026-08-02,-S6c1DXsBw0,5588,8.0,0.0
2026-08-02,Xsl6RRwTgC0,5184,5.0,3.0
2026-08-02,xsxv8ow3slE,6119,4.0,0.0
2026-08-02,DNsjQaRjM90,4792,3.0,8.0
2026-08-02,PQuvA1JdRQA,2590,6.0,3.0
2026-08-02,0btJHrj0NaE,2417,3.0,0.0
2026-08-02,iTTuH4NFAks,3019,0.0,3.0
2026-08-02,Bqb7USFcDEQ,3753,2.0,2.0
2026-08-02,OgK-gIAkPMM,2487,1.0,0.0
2026-08-02,V0L0rley3ZA,2727,3.0,3.0
2026-08-02,YFsxMZmxLZk,2598,1.0,3.0
2026-08-02,C5p8SuuJ7tM,3019,3.0,0.0
2026-08-02,Wz_5wOYfpUo,4262,4.0,3.0
2026-08-02,rB6kU6xwFyw,3281,5.0,8.0
2026-08-02,e3_sYJ1BDus,2732,0.0,2.0
2026-08-02,UxgRbEn1UNA,2793,2.0,1.0
2026-08-02,4Q-mIds9Nck,3920,3.0,9.0
2026-08-02,96aw-FLLwq4,2695,2.0,0.0
2026-08-02,wPI6dPXzzLE,3020,2.0,1.0
2026-08-02,OgGuGun_fu4,3451,3.0,1.0
2026-08-02,2A-j5A4u9c4,15498,15.0,9.0
2026-08-02,aPEvMAHhc6Y,19673,7.0,4.0
2026-08-02,kgJf0yT7Mew,170532,195.0,84.0
2026-08-02,5IrzGeP-sf8,3194,4.0,1.0
2026-08-02,poLpF9aY6kM,2942,3.0,0.0
2026-08-02,a1AfNzavoQU,3940,2.0,2.0
2026-08-02,lPhg9jE_zhE,5547,2.0,4.0
2026-08-02,IN8j_4y8YC4,5769,2.0,6.0
2026-08-02,S9jw909KsFI,5534,0.0,1.0
2026-08-02,lPriGU-1UH0,4622,3.0,2.0
2026-08-02,w9wf2xolYZs,10093,10.0,3.0
2026-08-02,PCeedZ5DzMk,8967,4.0,3.0
2026-08-02,Dta-RfQ1GXM,9050,10.0,4.0
2026-08-02,FRHBY1ZZ2cU,9554,60.0,21.0
2026-08-02,i793EixvCnk,6681,3.0,9.0
2026-08-02,8fl3oz6Wskw,6365,5.0,3.0
2026-08-02,HVEU_aRmMkU,8531,5.0,4.0
2026-08-02,9EtAq0pXlJg,4384,6.0,5.0
2026-08-02,tlbTQvbsC7E,6002,5.0,0.0
2026-08-02,xgEKJni5VEY,4493,10.0,10.0
2026-08-02,YlBI1I9DnP8,4376,4.0,1.0
2026-08-02,byGEd85AFck,26112,15.0,11.0
2026-08-02,cUqS4SEzDlc,42662,31.0,8.0
2026-08-02,6cKM7DfJisQ,20684,11.0,4.0
2026-08-02,dIeHNcUwntI,37501,29.0,3.0
2026-08-02,hLVaSBcBp-U,28664,24.0,13.0
2026-08-02,UkJLTDlePCA,15045,12.0,6.0
2026-08-02,5A6meVykk4Q,11464,10.0,8.0
2026-08-02,xQxEK_Pc2t0,8747,13.0,6.0
2026-08-02,Cui3FDl4byA,27590,25.0,16.0
2026-08-02,kXjsBBuz8oQ,3139,4.0,4.0
2026-08-02,OquJUte9P4M,1312,4.0,1.0
2026-08-02,-M3Nt_7svoU,1407,5.0,0.0
2026-08-02,CX16zM45VbI,1220,4.0,0.0
2026-08-02,KZvXj4qbq30,1031,5.0,1.0
2026-08-02,GJoN9NTkL4k,7412,6.0,1.0
2026-08-02,t2GCR0h_0ro,11939,10.0,2.0
2026-08-02,qy3YnPVf_fo,16223,14.0,2.0
2026-08-02,z7HSOQPr8bU,14728,14.0,3.0
2026-08-02,n9WypkR8h0Y,13673,14.0,1.0
2026-08-02,H9-mT6W3UaA,12795,6.0,2.0
2026-08-02,L_791IVm85g,16722,20.0,4.0
2026-08-02,4Z6H8pIgCGc,11852,17.0,6.0
2026-08-02,KdpsGXtvG1M,13352,18.0,4.0
2026-08-02,ZYXkk33FZKU,10574,16.0,5.0
2026-08-02,EodzbbH1Cvk,30182,243.0,97.0
2026-08-02,mNUqbev43Xg,8006,16.0,0.0
2026-08-02,LY6AyM8aANo,9341,12.0,12.0
2026-08-02,gMpxG6RIG4A,28214,31.0,16.0
2026-08-02,hlb2vqFWmCc,16475,25.0,4.0
2026-08-02,iNsMMW6xGPU,2006,4.0,0.0
2026-08-02,YQZ3BRRKp14,1840,4.0,3.0
2026-08-02,8VLehQ9pw0k,2327,3.0,2.0
2026-08-02,ikyxuHakyqc,2967,5.0,0.0
2026-08-02,EJPaGX0EdAw,2980,7.0,1.0
2026-08-02,8uWAJChZYYk,4250,9.0,1.0
2026-08-02,beUyVkeRzdQ,7399,13.0,5.0
2026-08-02,m0egXDNtBS8,8738,9.0,3.0
2026-08-02,1Gs55GQeK1U,10059,11.0,7.0
2026-08-02,CoRFUJ_Zf0Q,7979,13.0,4.0
2026-08-02,hD8TSVPy5d8,6016,11.0,4.0
2026-08-02,68Zp6WdN2x4,4932,5.0,7.0
2026-08-02,3M1-LpjiTyM,3722,5.0,3.0
2026-08-02,TFbRqJxsIz0,4046,4.0,4.0
2026-08-02,yxJuPPcoXCM,5791,14.0,6.0
2026-08-02,d_mu_RpPg78,8443,11.0,4.0
2026-08-02,tjK4BjU6PJ4,6885,12.0,6.0
2026-08-02,cZjvtR37K74,8622,14.0,7.0
2026-08-02,zTyVVTyZmk8,9191,9.0,2.0
2026-08-02,ZrhQtlda4CY,2284,7.0,2.0
2026-08-02,nsabiNz6lEg,2667,7.0,2.0
2026-08-02,i7WmJaySwG0,2178,7.0,0.0
2026-08-02,bRIhne2t1v8,6351,8.0,3.0
2026-08-02,sM2R5Yuflek,5423,8.0,2.0
2026-08-02,bOIxRx6vqUI,10501,8.0,1.0
2026-08-02,T3WTyvXvFtA,5475,9.0,7.0
2026-08-02,rAX5UINFaGc,1892,7.0,0.0
2026-08-02,FwHJ_wbH22k,1843,7.0,0.0
2026-08-02,hGZMXU_giT8,1504,6.0,0.0
2026-08-02,Xg7qAA7Xtp8,1195,9.0,2.0
2026-08-02,LLVtA756x0Q,1714,7.0,3.0
2026-08-02,W5QbIe4kfqA,1960,10.0,2.0
2026-08-02,ueD-9eWlO7M,2327,7.0,2.0
2026-08-02,5bnLXlauJVs,3172,13.0,1.0
2026-08-02,Jg8adfUFlPM,2200,9.0,0.0
2026-08-02,fcpf_wJA9u8,3796,11.0,0.0
2026-08-02,RTXy4RhNZx4,7669,34.0,13.0
2026-08-02,2yzW7jXUSsM,1537,12.0,2.0
2026-08-02,wRoJ5bNdBXg,2080,16.0,2.0
2026-08-02,H0uELoOgBbY,2316,16.0,1.0
2026-08-02,04B3i1qonM8,2139,14.0,3.0
2026-08-02,31ecum64YY4,3670,18.0,2.0
2026-08-02,CNACosCVkCU,3115,20.0,3.0
2026-08-02,rzv0HBt9_h8,4261,29.0,6.0
2026-08-02,dxxR4-Bovu8,5842,44.0,14.0
2026-08-02,6a58xHUU0lM,70292,804.0,451.0
