video_id,title,published_at_taipei,published_date,published_year,published_hour,duration_seconds,video_format,category,category_source,series,playlists,is_sponsored,sponsor_source,sponsor_score,sponsor_hits,ppd_api_flag,is_self_promo,self_promo_products,view_count,like_count,comment_count,youtube_category_id,url
oXDuWJvZCQo,趁Joeman不在！全公司翹班在辦公室玩躲貓貓！【Joeman】,2026-09-04 18:00:18,2026-09-04,2026,18,2676,長片,寵物,keyword,,,True,keyword,4.0,折扣導購用語|促銷方案用語,False,True,9好吃益生菌|頻道會員|團購平台,739587,10043.0,949.0,22,https://www.youtube.com/watch?v=oXDuWJvZCQo
7qI8kmT2a0A,本頻道暫時被接管！Joeman不在還能拍片嗎？《公車食刻表》ep4【Joeman】,2026-08-28 17:42:37,2026-08-28,2026,17,2833,長片,美食,playlist,公車食刻表,《公車食刻表》,False,none,0.0,,False,True,9好吃益生菌|頻道會員|團購平台,1499918,21503.0,4067.0,22,https://www.youtube.com/watch?v=7qI8kmT2a0A
JjL8h9bW6dU,我在一中突然被叫上台演講,2026-08-15 12:00:30,2026-08-15,2026,12,72,Shorts,未分類,none,,,False,none,0.0,,False,False,,222442,4770.0,231.0,22,https://www.youtube.com/watch?v=JjL8h9bW6dU
RcGwXPujYSc,期待已久的一日高中生企劃來啦！,2026-08-14 18:00:24,2026-08-14,2026,18,44,Shorts,挑戰/企劃,keyword,,,False,none,0.0,,False,False,,71471,1644.0,40.0,22,https://www.youtube.com/watch?v=RcGwXPujYSc
OqlHIUQVQmI,一日高中生體驗！重回我的母校台南一中！超青春的校園生活【Joeman】,2026-08-14 18:00:06,2026-08-14,2026,18,2757,長片,挑戰/企劃,keyword,,,True,keyword,5.0,專屬導購連結|折扣導購用語,False,True,9好吃益生菌|頻道會員|團購平台,1238092,21803.0,3710.0,22,https://www.youtube.com/watch?v=OqlHIUQVQmI
u-TZ2vzebFA,顯卡大禮包重出江湖！為了買一張RTX5090要花24萬，還要綁8張主板⋯⋯2026對PC黨來說真的是太難了⋯⋯然後我們拍完這隻片後賣場就下架了，不確定是賣完還是被Nvidia關切,2026-08-11 15:27:48,2026-08-11,2026,15,47,Shorts,3C開箱評測,keyword,,,False,none,0.0,,False,False,,324334,4108.0,243.0,22,https://www.youtube.com/watch?v=u-TZ2vzebFA
za_KyxNRdsI,iPhone 17系列要漲價了？就在iPhone 18系列發表前一個月漲價嗎？,2026-08-10 18:33:37,2026-08-10,2026,18,46,Shorts,3C開箱評測,keyword,,,False,none,0.0,,False,False,,244854,2881.0,109.0,22,https://www.youtube.com/watch?v=za_KyxNRdsI
ujdtW9-ubZc,為什麼我拍片都沒人看⋯⋯是不是我被演算法盯上了？來聊聊為何我們頻道近期流量創生涯巔峰！完整版網紅觀察室請加入yt會員！,2026-08-06 22:53:39,2026-08-06,2026,22,106,Shorts,人物/訪談,title_series,網紅觀察室,,False,none,0.0,,False,False,,388891,9273.0,267.0,22,https://www.youtube.com/watch?v=ujdtW9-ubZc
yzi9N1jsta0,如果建文離職，可能兩年就能存到頭期款！其實我很清楚哪些是他份內的工作，哪些是他額外多做的。更多我跟建文的深聊歡迎加入會員頻道，這次也是大長片！,2026-08-05 18:24:20,2026-08-05,2026,18,68,Shorts,未分類,none,,,False,none,0.0,,False,False,,866811,17865.0,225.0,22,https://www.youtube.com/watch?v=yzi9N1jsta0
_CaBvNr6ytU,不能拍照反而更沒壓力！可以翻譯、導航、串聯本地AI的智慧眼鏡！Even G2開箱【Joeman】,2026-08-03 18:00:39,2026-08-03,2026,18,680,長片,3C開箱評測,keyword,,,True,keyword,4.0,折扣導購用語|品牌官方導流|活動檔期用語,False,True,9好吃益生菌|頻道會員|團購平台,330566,3869.0,433.0,22,https://www.youtube.com/watch?v=_CaBvNr6ytU
0meg0UDP5r0,跟沒見過面的網友出國玩是什麼體驗？#倫敦 #自由行 #旅遊 #英國 #joe是要跟團,2026-08-02 20:20:19,2026-08-02,2026,20,127,Shorts,旅遊/航空,title_series,Joe是要跟團,,False,none,0.0,,False,False,,182885,3597.0,38.0,22,https://www.youtube.com/watch?v=0meg0UDP5r0
KifkcqxCOcI,騙老闆要拍片，結果全公司翹班！瞞著老闆包棟民宿有多爽？【Joeman】,2026-07-31 18:00:15,2026-07-31,2026,18,1831,長片,未分類,none,,,False,none,0.0,,False,True,9好吃益生菌|頻道會員|團購平台,1110767,18842.0,974.0,22,https://www.youtube.com/watch?v=KifkcqxCOcI
ILXTh-OULwE,當初辦網路的時候沒跟我說會看到這個⋯#水果短劇 #surfshark,2026-07-31 13:14:44,2026-07-31,2026,13,70,Shorts,未分類,none,,,False,none,0.0,,False,False,,57012,2521.0,203.0,22,https://www.youtube.com/watch?v=ILXTh-OULwE
luFr-iC-jhE,一個月4萬只能住小雅房！英國租屋有多貴？打工度假的小資女生活開箱《Joe是要看房》英國篇【Joeman】,2026-07-30 19:00:34,2026-07-30,2026,19,2105,長片,看房/房產,playlist,Joe是要看房,《Joe是要看房》,True,keyword,19.0,專屬導購代碼|專屬導購連結|推薦或聯盟行銷連結|專屬導購指引|結帳代碼指引|折扣導購用語|行動呼籲句型,False,True,9好吃益生菌|頻道會員|團購平台,890500,11497.0,862.0,22,https://www.youtube.com/watch?v=luFr-iC-jhE
TZGYVke-4T8,在公車站隨機搭訕路人，他在哪站下車我們就在那站下車！是否可以從頭打到尾？這次要挑戰的是承德幹線！ #公車食刻表 #9好吃益生菌 #隨機搭訕,2026-07-30 16:19:50,2026-07-30,2026,16,105,Shorts,美食,keyword,,,False,none,0.0,,False,False,,55143,1782.0,28.0,22,https://www.youtube.com/watch?v=TZGYVke-4T8
0BVdKWFx8oI,歐洲崩潰之旅續集！終於到倫敦了！跟著不認識的網友出去玩！《Joe是要跟團》ep3【Joeman】,2026-07-28 18:00:11,2026-07-28,2026,18,1765,長片,旅遊/航空,playlist,Joe是要跟團,《Joe是要跟團》,True,keyword,15.0,專屬導購代碼|專屬導購連結|專屬導購指引|折扣導購用語|購買行動用語|行動呼籲句型,False,True,9好吃益生菌|頻道會員|團購平台,1210072,20666.0,790.0,22,https://www.youtube.com/watch?v=0BVdKWFx8oI
_xv786d9A-E,隨機搭訕路人吃美食！承德幹線從頭坐到尾！全新任務超難解！《公車食刻表》ep3【Joeman】,2026-07-24 18:00:36,2026-07-24,2026,18,2891,長片,美食,playlist,公車食刻表,《公車食刻表》,True,keyword,4.0,折扣導購用語|購買行動用語,False,True,9好吃益生菌|頻道會員|團購平台,1081665,20540.0,1636.0,22,https://www.youtube.com/watch?v=_xv786d9A-E
PKkkM9OXnFM,新一代手遊神機！Fold 8效能與續航實測，拿來玩卡牌或角色養成遊戲真的超爽！　#galaxy  #fold8  #unpacked,2026-07-23 19:17:11,2026-07-23,2026,19,80,Shorts,挑戰/企劃,keyword,,,False,none,0.0,,False,False,,108604,1598.0,92.0,22,https://www.youtube.com/watch?v=PKkkM9OXnFM
2bplSe6pkLE,Fold7的下一代竟然叫Fold8 Ultra！主要還是新出的Fold8是全新比例，而原本的方形書本折疊就改名為Fold8 Ultra，這代比較有感的是多了抗反射塗層跟增加電池密度，續航更好啦！,2026-07-22 21:03:16,2026-07-22,2026,21,44,Shorts,未分類,none,,,False,none,0.0,,False,False,,31109,492.0,12.0,22,https://www.youtube.com/watch?v=2bplSe6pkLE
Di9P7et21xs,三星把iPhone Ultra想做的提早完成了！Fold 8新比例好用嗎？Galaxy Z Fold 8 Ultra 、Flip 8開箱！【Joeman】,2026-07-22 21:00:34,2026-07-22,2026,21,722,長片,3C開箱評測,playlist,Joeman開箱去,【Joeman開箱去】,False,none,0.0,,False,True,9好吃益生菌|頻道會員|團購平台,324890,4063.0,329.0,22,https://www.youtube.com/watch?v=Di9P7et21xs
g63Hjg9OD50,三星最新摺疊手機Fold 8來了！這次改了比例，拿來看影片跟多工都非常好用，而且依舊輕薄，重量甚至比iPhone 17 Pro還輕，看來傳說iPhone Ultra想做的被Fold 8搶先了...,2026-07-22 21:00:18,2026-07-22,2026,21,78,Shorts,3C開箱評測,keyword,,,False,none,0.0,,False,False,,84354,1523.0,71.0,22,https://www.youtube.com/watch?v=g63Hjg9OD50
K6inhdZotBA,極致省錢！禁止開車！一週都只能搭大眾運輸挑戰！【Joeman】,2026-07-20 18:00:42,2026-07-20,2026,18,1938,長片,汽車,keyword,,,True,keyword,16.0,專屬導購代碼|專屬導購連結|結帳代碼指引|折扣導購用語|購買行動用語|促銷方案用語|品牌官方導流,False,True,9好吃益生菌|頻道會員|團購平台,913085,15364.0,1598.0,22,https://www.youtube.com/watch?v=K6inhdZotBA
VLRwTIc_iPU,一小時120的停車場直接面不改色的開進去⋯因為我是USPACE 黑卡會員！,2026-07-20 15:00:40,2026-07-20,2026,15,82,Shorts,汽車,keyword,,,True,keyword,19.0,專屬導購代碼|專屬導購連結|推薦或聯盟行銷連結|專屬導購指引|結帳代碼指引|折扣導購用語|行銷活動用語,False,False,,126314,1780.0,113.0,22,https://www.youtube.com/watch?v=VLRwTIc_iPU
OSWJut6AGZ4,桃園機場有免費的按摩椅！就在三航D18登機口～還可以變按邊看飛機起降！,2026-07-19 15:44:37,2026-07-19,2026,15,30,Shorts,旅遊/航空,keyword,,,False,none,0.0,,False,False,,157228,1855.0,45.0,22,https://www.youtube.com/watch?v=OSWJut6AGZ4
3UEKgJlfNo0,被黃牛炒到5000塊一台的Dyson手持風扇，造型特殊、風力很強，掛繩我也很喜歡，可惜沒有製冷不然就太棒啦～#dyson #hushjetminicool  #hushjet,2026-07-17 15:14:01,2026-07-17,2026,15,118,Shorts,3C開箱評測,keyword,,,False,none,0.0,,False,False,,760762,12028.0,693.0,22,https://www.youtube.com/watch?v=3UEKgJlfNo0
8Nwf7kjg2DQ,這幾天脆上最火的就是我們的剪輯師建文！來跟他聊聊為何剪片可以這麼快？更多完整心得與流量觀察歡迎加入我的youtube會員頻道！,2026-07-15 19:12:18,2026-07-15,2026,19,93,Shorts,未分類,none,,,False,none,0.0,,False,False,,1274470,33425.0,383.0,22,https://www.youtube.com/watch?v=8Nwf7kjg2DQ
6iJJf0UrNGc,三星全新的摺疊機要來了！聽說這次展開是4:3的螢幕比例，這個比例的好處是拿來閱讀文章跟看影片都會更加的舒適，似乎...也很適合拿來看公車食刻表的地圖？#galaxyunpacked #samsung,2026-07-14 19:00:16,2026-07-14,2026,19,80,Shorts,3C開箱評測,keyword,,,False,none,0.0,,False,False,,124897,2650.0,70.0,22,https://www.youtube.com/watch?v=6iJJf0UrNGc
BPtb9WWqe4c,為什麼兩個禮拜沒上片？因為我被卡在歐洲超崩潰🥲地獄倒霉鬼的歐洲之旅已經在Youtube上片，50分鐘的大長篇陪伴你颱風天不無聊！,2026-07-11 18:09:07,2026-07-11,2026,18,45,Shorts,旅遊/航空,keyword,,,False,none,0.0,,False,False,,254479,4757.0,83.0,22,https://www.youtube.com/watch?v=BPtb9WWqe4c
udko1Z6zg2U,班機取消！行程泡湯！我的歐洲崩潰之旅！傳說中的英國航空...ft.阿滴、Peggy、Henry【Joeman】,2026-07-11 18:00:15,2026-07-11,2026,18,2983,長片,旅遊/航空,keyword,,,True,keyword,3.0,專屬導購代碼,False,True,9好吃益生菌|頻道會員|團購平台,3835714,64583.0,5147.0,22,https://www.youtube.com/watch?v=udko1Z6zg2U
J-buiTKFR0U,來開箱一台上百億的空中藝術品！星宇航空與藝術大師空山基聯名的Airsorayama特殊塗裝，一台銀色、一台金色，還有整套特別的備品！#starlux #藝術 #超寫實機械 #張國煒 #A3501000,2026-07-09 21:28:46,2026-07-09,2026,21,103,Shorts,旅遊/航空,keyword,,,False,none,0.0,,False,False,,792034,11556.0,385.0,22,https://www.youtube.com/watch?v=J-buiTKFR0U
PPRUq_lJ2BE,在公車站隨機搭訕路人吃美食！跟著299從頭坐到尾！夏天拍到快中暑🥵《公車食刻表》ep2【Joeman】,2026-06-26 19:00:16,2026-06-26,2026,19,3381,長片,美食,playlist,公車食刻表,《公車食刻表》,True,keyword,15.0,專屬導購代碼|專屬導購連結|專屬導購指引|折扣導購用語|購買行動用語|行動呼籲句型,False,True,9好吃益生菌|頻道會員|團購平台,1261554,24272.0,2416.0,22,https://www.youtube.com/watch?v=PPRUq_lJ2BE
cXUjaYvp0xk,Luna Ultra跟Pocket 4 Pro要怎麼選？ #雲台相機 #vlog #dji #insta360,2026-06-25 21:09:25,2026-06-25,2026,21,99,Shorts,3C開箱評測,keyword,,,False,none,0.0,,False,False,,63663,1001.0,19.0,22,https://www.youtube.com/watch?v=cXUjaYvp0xk
T3sjpFXvdFo,自費開箱！Pocket 4 Pro對決Luna Ultra！【Joeman】,2026-06-25 18:00:13,2026-06-25,2026,18,1129,長片,3C開箱評測,playlist,Joeman開箱去,【Joeman開箱去】,False,none,-4.0,明確聲明非業配,False,True,9好吃益生菌|頻道會員|團購平台,252703,4085.0,486.0,22,https://www.youtube.com/watch?v=T3sjpFXvdFo
y17vWDmDLLU,iOS27可以滿版桌布了！還有Airpods EQ跟獨立鬧鐘音量調整！,2026-06-24 23:45:30,2026-06-24,2026,23,75,Shorts,3C開箱評測,keyword,,,False,none,0.0,,False,False,,86785,1895.0,35.0,22,https://www.youtube.com/watch?v=y17vWDmDLLU
kUkoP7D19FU,新版Siri AI串上Gemini後實用度上升不少，跨app執行能力相當不錯，還能讀取訊息，但目前還不能讀line訊息，期待9月正式版！ #ios27 #beta,2026-06-23 14:53:40,2026-06-23,2026,14,70,Shorts,3C開箱評測,keyword,,,False,none,0.0,,False,False,,107946,1893.0,39.0,22,https://www.youtube.com/watch?v=kUkoP7D19FU
mu4YWCkKoDk,台灣流量最好的頻道！ 跟酷拍片的一天！【Joeman】,2026-06-21 00:00:35,2026-06-21,2026,0,1349,長片,未分類,none,,,True,keyword,19.0,專屬導購代碼|專屬導購連結|推薦或聯盟行銷連結|專屬導購指引|結帳代碼指引|折扣導購用語|行動呼籲句型,False,True,9好吃益生菌|頻道會員|團購平台,940672,17004.0,703.0,22,https://www.youtube.com/watch?v=mu4YWCkKoDk
2isdqFF0MYI,我報名了傳說中的低價長輩旅遊團，坐遊覽車北部玩一天只要699，長輩對我都超親切！雖然有購物行程但不會強迫消費，適合不想開車又想去戶外走走的人！#國旅 #一日旅遊 #繡球花 #金山 #萬里,2026-06-17 20:37:15,2026-06-17,2026,20,69,Shorts,汽車,keyword,,,False,none,0.0,,False,False,,604415,10117.0,147.0,22,https://www.youtube.com/watch?v=2isdqFF0MYI
WnvPjGoeIyQ,台灣最難吃的伴手禮開箱！經典的三色軟糖、哈士條、甜筒軟糖、雙響砲跟⋯⋯⋯正露丸？,2026-06-17 13:33:53,2026-06-17,2026,13,67,Shorts,美食,keyword,,,False,none,0.0,,False,False,,47785,665.0,23.0,22,https://www.youtube.com/watch?v=WnvPjGoeIyQ
gbRkYlK-AW0,自動駕駛終於要進台灣啦！來算一下FSD是買斷的22萬比較划算，還是一個月3000元的訂閱比較有性價比？我自己是最一開始就買斷了啦⋯希望2027能在台灣開到自動駕駛！#tesla,2026-06-16 23:10:24,2026-06-16,2026,23,111,Shorts,汽車,keyword,,,False,none,0.0,,False,False,,220300,3693.0,227.0,22,https://www.youtube.com/watch?v=gbRkYlK-AW0
vLXcVJGciMM,史上第一台雙鏡頭雲台相機Luna Ultra來啦！可以分離螢幕控制的創新我非常喜歡，白色機身也很有鑑別度，遙控手柄的小腳架也很貼心！ #insta360 #DJI #vlog #開箱,2026-06-16 19:43:50,2026-06-16,2026,19,106,Shorts,3C開箱評測,keyword,,,False,none,0.0,,False,False,,95682,1720.0,59.0,22,https://www.youtube.com/watch?v=vLXcVJGciMM
udAVvAaVh6k,爽玩整天只要699？挑戰超低價老人團！《Joe是要跟團》ep2【Joeman】,2026-06-15 18:00:01,2026-06-15,2026,18,2868,長片,旅遊/航空,playlist,Joe是要跟團,《Joe是要跟團》,False,none,0.0,,False,True,9好吃益生菌|頻道會員|團購平台,1608118,27619.0,2291.0,22,https://www.youtube.com/watch?v=udAVvAaVh6k
ftrwUn1WEX4,打死都不吃！台灣最難吃的伴手禮！【Joeman】,2026-06-11 18:00:19,2026-06-11,2026,18,1330,長片,美食,keyword,,,True,keyword,4.0,折扣導購用語|購買行動用語,False,True,9好吃益生菌|頻道會員|團購平台,852729,9550.0,1079.0,22,https://www.youtube.com/watch?v=ftrwUn1WEX4
jZtVd0j_Yic,iOS27只要用閒聊的方式就可以幫你創立捷徑！再也不用複雜的設定了！,2026-06-10 13:13:14,2026-06-10,2026,13,36,Shorts,3C開箱評測,keyword,,,False,none,0.0,,False,False,,131366,2014.0,55.0,22,https://www.youtube.com/watch?v=jZtVd0j_Yic
DQl32Kjouqw,iOS 27照片消除功能大進化！這次終於追上安卓陣營了！新的擴圖延伸跟重構改視角也很有趣🤔不過目前還只是Beta測試版，正式版預計9月上！,2026-06-09 20:22:08,2026-06-09,2026,20,57,Shorts,3C開箱評測,keyword,,,False,none,0.0,,False,False,,125776,2051.0,39.0,22,https://www.youtube.com/watch?v=DQl32Kjouqw
voVSMSJ9ewU,iOS 27來了！這次的AI超好用！【Joeman】,2026-06-09 14:45:03,2026-06-09,2026,14,890,長片,3C開箱評測,keyword,,,False,none,0.0,,False,True,9好吃益生菌|頻道會員|團購平台,541976,6319.0,407.0,22,https://www.youtube.com/watch?v=voVSMSJ9ewU
nOJYE2uLlDU,台股史詩大暴跌！給大家看之前多開心！一個月賺50%、股票漲太多都不想工作！【Joeman會員優先】,2026-06-06 18:51:41,2026-06-06,2026,18,1071,長片,財經/投資,keyword,,,False,none,0.0,,False,True,頻道會員|9好吃益生菌|團購平台,979141,10290.0,1087.0,22,https://www.youtube.com/watch?v=nOJYE2uLlDU
e1ehNZzQLkA,Sony出了一款要2萬塊的超旗艦耳機WH-1000XX，外觀採用不鏽鋼框架，雖然重了點，但真的超帥！音質跟降噪也超好！1000X THE COLLEXION,2026-06-06 11:27:38,2026-06-06,2026,11,79,Shorts,3C開箱評測,keyword,,,False,none,0.0,,False,False,,134004,2374.0,116.0,22,https://www.youtube.com/watch?v=e1ehNZzQLkA
QhNkG7Z_FjA,DJI Pocket 4已經上市一陣子，跟大家分享我的真實使用心得！跟Pocket 3的差異在哪？是否要等 4 Pro呢？#雲台相機 #開箱,2026-06-04 20:53:25,2026-06-04,2026,20,80,Shorts,3C開箱評測,keyword,,,False,none,0.0,,False,False,,524310,2873.0,35.0,22,https://www.youtube.com/watch?v=QhNkG7Z_FjA
KdFj7m7Vi6U,特斯拉的AI語音來啦！現在開車也可以跟Grok聊天了！甚至還有爆走的神經模式⋯目前Grok更新陸續推播中，只要是AMD晶片的特斯拉應該都可以更新～,2026-06-02 21:26:52,2026-06-02,2026,21,115,Shorts,汽車,keyword,,,False,none,0.0,,False,False,,240370,3762.0,165.0,22,https://www.youtube.com/watch?v=KdFj7m7Vi6U
bdsXqWZX_C4,100秒快速看完台北國際電腦展ComputeX！這次Nvidia、Asus跟技嘉都有很酷的新品！ 尤其是N1X的RTX Spark測下來效能很不錯，只是價格還沒公開，不知道性價比如何！,2026-06-02 18:44:01,2026-06-02,2026,18,105,Shorts,3C開箱評測,keyword,,,False,none,0.0,,False,False,,270212,4388.0,77.0,22,https://www.youtube.com/watch?v=bdsXqWZX_C4
KNwqT1tgbKU,在公車上隨機搭訕！讓乘客推薦美食！挑戰307從頭吃到尾！《公車食刻表》ep1,2026-06-01 20:03:03,2026-06-01,2026,20,81,Shorts,美食,title_series,公車食刻表,,False,none,0.0,,False,False,,50755,983.0,26.0,22,https://www.youtube.com/watch?v=KNwqT1tgbKU
p9YmY8Nh8kQ,帶很省錢的人體驗有錢人的一天！一日富豪體驗（我想像中的）【Joeman】,2026-06-01 18:00:06,2026-06-01,2026,18,2118,長片,挑戰/企劃,keyword,,,True,keyword,22.0,專屬導購代碼|專屬導購連結|影片合作聲明|推薦或聯盟行銷連結|專屬導購指引|結帳代碼指引|折扣導購用語|行銷活動用語,False,True,9好吃益生菌|頻道會員|團購平台,669081,9448.0,964.0,22,https://www.youtube.com/watch?v=p9YmY8Nh8kQ
M7eF66fQBxs,私底下的Joeman，就是一個阿伯,2026-05-31 22:41:10,2026-05-31,2026,22,35,Shorts,未分類,none,,,False,none,0.0,,False,False,,229365,4273.0,106.0,22,https://www.youtube.com/watch?v=M7eF66fQBxs
WON67J0NJB4,最新螢幕黑科技來啦！三星的Micro RGB把發光源做到100微米以下，達到近萬個分區背光！進而做到更精準的控光跟亮度！#microrgb #samsung #電視 #顯示器,2026-05-30 12:03:25,2026-05-30,2026,12,78,Shorts,3C開箱評測,keyword,,,False,none,0.0,,False,False,,150936,2530.0,118.0,22,https://www.youtube.com/watch?v=WON67J0NJB4
kFxuDAajkB4,在公車上隨機搭訕！讓乘客推薦美食！挑戰307從頭吃到尾！《公車食刻表》ep1【Joeman】,2026-05-29 18:00:34,2026-05-29,2026,18,2673,長片,美食,playlist,公車食刻表,《公車食刻表》,True,keyword,19.0,專屬導購代碼|專屬導購連結|推薦或聯盟行銷連結|專屬導購指引|結帳代碼指引|折扣導購用語|行動呼籲句型,False,True,9好吃益生菌|頻道會員|團購平台,1553826,35071.0,3579.0,22,https://www.youtube.com/watch?v=kFxuDAajkB4
J8AQ96FPwsg,我去參加了外國人在台北的跟團一日遊！體驗外國人眼中的台北！很多景點真的是天天路過卻從沒想過要走進去⋯#joe是要跟團 #台北觀光 #台北旅遊,2026-05-27 13:10:50,2026-05-27,2026,13,80,Shorts,旅遊/航空,title_series,Joe是要跟團,,False,none,0.0,,False,False,,934548,13008.0,162.0,22,https://www.youtube.com/watch?v=J8AQ96FPwsg
jemBC8agGf4,台北跟團一日遊！跟著外國人當觀光客！體驗最熟悉的陌生景點...每天經過卻從沒進去過！《Joe是要跟團》ep1【Joeman】,2026-05-26 18:00:31,2026-05-26,2026,18,2744,長片,旅遊/航空,playlist,Joe是要跟團,《Joe是要跟團》,True,keyword,15.0,專屬導購代碼|專屬導購連結|專屬導購指引|折扣導購用語|購買行動用語|行動呼籲句型,False,True,9好吃益生菌|頻道會員|團購平台,1384812,21109.0,1710.0,22,https://www.youtube.com/watch?v=jemBC8agGf4
bhV5Mvhn2RA,把特斯拉遙控召喚過來！勘誤：FSD應該是22.2萬。這個功能是2025年前購買EAP或FSD就有，2025年之後的特斯拉因為R79法案導致只能6公尺內召喚蠻可惜的，期待未來的自動駕駛！,2026-05-25 18:50:40,2026-05-25,2026,18,55,Shorts,汽車,keyword,,,False,none,0.0,,False,False,,1964938,24232.0,747.0,22,https://www.youtube.com/watch?v=bhV5Mvhn2RA
-8Jqg3cymSs,信義區老屋翻新不到50萬？包租代管好賺嗎？《Joe是要看房》 ep.62【Joeman】,2026-05-22 18:30:04,2026-05-22,2026,18,1452,長片,看房/房產,playlist,Joe是要看房,《Joe是要看房》,True,keyword,7.0,影片合作聲明|折扣導購用語|購買行動用語,False,True,9好吃益生菌|頻道會員|團購平台,194483,2325.0,351.0,22,https://www.youtube.com/watch?v=-8Jqg3cymSs
sgFbsOG_y58,海底撈香菜奶茶！聽店員說這週才會上！,2026-05-21 22:55:48,2026-05-21,2026,22,17,Shorts,美食,keyword,,,False,none,0.0,,False,False,,66190,675.0,32.0,22,https://www.youtube.com/watch?v=sgFbsOG_y58
UY0hNkXcK6A,最便宜的豪華電動車！為了賓士退訂特斯拉值得嗎？CLA200開箱試駕【Joeman】,2026-05-21 19:00:34,2026-05-21,2026,19,705,長片,汽車,keyword,,,False,none,0.0,,False,True,9好吃益生菌|頻道會員|團購平台,452115,3807.0,527.0,22,https://www.youtube.com/watch?v=UY0hNkXcK6A
YEAIgTzYmMo,Airpods Max 2終於在台灣上市啦！這代因為有H2晶片，降噪有感提升，也可以接USBC聽無損音質！,2026-05-17 15:51:53,2026-05-17,2026,15,49,Shorts,3C開箱評測,keyword,,,False,none,0.0,,False,False,,128728,1878.0,58.0,22,https://www.youtube.com/watch?v=YEAIgTzYmMo
b6GCP9otK_Y,10倍原生長焦好猛！OPPO超旗艦手機Find X9 Ultra開箱實測【Joeman】,2026-05-16 12:00:37,2026-05-16,2026,12,742,長片,3C開箱評測,playlist,Joeman開箱去,【Joeman開箱去】,True,keyword,4.0,影片合作聲明|新品發表用語,False,True,9好吃益生菌|頻道會員|團購平台,251134,1167.0,217.0,22,https://www.youtube.com/watch?v=b6GCP9otK_Y
3Wf4UxaJ-zo,蘋果的第一隻手機嚴格講並不是iPhone，早在21年前蘋果跟motorola合作推出內建iTunes的Rokr e1，還是由當時還在世的賈伯斯發表⋯但⋯,2026-05-16 11:44:05,2026-05-16,2026,11,53,Shorts,3C開箱評測,keyword,,,False,none,0.0,,False,False,,77158,816.0,12.0,22,https://www.youtube.com/watch?v=3Wf4UxaJ-zo
ZAwRlnGva_w,人生第一次吃螺絲粉⋯約會不能吃的食物挑戰！【Joeman】,2026-05-15 18:00:06,2026-05-15,2026,18,1574,長片,挑戰/企劃,keyword,,,False,none,0.0,,False,True,9好吃益生菌|頻道會員|團購平台,651804,9300.0,567.0,22,https://www.youtube.com/watch?v=ZAwRlnGva_w
gMAU2PdFggg,100秒看完陶朱隱園！2000坪生態庭院、10米瀑布、室內無柱、降板電視、垂直花園,2026-05-14 21:42:46,2026-05-14,2026,21,99,Shorts,看房/房產,keyword,,,False,none,0.0,,False,False,,910606,12491.0,460.0,22,https://www.youtube.com/watch?v=gMAU2PdFggg
p_vbneEIfm8,超崩潰！現在組電腦也太貴了吧！從台幣3萬一路組到20萬的菜單分享【Joeman】,2026-05-14 18:00:10,2026-05-14,2026,18,1023,長片,3C開箱評測,keyword,,,True,keyword,10.0,專屬導購代碼|專屬導購連結|折扣導購用語|購買行動用語,False,True,9好吃益生菌|頻道會員|團購平台,631299,7976.0,1070.0,22,https://www.youtube.com/watch?v=p_vbneEIfm8
Rp-_-EKVb1o,一台7萬的iPhone摺疊機值得等嗎？因為比例很接近iPad mini，所以如果是很常用ipad的人我覺得可以等！#iphoneultra  #iphonefold  #fold  #爆料,2026-05-13 18:46:17,2026-05-13,2026,18,66,Shorts,3C開箱評測,keyword,,,False,none,0.0,,False,False,,394787,5568.0,272.0,22,https://www.youtube.com/watch?v=Rp-_-EKVb1o
tboE3v0NDfs,陶朱隱園裡的超跑電梯！有這台電梯就真的可以開車回「家」！,2026-05-13 10:30:09,2026-05-13,2026,10,67,Shorts,看房/房產,keyword,,,False,none,0.0,,False,False,,293782,3258.0,108.0,22,https://www.youtube.com/watch?v=tboE3v0NDfs
NjsYyPA8Wic,一戶12億！陶朱隱園開箱！《Joe是要看房》 ep.61【Joeman】,2026-05-12 19:30:29,2026-05-12,2026,19,2860,長片,看房/房產,playlist,Joe是要看房,《Joe是要看房》,False,none,0.0,,False,True,9好吃益生菌|頻道會員|團購平台,3639992,66787.0,4794.0,22,https://www.youtube.com/watch?v=NjsYyPA8Wic
vzPb8j0w9ks,今年的iPhone 18 Pro值得等嗎？新顏色如果是深紫櫻桃色大家覺得如何？#iphone18pro #darkcherry #可變光圈 #爆料 #預測,2026-05-12 12:49:52,2026-05-12,2026,12,60,Shorts,3C開箱評測,keyword,,,False,none,0.0,,False,False,,309998,3216.0,96.0,22,https://www.youtube.com/watch?v=vzPb8j0w9ks
44Z8I1L1Gg0,iPhone 18 Pro與iPhone摺疊機外流爆料！這代值得等嗎？【Joeman】,2026-05-08 18:00:12,2026-05-08,2026,18,1376,長片,3C開箱評測,keyword,,,True,keyword,7.0,專屬導購連結|購買行動用語|行動呼籲句型,False,True,9好吃益生菌|頻道會員|團購平台,723061,5626.0,655.0,22,https://www.youtube.com/watch?v=44Z8I1L1Gg0
tc9rDfTXGK8,一台12萬！偷把員工的螢幕換成蘋果最高階的顯示器！會被發現嗎？Studio Display XDR 開箱實測【Joeman】,2026-05-06 18:00:00,2026-05-06,2026,18,1027,長片,電競賽事,keyword,,,False,none,0.0,,False,True,9好吃益生菌|頻道會員|團購平台,837745,6416.0,348.0,22,https://www.youtube.com/watch?v=tc9rDfTXGK8
Lh54UyiPr6s,一張票十幾萬！人生第一次看F1！日本鈴鹿賽道VIP包廂體驗，近距離看世界冠軍車手【Joeman】,2026-05-05 18:00:00,2026-05-05,2026,18,1823,長片,汽車,keyword,,,True,keyword,18.0,專屬導購代碼|專屬導購連結|影片合作聲明|專屬導購指引|折扣導購用語|購買行動用語|行動呼籲句型,False,True,9好吃益生菌|頻道會員|團購平台,450307,5563.0,358.0,22,https://www.youtube.com/watch?v=Lh54UyiPr6s
Hc81mqEjK4A,iPhone如何稱霸世界？iPhone 20年來的改變與危機《蘋果之道》【九讀】ep3【Joeman】,2026-04-29 18:00:00,2026-04-29,2026,18,2572,長片,人物/訪談,title_series,九讀,,True,keyword,19.0,專屬導購代碼|專屬導購連結|推薦或聯盟行銷連結|專屬導購指引|結帳代碼指引|折扣導購用語|行動呼籲句型,False,True,9好吃益生菌|頻道會員|團購平台,427699,6564.0,514.0,22,https://www.youtube.com/watch?v=Hc81mqEjK4A
ITU7kU8Pdtw,你都玩什麼手遊？,2026-04-27 15:41:06,2026-04-27,2026,15,42,Shorts,遊戲實況,keyword,,,False,none,0.0,,False,False,,103320,1832.0,143.0,22,https://www.youtube.com/watch?v=ITU7kU8Pdtw
9VcAFieFARI,手機影像之王！演唱會神機vivo X300 Ultra！【Joeman】,2026-04-16 20:00:00,2026-04-16,2026,20,1099,長片,3C開箱評測,keyword,,,True,keyword,5.0,購買行動用語|通路鋪貨用語|品牌官方導流,False,True,9好吃益生菌|頻道會員|團購平台,211980,1570.0,247.0,22,https://www.youtube.com/watch?v=9VcAFieFARI
tnpgwdGOZq8,當你開完一台破2000千萬的新小牛後⋯#lamborghini  #temerario  #麗寶,2026-04-16 15:05:19,2026-04-16,2026,15,59,Shorts,汽車,keyword,,,False,none,0.0,,False,False,,153059,2079.0,35.0,22,https://www.youtube.com/watch?v=tnpgwdGOZq8
ujOybtSQ_dc,陽痿、早洩、不夠大、不夠硬怎麼辦？人生第一次看泌尿科！ft.顧芳瑜醫師【Joeman】,2026-04-15 18:00:00,2026-04-15,2026,18,1620,長片,人物/訪談,keyword,,,True,keyword,3.0,專屬導購連結,False,True,9好吃益生菌|頻道會員|團購平台,311675,3509.0,269.0,22,https://www.youtube.com/watch?v=ujOybtSQ_dc
sVeucKGTsnQ,一戶1.7億！東門商圈、永康街旁的低調豪宅！耕玉《Joe是要看房》 ep.60【Joeman】,2026-04-14 18:00:00,2026-04-14,2026,18,1082,長片,看房/房產,playlist,Joe是要看房,《Joe是要看房》,True,keyword,6.0,行動導流連結|預約導流,False,True,9好吃益生菌|頻道會員|團購平台,725641,7508.0,479.0,22,https://www.youtube.com/watch?v=sVeucKGTsnQ
ydy3nSE7ywQ,未來的蘋果摺疊機可能就長這樣！摺痕消失術！能自我修復的折疊手機！OPPO Find N6開箱實測【Joeman】,2026-04-10 18:00:00,2026-04-10,2026,18,854,長片,挑戰/企劃,keyword,,,False,none,0.0,,False,True,9好吃益生菌|頻道會員|團購平台,296662,2400.0,325.0,22,https://www.youtube.com/watch?v=ydy3nSE7ywQ
E8x56e38ATM,一個2萬的手機殼造型行李箱！ #casetify,2026-04-10 12:00:00,2026-04-10,2026,12,66,Shorts,3C開箱評測,keyword,,,False,none,0.0,,False,False,,311030,5019.0,136.0,22,https://www.youtube.com/watch?v=E8x56e38ATM
66VVCava7-Y,來去Joeman家住一晚！體驗我下班後的人生【Joeman】,2026-04-09 18:00:00,2026-04-09,2026,18,2143,長片,挑戰/企劃,keyword,,,False,none,0.0,,False,True,9好吃益生菌|頻道會員|團購平台,2026970,23563.0,1085.0,22,https://www.youtube.com/watch?v=66VVCava7-Y
EJFV0dV9uDo,Macbook Neo賣太好全球缺貨⋯其中一個原因是當初拿來消庫存的A18 Pro可能不夠了？,2026-04-08 21:00:00,2026-04-08,2026,21,47,Shorts,3C開箱評測,keyword,,,False,none,0.0,,False,False,,556521,7250.0,218.0,22,https://www.youtube.com/watch?v=EJFV0dV9uDo
jGrA3JTWmIY,花生加可樂竟然會好喝？實測看看！,2026-04-08 15:57:31,2026-04-08,2026,15,66,Shorts,美食,keyword,,,False,none,0.0,,False,False,,534178,6969.0,161.0,22,https://www.youtube.com/watch?v=jGrA3JTWmIY
krwAJblmVPU,真實體驗每個月都做雷射+外泌體！什麼是外泌體？【Joeman】,2026-03-31 18:00:00,2026-03-31,2026,18,767,長片,挑戰/企劃,keyword,,,False,none,1.0,新品發表用語,False,True,9好吃益生菌|頻道會員|團購平台,120243,845.0,88.0,22,https://www.youtube.com/watch?v=krwAJblmVPU
Lez3FG1fZxc,強的可怕！開著2000萬的新世代小牛下賽道！Lamborghini Temerario 試駕開箱！【Joeman】,2026-03-30 18:00:00,2026-03-30,2026,18,1208,長片,汽車,keyword,,,True,keyword,22.0,專屬導購代碼|專屬導購連結|影片合作聲明|推薦或聯盟行銷連結|專屬導購指引|結帳代碼指引|折扣導購用語|行動呼籲句型,False,True,9好吃益生菌|頻道會員|團購平台,213212,3120.0,142.0,22,https://www.youtube.com/watch?v=Lez3FG1fZxc
vOlwhC4yn4w,全新世代藍寶堅尼混動小牛Temerario 動力920匹！選完輕量化套件Alleggerita後總價破2000萬！ #超跑  #lamborghini    #2026,2026-03-30 18:00:00,2026-03-30,2026,18,78,Shorts,汽車,keyword,,,False,none,0.0,,False,False,,54740,1181.0,40.0,22,https://www.youtube.com/watch?v=vOlwhC4yn4w
5OqpeSSYYtI,開箱世界第一網紅Mr.Beast的巧克力feastables！,2026-03-27 18:00:00,2026-03-27,2026,18,88,Shorts,美食,keyword,,,False,none,0.0,,False,False,,674716,13216.0,234.0,22,https://www.youtube.com/watch?v=5OqpeSSYYtI
wszdluHzTak,新加坡獨旅吃播😋咖椰吐司、肉骨茶、椰漿飯、椰奶冰沙、蝦麵、香格里拉飯店【Joeman】,2026-03-26 18:00:00,2026-03-26,2026,18,2895,長片,旅遊/航空,keyword,,,True,keyword,15.0,專屬導購代碼|專屬導購連結|專屬導購指引|折扣導購用語|購買行動用語|行動呼籲句型,False,True,9好吃益生菌|頻道會員|團購平台,813607,9206.0,591.0,22,https://www.youtube.com/watch?v=wszdluHzTak
ZeEqpS2Fiy8,挑戰一週不喝咖啡！會有戒斷反應嗎？【Joeman】,2026-03-25 18:00:00,2026-03-25,2026,18,1150,長片,美食,keyword,,,True,keyword,17.0,專屬導購代碼|專屬導購連結|結帳代碼指引|折扣導購用語|購買行動用語|促銷方案用語|品牌官方導流|新品發表用語,False,True,9好吃益生菌|頻道會員|團購平台,338640,4441.0,309.0,22,https://www.youtube.com/watch?v=ZeEqpS2Fiy8
0EATAxsSnKk,全球缺貨的Macbook Neo開箱實測！真的是性價比之王？【Joeman】,2026-03-24 20:00:00,2026-03-24,2026,20,851,長片,挑戰/企劃,keyword,,,False,none,0.0,,False,True,9好吃益生菌|頻道會員|團購平台,375251,4187.0,330.0,22,https://www.youtube.com/watch?v=0EATAxsSnKk
L60oEgOQdvk,我與Z世代的差距⋯⋯,2026-03-22 13:53:07,2026-03-22,2026,13,68,Shorts,未分類,none,,,False,none,0.0,,False,False,,1920133,34539.0,664.0,22,https://www.youtube.com/watch?v=L60oEgOQdvk
Ygi0JsphXok,IG跟Threads是如何讓用戶上癮的？聊聊間歇性強化跟可變獎勵在現代的實際應用！ #多巴胺,2026-03-21 12:23:01,2026-03-21,2026,12,68,Shorts,未分類,none,,,False,none,0.0,,False,False,,537784,12132.0,182.0,22,https://www.youtube.com/watch?v=Ygi0JsphXok
1hqgUdZKbjM,00後整頓職場！#心動小鎮  #heartopia,2026-03-20 18:00:00,2026-03-20,2026,18,101,Shorts,未分類,none,,,False,none,0.0,,False,False,,271214,1150.0,22.0,22,https://www.youtube.com/watch?v=1hqgUdZKbjM
GHe8GOKV5dk,IG、抖音跟Threads是如何傷害我們的？網路成癮要怎麼辦？多巴胺國度、失控的焦慮世代、社群帝國那些人心得分享【九讀】ep2【Joeman】,2026-03-20 18:00:00,2026-03-20,2026,18,2370,長片,人物/訪談,playlist,九讀,【九讀】,False,none,0.0,,False,True,9好吃益生菌|頻道會員|團購平台,463853,16591.0,1159.0,22,https://www.youtube.com/watch?v=GHe8GOKV5dk
FOu0L1nYRkM,搶翻天的Lady M杜拜巧克力！但我覺得經典口味的Lady M更好吃⋯,2026-03-19 19:18:26,2026-03-19,2026,19,67,Shorts,美食,keyword,,,False,none,0.0,,False,False,,191103,3119.0,67.0,22,https://www.youtube.com/watch?v=FOu0L1nYRkM
444EDKBid2w,一個月165元的Line Premium！主打可以跨陣營備份跟可以上傳高畫質影片到相簿，如果跟Google Drive的價錢比，Line Premium沒有太大競爭力，但聽說還有無痕訊息收回？,2026-03-18 17:08:34,2026-03-18,2026,17,73,Shorts,未分類,none,,,False,none,0.0,,False,False,,746521,11349.0,548.0,22,https://www.youtube.com/watch?v=444EDKBid2w
dA2QVBtEVps,啊～真香！ #嵐 #固態香水 #體香膏 #len,2026-03-17 18:09:11,2026-03-17,2026,18,49,Shorts,未分類,none,,,True,keyword,5.0,品牌專屬團購連結|購買行動用語,False,False,,26211,367.0,14.0,22,https://www.youtube.com/watch?v=dA2QVBtEVps
cC-hKpbuqS0,為了蘋果，重回對岸！36小時上海快閃！【Joeman】,2026-03-12 18:00:00,2026-03-12,2026,18,1913,長片,未分類,none,,,True,keyword,2.0,品牌官方導流|新品發表用語,False,True,9好吃益生菌|頻道會員|團購平台,571651,6838.0,1192.0,22,https://www.youtube.com/watch?v=cC-hKpbuqS0
n2SkFb6M24w,台灣特斯拉博物館開幕！雖然小小的但有一台解構Model Y很酷！還有印章可以搜集～就在南港特斯拉,2026-03-11 16:02:13,2026-03-11,2026,16,61,Shorts,汽車,keyword,,,False,none,0.0,,False,False,,110565,1806.0,47.0,22,https://www.youtube.com/watch?v=n2SkFb6M24w
HsOEdfrgeZk,iPhone 17e全台首開！最便宜的iPhone適合你嗎？開箱實測！【Joeman】,2026-03-09 21:00:00,2026-03-09,2026,21,634,長片,挑戰/企劃,keyword,,,False,none,0.0,,False,True,9好吃益生菌|頻道會員|團購平台,379704,4861.0,466.0,22,https://www.youtube.com/watch?v=HsOEdfrgeZk
OeafMZyEcgg,iPhone 17e全台首開！最便宜的iPhone適合你嗎？開箱實測！,2026-03-09 21:00:00,2026-03-09,2026,21,63,Shorts,挑戰/企劃,keyword,,,False,none,0.0,,False,False,,124522,2102.0,58.0,22,https://www.youtube.com/watch?v=OeafMZyEcgg
KzNWUxU0HCk,一晚3萬元！新加坡金沙酒店體驗！世界最大無邊際泳池！【Joeman】,2026-03-06 18:00:00,2026-03-06,2026,18,1774,長片,挑戰/企劃,keyword,,,True,keyword,16.0,專屬導購代碼|推薦或聯盟行銷連結|專屬導購指引|結帳代碼指引|折扣導購用語|行銷活動用語,False,True,9好吃益生菌|頻道會員|團購平台,1050531,9813.0,610.0,22,https://www.youtube.com/watch?v=KzNWUxU0HCk
7r-qoSzWXHo,我使用了S26 Ultra一週！實測防窺螢幕、效能跟拍照！【Joeman】,2026-03-05 18:00:00,2026-03-05,2026,18,730,長片,挑戰/企劃,keyword,,,False,none,0.0,,False,True,9好吃益生菌|頻道會員|團購平台,164443,2699.0,307.0,22,https://www.youtube.com/watch?v=7r-qoSzWXHo
ZHus-bYc4es,連腳墊都是粉紅的Macbook Neo！,2026-03-05 15:04:14,2026-03-05,2026,15,58,Shorts,3C開箱評測,keyword,,,False,none,0.0,,False,False,,146731,2203.0,61.0,22,https://www.youtube.com/watch?v=ZHus-bYc4es
wW6ycct7SZo,別人漲價我降價！蘋果今年太殺了！Macbook Neo、iPhone 17e、Studio Display XDR、M5 Pro、M5 Max【Joeman】,2026-03-05 10:19:52,2026-03-05,2026,10,751,長片,電競賽事,keyword,,,False,none,0.0,,False,True,9好吃益生菌|頻道會員|團購平台,444517,5180.0,451.0,22,https://www.youtube.com/watch?v=wW6ycct7SZo
6NudKxFWJ2k,最便宜的全新Macbook Neo來了！台幣不到2萬塊，適合給學生用的第一台Mac，雖然處理器是手機用的A18 Pro，鍵盤也沒背光，螢幕素質也一般，但⋯便宜治百病！,2026-03-05 00:29:13,2026-03-05,2026,0,53,Shorts,3C開箱評測,keyword,,,False,none,0.0,,False,False,,769958,10651.0,572.0,22,https://www.youtube.com/watch?v=6NudKxFWJ2k
IsgXGbK4Uak,最新iPhone 17e嫩粉色實機開箱！實際看比想像中更淡雅，我覺得很好駕馭！,2026-03-05 00:12:07,2026-03-05,2026,0,22,Shorts,3C開箱評測,keyword,,,False,none,0.0,,False,False,,88523,1088.0,36.0,22,https://www.youtube.com/watch?v=IsgXGbK4Uak
yXq9L2M1dy4,佛心蘋果大降價！M5 Macbook Pro跟Macbook Air都逆向降價～太佛啦～,2026-03-04 17:43:26,2026-03-04,2026,17,44,Shorts,3C開箱評測,keyword,,,False,none,0.0,,False,False,,276424,3577.0,138.0,22,https://www.youtube.com/watch?v=yXq9L2M1dy4
5iiVtuwweZM,Youtube 20週年賽車外套開箱！還有專屬頻道名稱跟年份，超帥的啦～感謝Youtube把麻🥰🥰🥰,2026-03-04 10:59:53,2026-03-04,2026,10,81,Shorts,3C開箱評測,keyword,,,False,none,0.0,,False,False,,641029,9819.0,129.0,22,https://www.youtube.com/watch?v=5iiVtuwweZM
nUuj48gvNvA,蘋果出了一台要11萬的奢華高階顯示器！Studio Display XDR！miniLED、超過2000個分區背光、峰值亮度超2000nit、並且有120hz promotion！但27吋這個大小⋯,2026-03-04 00:03:15,2026-03-04,2026,0,50,Shorts,電競賽事,keyword,,,False,none,0.0,,False,False,,204057,2731.0,203.0,22,https://www.youtube.com/watch?v=nUuj48gvNvA
VSYDmR0pRd8,超豪華！帶員工潛入Google辦公室！意外看到機密實驗室！【Joeman】,2026-03-03 18:00:00,2026-03-03,2026,18,1807,長片,挑戰/企劃,keyword,,,False,none,0.0,,False,True,9好吃益生菌|頻道會員|團購平台,530367,6434.0,276.0,22,https://www.youtube.com/watch?v=VSYDmR0pRd8
IMTaW-qDd7g,最便宜的iPhone來了！這次iPhone 17e加量不加價！直接給到256g還是非常不錯的，但最佳性價比的iphone另有其人⋯3/4 晚上10:15預購3/11開售！,2026-03-03 00:19:24,2026-03-03,2026,0,78,Shorts,3C開箱評測,keyword,,,False,none,0.0,,False,False,,326982,5127.0,192.0,22,https://www.youtube.com/watch?v=IMTaW-qDd7g
-1mIe6Puq9s,訂哪個最划算？5大音樂平台費用、音質、曲庫、介面大PK！Spotify、Apple Music、KKBOX、Youtube Music、Tidal【Joeman】,2026-02-28 12:00:00,2026-02-28,2026,12,1625,長片,未分類,none,,,True,keyword,19.0,專屬導購代碼|專屬導購連結|推薦或聯盟行銷連結|專屬導購指引|結帳代碼指引|折扣導購用語|行動呼籲句型,False,True,9好吃益生菌|頻道會員|團購平台,562396,9919.0,993.0,22,https://www.youtube.com/watch?v=-1mIe6Puq9s
JfQ3t9d7UFw,我訪問到身價破2兆的男人！傳說中的CZ趙長鵬與幣安執行長！【Joeman】,2026-02-27 18:00:00,2026-02-27,2026,18,1160,長片,未分類,none,,,False,none,0.0,,False,True,9好吃益生菌|頻道會員|團購平台,291982,4321.0,358.0,22,https://www.youtube.com/watch?v=JfQ3t9d7UFw
FKKpTDGspJk,我把日本的車子賣了！比想像中便宜！穿越日本花了我多少錢？【Joeman】,2026-02-26 18:00:00,2026-02-26,2026,18,1130,長片,未分類,none,,,True,keyword,15.0,專屬導購代碼|專屬導購連結|專屬導購指引|折扣導購用語|購買行動用語|行動呼籲句型,False,True,9好吃益生菌|頻道會員|團購平台,604873,7977.0,409.0,22,https://www.youtube.com/watch?v=FKKpTDGspJk
KGwFYiQyYsQ,拿到我的S26 Ultra啦！#galaxys26ultra,2026-02-26 09:59:46,2026-02-26,2026,9,82,Shorts,未分類,none,,,False,none,0.0,,False,False,,198261,3727.0,155.0,22,https://www.youtube.com/watch?v=KGwFYiQyYsQ
0eF81AyV_us,可以主動控制防窺開關的黑科技螢幕！S26 Ultra這代真的太猛了！ #GalaxyS26Ultra  #隱私 #privacy,2026-02-26 02:00:00,2026-02-26,2026,2,55,Shorts,3C開箱評測,keyword,,,False,none,0.0,,False,False,,94450,1862.0,115.0,22,https://www.youtube.com/watch?v=0eF81AyV_us
OTG5RGeLAQQ,S26 Ultra美國首發開箱！黑科技防窺螢幕太酷了！【Joeman】,2026-02-26 02:00:00,2026-02-26,2026,2,799,長片,3C開箱評測,keyword,,,False,none,0.0,,False,True,9好吃益生菌|頻道會員|團購平台,341018,6404.0,840.0,22,https://www.youtube.com/watch?v=OTG5RGeLAQQ
h70ZfDVvk1I,真無線降噪王者！Sony WF-1000XM6開箱！【Joeman】,2026-02-25 18:00:00,2026-02-25,2026,18,972,長片,3C開箱評測,playlist,Joeman開箱去,【Joeman開箱去】,False,none,1.0,品牌官方導流,False,True,9好吃益生菌|頻道會員|團購平台,595398,2539.0,240.0,22,https://www.youtube.com/watch?v=h70ZfDVvk1I
8_VRut08Xps,從鐵粉到私訊破口大罵！又開箱觀眾私訊！把我當摯友的下場第二集！【Joeman】,2026-02-11 18:00:00,2026-02-11,2026,18,1764,長片,3C開箱評測,keyword,,,True,keyword,5.0,折扣導購用語|購買行動用語|活動檔期用語,False,True,9好吃益生菌|頻道會員|團購平台,517318,10190.0,515.0,22,https://www.youtube.com/watch?v=8_VRut08Xps
OrTX8OiR-FQ,星宇航空最新王牌A350-1000！頭等商務一次開箱！駕駛艙也解鎖！【Joeman】,2026-02-10 18:00:00,2026-02-10,2026,18,1204,長片,旅遊/航空,keyword,,,True,keyword,2.0,購買行動用語,False,True,9好吃益生菌|頻道會員|團購平台,667970,7940.0,216.0,22,https://www.youtube.com/watch?v=OrTX8OiR-FQ
ryNeFTtcOwY,我10年痘痘爛臉的抗痘心得 ！【Joeman】,2026-02-08 12:00:00,2026-02-08,2026,12,1042,長片,未分類,none,,,False,none,0.0,,False,True,9好吃益生菌|頻道會員|團購平台,430713,2873.0,235.0,22,https://www.youtube.com/watch?v=ryNeFTtcOwY
036GoyUgzjs,謝謝比特幣教會了我什麼叫做工作的意義，這種東西能持有真的是太幸福了🥰🥰🥰#投資失利 #崩跌 #崩潰 #還我錢,2026-02-07 01:21:11,2026-02-07,2026,1,66,Shorts,財經/投資,keyword,,,False,none,0.0,,False,False,,405532,7237.0,240.0,22,https://www.youtube.com/watch?v=036GoyUgzjs
9nFyt6m4U-g,2026一轉眼就到2月份了，去年也有好幾趟印象深刻的旅程跟亮點，也期待年後的各種新企畫！#GalaxyUnpacked,2026-02-06 14:00:00,2026-02-06,2026,14,78,Shorts,未分類,none,,,False,none,0.0,,False,False,,56741,1262.0,21.0,22,https://www.youtube.com/watch?v=9nFyt6m4U-g
-0HtTCRXI4Q,十倍濃縮黑瑪卡！濃度直接拉滿！9是猛瑪卡能量飲讓你上班有精神、下班當戰神🔥,2026-02-05 18:27:57,2026-02-05,2026,18,53,Shorts,日常Vlog,keyword,,,False,none,0.0,,False,False,,20258,271.0,11.0,22,https://www.youtube.com/watch?v=-0HtTCRXI4Q
t-KgPvvbr4w,荒涼空城！在日本最北的城市住一晚！稚內、札幌、北海道大學、北海道神社《我獨自穿越日本》ep8【Joeman】,2026-02-05 18:00:00,2026-02-05,2026,18,1969,長片,旅遊/航空,playlist,我獨自穿越日本,《我獨自穿越日本》,False,none,0.0,,False,True,9好吃益生菌|頻道會員|團購平台,542619,7466.0,327.0,22,https://www.youtube.com/watch?v=t-KgPvvbr4w
FXNreX94exU,全台灣第一台的星宇航空A350-1000開箱！機尾還有專屬的1000字樣，A350-1000最大的特色是機身加長，座位數提升到350個，2/10首航飛往東京！#starlux #星宇 #airbus,2026-02-05 10:59:36,2026-02-05,2026,10,76,Shorts,旅遊/航空,keyword,,,False,none,0.0,,False,False,,379854,6048.0,99.0,22,https://www.youtube.com/watch?v=FXNreX94exU
35cM167x9T8,Premiere 2026史詩級更新！終於有去背功能了！懶得更新的人這次可以試試看了～#adobe #剪輯 #去背 #教學,2026-02-03 16:30:50,2026-02-03,2026,16,43,Shorts,未分類,none,,,False,none,0.0,,False,False,,262886,3392.0,43.0,22,https://www.youtube.com/watch?v=35cM167x9T8
T-zEQfaRRYA,全新出國神器Airtag 2開箱！搜索範圍提升50%定位精度也有感升級，常出國的人可以直接衝了！#apple #蘋果 #旅遊 #防丟 #airtag2,2026-02-02 22:42:53,2026-02-02,2026,22,48,Shorts,旅遊/航空,keyword,,,False,none,0.0,,False,False,,118429,1669.0,18.0,22,https://www.youtube.com/watch?v=T-zEQfaRRYA
Y8jRolTmRu4,一早起來發現自己的車竟然要停產！為了做機器人，馬斯克決定停掉部分產線，Model S跟X今年Q1還會接單，但明年我們就買不到了！末代鷗翼門要搶要快⋯#tesla #停產 #optimusrobot,2026-01-29 19:48:25,2026-01-29,2026,19,81,Shorts,汽車,keyword,,,False,none,0.0,,False,False,,954762,14484.0,304.0,22,https://www.youtube.com/watch?v=Y8jRolTmRu4
6EgMX_dqAuE,價格有誠意！影音創作者需要蘋果最新的Apple Creator Studio嗎？　#finalcut  #adobe  #apple  #premiere,2026-01-28 22:00:00,2026-01-28,2026,22,71,Shorts,未分類,none,,,False,none,0.0,,False,False,,76706,1374.0,20.0,22,https://www.youtube.com/watch?v=6EgMX_dqAuE
fa5-N2uJjOg,10年後的我們都不需要工作？馬斯克眼裡的AI之戰、能源之戰與人類永生！馬斯克最新訪談精華【九讀】ep1【Joeman】,2026-01-28 18:03:11,2026-01-28,2026,18,2325,長片,人物/訪談,playlist,九讀,【九讀】,True,keyword,2.0,購買行動用語,False,True,9好吃益生菌|頻道會員|團購平台,697522,15626.0,7678.0,22,https://www.youtube.com/watch?v=fa5-N2uJjOg
sZdnmdc5cnE,挑戰一週不用社群軟體！手機成癮戒斷！多巴胺排毒後世界煥然一新！【Joeman】,2026-01-26 19:00:00,2026-01-26,2026,19,1989,長片,挑戰/企劃,keyword,,,True,keyword,5.0,導購區塊標題|行銷活動用語,False,True,9好吃益生菌|頻道會員|團購平台,554256,8787.0,666.0,22,https://www.youtube.com/watch?v=sZdnmdc5cnE
hA8jtBjWlug,最新的2026 Model Y Performance性能版！更快的加速、更大的輪框、更帥的座椅還有...更貴一點點的售價～,2026-01-23 21:28:24,2026-01-23,2026,21,66,Shorts,未分類,none,,,False,none,0.0,,False,True,9好吃益生菌|頻道會員|團購平台,152376,1529.0,37.0,22,https://www.youtube.com/watch?v=hA8jtBjWlug
juPA9SgqxiY,北海道的盡頭！日本最北端！根室、釧路、旭川 、稚內、美瑛、白金青池《我獨自穿越日本》ep7【Joeman】,2026-01-23 18:00:00,2026-01-23,2026,18,2084,長片,旅遊/航空,playlist,我獨自穿越日本,《我獨自穿越日本》,True,keyword,15.0,專屬導購代碼|專屬導購連結|專屬導購指引|折扣導購用語|購買行動用語|行動呼籲句型,False,True,9好吃益生菌|頻道會員|團購平台,383595,8375.0,639.0,22,https://www.youtube.com/watch?v=juPA9SgqxiY
hJ0WUR_D2jY,日本拉麵之旅！6間拉麵名店！各種流派一次蒐集！《我獨自穿越日本》番外篇【Joeman】,2026-01-21 18:30:00,2026-01-21,2026,18,1936,長片,旅遊/航空,playlist,我獨自穿越日本,《我獨自穿越日本》,True,keyword,19.0,專屬導購代碼|專屬導購連結|推薦或聯盟行銷連結|專屬導購指引|結帳代碼指引|折扣導購用語|行動呼籲句型,False,True,9好吃益生菌|頻道會員|團購平台,533359,7749.0,319.0,22,https://www.youtube.com/watch?v=hJ0WUR_D2jY
IlPIfGojmcc,聊聊過去一年我的成長與挫折！網紅觀察室【Joeman】,2026-01-19 18:00:00,2026-01-19,2026,18,2420,長片,人物/訪談,playlist,網紅觀察室,Joeman網紅觀察室,False,none,0.0,,False,True,9好吃益生菌|頻道會員|團購平台,912721,8376.0,644.0,22,https://www.youtube.com/watch?v=IlPIfGojmcc
2ZNk0d6vfwQ,北海道獨旅！每天400公里的開車地獄！函館、帶廣、洞爺湖、朝市、村上海膽、小丑漢堡、五稜郭、十勝牛奶、印度咖哩！《我獨自穿越日本》ep6【Joeman】,2026-01-15 18:00:04,2026-01-15,2026,18,2845,長片,旅遊/航空,playlist,我獨自穿越日本,《我獨自穿越日本》,False,none,0.0,,False,True,9好吃益生菌|頻道會員|團購平台,651290,8279.0,482.0,22,https://www.youtube.com/watch?v=2ZNk0d6vfwQ
oSigp7C5vlw,全台最貴！一晚88萬的總統套房！自己房間就有游泳池跟溫泉！新北北海溫泉洲際酒店【Joeman】,2026-01-13 18:01:25,2026-01-13,2026,18,1283,長片,未分類,none,,,False,none,0.0,,False,True,9好吃益生菌|頻道會員|團購平台,1416263,10874.0,870.0,22,https://www.youtube.com/watch?v=oSigp7C5vlw
PE_hTsHTBzE,嘗試把員工的婚姻賣掉！吐槽建文求婚影片！《工作室日常廢片ep14》【Joeman】,2026-01-12 18:00:40,2026-01-12,2026,18,1333,長片,日常Vlog,playlist,工作室日常廢片,Joeman工作室日常廢片,True,keyword,2.0,購買行動用語,False,True,9好吃益生菌|頻道會員|團購平台,621193,9565.0,420.0,22,https://www.youtube.com/watch?v=PE_hTsHTBzE
InngxYidux4,一鍋上萬的奢華佛跳牆開箱！今年年菜吃什麼？ft.小隆【Joeman】,2026-01-06 18:00:29,2026-01-06,2026,18,999,長片,3C開箱評測,keyword,,,True,keyword,14.0,專屬導購代碼|專屬導購連結|結帳代碼指引|折扣導購用語|購買行動用語|品牌官方導流,False,True,9好吃益生菌|頻道會員|團購平台,343732,3541.0,207.0,22,https://www.youtube.com/watch?v=InngxYidux4
1zpZp63p4to,日本東北獨旅！仙台、松島海岸、盛岡、十和田、奧入瀨溪 !《我獨自穿越日本》ep5【Joeman】,2026-01-05 18:00:02,2026-01-05,2026,18,2597,長片,旅遊/航空,playlist,我獨自穿越日本,《我獨自穿越日本》,True,keyword,2.0,購買行動用語,False,True,9好吃益生菌|頻道會員|團購平台,470414,7727.0,562.0,22,https://www.youtube.com/watch?v=1zpZp63p4to
nq-TiAyCE-o,在海之京都「伊根舟屋」住一晚！日本三景天橋立 #京都#自駕 #日本旅遊,2026-01-03 15:37:02,2026-01-03,2026,15,60,Shorts,旅遊/航空,keyword,,,False,none,0.0,,False,False,,45397,744.0,12.0,22,https://www.youtube.com/watch?v=nq-TiAyCE-o
kleRKYvlHh8,聽AI的建議把車開下海！千里濱凪沙道路#日本自駕 #石川 #獨旅,2025-12-31 18:23:54,2025-12-31,2025,18,54,Shorts,旅遊/航空,keyword,,,False,none,0.0,,False,False,,64892,749.0,18.0,22,https://www.youtube.com/watch?v=kleRKYvlHh8
eLtPN9udQdw,人生第一次頭等艙！阿聯酋航空A380頭等&商務艙體驗！【Joeman】,2025-12-30 18:01:06,2025-12-30,2025,18,888,長片,旅遊/航空,keyword,,,True,keyword,15.0,專屬導購代碼|專屬導購連結|專屬導購指引|折扣導購用語|購買行動用語|行動呼籲句型,False,True,9好吃益生菌|頻道會員|團購平台,1586995,16861.0,560.0,22,https://www.youtube.com/watch?v=eLtPN9udQdw
gRnhMUzDtAM,嚴島神社要怎麼玩？搭船去宮島參觀日本三大景！看海、吃牡蠣跟閒逛發呆！#日本旅遊 #三大景 #獨旅 #牡蠣 #嚴島神社,2025-12-29 20:01:20,2025-12-29,2025,20,73,Shorts,旅遊/航空,keyword,,,False,none,0.0,,False,False,,37890,756.0,6.0,22,https://www.youtube.com/watch?v=gRnhMUzDtAM
KvQ6_bPTC8k,我終於要把用10年的大頭照換掉了！【Joeman】,2025-12-29 18:00:39,2025-12-29,2025,18,1270,長片,未分類,none,,,False,none,0.0,,False,True,9好吃益生菌|頻道會員|團購平台,1578452,6460.0,629.0,22,https://www.youtube.com/watch?v=KvQ6_bPTC8k
NUy9yH9Yq0A,在滑雪勝地白馬村賞楓🍁#自駕 #獨旅 #日本旅遊 #白馬 #岩岳,2025-12-25 21:54:38,2025-12-25,2025,21,58,Shorts,旅遊/航空,keyword,,,False,none,0.0,,False,False,,22911,397.0,5.0,22,https://www.youtube.com/watch?v=NUy9yH9Yq0A
DJf7gPo-hTM,開車300公里只為了目睹號稱世界最浪漫的鐵道，第一只見橋！結果最高的拍攝點因為有熊出沒而被封鎖，還好還有留一個拍攝點！當列車緩緩開過伴隨著楓紅真的很美！#鐵道攝影 #福島自駕 #只見線,2025-12-24 22:13:44,2025-12-24,2025,22,56,Shorts,汽車,keyword,,,False,none,0.0,,False,False,,70554,919.0,15.0,22,https://www.youtube.com/watch?v=DJf7gPo-hTM
IMsIcsWcHf0,因為熊出沒被封鎖的景點！日本最浪漫的鐵道！白馬村、第一只見橋、喜多方、圓通院 《我獨自穿越日本》ep4【Joeman】,2025-12-23 18:00:27,2025-12-23,2025,18,2252,長片,旅遊/航空,playlist,我獨自穿越日本,《我獨自穿越日本》,True,keyword,9.0,專屬導購代碼|結帳代碼指引|折扣導購用語|品牌官方導流,False,True,9好吃益生菌|頻道會員|團購平台,477979,8319.0,527.0,22,https://www.youtube.com/watch?v=IMsIcsWcHf0
XiEZ02qVYVo,勞力士竟然在台灣辦展了？這次要帶大家體驗在台北松菸的勞力士GMT-Master穿越時區展覽，在這裡除了可以近距離欣賞各種古董勞力士外，也能從各種細節理解GMT-Master這個系列的歷史！,2025-12-23 15:52:05,2025-12-23,2025,15,56,Shorts,挑戰/企劃,keyword,,,False,none,0.0,,False,False,,33575,499.0,6.0,22,https://www.youtube.com/watch?v=XiEZ02qVYVo
NlyedY95lpM,近距離欣賞超稀有古董錶！勞力士邀請我去看展！GMT-Master穿越時區展就在台北松菸,2025-12-20 18:00:40,2025-12-20,2025,18,845,長片,3C開箱評測,playlist,Joeman開箱去,【Joeman開箱去】,False,none,0.0,,False,True,9好吃益生菌|頻道會員|團購平台,231617,2467.0,146.0,22,https://www.youtube.com/watch?v=NlyedY95lpM
HKmbQaet1DM,一台9萬塊！打開後內螢幕巨大的三摺疊手機來啦！ #trifold #galaxy #奢華 #三星 #samsung,2025-12-18 16:00:00,2025-12-18,2025,16,41,Shorts,3C開箱評測,keyword,,,False,none,0.0,,False,False,,156512,1736.0,123.0,22,https://www.youtube.com/watch?v=HKmbQaet1DM
WD1BBxsxfpE,定價9萬的奢華手機！三摺疊手機開箱！Galaxy Z TriFold【Joeman】,2025-12-18 16:00:00,2025-12-18,2025,16,758,長片,3C開箱評測,playlist,Joeman開箱去,【Joeman開箱去】,False,none,0.0,,False,True,9好吃益生菌|頻道會員|團購平台,393449,4356.0,534.0,22,https://www.youtube.com/watch?v=WD1BBxsxfpE
j1MqFAhBcUw,為何長輩都趨之若鶩？傳說中的國泰建設！台北文山木柵總價5000萬起！兩房格局直接秒殺？國泰悠然《Joe是要看房》 ep.59【Joeman】,2025-12-17 18:00:00,2025-12-17,2025,18,829,長片,看房/房產,playlist,Joe是要看房,《Joe是要看房》,False,none,0.0,,False,True,9好吃益生菌|頻道會員|團購平台,317161,2787.0,226.0,22,https://www.youtube.com/watch?v=j1MqFAhBcUw
zlnlIB1_7Wk,見證奇蹟的時刻！,2025-12-17 17:02:59,2025-12-17,2025,17,14,Shorts,未分類,none,,,False,none,0.0,,False,False,,35712,560.0,23.0,22,https://www.youtube.com/watch?v=zlnlIB1_7Wk
bOsVzamA4P4,舊家給經紀人住一年後的變化！溫馨小宅再進化！《Joe是要看房》 ep.58【Joeman】,2025-12-15 18:00:55,2025-12-15,2025,18,1325,長片,看房/房產,playlist,Joe是要看房,《Joe是要看房》,True,keyword,11.0,專屬導購代碼|專屬導購指引|結帳代碼指引|折扣導購用語,False,True,9好吃益生菌|頻道會員|團購平台,671396,8285.0,423.0,22,https://www.youtube.com/watch?v=bOsVzamA4P4
9dFV4FkkRhM,把我當摯友的下場！開箱我的觀眾私訊！不要再亂密我啦～【Joeman】,2025-12-10 18:00:13,2025-12-10,2025,18,1089,長片,3C開箱評測,keyword,,,True,keyword,19.0,專屬導購代碼|專屬導購連結|推薦或聯盟行銷連結|專屬導購指引|結帳代碼指引|折扣導購用語|行動呼籲句型,False,True,9好吃益生菌|頻道會員|團購平台,800880,12904.0,568.0,22,https://www.youtube.com/watch?v=9dFV4FkkRhM
MN0hpcQ7j10,聽AI的建議把車開下海！海之京都的天橋立有多美？伊根舟屋、倉敷美觀、雨晴海岸、千里濱《我獨自穿越日本》ep.3【Joeman】,2025-12-09 18:00:27,2025-12-09,2025,18,2063,長片,旅遊/航空,playlist,我獨自穿越日本,《我獨自穿越日本》,False,none,0.0,,False,True,9好吃益生菌|頻道會員|團購平台,567162,8498.0,565.0,22,https://www.youtube.com/watch?v=MN0hpcQ7j10
HhQ4VH1UTU4,自駕如何拍出漂亮的風景畫面？首先你需要一台OSMO 360，然後⋯再有一台敞篷車就可以了！#全景相機 #dji,2025-12-06 20:05:17,2025-12-06,2025,20,28,Shorts,3C開箱評測,keyword,,,False,none,0.0,,False,False,,30858,477.0,6.0,22,https://www.youtube.com/watch?v=HhQ4VH1UTU4
rzHv20HND1k,十年前的自己穿越到現代！,2025-12-05 18:01:37,2025-12-05,2025,18,83,Shorts,未分類,none,,,True,keyword,2.0,購買行動用語,False,False,,63411,1256.0,83.0,22,https://www.youtube.com/watch?v=rzHv20HND1k
X5aY3DNljUI,一口氣看3間台中豪宅！一套廚具500萬、180坪合併戶！忠泰老佛爺、寶輝Sky Tower《Joe是要看房》 ep.57【Joeman】,2025-12-02 18:00:52,2025-12-02,2025,18,1807,長片,看房/房產,playlist,Joe是要看房,《Joe是要看房》,False,none,1.0,品牌官方導流,False,True,9好吃益生菌|頻道會員|團購平台,1268791,11028.0,663.0,22,https://www.youtube.com/watch?v=X5aY3DNljUI
tRC-dglnpgA,在日本自駕遇到車禍🫣一次玩長崎、廣島、嚴島神社、宮島、瀨戶內海、小豆島《我獨自穿越日本》ep.2【Joeman】,2025-11-29 12:01:03,2025-11-29,2025,12,3073,長片,旅遊/航空,playlist,我獨自穿越日本,《我獨自穿越日本》,True,keyword,2.0,行動呼籲句型,False,True,9好吃益生菌|頻道會員|團購平台,659779,13102.0,841.0,22,https://www.youtube.com/watch?v=tRC-dglnpgA
vcl9IM6fvzE,最新M5版本的Vision Pro終於在台灣上市啦！這代除了更新了處理器效能提升外，螢幕更新率提升至120hz，續航也增加了，但我自己最有感的是全新的雙圈編織頭戴！#apple #頭戴裝置 #m5,2025-11-28 15:12:51,2025-11-28,2025,15,68,Shorts,3C開箱評測,keyword,,,False,none,0.0,,False,False,,96919,1181.0,32.0,22,https://www.youtube.com/watch?v=vcl9IM6fvzE
hFLyhPeFHPc,日本九州三天兩夜自駕旅！從鹿耳島出發，一路到日本最南端打卡，之後再回熊本吃吃喝喝，最後一天衝阿蘇火山！#日本穿越 #自駕 #獨旅 #九州 #鹿耳島 #熊本 #阿蘇 #直升機 #草千里 #仙巖園 #櫻島,2025-11-25 18:09:54,2025-11-25,2025,18,87,Shorts,旅遊/航空,keyword,,,False,none,0.0,,False,False,,47812,1042.0,20.0,22,https://www.youtube.com/watch?v=hFLyhPeFHPc
5xccHa9UxKk,超大型獨旅企劃！我獨自開車穿過整個日本！從日本最南端出發！九州：鹿兒島、熊本、阿蘇火山、櫻島、仙巖園《我獨自穿越日本》ep.1【Joeman】,2025-11-25 18:00:11,2025-11-25,2025,18,2924,長片,旅遊/航空,playlist,我獨自穿越日本,《我獨自穿越日本》,True,keyword,11.0,專屬導購代碼|專屬導購連結|折扣導購用語|購買行動用語|品牌官方導流,False,True,9好吃益生菌|頻道會員|團購平台,1231754,25270.0,1710.0,22,https://www.youtube.com/watch?v=5xccHa9UxKk
gQnKk3RulQo,超精華地段！台北西門18坪全新小宅！《Joe是要看房》昇陽承光 ep.56【Joeman】,2025-11-22 12:00:54,2025-11-22,2025,12,1419,長片,看房/房產,playlist,Joe是要看房,《Joe是要看房》,False,none,0.0,,False,True,9好吃益生菌|頻道會員|團購平台,565181,5756.0,878.0,22,https://www.youtube.com/watch?v=gQnKk3RulQo
0Gzk13yadmA,幫員工算八字 ！我的低潮要結束了嗎？《工作室日常廢片ep11》【Joeman】,2025-11-21 18:00:03,2025-11-21,2025,18,1348,長片,日常Vlog,playlist,工作室日常廢片,Joeman工作室日常廢片,True,keyword,7.0,結帳代碼指引|折扣導購用語|購買行動用語,False,True,9好吃益生菌|頻道會員|團購平台,449061,5741.0,385.0,22,https://www.youtube.com/watch?v=0Gzk13yadmA
MzqrZ_a_DPg,東京自駕要去哪玩？帶你四天三夜一口氣玩河口湖、伊豆半島、熱海、箱根！不想開太久的人可以只挑一個點三天兩夜即可～#東京自駕 #tokyo #河口湖 #富士山 #大室山 #你的名字 #伊豆半島 #熱海,2025-11-21 12:25:38,2025-11-21,2025,12,85,Shorts,未分類,none,,,False,none,0.0,,False,False,,51904,1038.0,18.0,22,https://www.youtube.com/watch?v=MzqrZ_a_DPg
JSc4c4BEhag,自從辦公室放了這台小輕空淨機，桌上灰塵跟過敏原都有感降低！保持居家好空氣！獸醫推薦的好選擇！團購連結在我的IG主頁！,2025-11-20 14:25:37,2025-11-20,2025,14,64,Shorts,未分類,none,,,True,keyword,6.0,品牌專屬團購連結|社群導流指引,False,False,,53652,657.0,9.0,22,https://www.youtube.com/watch?v=JSc4c4BEhag
ymQcV_wxK8g,東京經典自駕獨旅！河口湖、箱根、伊豆半島、熱海《我獨自穿越日本》ep.0【Joeman】,2025-11-19 18:01:40,2025-11-19,2025,18,2852,長片,旅遊/航空,title_series,我獨自穿越日本,,True,keyword,15.0,專屬導購代碼|專屬導購連結|專屬導購指引|折扣導購用語|購買行動用語|行動呼籲句型,False,True,9好吃益生菌|頻道會員|團購平台,847134,14385.0,986.0,22,https://www.youtube.com/watch?v=ymQcV_wxK8g
nzrBI-7tZvg,很貴但已經完銷的iphone pocket開箱！也是我人生中第一個三宅一生的單品！#配件 #奢華 #iphone,2025-11-19 16:05:54,2025-11-19,2025,16,53,Shorts,3C開箱評測,keyword,,,False,none,0.0,,False,False,,736462,7903.0,542.0,22,https://www.youtube.com/watch?v=nzrBI-7tZvg
1LLbClNRXt0,當李多慧的助理一天是什麼體驗？【Joeman】,2025-11-18 18:00:02,2025-11-18,2025,18,1562,長片,挑戰/企劃,keyword,,,True,keyword,6.0,影片合作聲明|通路鋪貨用語|新品發表用語,False,True,9好吃益生菌|頻道會員|團購平台,1427819,24734.0,1772.0,22,https://www.youtube.com/watch?v=1LLbClNRXt0
Jq7llIkbJeA,總價超過6000萬！第一次開箱木柵豪宅！《Joe是要看房》忠泰湛 ep.55【Joeman】,2025-11-17 18:00:28,2025-11-17,2025,18,1298,長片,看房/房產,playlist,Joe是要看房,《Joe是要看房》,False,none,0.0,,False,True,9好吃益生菌|頻道會員|團購平台,545157,5747.0,450.0,22,https://www.youtube.com/watch?v=Jq7llIkbJeA
yOjD-6_Y0as,🧳喜歡旅行或露營的人不要錯過!🧳輸入『joeman100』現折$100Kolin Plus 環鈦鍋｜一鍋多用、方便收納，是旅行料理神器!🔗https://sangu.vip/Cpnfs,2025-11-14 15:01:02,2025-11-14,2025,15,67,Shorts,未分類,none,,,False,none,0.0,,False,False,,136664,2482.0,97.0,22,https://www.youtube.com/watch?v=yOjD-6_Y0as
brirXPljYso,業務必備！可以幫你低調錄音並自動分析的AI錄音卡！,2025-11-13 21:01:16,2025-11-13,2025,21,87,Shorts,未分類,none,,,False,none,0.0,,False,False,,532128,1951.0,44.0,22,https://www.youtube.com/watch?v=brirXPljYso
A8FCfN-WlyI,最近特斯拉的車機網路要開始收費了，如果你是iphone用戶，手機網路吃到飽的人，只要透過簡單的捷徑設定就能上車自動打開熱點、下車自動關熱點！#特斯拉 #tesla #網路上吃到飽 #免費 #連線,2025-11-13 19:51:59,2025-11-13,2025,19,52,Shorts,汽車,keyword,,,False,none,0.0,,False,False,,116655,1552.0,71.0,22,https://www.youtube.com/watch?v=A8FCfN-WlyI
XrZSufCvG6g,辦公室裡有狗狗會不會不習慣？只要有這台美國百年品牌空氣清淨機就可以消除各種異味！保持居家好空氣！獸醫推薦的好選擇！團購連結：https://broanpetnona.tw/joeman,2025-11-12 18:00:53,2025-11-12,2025,18,72,Shorts,未分類,none,,,True,keyword,5.0,品牌專屬團購連結|購買行動用語,False,False,,26079,380.0,16.0,22,https://www.youtube.com/watch?v=XrZSufCvG6g
_8hRTF0EFb8,是時候該放手了...《Joe是要對決》停播原因跟心路歷程！網紅觀察室《Joe是要對決S2》【Joeman】,2025-11-10 18:01:03,2025-11-10,2025,18,1708,長片,挑戰/企劃,playlist,Joe是要對決,【Joe是要對決】第二季,True,keyword,19.0,專屬導購代碼|專屬導購連結|推薦或聯盟行銷連結|專屬導購指引|結帳代碼指引|折扣導購用語|行動呼籲句型,False,True,9好吃益生菌|頻道會員|團購平台,1207137,31697.0,3088.0,22,https://www.youtube.com/watch?v=_8hRTF0EFb8
n9OSyFouJMM,我終於入坑3D列印！Phrozen Arco ！【Joeman】,2025-11-07 18:01:16,2025-11-07,2025,18,883,長片,3C開箱評測,playlist,Joeman開箱去,【Joeman開箱去】,True,keyword,7.0,導購區塊標題|折扣導購用語|購買行動用語,False,True,9好吃益生菌|頻道會員|團購平台,443213,3399.0,261.0,22,https://www.youtube.com/watch?v=n9OSyFouJMM
GecjuFqSz2Q,直男學化妝第二集！如何簡單懶人化妝又不脫妝？#OBgETW #OBgE粉底棒 #OBgE定妝噴霧,2025-11-07 15:00:16,2025-11-07,2025,15,90,Shorts,未分類,none,,,False,none,0.0,,False,False,,112768,1325.0,33.0,22,https://www.youtube.com/watch?v=GecjuFqSz2Q
Cx4j-dux-ac,日本奢華停車場，10分鐘就要台幣100⋯#日本停車 #港區 #麻布,2025-11-06 19:10:09,2025-11-06,2025,19,27,Shorts,汽車,keyword,,,False,none,0.0,,False,False,,103662,831.0,24.0,22,https://www.youtube.com/watch?v=Cx4j-dux-ac
xe2Yg2aBflQ,去日本用什麼拍照？vivo X300 Pro + 增距鏡開箱！【Joeman】,2025-11-06 18:01:42,2025-11-06,2025,18,855,長片,3C開箱評測,playlist,Joeman開箱去,【Joeman開箱去】,True,keyword,6.0,購買行動用語|通路鋪貨用語|品牌官方導流|活動檔期用語,False,True,9好吃益生菌|頻道會員|團購平台,180994,1671.0,178.0,22,https://www.youtube.com/watch?v=xe2Yg2aBflQ
D-o6sQPQJpg,當郭台銘鄰居是什麼感覺？北市一個月18萬的奢華租屋！租屋對決下集《Joe是要對決S2》Ep289 ft.Doris【Joeman】,2025-11-03 18:00:30,2025-11-03,2025,18,2320,長片,挑戰/企劃,playlist,Joe是要對決,【Joe是要對決】第二季,True,keyword,3.0,購買行動用語|品牌官方導流,False,True,9好吃益生菌|頻道會員|團購平台,1123092,8315.0,1438.0,22,https://www.youtube.com/watch?v=D-o6sQPQJpg
DQ3fxfUWf-w,我在日本買車了！竟然只要半價？比台灣便宜超多！【Joeman】,2025-10-31 18:00:22,2025-10-31,2025,18,1778,長片,未分類,none,,,True,keyword,15.0,專屬導購代碼|專屬導購連結|專屬導購指引|折扣導購用語|購買行動用語|行動呼籲句型,False,True,9好吃益生菌|頻道會員|團購平台,1141151,15518.0,1667.0,22,https://www.youtube.com/watch?v=DQ3fxfUWf-w
WAveXqb7FRE,外掛鏡頭、超大電池7500mAh ！安卓最新旗艦來了！OPPO Find X9 & Find X9 Pro系列【Joeman】,2025-10-30 18:01:04,2025-10-30,2025,18,1037,長片,3C開箱評測,keyword,,,False,none,0.0,,False,True,9好吃益生菌|頻道會員|團購平台,359396,2425.0,374.0,22,https://www.youtube.com/watch?v=WAveXqb7FRE
XU6u5Ro-lFw,我是如何減肥的？從100公斤到70公斤的心路歷程！【Joeman】,2025-10-29 18:01:06,2025-10-29,2025,18,1012,長片,未分類,none,,,True,keyword,15.0,專屬導購代碼|專屬導購連結|專屬導購指引|結帳代碼指引|折扣導購用語|活動檔期用語,False,True,9好吃益生菌|頻道會員|團購平台,630980,7703.0,453.0,22,https://www.youtube.com/watch?v=XU6u5Ro-lFw
rI5YuE5mIS4,能在眼前翻譯的AI眼鏡！還能拍照、錄影、導航、聽音樂！Rokid Glasses樂奇智慧眼鏡開箱！【Joeman】,2025-10-28 18:01:39,2025-10-28,2025,18,497,長片,3C開箱評測,keyword,,,True,keyword,14.0,專屬導購代碼|專屬導購連結|專屬導購指引|結帳代碼指引|折扣導購用語,False,True,9好吃益生菌|頻道會員|團購平台,434629,3836.0,559.0,22,https://www.youtube.com/watch?v=rI5YuE5mIS4
AVR93bW9ZDI,住北市只要1900！台北市租屋對決！一個月180000元的奢華租屋對決1900元的平價租屋！《Joe是要對決S2》Ep288 ft.Doris【Joeman】,2025-10-27 18:00:31,2025-10-27,2025,18,2079,長片,挑戰/企劃,playlist,Joe是要對決,【Joe是要對決】第二季,True,keyword,2.0,購買行動用語,False,True,9好吃益生菌|頻道會員|團購平台,1307636,9893.0,766.0,22,https://www.youtube.com/watch?v=AVR93bW9ZDI
jl87f-4iwU4,很會開箱的人能賣手機嗎？一日通訊行體驗 !【Joeman】,2025-10-21 18:01:14,2025-10-21,2025,18,1119,長片,挑戰/企劃,keyword,,,True,keyword,4.0,影片合作聲明|新品發表用語,False,True,9好吃益生菌|頻道會員|團購平台,798607,4781.0,428.0,22,https://www.youtube.com/watch?v=jl87f-4iwU4
405qhpa0Lzg,請叫我牙寶富翁！直接開箱整組7-11剛上市的放克牙寶鑰匙圈，調皮鬼系列～只生產一次，10/23上市，喜歡牙寶的千萬別錯過！@pptoys.tw,2025-10-20 19:10:02,2025-10-20,2025,19,59,Shorts,3C開箱評測,keyword,,,False,none,0.0,,False,False,,147927,1802.0,55.0,22,https://www.youtube.com/watch?v=405qhpa0Lzg
qBRc7m3VmFU,15000元的奢華無菜單燒肉對決160元的平價i人燒肉！燒肉政宗、侍燒肉、《Joe是要對決S2》Ep287 ft.丘涵【Joeman】,2025-10-20 18:01:23,2025-10-20,2025,18,3289,長片,挑戰/企劃,playlist,Joe是要對決,【Joe是要對決】第二季,False,none,1.0,新品發表用語,False,True,9好吃益生菌|頻道會員|團購平台,534793,5616.0,460.0,22,https://www.youtube.com/watch?v=qBRc7m3VmFU
DaOX3715CU0,可以觸控的超短焦投影機！拉筋跟瑜伽時可以直接在地板上看！#thepremiere5 #超短焦 #雷射投影機 #samsung @twsamsung,2025-10-18 17:35:03,2025-10-18,2025,17,56,Shorts,未分類,none,,,False,none,0.0,,False,False,,108311,1364.0,74.0,22,https://www.youtube.com/watch?v=DaOX3715CU0
gHt8mEoGJLU,比早起還難！連續一個禮拜，晚上都9點半睡！我有可能這麼早睡嗎？挑戰蔡依林作息【Joeman】,2025-10-16 19:01:23,2025-10-16,2025,19,1263,長片,挑戰/企劃,keyword,,,True,keyword,5.0,專屬導購連結|折扣導購用語,False,True,9好吃益生菌|頻道會員|團購平台,692623,7932.0,610.0,22,https://www.youtube.com/watch?v=gHt8mEoGJLU
ftwV9Q0e7Jo,iPhone Air專用的行動電源在台灣上市啦！但怎麼好像不只iPhone Air能用⋯莫非？#magsafe #行動電源 #2025 #pixel,2025-10-16 11:30:33,2025-10-16,2025,11,47,Shorts,3C開箱評測,keyword,,,False,none,0.0,,False,False,,503834,5288.0,127.0,22,https://www.youtube.com/watch?v=ftwV9Q0e7Jo
Oto6n6n3vao,韓國賣爆的旅行蓮蓬頭開箱！經過實測效果驚人！目前各個組合都有團購優惠價，連結在我的IG主頁！,2025-10-14 19:30:33,2025-10-14,2025,19,75,Shorts,挑戰/企劃,keyword,,,True,keyword,11.0,推薦或聯盟行銷連結|品牌專屬團購連結|社群導流指引|購買行動用語,False,False,,151237,2334.0,83.0,22,https://www.youtube.com/watch?v=Oto6n6n3vao
KJknopvpsT4,中年危機！我的頭髮竟然越來越少！【Joeman】,2025-10-14 18:00:35,2025-10-14,2025,18,785,長片,未分類,none,,,False,none,0.0,,False,True,9好吃益生菌|頻道會員|團購平台,199853,3043.0,435.0,22,https://www.youtube.com/watch?v=KJknopvpsT4
DV5rAm1pGEU,冷凍水餃大戰！月底救星！全台賣最好的水餃是？禎祥、及第、萬萬兩、㕩肉舖、美福大飯店 招牌鮮蝦水餃《Joe是要對決S2》Ep286 ft.蘋蘋【Joeman】,2025-10-13 18:00:16,2025-10-13,2025,18,2027,長片,挑戰/企劃,playlist,Joe是要對決,【Joe是要對決】第二季,True,keyword,20.0,專屬導購代碼|專屬導購連結|推薦或聯盟行銷連結|專屬導購指引|結帳代碼指引|折扣導購用語|行動呼籲句型|新品發表用語,False,True,9好吃益生菌|頻道會員|團購平台,372714,4835.0,383.0,22,https://www.youtube.com/watch?v=DV5rAm1pGEU
FnH7QXfDRJQ,從500封履歷裡挑員工！結果新人來兩天就不幹了？《工作室日常廢片ep9》【Joeman】,2025-10-11 19:00:33,2025-10-11,2025,19,971,長片,日常Vlog,playlist,工作室日常廢片,Joeman工作室日常廢片,False,none,0.0,,False,True,9好吃益生菌|頻道會員|團購平台,1884915,17680.0,857.0,22,https://www.youtube.com/watch?v=FnH7QXfDRJQ
CnoGML_LIbk,我做過哪些醫美？多年整形心得大公開！鳳凰電波、雙音波、肉毒、皮秒雷射、玻尿酸、消脂針【Joeman】,2025-10-07 18:00:16,2025-10-07,2025,18,1080,長片,未分類,none,,,False,none,0.0,,False,True,9好吃益生菌|頻道會員|團購平台,1403729,22077.0,1531.0,22,https://www.youtube.com/watch?v=CnoGML_LIbk
drZYsIgqSIo,台中牛肉麵大戰！1280元的奢華牛肉麵對決160元的平價牛肉麵！若柳一筋、可口牛肉麵、太初麵食、精誠牛肉麵、洄味《Joe是要對決S2》Ep285 ft.魚乾【Joeman】,2025-10-06 18:01:10,2025-10-06,2025,18,2902,長片,挑戰/企劃,playlist,Joe是要對決,【Joe是要對決】第二季,True,keyword,2.0,行動呼籲句型,False,True,9好吃益生菌|頻道會員|團購平台,556541,6281.0,604.0,22,https://www.youtube.com/watch?v=drZYsIgqSIo
D-y3MFi30fg,超尷尬!忘記自己噤聲對方結果被現場抓包！ #社死 #後來有和好 #應該吧,2025-10-06 16:17:45,2025-10-06,2025,16,49,Shorts,未分類,none,,,False,none,0.0,,False,False,,474203,8187.0,89.0,22,https://www.youtube.com/watch?v=D-y3MFi30fg
XHZLE-g8t4Q,人生繳過最貴的一次停車費⋯⋯#盤子 #耍笨 #uspace,2025-10-05 20:00:38,2025-10-05,2025,20,32,Shorts,未分類,none,,,False,none,0.0,,False,False,,621882,7072.0,163.0,22,https://www.youtube.com/watch?v=XHZLE-g8t4Q
9sFUCrxaYWo,全新Airpods Pro 3開箱！非常讚的一代！就等台灣上市了～#降噪耳機 #聖誕禮物 #藍牙耳機,2025-10-03 19:12:57,2025-10-03,2025,19,69,Shorts,3C開箱評測,keyword,,,False,none,0.0,,False,False,,193359,2730.0,72.0,22,https://www.youtube.com/watch?v=9sFUCrxaYWo
sFElH41zvHk,全新大改款Airpods Pro 3開箱！【Joeman】,2025-10-03 19:01:42,2025-10-03,2025,19,767,長片,3C開箱評測,playlist,Joeman開箱去,【Joeman開箱去】,False,none,0.0,,False,True,9好吃益生菌|頻道會員|團購平台,407682,4140.0,314.0,22,https://www.youtube.com/watch?v=sFElH41zvHk
xf4ssP9JoHw,只花100塊就升級iPhone 17 Pro！#開箱 #手機殼 #淘寶 #無痛升級,2025-10-03 12:08:44,2025-10-03,2025,12,40,Shorts,3C開箱評測,keyword,,,False,none,0.0,,False,False,,559001,6094.0,90.0,22,https://www.youtube.com/watch?v=xf4ssP9JoHw
2rV5htxZ2KU,美食沙漠是真的嗎？新竹米其林美食對決！流言終結《Joe是要對決S2》Ep284 ft.Sarah【Joeman】ㄤ咕麵、鄒記菜包、禾日香古早味魯肉飯、九添福牛肉麵、原味鴨肉麵,2025-09-29 18:00:04,2025-09-29,2025,18,2886,長片,挑戰/企劃,playlist,Joe是要對決,【Joe是要對決】第二季,False,none,0.0,,False,True,9好吃益生菌|頻道會員|團購平台,389828,4388.0,417.0,22,https://www.youtube.com/watch?v=2rV5htxZ2KU
AzzwhsEiLLA,錄影現場跟女來賓吵架！後來有和好，應該啦！《工作室日常廢片ep6》【Joeman】,2025-09-27 11:30:13,2025-09-27,2025,11,1037,長片,日常Vlog,playlist,工作室日常廢片,Joeman工作室日常廢片,False,none,0.0,,False,True,9好吃益生菌|頻道會員|團購平台,489904,5830.0,367.0,22,https://www.youtube.com/watch?v=AzzwhsEiLLA
6UyF4TSv8tI,全員爆肝200小時的加班地獄！今年iPhone週我們有多操？【Joeman】,2025-09-24 21:30:13,2025-09-24,2025,21,3376,長片,3C開箱評測,keyword,,,True,keyword,9.0,專屬導購代碼|結帳代碼指引|折扣導購用語|品牌官方導流,False,True,9好吃益生菌|頻道會員|團購平台,740802,11319.0,590.0,22,https://www.youtube.com/watch?v=6UyF4TSv8tI
FQEJ57GG2CI,直男穿搭進化史！100公斤的穿搭 vs 70公斤的穿搭！我這十年來的穿搭改變！【Joeman】PEDRO、Uniqlo、GU,2025-09-23 18:00:25,2025-09-23,2025,18,1097,長片,未分類,none,,,False,none,1.0,品牌官方導流,False,True,9好吃益生菌|頻道會員|團購平台,420012,7857.0,629.0,22,https://www.youtube.com/watch?v=FQEJ57GG2CI
ax6PbVOZZIU,iPhone的即時翻譯來了！而且支援繁體中文！使用辦法：1.確認自己的手機為iPhone 15 Pro或更新 2.iOS更新至26.1 beta 3.擁有airpods pro 2、pro 3或4,2025-09-23 17:04:39,2025-09-23,2025,17,52,Shorts,3C開箱評測,keyword,,,False,none,0.0,,False,False,,631403,7645.0,229.0,22,https://www.youtube.com/watch?v=ax6PbVOZZIU
qUNjT9WWMvU,一次吃5家🍱1800元的奢華五星級便當對決50元的巷弄平價便當！《Joe是要對決S2》Ep283 ft.元元【Joeman】,2025-09-22 18:01:49,2025-09-22,2025,18,2433,長片,挑戰/企劃,playlist,Joe是要對決,【Joe是要對決】第二季,True,keyword,13.0,專屬導購連結|折扣導購用語|購買行動用語|通路鋪貨用語|促銷方案用語|銷售話術,False,True,9好吃益生菌|頻道會員|團購平台,601096,6796.0,604.0,22,https://www.youtube.com/watch?v=qUNjT9WWMvU
b4RkSPpbwP0,必換iPhone 17三大理由！,2025-09-19 19:30:40,2025-09-19,2025,19,60,Shorts,3C開箱評測,keyword,,,False,none,1.0,品牌官方導流,False,False,,625892,7370.0,252.0,22,https://www.youtube.com/watch?v=b4RkSPpbwP0
mUvWxHJfqDA,蘋果新的原廠40W充電頭！可以符合iPhone 17系列的快充！但只有一個C口稍微可惜~,2025-09-17 21:01:47,2025-09-17,2025,21,46,Shorts,3C開箱評測,keyword,,,False,none,0.0,,False,False,,251985,2481.0,131.0,22,https://www.youtube.com/watch?v=mUvWxHJfqDA
j_2rJO0QAeY,徒手挑戰凹iPhone Air！會不會壞掉？,2025-09-17 20:30:59,2025-09-17,2025,20,60,Shorts,挑戰/企劃,keyword,,,False,none,0.0,,False,False,,494587,7888.0,406.0,22,https://www.youtube.com/watch?v=j_2rJO0QAeY
5FHIgRnz7k4,實測一周後真實心得 ！iPhone 17選購指南！【Joeman】,2025-09-17 20:30:07,2025-09-17,2025,20,870,長片,挑戰/企劃,keyword,,,True,keyword,14.0,專屬導購代碼|專屬導購指引|結帳代碼指引|折扣導購用語|購買行動用語|新品發表用語,False,True,9好吃益生菌|頻道會員|團購平台,961583,12823.0,817.0,22,https://www.youtube.com/watch?v=5FHIgRnz7k4
VqXR85V902g,蘋果為了iPhone Air還出了一個要價3290元的奢華行動電源！,2025-09-17 20:15:07,2025-09-17,2025,20,40,Shorts,3C開箱評測,keyword,,,False,none,0.0,,False,False,,418354,4176.0,187.0,22,https://www.youtube.com/watch?v=VqXR85V902g
VUEb3AqoA8A,性價比最高！iPhone 17 標準版開箱！【Joeman】,2025-09-17 20:03:41,2025-09-17,2025,20,805,長片,3C開箱評測,keyword,,,True,keyword,15.0,專屬導購代碼|專屬導購連結|專屬導購指引|折扣導購用語|購買行動用語|行動呼籲句型,False,True,9好吃益生菌|頻道會員|團購平台,615323,9326.0,461.0,22,https://www.youtube.com/watch?v=VUEb3AqoA8A
-TtwFUmGvvU,史上最薄！iPhone Air 開箱！【Joeman】,2025-09-17 20:02:38,2025-09-17,2025,20,1058,長片,3C開箱評測,keyword,,,True,keyword,17.0,專屬導購代碼|專屬導購連結|專屬導購指引|結帳代碼指引|折扣導購用語|購買行動用語|品牌官方導流,False,True,9好吃益生菌|頻道會員|團購平台,407561,5686.0,358.0,22,https://www.youtube.com/watch?v=-TtwFUmGvvU
tCJ_UVBO9Oc,iPhone 17 Pro Max全台首發！這代遊戲跟續航真的強！,2025-09-17 20:01:51,2025-09-17,2025,20,52,Shorts,3C開箱評測,keyword,,,False,none,0.0,,False,False,,184672,2374.0,46.0,22,https://www.youtube.com/watch?v=tCJ_UVBO9Oc
pby-8b_K1XA,台灣首發！iPhone17 Pro 萬字解析開箱實測！【Joeman】,2025-09-17 20:01:45,2025-09-17,2025,20,1488,長片,挑戰/企劃,keyword,,,False,none,0.0,,False,True,9好吃益生菌|頻道會員|團購平台,1080967,19205.0,1162.0,22,https://www.youtube.com/watch?v=pby-8b_K1XA
Z1F3-eSKoTs,蘋果錶王Apple Watch Ultra 3來了！,2025-09-16 20:01:08,2025-09-16,2025,20,36,Shorts,未分類,none,,,False,none,0.0,,False,False,,523966,3963.0,70.0,22,https://www.youtube.com/watch?v=Z1F3-eSKoTs
9ApEaLbgP5g,我的攝影師離職了！彥瑋掰掰👋《工作室日常廢片ep5》【Joeman】,2025-09-16 20:00:17,2025-09-16,2025,20,848,長片,日常Vlog,title_series,工作室日常廢片,,False,none,0.0,,False,True,9好吃益生菌|頻道會員|團購平台,867083,10695.0,375.0,22,https://www.youtube.com/watch?v=9ApEaLbgP5g
4yxINDGiS9U,台北冰店吃哪家？350元的奢華雪花冰對決30元的古早味清冰！三星宜蘭、木柵製冰所、貨室甜品、KAKIGORI TOSHIHIKO、昭和浪漫冰室《Joe是要對決S2》Ep282 ft.阿民【Joeman,2025-09-15 18:00:08,2025-09-15,2025,18,2816,長片,挑戰/企劃,playlist,Joe是要對決,【Joe是要對決】第二季,True,keyword,19.0,專屬導購代碼|專屬導購連結|推薦或聯盟行銷連結|專屬導購指引|結帳代碼指引|折扣導購用語|行動呼籲句型,False,True,9好吃益生菌|頻道會員|團購平台,289374,3618.0,216.0,22,https://www.youtube.com/watch?v=4yxINDGiS9U
RqVROZYpGgg,特斯拉Model S模型開箱！#tesla #figure,2025-09-13 13:00:28,2025-09-13,2025,13,43,Shorts,汽車,keyword,,,False,none,0.0,,False,False,,176236,2033.0,32.0,22,https://www.youtube.com/watch?v=RqVROZYpGgg
K2m1wAftEko,台灣獨家！體驗iPhone 17一天，iPhone Air才是真主角！Airpods Pro 3必買！【Joeman】,2025-09-10 21:15:02,2025-09-10,2025,21,1160,長片,挑戰/企劃,keyword,,,True,keyword,14.0,專屬導購代碼|專屬導購連結|推薦或聯盟行銷連結|折扣導購用語|行銷活動用語|品牌官方導流,False,True,9好吃益生菌|頻道會員|團購平台,1313738,16782.0,961.0,22,https://www.youtube.com/watch?v=K2m1wAftEko
LEHtf4LnXmg,蘋果總部現場直擊！ iPhone 17、Air、Pro上手心得！【Joeman】,2025-09-10 15:30:08,2025-09-10,2025,15,700,長片,3C開箱評測,keyword,,,False,none,0.0,,False,True,9好吃益生菌|頻道會員|團購平台,757190,11296.0,825.0,22,https://www.youtube.com/watch?v=LEHtf4LnXmg
0IpJuqW6_OM,iPhone 17 Air搶先看！絕對的輕薄跟超讚的手感！,2025-09-10 05:02:21,2025-09-10,2025,5,42,Shorts,3C開箱評測,keyword,,,False,none,0.0,,False,False,,668024,6731.0,352.0,22,https://www.youtube.com/watch?v=0IpJuqW6_OM
8v4bTQeOLro,iPhone17全新前置鏡頭讓你自拍隨時可以切換比例，以後要自拍合照更簡單了！,2025-09-10 03:52:39,2025-09-10,2025,3,32,Shorts,3C開箱評測,keyword,,,False,none,0.0,,False,False,,946215,10127.0,571.0,22,https://www.youtube.com/watch?v=8v4bTQeOLro
JAB8P3ZAd8s,iPhone 17 Pro最新橘色搶先看！現場看有點消光橘，新增8倍光學變焦、前後鏡頭同時錄影功能！其他更新追蹤我、陸續補上！,2025-09-10 02:54:09,2025-09-10,2025,2,57,Shorts,3C開箱評測,keyword,,,False,none,0.0,,False,False,,1726492,23750.0,911.0,22,https://www.youtube.com/watch?v=JAB8P3ZAd8s
EAhfBmMv2OI,上班喝酒被扣8000元！製作人只吃女來賓的剩飯！ft.斐棋、Mana《工作室日常廢片ep2》,2025-09-09 18:00:21,2025-09-09,2025,18,1116,長片,日常Vlog,title_series,工作室日常廢片,,False,none,0.0,,False,True,9好吃益生菌|頻道會員|團購平台,203284,3354.0,163.0,22,https://www.youtube.com/watch?v=EAhfBmMv2OI
vkV3X-4fMlo,✨九九生醫品牌日✨，48小時限時下殺折扣～,2025-09-09 00:01:39,2025-09-09,2025,0,43,Shorts,挑戰/企劃,keyword,,,True,keyword,3.0,促銷檔期用語,False,True,9好吃益生菌,68431,760.0,21.0,22,https://www.youtube.com/watch?v=vkV3X-4fMlo
BnL-BXjomLQ,能夠自助洗車、澆花的日本無線高壓清潔機！有興趣的人請參考IG主頁～,2025-09-08 19:00:29,2025-09-08,2025,19,54,Shorts,未分類,none,,,True,keyword,13.0,專屬導購代碼|品牌專屬團購連結|結帳代碼指引|折扣導購用語|購買行動用語,False,False,,230545,2142.0,81.0,22,https://www.youtube.com/watch?v=BnL-BXjomLQ
oKx2NEA_Aj8,8000元的奢華威靈頓牛排對決400元的平價威靈頓牛排！好吃好吃 2號店、Bel Air 寶艾西餐廳《Joe是要對決S2》Ep281 ft.泱泱【Joeman】,2025-09-08 18:01:30,2025-09-08,2025,18,2933,長片,挑戰/企劃,playlist,Joe是要對決,【Joe是要對決】第二季,True,keyword,16.0,專屬導購代碼|專屬導購連結|專屬導購指引|結帳代碼指引|折扣導購用語|促銷方案用語,False,True,9好吃益生菌|頻道會員|團購平台,492134,5883.0,315.0,22,https://www.youtube.com/watch?v=oKx2NEA_Aj8
NSvBVaZ8Moc,到底怎怎樣的人吃金豬食堂會被邀請簽名呢？#韓式烤肉,2025-09-06 23:14:25,2025-09-06,2025,23,84,Shorts,未分類,none,,,False,none,0.0,,False,False,,1321894,39353.0,394.0,22,https://www.youtube.com/watch?v=NSvBVaZ8Moc
FsPPrwFpy8E,又醜又萌的放克牙寶⋯一不小心就買很多，絨毛款還缺貨⋯#fuggler #玩具 #公仔,2025-09-05 23:05:43,2025-09-05,2025,23,24,Shorts,玩具/收藏,keyword,,,False,none,0.0,,False,False,,58809,826.0,19.0,22,https://www.youtube.com/watch?v=FsPPrwFpy8E
LWPyeLnVnxE,開箱Garmin最新的旗艦錶王Fenix 8 Pro ，Micro LED的螢幕亮度最高可至4500nit，支援上百種運動模式，再加上無需手機的SOS搜救系統，長達10天的續航，唯一問題就是價格了⋯,2025-09-05 15:00:32,2025-09-05,2025,15,54,Shorts,3C開箱評測,keyword,,,False,none,0.0,,False,False,,741629,3063.0,172.0,22,https://www.youtube.com/watch?v=LWPyeLnVnxE
m55L44FH46A,有女粉願意為我拍片我是很開心的，但越看越不對勁⋯,2025-09-04 15:03:54,2025-09-04,2025,15,57,Shorts,未分類,none,,,False,none,0.0,,False,False,,157633,3292.0,109.0,22,https://www.youtube.com/watch?v=m55L44FH46A
aoefpJJJfNY,福岡必打卡地標：一蘭拉麵總店！看到一蘭直接想到蛇丸🤣上面還有人在跳舞超嗨！但因為朝聖的人太多，我經過兩次都是滿滿的排隊人潮⋯ #一蘭 #福岡旅遊 #名店,2025-09-03 17:56:34,2025-09-03,2025,17,49,Shorts,旅遊/航空,keyword,,,False,none,0.0,,False,False,,240728,3349.0,30.0,22,https://www.youtube.com/watch?v=aoefpJJJfNY
FLpMCJ-uIqc,這一年來我身邊超多人推薦我去日本福岡玩，甚至愛福岡到直接在福岡買房，這次趁著工作空檔我獨自一人前往福岡，到底福岡好不好玩呢？訂房就選🌟樂天旅遊,2025-09-02 18:12:12,2025-09-02,2025,18,83,Shorts,看房/房產,keyword,,,False,none,0.0,,False,False,,203604,3455.0,68.0,22,https://www.youtube.com/watch?v=FLpMCJ-uIqc
S-4N8BMP3-o,100小時的福岡獨旅 ！一個人在北九州的美食與漫步，這裡有想像中好玩嗎？【Joeman】,2025-09-02 18:00:48,2025-09-02,2025,18,2448,長片,旅遊/航空,keyword,,,True,keyword,7.0,專屬導購連結|折扣導購用語|行銷活動用語,False,True,9好吃益生菌|頻道會員|團購平台,1568915,17087.0,834.0,22,https://www.youtube.com/watch?v=S-4N8BMP3-o
6Np0Y9niE7g,奢華手搖對決！一杯400！人均破百的飲料到底好不好喝？machi machi、Odd One Out Tea 、無印良品 、儒記、花茶大師《Joe是要對決S2》Ep280 ft.小葵【Joeman】,2025-09-01 18:00:10,2025-09-01,2025,18,2167,長片,挑戰/企劃,playlist,Joe是要對決,【Joe是要對決】第二季,False,none,0.0,,False,True,頻道會員|團購平台,484114,5080.0,228.0,22,https://www.youtube.com/watch?v=6Np0Y9niE7g
_82eh6twyko,一個1800的奢華玻璃杯！倒下酒後金光閃閃 ✨阿爾卑斯山紀念杯！#馬特宏 #matterhorn #alpine #盤子 #瑞士 #必買,2025-08-30 12:45:37,2025-08-30,2025,12,54,Shorts,未分類,none,,,False,none,0.0,,False,False,,1546697,21024.0,569.0,22,https://www.youtube.com/watch?v=_82eh6twyko
NKo_tPVbBAc,Pixel最大的改動竟然是這個？ #magsafe #pixelsnap #磁吸,2025-08-28 12:00:24,2025-08-28,2025,12,40,Shorts,未分類,none,,,False,none,0.0,,False,False,,334192,3619.0,200.0,22,https://www.youtube.com/watch?v=NKo_tPVbBAc
VZMWQtbeTd0,Pixel 10 Pro超強100倍變焦！ 直接用AI去猜物體的顏色跟細節，如果有猜中真的超神，沒猜中的話就有點獵奇... #pixel10pro #100倍變焦 #google #ai生圖,2025-08-28 01:00:50,2025-08-28,2025,1,48,Shorts,未分類,none,,,False,none,0.0,,False,False,,248539,2080.0,97.0,22,https://www.youtube.com/watch?v=VZMWQtbeTd0
DD7D5Vq2SiA,如何正確使用時間暫停！想不到吧還有第二集！#宮下玲奈 #時間停止  #timestop,2025-08-27 18:07:44,2025-08-27,2025,18,38,Shorts,未分類,none,,,False,none,0.0,,False,False,,71807,1165.0,31.0,22,https://www.youtube.com/watch?v=DD7D5Vq2SiA
x1yWjVs60oM,如何分辨霸軒跟Joeman？跟女優拍時間暫停！ft.宮下玲奈、石川澪、蘋蘋、妲妲《工作室日常廢片ep.1》 【Joeman】,2025-08-27 18:01:40,2025-08-27,2025,18,1599,長片,日常Vlog,title_series,工作室日常廢片,,True,keyword,15.0,專屬導購代碼|專屬導購連結|專屬導購指引|折扣導購用語|購買行動用語|行動呼籲句型,False,True,頻道會員|團購平台,344841,5493.0,283.0,22,https://www.youtube.com/watch?v=x1yWjVs60oM
VUcq_blQDhY,如果我會時間暫停⋯#石川澪 #時間停止  #timestop,2025-08-26 20:30:17,2025-08-26,2025,20,48,Shorts,未分類,none,,,False,none,0.0,,False,False,,85485,1602.0,70.0,22,https://www.youtube.com/watch?v=VUcq_blQDhY
YKWthEQNGsE,全新改款特斯拉Model S Plaid開箱！好羨慕有前鏡頭啊～#tesla #models #2026 #plaid #改款,2025-08-26 16:11:42,2025-08-26,2025,16,57,Shorts,汽車,keyword,,,False,none,0.0,,False,False,,462821,5449.0,117.0,22,https://www.youtube.com/watch?v=YKWthEQNGsE
vibKG9jswRI,高雄鍋燒意麵大戰！一口氣吃五家！小栗子、美迪亞漢堡、麵Power、萬鍋燒、謙稻《Joe是要對決S2》Ep279 ft.Mana【Joeman】,2025-08-25 18:30:39,2025-08-25,2025,18,3273,長片,挑戰/企劃,playlist,Joe是要對決,【Joe是要對決】第二季,False,none,0.0,,False,True,頻道會員|團購平台,445562,5578.0,561.0,22,https://www.youtube.com/watch?v=vibKG9jswRI
zpRIYhNWwlI,我的新家裝了上百萬的電視！在主臥躺著打8K遊戲有多爽？三星Neo QLED 8K Samsung QN990F、Q990、The frame Pro 開箱【Joeman】,2025-08-20 18:01:53,2025-08-20,2025,18,1122,長片,3C開箱評測,keyword,,,False,none,0.0,,False,True,頻道會員|團購平台,929073,8204.0,733.0,22,https://www.youtube.com/watch?v=zpRIYhNWwlI
n7L1rpqKp-s,直男挑戰學化妝！基本上都是我看著網路教學自己摸索，還有很多不熟練的地方，請大家對我不要太嚴格🤣⋯ （目前妝齡約4w),2025-08-20 13:27:54,2025-08-20,2025,13,88,Shorts,挑戰/企劃,keyword,,,False,none,0.0,,False,False,,212493,3551.0,155.0,22,https://www.youtube.com/watch?v=n7L1rpqKp-s
Ckof-QvJLqA,偷看啦啦隊斐棋被抓包⋯建文啊⋯⋯,2025-08-18 20:45:26,2025-08-18,2025,20,32,Shorts,未分類,none,,,False,none,0.0,,False,False,,140760,1618.0,21.0,22,https://www.youtube.com/watch?v=Ckof-QvJLqA
9UgO-Fq8IRY,台南滷肉飯對決！到底是肉燥飯還是滷肉飯？開元路無名、永記、vaso弘、阿和、國榮《Joe是要對決S2》Ep278 ft.斐棋【Joeman】,2025-08-18 18:00:14,2025-08-18,2025,18,2966,長片,挑戰/企劃,playlist,Joe是要對決,【Joe是要對決】第二季,True,keyword,19.0,專屬導購代碼|專屬導購連結|推薦或聯盟行銷連結|專屬導購指引|結帳代碼指引|折扣導購用語|行動呼籲句型,False,True,頻道會員|團購平台,460386,5232.0,601.0,22,https://www.youtube.com/watch?v=9UgO-Fq8IRY
wqSLQ550CT8,Lojel團購又來啦！這次新推出19吋、28吋！19吋是專為廉航設計，全部都是現貨，近期要出國的人有需要就直接下單吧，記得要加入購物車才會看到優惠價喔～連結在我主頁，只到8/31！,2025-08-18 17:11:28,2025-08-18,2025,17,50,Shorts,未分類,none,,,True,keyword,6.0,推薦或聯盟行銷連結|團購檔期用語,False,False,,101079,637.0,35.0,22,https://www.youtube.com/watch?v=wqSLQ550CT8
lE6DlmdiAA0,自帶螢幕的耳機！可以自由更換螢幕內容！#morningblues #block #x1,2025-08-14 15:24:36,2025-08-14,2025,15,54,Shorts,3C開箱評測,keyword,,,False,none,0.0,,False,False,,67660,756.0,35.0,22,https://www.youtube.com/watch?v=lE6DlmdiAA0
WFtkXX9mWug,身價4兆的華人首富吃什麼？黃仁勳美食地圖！牛耳精緻麵館、廚房客家美食、豆花莊、犂園湯包館《Joe是要對決S2》Ep277 ft.阿達【Joeman】,2025-08-11 18:00:55,2025-08-11,2025,18,2383,長片,挑戰/企劃,playlist,Joe是要對決,【Joe是要對決】第二季,True,keyword,11.0,專屬導購代碼|專屬導購指引|結帳代碼指引|折扣導購用語,False,True,頻道會員|團購平台,932170,9496.0,417.0,22,https://www.youtube.com/watch?v=WFtkXX9mWug
_7-OQtOPCZM,iPhone 17 上市前最終爆料外流！iPhone 17 Air跟Pro值得等嗎？【Joeman】,2025-08-08 19:15:11,2025-08-08,2025,19,1178,長片,3C開箱評測,keyword,,,True,keyword,10.0,專屬導購代碼|結帳代碼指引|折扣導購用語|購買行動用語,False,True,9好吃益生菌|頻道會員|團購平台,983327,8520.0,1268.0,22,https://www.youtube.com/watch?v=_7-OQtOPCZM
rl4YQjT5dBI,超有特色，背面模組直接不對稱的手機！Nothing Phone 3 開箱！,2025-08-07 21:31:44,2025-08-07,2025,21,59,Shorts,3C開箱評測,keyword,,,False,none,0.0,,False,False,,1279754,15253.0,223.0,22,https://www.youtube.com/watch?v=rl4YQjT5dBI
zOPEKLgy0OY,台積電破新高！一定要來慶祝一下！,2025-08-07 18:02:02,2025-08-07,2025,18,57,Shorts,未分類,none,,,True,keyword,3.0,行動呼籲句型|新品發表用語,False,False,,175996,2881.0,90.0,22,https://www.youtube.com/watch?v=zOPEKLgy0OY
Ue5orMobxDY,《陽光女子合唱團》導演的家！90坪兩戶打通超舒適！ft.林孝謙、小寶優居《Joe是要看房》 ep.54【Joeman】,2025-08-06 18:01:01,2025-08-06,2025,18,990,長片,看房/房產,title_series,Joe是要看房,,False,none,1.0,品牌官方導流,False,True,頻道會員|團購平台,493483,4800.0,201.0,22,https://www.youtube.com/watch?v=Ue5orMobxDY
l55qh0XmVqM,超多人問我的命定神鞋！之前的紐約自拍穿的就是這雙Pedro hybrix 皮革樂福鞋，內增高又好看，他們家的Saxton德比鞋也很好看，大家最近想買你的命定神鞋的話可以參考看看！,2025-08-05 18:01:22,2025-08-05,2025,18,54,Shorts,未分類,none,,,False,none,0.0,,False,False,,242924,2703.0,77.0,22,https://www.youtube.com/watch?v=l55qh0XmVqM
c-L58cCrRn4,豬排飯大戰！一次吃5家名店！福勝亭、Katsu鑫、卡滋豬排、富士豬排、勝政豬排、杏子豬排《Joe是要對決S2》Ep276 ft.泱泱【Joeman】,2025-08-04 18:00:55,2025-08-04,2025,18,2936,長片,挑戰/企劃,playlist,Joe是要對決,【Joe是要對決】第二季,True,keyword,10.0,專屬導購代碼|結帳代碼指引|折扣導購用語|購買行動用語,False,True,9好吃益生菌|頻道會員|團購平台,553814,6434.0,555.0,22,https://www.youtube.com/watch?v=c-L58cCrRn4
OPg0rpaqZng,泰國爆紅的Potato Corner來台灣啦！第一家店開在統一時代百貨B2，明天開始試營運！試營運期間有限購並發號碼牌，預估還是要排蠻久的但至少在百貨裡有冷氣吹⋯,2025-08-01 22:19:41,2025-08-01,2025,22,42,Shorts,未分類,none,,,False,none,0.0,,False,False,,469292,6238.0,168.0,22,https://www.youtube.com/watch?v=OPg0rpaqZng
EqTMPCRCCJI,最新的詐騙集團手法！盜用真的開箱影片+片尾用AI合成以假亂真的超低價資訊，並且還有分身留言購買心得增加可信度，大家最近看到太便宜的商品要特別小心！#詐騙 #ai #合成 #一頁式購物 #ai變聲,2025-07-31 11:44:23,2025-07-31,2025,11,35,Shorts,3C開箱評測,keyword,,,False,none,0.0,,False,False,,475203,6396.0,257.0,22,https://www.youtube.com/watch?v=EqTMPCRCCJI
4-eHWTHOP9I,呂敬來主廚帶我吃好料！我與韓國歐巴的日常！ft.小隆、建文【Joeman】,2025-07-30 18:00:10,2025-07-30,2025,18,1346,長片,人物/訪談,keyword,,,True,keyword,15.0,專屬導購代碼|專屬導購連結|專屬導購指引|折扣導購用語|購買行動用語|行動呼籲句型,False,True,頻道會員|團購平台,315888,5020.0,264.0,22,https://www.youtube.com/watch?v=4-eHWTHOP9I
RFne0wdpVTw,一小時民生社區美食漫步！怎樣的魅力吸引在地人願意住一輩子？《Joe是要對決S2》Ep275 ft.呱吉【Joeman】,2025-07-28 18:00:42,2025-07-28,2025,18,3193,長片,挑戰/企劃,playlist,Joe是要對決,【Joe是要對決】第二季,True,keyword,19.0,專屬導購代碼|專屬導購連結|影片合作聲明|推薦或聯盟行銷連結|結帳代碼指引|折扣導購用語|行動呼籲句型,False,True,頻道會員|團購平台,459187,9187.0,1540.0,22,https://www.youtube.com/watch?v=RFne0wdpVTw
Y1m-AHLSg-A,iPhone 17系列即將上市，手機周邊廠商也在此刻發表各種新品！ #亞瑟3c #energea #uniq #skinarma,2025-07-26 12:35:42,2025-07-26,2025,12,59,Shorts,3C開箱評測,keyword,,,False,none,0.0,,False,False,,309867,3548.0,79.0,22,https://www.youtube.com/watch?v=Y1m-AHLSg-A
wkXW8ryejcQ,在台南高鐵遇到怪人 #justmytype  #扭屁股 #斐棋 #戴耳機,2025-07-24 20:07:28,2025-07-24,2025,20,21,Shorts,3C開箱評測,keyword,,,False,none,0.0,,False,False,,95487,1147.0,62.0,22,https://www.youtube.com/watch?v=wkXW8ryejcQ
n9jNAzTMSZI,超帥的透明耳機！造型充滿辨識度，主動降噪效果很不錯！#nothing #nothingheadphone1,2025-07-24 17:18:27,2025-07-24,2025,17,60,Shorts,3C開箱評測,keyword,,,False,none,0.0,,False,False,,224998,3065.0,86.0,22,https://www.youtube.com/watch?v=n9jNAzTMSZI
xNYTPde_ZC8,電池最大、拍照最強的折疊手機！vivo X Fold5開箱實測【Joeman】,2025-07-23 18:01:34,2025-07-23,2025,18,921,長片,3C開箱評測,playlist,Joeman開箱去,【Joeman開箱去】,True,keyword,5.0,購買行動用語|通路鋪貨用語|品牌官方導流,False,True,頻道會員|團購平台,250021,2206.0,371.0,22,https://www.youtube.com/watch?v=xNYTPde_ZC8
If_2YsNlXuY,如何面不改色的在記者面前講幹話#joeman #感情 #女友,2025-07-22 19:23:44,2025-07-22,2025,19,52,Shorts,未分類,none,,,False,none,0.0,,False,False,,1194567,14486.0,172.0,22,https://www.youtube.com/watch?v=If_2YsNlXuY
0n4bKVcVIv0,漢堡王跟火影忍者聯名！買套餐直接送公仔！角色都是火影前期的重要角色～我個人最愛的是鳴人地瓜薯😆 活動即日起到9/8，全台漢堡王都有！#naruto #hamburg #burgerking,2025-07-22 15:20:45,2025-07-22,2025,15,53,Shorts,美食,keyword,,,False,none,0.0,,False,False,,175531,1586.0,45.0,22,https://www.youtube.com/watch?v=0n4bKVcVIv0
usTHgaMiu4I,原來有拍了沒播的集數！Joe是要對決五週年QA！曾經被店家拒絕？節目要收攤了嗎？《Joe是要對決S2》Ep274 ft.痣作人【Joeman】,2025-07-21 18:01:33,2025-07-21,2025,18,2447,長片,挑戰/企劃,playlist,Joe是要對決,【Joe是要對決】第二季,True,keyword,16.0,專屬導購代碼|專屬導購連結|專屬導購指引|結帳代碼指引|折扣導購用語|購買行動用語,False,True,頻道會員|團購平台,651958,11967.0,1113.0,22,https://www.youtube.com/watch?v=usTHgaMiu4I
e14uxSqof0Q,如何擁有六塊肌？,2025-07-21 18:01:03,2025-07-21,2025,18,54,Shorts,未分類,none,,,True,keyword,16.0,專屬導購代碼|專屬導購連結|專屬導購指引|結帳代碼指引|折扣導購用語|購買行動用語,False,False,,226859,3866.0,197.0,22,https://www.youtube.com/watch?v=e14uxSqof0Q
jc2Y5eGdWBc,最貴的手機！Galaxy Z Fold7 實測、效能、續航與心得！【Joeman】,2025-07-18 18:01:24,2025-07-18,2025,18,700,長片,3C開箱評測,playlist,Joeman開箱去,【Joeman開箱去】,False,none,0.0,,False,True,頻道會員|團購平台,413441,4122.0,520.0,22,https://www.youtube.com/watch?v=jc2Y5eGdWBc
LEzNOKX1QR4,來教大家一下我平常都是如何暗示別人訂閱我的！直接挑戰三星主廚安成宰！#社交技巧  #GalaxyZFold7,2025-07-18 17:03:55,2025-07-18,2025,17,50,Shorts,挑戰/企劃,keyword,,,False,none,0.0,,False,False,,148047,2062.0,17.0,22,https://www.youtube.com/watch?v=LEzNOKX1QR4
T0KAU7uBDak,這個正妹我好像有在哪裡看過？在路上隨機送人底片相機！#底片相機 #photography  #disposablecamera #瀨戶環奈 #瀬戸環奈 #SetoKanna #tre,2025-07-16 19:01:30,2025-07-16,2025,19,53,Shorts,3C開箱評測,keyword,,,False,none,0.0,,False,False,,153412,2553.0,67.0,22,https://www.youtube.com/watch?v=T0KAU7uBDak
u0nFfjgn694,最老牛排館對決！開業91年的牛排套餐對決開業79年的牛排吃到飽！台灣早期有錢人都在這吃！沾美西餐廳、波麗路西餐廳《Joe是要對決S2》Ep273 ft.泡芙【Joeman】,2025-07-14 18:01:43,2025-07-14,2025,18,2983,長片,挑戰/企劃,playlist,Joe是要對決,【Joe是要對決】第二季,True,keyword,19.0,專屬導購代碼|專屬導購連結|推薦或聯盟行銷連結|專屬導購指引|結帳代碼指引|折扣導購用語|行動呼籲句型,False,True,頻道會員|團購平台,712211,7526.0,578.0,22,https://www.youtube.com/watch?v=u0nFfjgn694
VihZQffK240,完全不用排的I’m Donut？店員比客人還多！口味跟台灣不一樣但也好吃😋只是坐飛機要比較久就是了⋯#生甜甜圈 #紐約旅遊 #美食 #甜點,2025-07-11 12:14:20,2025-07-11,2025,12,55,Shorts,旅遊/航空,keyword,,,False,none,0.0,,False,False,,843421,9779.0,131.0,22,https://www.youtube.com/watch?v=VihZQffK240
bt85BTgbiSo,台灣第一個拿到Fold7的人！我好開心啊～～🥰 #GalaxyZFold7,2025-07-10 02:11:23,2025-07-10,2025,2,58,Shorts,未分類,none,,,False,none,0.0,,False,False,,526879,7289.0,247.0,22,https://www.youtube.com/watch?v=bt85BTgbiSo
s8zOWV5_RkI,三星摺疊手機大改款！這個厚度跟重量真的超猛！ #Fold7 #GalaxyUnpacked #GalaxyAI,2025-07-09 22:01:34,2025-07-09,2025,22,60,Shorts,3C開箱評測,keyword,,,False,none,0.0,,False,False,,116929,1446.0,80.0,22,https://www.youtube.com/watch?v=s8zOWV5_RkI
ZX0gYlL1fBU,飛到美國體驗最新的Fold7！這代摺疊手機真的太猛了！Galaxy Z Fold7、Flip7搶先體驗【Joeman】,2025-07-09 22:01:03,2025-07-09,2025,22,659,長片,挑戰/企劃,keyword,,,True,api,5.0,活動兌換代碼|行動呼籲句型,True,True,頻道會員|團購平台,337679,4511.0,716.0,22,https://www.youtube.com/watch?v=ZX0gYlL1fBU
5VwN3f7oOqI,自拍神器大改款！這代的新顏色胭脂紅很美！#Flip7 #GalaxyUnpacked #GalaxyAI,2025-07-09 22:00:09,2025-07-09,2025,22,42,Shorts,未分類,none,,,False,none,0.0,,False,False,,141574,1659.0,48.0,22,https://www.youtube.com/watch?v=5VwN3f7oOqI
3B7S02e4kSU,台北牛肉麵大戰！2178元的奢華牛肉麵對決110元的平價牛肉麵！天東86牛肉麵、史記正宗牛肉麵、老劉刀切牛肉麵、gubami Sacial《Joe是要對決S2》Ep272 ft.陳艾熙【Joeman】,2025-07-07 18:00:12,2025-07-07,2025,18,3435,長片,挑戰/企劃,playlist,Joe是要對決,【Joe是要對決】第二季,True,keyword,5.0,活動兌換代碼|行動呼籲句型,False,True,頻道會員|團購平台,502217,4663.0,414.0,22,https://www.youtube.com/watch?v=3B7S02e4kSU
_dd53Dybu1U,弄髒衣服或清潔家裡不知道買什麼？直男救星碧歐馨來了！我超愛他們的護手洗碗精，整組清潔用品超實用、味道清新、成分天然，一次買整組就對了！現在有獨家團購，滿額再送贈品～連結在我 IG 主頁！,2025-07-07 15:00:37,2025-07-07,2025,15,83,Shorts,未分類,none,,,True,keyword,8.0,品牌專屬團購連結|社群導流指引|購買行動用語,False,False,,35023,557.0,36.0,22,https://www.youtube.com/watch?v=_dd53Dybu1U
oOFhvKKfIS0,一堆新聞說大屋根蚊蟲問題很嚴重，我們自己實際體驗是覺得大屋根樓上的確有，但平地大部分都還行，就當作公園或郊外難免有蚊蟲這樣，只是我們是五月多去的，現在七月不確定有沒有更嚴重,2025-07-05 17:19:46,2025-07-05,2025,17,54,Shorts,挑戰/企劃,keyword,,,False,none,0.0,,False,False,,43813,633.0,17.0,22,https://www.youtube.com/watch?v=oOFhvKKfIS0
ukXrRqWoMNc,義大利快閃12小時！超多美食、美景、精品！米蘭大教堂、歐洲最大星巴克、和平門【Joeman】,2025-07-05 12:01:10,2025-07-05,2025,12,1277,長片,美食,keyword,,,True,keyword,2.0,購買行動用語,False,True,頻道會員|團購平台,750760,7929.0,373.0,22,https://www.youtube.com/watch?v=ukXrRqWoMNc
8xA0lHsJmn0,日本超有名的生甜甜圈I’m donut？來台灣啦！來吃吃看什麼口味最好吃～,2025-07-04 12:13:25,2025-07-04,2025,12,75,Shorts,美食,keyword,,,False,none,0.0,,False,False,,472979,7164.0,212.0,22,https://www.youtube.com/watch?v=8xA0lHsJmn0
PRMx0IKHnmY,跟藝術品一樣！感謝好友借我開箱全球限量200瓶，一瓶600萬的麥卡倫TIME：SPACE 「時空旅行」！買了之後還有超尊榮的到府開箱服務，這也太奢華了吧～,2025-07-03 15:00:21,2025-07-03,2025,15,90,Shorts,3C開箱評測,keyword,,,False,none,0.0,,False,False,,922071,16199.0,242.0,22,https://www.youtube.com/watch?v=PRMx0IKHnmY
lyCSLfdh69I,洪瑞珍竟然有維力炸醬麵版？大阪萬博的台灣館獨家限定口味，聽說下午就會賣完，一個800日圓，奢華但蠻有特色的！#萬博美食 #大阪旅遊 #洪瑞珍 #維力炸醬麵,2025-07-01 12:40:08,2025-07-01,2025,12,39,Shorts,旅遊/航空,keyword,,,False,none,0.0,,False,False,,177062,1937.0,46.0,22,https://www.youtube.com/watch?v=lyCSLfdh69I
fibSaE6fApU,百年老店大戰！一口氣吃五家！從清朝開到現在真的好吃嗎？林合發油飯店、川業肉圓、金春發牛肉、永樂雞捲大王、龍都冰菓專家《Joe是要對決S2》Ep271 ft.魚乾【Joeman】,2025-06-30 18:01:14,2025-06-30,2025,18,2326,長片,挑戰/企劃,playlist,Joe是要對決,【Joe是要對決】第二季,True,keyword,3.0,購買行動用語|品牌官方導流,False,True,頻道會員|團購平台,637811,6604.0,550.0,22,https://www.youtube.com/watch?v=fibSaE6fApU
cQVbKp8EQQI,現在的行動電源竟然可以分解又合體！還能當紓壓玩具！實用又好玩的發電行動電源開箱！有興趣的人請參考IG主頁～,2025-06-30 17:00:54,2025-06-30,2025,17,58,Shorts,3C開箱評測,keyword,,,True,keyword,5.0,品牌專屬團購連結|購買行動用語,False,False,,193179,2319.0,125.0,22,https://www.youtube.com/watch?v=cQVbKp8EQQI
1VV_Kp98fsQ,大阪萬博的免費洗瓶子機跟免費冰水！#expo #大阪旅遊,2025-06-29 22:18:26,2025-06-29,2025,22,43,Shorts,旅遊/航空,keyword,,,False,none,0.0,,False,False,,192048,2444.0,44.0,22,https://www.youtube.com/watch?v=1VV_Kp98fsQ
E2b69_BDh4Y,Babymonster現場超強～Taipei world tour #GalaxyS25Ultra #FilmedwithGalaxy,2025-06-28 22:04:53,2025-06-28,2025,22,35,Shorts,未分類,none,,,False,none,0.0,,False,False,,64917,1338.0,24.0,22,https://www.youtube.com/watch?v=E2b69_BDh4Y
BQ5RcFYU9NE,下次經過大阪道頓堀可以注意一下的小彩蛋！哭哭的金龍拉麵🍜#大阪旅遊 #道頓堀 #名店,2025-06-28 13:40:44,2025-06-28,2025,13,20,Shorts,旅遊/航空,keyword,,,False,none,0.0,,False,False,,272529,1857.0,39.0,22,https://www.youtube.com/watch?v=BQ5RcFYU9NE
sX9MgWz5xw0,等兩年終於換代了！降噪耳機王者Sony WH-1000XM6開箱！,2025-06-27 23:37:40,2025-06-27,2025,23,53,Shorts,3C開箱評測,keyword,,,False,none,0.0,,False,False,,411265,5489.0,116.0,22,https://www.youtube.com/watch?v=sX9MgWz5xw0
DzGL5meSCyI,去萬博前你必須知道的事 ！我的心得與推薦場館！【Joeman】,2025-06-27 18:00:33,2025-06-27,2025,18,972,長片,未分類,none,,,False,none,0.0,,False,True,頻道會員|團購平台,176914,2757.0,212.0,22,https://www.youtube.com/watch?v=DzGL5meSCyI
oQRRySDKz7U,可以自動做飲料的機器人！一開始覺得很酷，但最關鍵的手搖怎麼還是要自己搖⋯這個機器人在大阪醫療保健館的出口附近，杯子很可愛！#大阪萬博 #expo,2025-06-26 18:09:45,2025-06-26,2025,18,60,Shorts,未分類,none,,,False,none,0.0,,False,False,,72466,949.0,59.0,22,https://www.youtube.com/watch?v=oQRRySDKz7U
b06Buo1w3g0,大阪萬博2025！#expo #osaka,2025-06-25 18:15:58,2025-06-25,2025,18,31,Shorts,未分類,none,,,False,none,0.0,,False,False,,27668,529.0,11.0,22,https://www.youtube.com/watch?v=b06Buo1w3g0
pxbCIQ9_s70,一次逛10個館！又好玩又崩潰的大阪萬博真實體驗！2025 EXPO 台灣館、美國館、法國館、鋼彈館、原子小金剛PASONA、NTT、西班牙館、水舞【Joeman】ft.小尾巴,2025-06-25 18:01:28,2025-06-25,2025,18,3228,長片,挑戰/企劃,keyword,,,True,keyword,14.0,專屬導購代碼|致謝贊助句型|專屬導購指引|結帳代碼指引|折扣導購用語,False,True,頻道會員|團購平台,474916,6001.0,396.0,22,https://www.youtube.com/watch?v=pxbCIQ9_s70
PqlRnvsC59Q,7/10台灣才上市的Switch 2值得衝首發嗎？實際測下來獨佔還是很香，但我會選擇等OLED版⋯#ns2 #switch2 #任天堂#nintendo,2025-06-24 20:18:32,2025-06-24,2025,20,39,Shorts,未分類,none,,,False,none,0.0,,False,False,,453431,4153.0,194.0,22,https://www.youtube.com/watch?v=PqlRnvsC59Q
YePsJGqlLm4,性能有提升，但不用現在買！全世界賣爆的 Switch 2 詳細開箱！性能實測、外觀改哪裡？真實感想與購買建議【Joeman】Nintendo Switch 2 Review,2025-06-24 20:00:57,2025-06-24,2025,20,980,長片,3C開箱評測,playlist,Joeman開箱去,【Joeman開箱去】,False,none,0.0,,False,True,頻道會員|團購平台,557905,7379.0,555.0,22,https://www.youtube.com/watch?v=YePsJGqlLm4
yez92X6yX8g,三星摺疊手機今年確定要大改款！從邀請函剪影來看，今年的Fold7應該也會跟上S25 Edge走超薄路線。發表會是7/9，我會跟大家一起看！超期待！#GalaxyAI #GalaxyUnpacked,2025-06-24 07:07:14,2025-06-24,2025,7,75,Shorts,3C開箱評測,keyword,,,False,none,0.0,,False,False,,113529,2042.0,122.0,22,https://www.youtube.com/watch?v=yez92X6yX8g
k3Sjrq44bao,大阪拉麵對決！一口氣吃五家！超濃豚骨拉麵、咖哩拉麵、黃金貝雞白湯、白菜醬油拉麵、牡蠣拉麵《Joe是要對決S2》日本篇Ep270 ft.拉麵毛【Joeman】,2025-06-23 18:01:17,2025-06-23,2025,18,2123,長片,挑戰/企劃,playlist,Joe是要對決,【Joe是要對決】第二季,False,none,0.0,,False,True,頻道會員|團購平台,750834,8031.0,397.0,22,https://www.youtube.com/watch?v=k3Sjrq44bao
BaBR8qtSVg8,瑞士之旅完結篇！就算很貴還是值得去第二次！格林德瓦、因特拉肯、first山、艾格峰、巴克普湖、施皮茨、圖恩湖、布里恩茨湖【Joeman】,2025-06-20 18:00:19,2025-06-20,2025,18,1586,長片,旅遊/航空,keyword,,,False,none,0.0,,False,True,頻道會員|團購平台,633552,7054.0,380.0,22,https://www.youtube.com/watch?v=BaBR8qtSVg8
qcZXiWQ3ds4,全台限量500台的首發版Model Y開箱！跟一般版的y差在哪？#tesla #特斯拉 #modely,2025-06-19 18:44:41,2025-06-19,2025,18,40,Shorts,汽車,keyword,,,False,none,0.0,,False,False,,253263,2338.0,43.0,22,https://www.youtube.com/watch?v=qcZXiWQ3ds4
TxV6adl256U,全台灣最會賣課的人！愛莉莎莎是怎麼做團購的？網紅觀察室【Joeman】,2025-06-18 18:00:49,2025-06-18,2025,18,1477,長片,人物/訪談,playlist,網紅觀察室,Joeman網紅觀察室,True,keyword,10.0,結帳代碼指引|折扣導購用語|購買行動用語|行動呼籲句型|新品發表用語,False,True,頻道會員|團購平台,328955,8052.0,842.0,22,https://www.youtube.com/watch?v=TxV6adl256U
UV6wX8SLAHM,未來的iPhone可以幫你接電話！我自己實際用下來有點類似更加強版的whoscall，ios會先語音問對方是誰，同步把對方語音轉譯成文字，真的是I人救星！#來電篩選 #ios26 #防騷擾 #防詐騙,2025-06-18 17:30:39,2025-06-18,2025,17,41,Shorts,3C開箱評測,keyword,,,False,none,0.0,,False,False,,356995,4710.0,81.0,22,https://www.youtube.com/watch?v=UV6wX8SLAHM
ZNF45t6HQHU,iOS26新功能Automix可以自動幫下一首音樂做混音，跟過去一般的淡入淡出不同，在某些拍點能對上的音樂銜接更加自然！#自動混音 #自動過渡 #automix #ios26,2025-06-16 19:43:01,2025-06-16,2025,19,50,Shorts,3C開箱評測,keyword,,,False,none,0.0,,False,False,,38479,451.0,5.0,22,https://www.youtube.com/watch?v=ZNF45t6HQHU
k79RZH_3Bns,超多正妹的輔大學餐對決！阿滴回母校引發暴動！《Joe是要對決S2》Ep269 ft.阿滴、采欣【Joeman】,2025-06-16 18:01:14,2025-06-16,2025,18,3047,長片,挑戰/企劃,playlist,Joe是要對決,【Joe是要對決】第二季,True,keyword,19.0,專屬導購代碼|專屬導購連結|推薦或聯盟行銷連結|專屬導購指引|結帳代碼指引|折扣導購用語|行動呼籲句型,False,True,頻道會員|團購平台,940132,13937.0,888.0,22,https://www.youtube.com/watch?v=k79RZH_3Bns
hQmYsZvE2SQ,體驗日本柏青哥！換到的景品在店外竟然真的可以換錢？ #柏青哥 #pachinko #日本旅遊,2025-06-13 12:44:55,2025-06-13,2025,12,59,Shorts,旅遊/航空,keyword,,,False,none,0.0,,False,False,,491030,4757.0,75.0,22,https://www.youtube.com/watch?v=hQmYsZvE2SQ
OdFF7eIM8DA,iOS26更新教學！目前還在開發者beta版，小bug還很多，發熱跟耗電表現也可能會修改，喜歡搶先或有備用機的人還是可以試試看! #ios升級 #2026 #安裝 #install #iphone17,2025-06-10 19:57:08,2025-06-10,2025,19,30,Shorts,3C開箱評測,keyword,,,False,none,0.0,,False,False,,116827,1273.0,34.0,22,https://www.youtube.com/watch?v=OdFF7eIM8DA
UglHsqhbbUY,iOS大改版！目前還在開發者beta版，還有很多bug，不建議主力機更換！期待正式搭載在iPhone 17 Pro上的效果 #ios26 #iphone17 #ios改版 #liquidglass,2025-06-10 17:30:06,2025-06-10,2025,17,90,Shorts,3C開箱評測,keyword,,,False,none,0.0,,False,False,,587298,7921.0,356.0,22,https://www.youtube.com/watch?v=UglHsqhbbUY
-kzdKcsZrn8,終於吃到傳說中的香菜多力多滋！如果是本來就敢吃香菜的話我覺得好吃！但把它揉碎配麵線會好吃嗎？,2025-06-09 18:36:30,2025-06-09,2025,18,46,Shorts,美食,keyword,,,False,none,0.0,,False,False,,300990,3653.0,105.0,22,https://www.youtube.com/watch?v=-kzdKcsZrn8
hq7KRQ72rMM,台北雞排對決！一次帶韓國女生Judy吃5家雞排名店！350元的奢華雞排對決35元的平價雞排！蒜什麼咚咚、好吃炸雞、炸糊、萬隆、Knock《Joe是要對決S2》Ep268ft.Judy【Joeman】,2025-06-09 18:01:10,2025-06-09,2025,18,2089,長片,挑戰/企劃,playlist,Joe是要對決,【Joe是要對決】第二季,True,keyword,3.0,影片合作聲明,False,True,頻道會員|團購平台,700663,10322.0,757.0,22,https://www.youtube.com/watch?v=hq7KRQ72rMM
yk94w5D2BRw,收到了可愛的粉紅色劍玉，結果發現建文是劍玉社的#redbull,2025-06-07 16:45:21,2025-06-07,2025,16,53,Shorts,未分類,none,,,False,none,0.0,,False,False,,1339128,25202.0,375.0,22,https://www.youtube.com/watch?v=yk94w5D2BRw
oLudI6eWLsM,The next station is #shibuya 下一站 #涉谷 #tokyo #東京旅遊 #travel,2025-06-03 20:26:45,2025-06-03,2025,20,10,Shorts,旅遊/航空,keyword,,,False,none,0.0,,False,False,,150821,1454.0,52.0,22,https://www.youtube.com/watch?v=oLudI6eWLsM
3tosFNAk8PU,我終於拿到千萬訂閱的獎牌了！傳說中的鑽石播放鍵！ @73_tricking,2025-06-02 18:11:07,2025-06-02,2025,18,48,Shorts,未分類,none,,,False,none,0.0,,False,False,,427024,4802.0,121.0,22,https://www.youtube.com/watch?v=3tosFNAk8PU
TFF2IP025C4,開箱全台唯一千萬訂閱Youtuber的家！頻道分潤大揭密！1000萬訂閱對決100萬訂閱對決10萬訂閱下集《Joe是要對決S2》Ep267 ft.DODOMEN、奇軒【Joeman】,2025-06-02 18:00:55,2025-06-02,2025,18,3039,長片,挑戰/企劃,playlist,Joe是要對決,【Joe是要對決】第二季,False,none,0.0,,False,True,頻道會員|團購平台,1046653,14285.0,693.0,22,https://www.youtube.com/watch?v=TFF2IP025C4
005a8GllC20,獨家外流！跟最強新人女優在車上拍片是什麼體驗？ft.瀨戶環奈【Joeman】4K高清無碼,2025-06-01 12:00:01,2025-06-01,2025,12,651,長片,挑戰/企劃,keyword,,,True,keyword,14.0,專屬導購代碼|專屬導購連結|結帳代碼指引|折扣導購用語|購買行動用語|新品發表用語,False,True,頻道會員|團購平台,1292615,14144.0,630.0,22,https://www.youtube.com/watch?v=005a8GllC20
qJcxdtBBeHA,第一屆背番號大賽！每天晚上努力看片就是為了此刻！8/8-8/10台北TRE國際成人展，結帳輸入折扣碼JOEMAN再折200元  #瀨戶環奈,2025-06-01 11:54:30,2025-06-01,2025,11,28,Shorts,未分類,none,,,True,keyword,6.0,專屬導購代碼|結帳代碼指引,False,False,,120466,1936.0,28.0,22,https://www.youtube.com/watch?v=qJcxdtBBeHA
dUZ9vOH1gx0,開箱Youtuber的家！1000萬訂閱對決100萬訂閱對決10萬訂閱《Joe是要對決S2》Ep266 ft.真奈特每天都在瞎忙、DODOMEN、奇軒【Joeman】,2025-05-26 18:00:59,2025-05-26,2025,18,2702,長片,挑戰/企劃,playlist,Joe是要對決,【Joe是要對決】第二季,False,none,0.0,,False,True,頻道會員|團購平台,1818661,17357.0,744.0,22,https://www.youtube.com/watch?v=dUZ9vOH1gx0
Lplr69ViTF4,比對岸貴100萬...值得嗎？煥新版Model Y真實心得！【Joeman】Tesla 2025 Longrange 全輪驅動Model Y 特斯拉,2025-05-23 21:15:04,2025-05-23,2025,21,914,長片,汽車,keyword,,,True,keyword,8.0,推薦或聯盟行銷連結|專屬導購指引|購買行動用語,False,True,頻道會員|團購平台,437347,4911.0,630.0,22,https://www.youtube.com/watch?v=Lplr69ViTF4
mpSaeFKBa6E,我是如何面對網路霸凌？回覆酸民的留言！網紅觀察室【Joeman】,2025-05-22 18:01:18,2025-05-22,2025,18,914,長片,人物/訪談,title_series,網紅觀察室,,False,none,0.0,,False,True,頻道會員|團購平台,354388,7251.0,1089.0,22,https://www.youtube.com/watch?v=mpSaeFKBa6E
xGyJnBDIsdA,Netflix憑什麼最貴？5大影音平台費用、畫質、片量、寄生難易度大PK！Netflix、Apple TV、Disney+、HBO Max、Prime Video串流平台【Joeman】,2025-05-21 18:01:36,2025-05-21,2025,18,804,長片,3C開箱評測,playlist,Joeman開箱去,【Joeman開箱去】,False,none,0.0,,False,True,頻道會員|團購平台,535649,8237.0,766.0,22,https://www.youtube.com/watch?v=xGyJnBDIsdA
JhpaUXwZEgw,當你終於開上夢想中的車，心愛的女孩還在身邊嗎？#瀨戸環奈  #tre #2025 #瀨戶環奈,2025-05-20 20:42:15,2025-05-20,2025,20,30,Shorts,未分類,none,,,False,none,0.0,,False,False,,488889,6572.0,334.0,22,https://www.youtube.com/watch?v=JhpaUXwZEgw
fyGnls7PCmI,台北蛋糕買哪家？22890元的奢華生日蛋糕對決620元的平價生日蛋糕！85度C、紅葉、吳一無二法式、畬室、魚子醬夫人的珠寶盒、就是要玩蛋糕《Joe是要對決S2》Ep265 ft.台灣妞【Joeman】,2025-05-19 18:01:14,2025-05-19,2025,18,2065,長片,挑戰/企劃,playlist,Joe是要對決,【Joe是要對決】第二季,False,none,0.0,,False,True,頻道會員|團購平台,630790,7574.0,463.0,22,https://www.youtube.com/watch?v=fyGnls7PCmI
FkiXREdD-Yc,史上最薄旗艦手機S25 edge全台首測！iPhone 17 Air的最強對手！很輕薄，但終究有取捨...【Joeman】,2025-05-15 02:00:11,2025-05-15,2025,2,536,長片,3C開箱評測,playlist,Joeman開箱去,【Joeman開箱去】,False,none,0.0,,False,True,頻道會員|團購平台,311505,5722.0,504.0,22,https://www.youtube.com/watch?v=FkiXREdD-Yc
3wVj1tGEdxY,當你被AI迷因洗腦⋯第一次看：這什麼鬼？第二次看：現在的人也太無聊了吧！第三次看：tralalero tralala！#義大利腦腐  #ai迷因 #外國山海經 #tralalerotralala🗣️,2025-05-14 16:31:09,2025-05-14,2025,16,52,Shorts,未分類,none,,,False,none,0.0,,False,False,,65952,1188.0,54.0,22,https://www.youtube.com/watch?v=3wVj1tGEdxY
3xN2CBwCuGU,超輕薄的旗艦手機S25 Edge來了！但是不是世界最輕薄呢？這還要看接下來的iPhone 17 Air的表現！#s25edge #iphone17air #旗艦手機 #輕薄,2025-05-13 15:20:51,2025-05-13,2025,15,48,Shorts,3C開箱評測,keyword,,,False,none,0.0,,False,False,,90454,1079.0,62.0,22,https://www.youtube.com/watch?v=3xN2CBwCuGU
wXrU2QjPHrQ,開著車搭火車是什麼感覺？這次瑞士自駕遊為了穿越阿爾卑斯山脈，竟然體驗到開車搭火車，省很多時間，但過路費要1000台幣🤣 #瑞士旅遊 #瑞士自駕 #阿爾卑斯山,2025-05-12 18:23:55,2025-05-12,2025,18,39,Shorts,汽車,keyword,,,False,none,0.0,,False,False,,522109,6210.0,75.0,22,https://www.youtube.com/watch?v=wXrU2QjPHrQ
XNPvSLHqf1k,瑞士旅遊要花多少錢？全世界物價最貴的國家vs年收千萬的男人！瑞士自駕自由行心得《Joe是要對決S2》Ep264【Joeman】,2025-05-12 18:00:55,2025-05-12,2025,18,2045,長片,挑戰/企劃,playlist,Joe是要對決,【Joe是要對決】第二季,True,keyword,19.0,專屬導購代碼|專屬導購連結|推薦或聯盟行銷連結|專屬導購指引|結帳代碼指引|折扣導購用語|行動呼籲句型,False,True,頻道會員|團購平台,1006713,11334.0,763.0,22,https://www.youtube.com/watch?v=XNPvSLHqf1k
ZVwT73yB7Fo,如何與愛因斯坦產生量子糾纏？在瑞士尋找愛因斯坦的置物櫃！#瑞士旅遊 #蘇黎世 #聯邦理工大學,2025-05-10 12:12:10,2025-05-10,2025,12,45,Shorts,旅遊/航空,keyword,,,False,none,0.0,,False,False,,73146,1242.0,10.0,22,https://www.youtube.com/watch?v=ZVwT73yB7Fo
Q1yWS0Cx_Tc,全世界最貴物價，為何還一堆人要去？傳說中的瑞士旅遊！一口氣自駕遊：蘇黎世、策馬特、馬特洪峰、冰川天堂、Gornergrat、琉森湖【Joeman】,2025-05-10 12:00:26,2025-05-10,2025,12,2166,長片,旅遊/航空,keyword,,,True,keyword,15.0,專屬導購代碼|專屬導購連結|專屬導購指引|折扣導購用語|購買行動用語|行動呼籲句型,False,True,頻道會員|團購平台,1255401,16880.0,1258.0,22,https://www.youtube.com/watch?v=Q1yWS0Cx_Tc
kibk-NsCRTk,兩個不關心彼此的人如何尬聊？ #蘋蘋 #湘綾 #joe是要對決,2025-05-06 18:15:32,2025-05-06,2025,18,57,Shorts,挑戰/企劃,title_series,Joe是要對決,,False,none,0.0,,False,False,,797847,11047.0,119.0,22,https://www.youtube.com/watch?v=kibk-NsCRTk
5MKgEt5Nxa0,整支帝王蟹放在披薩上！一個竟然要3500！是達美樂的母親節限定，但母親節買這個真的不會被媽媽唸嗎？但後來聽說限量300份已經賣完了，我多慮了🤣#帝王蟹披薩 #達美樂 #母親節 #奢華 #奇怪披薩,2025-05-05 18:55:03,2025-05-05,2025,18,57,Shorts,美食,keyword,,,False,none,0.0,,False,False,,424093,6507.0,120.0,22,https://www.youtube.com/watch?v=5MKgEt5Nxa0
Wt6-2PysTY0,韓國炸雞名店大戰！一周吃五家也太爽！橋村、Puradak、bhc、mom's touch、60雞《Joe是要對決S2》Ep263 ft.痣作人【Joeman】,2025-05-05 18:00:50,2025-05-05,2025,18,3025,長片,挑戰/企劃,playlist,Joe是要對決,【Joe是要對決】第二季,True,keyword,2.0,購買行動用語,False,True,頻道會員|團購平台,626209,7856.0,499.0,22,https://www.youtube.com/watch?v=Wt6-2PysTY0
YTyRC8vp3WI,可以自動追蹤人眼來達到3D顯示的黑科技螢幕！最大優勢就是不用頭戴任何裝置自動把2D畫面變成3D！但除了售價奢華，要求的最低顯卡建議在RTX3080以上！#3D螢幕 #裸視3D #odyssey3d,2025-05-03 20:53:01,2025-05-03,2025,20,64,Shorts,3C開箱評測,keyword,,,False,none,0.0,,False,False,,333289,3195.0,118.0,22,https://www.youtube.com/watch?v=YTyRC8vp3WI
TIz4dZLDxeY,全世界賣最好的電動車全新改款！台灣Model Y開箱！【Joeman】Tesla特斯拉煥新,2025-05-02 18:00:46,2025-05-02,2025,18,747,長片,汽車,keyword,,,True,keyword,8.0,推薦或聯盟行銷連結|專屬導購指引|購買行動用語,False,True,頻道會員|團購平台,546009,5394.0,518.0,22,https://www.youtube.com/watch?v=TIz4dZLDxeY
_EGhSLAs57k,全世界賣最好的電動車終於來台灣了！全新Model Y這次雖然首發價格有點奢華，但外觀跟內裝的改動也是非常有感⋯#modely #tesla #小改款 #全新,2025-05-02 17:55:26,2025-05-02,2025,17,60,Shorts,汽車,keyword,,,False,none,0.0,,False,False,,612972,5424.0,363.0,22,https://www.youtube.com/watch?v=_EGhSLAs57k
ZqZXCFbusZ8,一次在lalaport開三間店的狠人#lalaport #家電姐妹,2025-04-30 18:30:55,2025-04-30,2025,18,60,Shorts,未分類,none,,,False,none,0.0,,False,False,,281827,2410.0,26.0,22,https://www.youtube.com/watch?v=ZqZXCFbusZ8
KIRtgAddTk4,iPhone 17 Air搶先看！這個厚度真的太猛了吧⋯#iphone17 #iphone17air,2025-04-29 18:15:06,2025-04-29,2025,18,24,Shorts,3C開箱評測,keyword,,,False,none,0.0,,False,False,,264215,2067.0,113.0,22,https://www.youtube.com/watch?v=KIRtgAddTk4
d2-9qzKxIcQ,這次真的值得等！iPhone 17 Air、iPhone 17 Pro Max模型機外流開箱！【Joeman】,2025-04-29 18:01:03,2025-04-29,2025,18,605,長片,3C開箱評測,playlist,Joeman開箱去,【Joeman開箱去】,False,none,0.0,,False,True,頻道會員|團購平台,608285,4878.0,541.0,22,https://www.youtube.com/watch?v=d2-9qzKxIcQ
xVpNDW4satM,台韓泡麵大對決！出國帶甚麼泡麵最好吃？23元的台灣泡麵對決₩1400元的韓國泡麵！《Joe是要對決S2》Ep262 ft.小隆【Joeman】,2025-04-28 18:01:38,2025-04-28,2025,18,2289,長片,挑戰/企劃,playlist,Joe是要對決,【Joe是要對決】第二季,False,none,0.0,,False,True,頻道會員|團購平台,1554482,14880.0,1224.0,22,https://www.youtube.com/watch?v=xVpNDW4satM
lxzvDZcO8n4,賣到缺貨！日本爆紅的大猩猩之握按摩器開箱！竟然有三款～某些角度力道真的蠻大的⋯#大猩猩之握 #日本購物 #按摩器,2025-04-27 17:57:41,2025-04-27,2025,17,51,Shorts,3C開箱評測,keyword,,,False,none,0.0,,False,False,,727171,5024.0,83.0,22,https://www.youtube.com/watch?v=lxzvDZcO8n4
D7trASXHL3I,韓國旅遊必追的養樂多媽媽車！除了有經典養樂多外，竟然還有人參口味，瓶蓋上還有藥丸！很多觀光景點都有，大家在韓國看到可以體驗一下！#韓國旅遊 #養樂多車 #養樂多媽媽 #養樂多阿姨,2025-04-26 16:32:18,2025-04-26,2025,16,34,Shorts,旅遊/航空,keyword,,,False,none,0.0,,False,False,,583165,5197.0,24.0,22,https://www.youtube.com/watch?v=D7trASXHL3I
N-pfEtaL6wo,超好買超好逛！全世界最便宜的韓裝怎麼買？東大門攻略與潛規則介紹！首爾旅遊購物必去【Joeman】ft.小宮、小隆,2025-04-25 20:00:49,2025-04-25,2025,20,1880,長片,旅遊/航空,keyword,,,False,none,0.0,,False,True,頻道會員|團購平台,845869,11534.0,538.0,22,https://www.youtube.com/watch?v=N-pfEtaL6wo
OM57GewXsyE,一條破千的蘋果原廠線開箱！有了它，Airpods Max不但能聽無損音質，還能連結20年前塵封在iPod裡的回憶⋯⋯#airpodsmax #3.5 #ipod,2025-04-25 19:30:25,2025-04-25,2025,19,53,Shorts,3C開箱評測,keyword,,,False,none,0.0,,False,False,,1201890,12964.0,243.0,22,https://www.youtube.com/watch?v=OM57GewXsyE
sxGH8365kQw,最近穿白色衣服都會激凸，決定來試試看韓國熱賣的男性胸貼⋯#韓國必買 #男性胸貼 #oliveyoung,2025-04-24 20:52:16,2025-04-24,2025,20,60,Shorts,未分類,none,,,False,none,0.0,,False,False,,412137,4234.0,95.0,22,https://www.youtube.com/watch?v=sxGH8365kQw
MI4WRENAxZM,Joeman去打職籃？這兩天我的私訊都是這張截圖⋯說我怎麼去打職籃🤣 #井上九妹,2025-04-22 18:58:47,2025-04-22,2025,18,33,Shorts,未分類,none,,,False,none,0.0,,False,False,,118394,1779.0,87.0,22,https://www.youtube.com/watch?v=MI4WRENAxZM
XtCVotttsks,百元炫富挑戰！買一送一的品項直接跟店員說我只要一件！沒想到⋯#百元炫富 #joeman,2025-04-21 18:11:19,2025-04-21,2025,18,32,Shorts,挑戰/企劃,keyword,,,False,none,0.0,,False,False,,543152,4489.0,201.0,22,https://www.youtube.com/watch?v=XtCVotttsks
dGsitIKbyBw,台北雞腿飯大戰！660元的奢華雞腿飯對決120元的平價雞腿飯！可愛村便當、壹森泰食堂、玉林雞腿大王、萬芳冰室、PALI PALI《Joe是要對決S2》Ep261 ft.蘋蘋【Joeman】,2025-04-21 18:01:03,2025-04-21,2025,18,2404,長片,挑戰/企劃,playlist,Joe是要對決,【Joe是要對決】第二季,True,keyword,19.0,專屬導購代碼|專屬導購連結|推薦或聯盟行銷連結|專屬導購指引|結帳代碼指引|折扣導購用語|行動呼籲句型,False,True,頻道會員|團購平台,502589,5495.0,439.0,22,https://www.youtube.com/watch?v=dGsitIKbyBw
hC1yVhrTqqk,另一半超愛逛街，一不小心就陷入時光黑洞 #逛街 #星際效應 @Doris131,2025-04-18 18:33:44,2025-04-18,2025,18,37,Shorts,未分類,none,,,False,none,0.0,,False,False,,377078,3686.0,174.0,22,https://www.youtube.com/watch?v=hC1yVhrTqqk
JwBaKvKz3wg,收留離婚的經紀人！我的舊家大翻新！《Joe是要看房》 ep.53【Joeman】,2025-04-15 18:00:36,2025-04-15,2025,18,1431,長片,看房/房產,playlist,Joe是要看房,《Joe是要看房》,True,keyword,9.0,結帳代碼指引|折扣導購用語|購買行動用語|銷售話術,False,True,頻道會員|團購平台,1747330,19311.0,1490.0,22,https://www.youtube.com/watch?v=JwBaKvKz3wg
9CVOQA8yMZM,BTS、Blackpink也來過！46萬的頂級韓牛烤肉對決只要2萬的平價韓國烤肉吃到飽！會比日本和牛好吃嗎？《Joe是要對決S2》Ep260 ft.Mira【Joeman】,2025-04-14 18:00:12,2025-04-14,2025,18,3447,長片,挑戰/企劃,playlist,Joe是要對決,【Joe是要對決】第二季,True,keyword,19.0,專屬導購代碼|專屬導購連結|推薦或聯盟行銷連結|專屬導購指引|結帳代碼指引|折扣導購用語|行動呼籲句型,False,True,頻道會員|團購平台,684753,6452.0,350.0,22,https://www.youtube.com/watch?v=9CVOQA8yMZM
ygSBXv-IgGg,在韓國體驗連鎖髮廊！價格跟台北差不多但裝潢很美～因為語言不通我直接請他幫我剪韓國主流髮型😆#韓國旅遊 #韓國髮廊 #junohair,2025-04-11 18:07:24,2025-04-11,2025,18,36,Shorts,旅遊/航空,keyword,,,False,none,0.0,,False,False,,554140,4209.0,221.0,22,https://www.youtube.com/watch?v=ygSBXv-IgGg
6-TeFHplXgE,一群男生去韓國要玩甚麼？首爾旅遊的優缺點！ft.小隆【Joeman】,2025-04-10 18:00:10,2025-04-10,2025,18,2061,長片,旅遊/航空,keyword,,,True,keyword,15.0,專屬導購代碼|專屬導購連結|專屬導購指引|折扣導購用語|購買行動用語|行動呼籲句型,False,True,頻道會員|團購平台,723609,8131.0,561.0,22,https://www.youtube.com/watch?v=6-TeFHplXgE
Yv4Ae_t99Uc,已經搞不清楚是為了玩夾娃娃機買掃地機器人，還是買掃地機器人送夾娃娃機了🤣#石頭掃地機 #saros #z70,2025-04-10 16:16:21,2025-04-10,2025,16,60,Shorts,玩具/收藏,title_series,Joeman夾娃娃,,False,none,0.0,,False,False,,117155,966.0,28.0,22,https://www.youtube.com/watch?v=Yv4Ae_t99Uc
t8yxu_JstYA,說好的支撐已經消失了⋯#台股 #跌停,2025-04-07 19:41:13,2025-04-07,2025,19,39,Shorts,未分類,none,,,False,none,0.0,,False,False,,2316555,36646.0,826.0,22,https://www.youtube.com/watch?v=t8yxu_JstYA
po24OFyyOBo,最難訂的黑白大廚！三星對決料理狂人！一頓吃了上百萬！《Joe是要對決S2》Ep259 ft.Syri、小隆【Joeman】,2025-04-07 18:01:10,2025-04-07,2025,18,3352,長片,挑戰/企劃,playlist,Joe是要對決,【Joe是要對決】第二季,False,none,0.0,,False,True,頻道會員|團購平台,751671,8093.0,563.0,22,https://www.youtube.com/watch?v=po24OFyyOBo
5V0oZyGjgzQ,在韓國自製專屬地鐵交通卡！只要按照介面上傳照片即可，還可以自己添加卡片文字！超簡單～ #韓國旅遊 #地鐵卡,2025-04-03 23:16:27,2025-04-03,2025,23,31,Shorts,旅遊/航空,keyword,,,False,none,0.0,,False,False,,74936,690.0,9.0,22,https://www.youtube.com/watch?v=5V0oZyGjgzQ
Ch3iXiv1uyY,韓國必吃生章魚，看起來很驚悚，吃起來很新鮮⋯畢竟還在動⋯#廣藏市場 #生章魚,2025-04-02 16:16:24,2025-04-02,2025,16,42,Shorts,未分類,none,,,False,none,0.0,,False,False,,100734,1204.0,41.0,22,https://www.youtube.com/watch?v=Ch3iXiv1uyY
zs3muz-XXPM,台北蛋餅大戰！328元的奢華蛋餅對決35元的平價蛋餅！秦菲菲、Seasons、石牌無名手工蛋餅、可蜜達、味鼎《Joe是要對決S2》Ep258 ft.禾羽【Joeman】,2025-03-31 18:02:04,2025-03-31,2025,18,2164,長片,挑戰/企劃,playlist,Joe是要對決,【Joe是要對決】第二季,True,keyword,4.0,購買行動用語|行動呼籲句型,False,True,頻道會員|團購平台,430150,4778.0,433.0,22,https://www.youtube.com/watch?v=zs3muz-XXPM
jAW3nt1QekI,去韓國必辦的快速通關SES，台灣人也能辦，辦完每次入境時可以直接走韓國人通道，也不必填入境卡，熱門時段整個過程快超多！#韓國旅遊 #快速通關 #ses,2025-03-29 14:23:21,2025-03-29,2025,14,52,Shorts,旅遊/航空,keyword,,,False,none,0.0,,False,False,,418068,5017.0,69.0,22,https://www.youtube.com/watch?v=jAW3nt1QekI
3mZB_dr4mdc,傳說全世界的蘋果專賣店螢幕角度都是76度，為的竟然是要讓消費者忍不住去轉螢幕？,2025-03-27 18:00:08,2025-03-27,2025,18,37,Shorts,3C開箱評測,keyword,,,False,none,0.0,,False,False,,2064852,36124.0,321.0,22,https://www.youtube.com/watch?v=3mZB_dr4mdc
3C8nj7wwMtY,輕薄筆電之王！性價比高到不像蘋果！M4 Macbook Air開箱！【Joeman】,2025-03-26 18:30:01,2025-03-26,2025,18,620,長片,3C開箱評測,playlist,Joeman開箱去,【Joeman開箱去】,False,none,0.0,,False,True,頻道會員|團購平台,402111,3862.0,226.0,22,https://www.youtube.com/watch?v=3C8nj7wwMtY
M54g3HMaXK0,用Vision Pro看NBA有多爽？同時看轉播的同時還可以看到兩隊的位置細節！#nba #visionpro #tabletop,2025-03-26 17:57:29,2025-03-26,2025,17,57,Shorts,未分類,none,,,False,none,0.0,,False,False,,46210,600.0,19.0,22,https://www.youtube.com/watch?v=M54g3HMaXK0
wBnkLMwEa4k,台北東區第一豪宅！一戶4億的台北之星鑽石塔！Ryan的品味真的很讚～#台北之星 #鑽石塔 #diamondtowers #豪宅,2025-03-24 18:42:33,2025-03-24,2025,18,83,Shorts,看房/房產,keyword,,,False,none,0.0,,False,False,,84093,1332.0,38.0,22,https://www.youtube.com/watch?v=wBnkLMwEa4k
-jzz4YhzW2c,12800元的奢華雞湯對決150元的平價雞湯！雞家莊、龍軒傳承、沉雨晴《Joe是要對決S2》Ep257 ft.徐海莉【Joeman】,2025-03-24 18:00:00,2025-03-24,2025,18,2823,長片,挑戰/企劃,playlist,Joe是要對決,【Joe是要對決】第二季,False,none,0.0,,False,True,頻道會員|團購平台,467425,5239.0,489.0,22,https://www.youtube.com/watch?v=-jzz4YhzW2c
HRD7u-dzjkU,一戶4億的東區第一豪宅！台北之星鑽石塔Diamond Towers ft.EMC Ryan《Joe是要看房》 ep.52【Joeman】,2025-03-22 12:00:14,2025-03-22,2025,12,2007,長片,看房/房產,playlist,Joe是要看房,《Joe是要看房》,True,keyword,4.0,預約導流|品牌官方導流,False,True,頻道會員|團購平台|買房課程,2432162,26199.0,1609.0,22,https://www.youtube.com/watch?v=HRD7u-dzjkU
NN6YKD_bErI,台灣第一間哈利波特專門店就在剛開幕的南港Lalaport！氛圍很像環球影城裡的哈利波特園區，很好逛外也有很多小巧思！開幕首周有現場整理券，第二週起可以線上預約～ #哈利波特 #lalaport #南港,2025-03-20 19:54:45,2025-03-20,2025,19,85,Shorts,未分類,none,,,False,none,0.0,,False,False,,98404,2388.0,52.0,22,https://www.youtube.com/watch?v=NN6YKD_bErI
P3VpPa4uH3w,帶韓國歐巴體驗台北夜生活！【Joeman】ft.小隆、Leo、痣作人、小聶、艾熙、美麗本人,2025-03-20 18:00:36,2025-03-20,2025,18,953,長片,挑戰/企劃,keyword,,,False,none,0.0,,False,True,頻道會員|團購平台|買房課程,280885,3919.0,149.0,22,https://www.youtube.com/watch?v=P3VpPa4uH3w
s1CG21cnYXM,最新的M4 Macbook Air搶先看！天藍色在某些角度下也有點像銀色，大通膨時代竟然還降價，可以說是今年蘋果產品中最有性價比的！,2025-03-19 19:41:26,2025-03-19,2025,19,49,Shorts,3C開箱評測,keyword,,,False,none,0.0,,False,False,,279173,4376.0,82.0,22,https://www.youtube.com/watch?v=s1CG21cnYXM
XqekMvr-4zE,被困在Olive Young的男朋友,2025-03-18 16:37:15,2025-03-18,2025,16,53,Shorts,未分類,none,,,False,none,0.0,,False,False,,525336,9875.0,127.0,22,https://www.youtube.com/watch?v=XqekMvr-4zE
arxHyiDv7VQ,學霸都吃甚麼？跟博恩一起回母校！台大學餐對決！椰林燒臘、臺大農產中心 三明治冰淇淋、女九餐廳久久滷味 、臺大餐車、活大 食香園素食《Joe是要對決S2》Ep256 ft.博恩【Joeman】,2025-03-17 18:00:04,2025-03-17,2025,18,2239,長片,挑戰/企劃,playlist,Joe是要對決,【Joe是要對決】第二季,False,none,0.0,,False,True,頻道會員|團購平台|買房課程,1673135,20467.0,1101.0,22,https://www.youtube.com/watch?v=arxHyiDv7VQ
1LFhhQzEEmk,男朋友不回訊息的時候都在幹嘛？,2025-03-16 15:20:08,2025-03-16,2025,15,17,Shorts,未分類,none,,,False,none,0.0,,False,False,,232345,6293.0,157.0,22,https://www.youtube.com/watch?v=1LFhhQzEEmk
r09UNWEvvMY,在機場隨機送人底片相機！#底片相機 #photography  #disposablecamera,2025-03-15 17:46:49,2025-03-15,2025,17,40,Shorts,旅遊/航空,keyword,,,False,none,0.0,,False,False,,186880,6348.0,94.0,22,https://www.youtube.com/watch?v=r09UNWEvvMY
bT8wdYP-4TM,韓國逛街發現超美超大間的更衣間！在聖水洞的ader error #adererror  #韓國,2025-03-14 17:00:57,2025-03-14,2025,17,20,Shorts,未分類,none,,,False,none,0.0,,False,False,,55388,1040.0,17.0,22,https://www.youtube.com/watch?v=bT8wdYP-4TM
AG71F5Tg1UA,從同行角度看 Andy 應該拿多少股份？網紅觀察室Joeman,2025-03-12 22:19:16,2025-03-12,2025,22,640,長片,人物/訪談,playlist,網紅觀察室,Joeman網紅觀察室,False,none,0.0,,False,True,頻道會員|團購平台|買房課程,3040056,90457.0,6329.0,22,https://www.youtube.com/watch?v=AG71F5Tg1UA
qaXS7PzGbNg,聽信老闆建議買股票的下場 #台積電 #特斯拉 #韭菜,2025-03-11 15:45:04,2025-03-11,2025,15,44,Shorts,汽車,keyword,,,False,none,0.0,,False,False,,994456,17247.0,766.0,22,https://www.youtube.com/watch?v=qaXS7PzGbNg
A_X6BpOkvEI,本來想好好炫耀特斯拉的自動停車，然後就⋯⋯#fsd #自動停車 #特斯拉,2025-03-11 01:19:19,2025-03-11,2025,1,23,Shorts,汽車,keyword,,,False,none,0.0,,False,False,,1900437,19568.0,328.0,22,https://www.youtube.com/watch?v=A_X6BpOkvEI
oI8LzKckOeU,台北鹹酥雞大戰！爆吃五家！700元的奢華鹽酥雞對決60元的平價鹽酥雞！180度C、龍鹽酥雞、兄弟鹽酥雞、原火乍初、Razzle Dazzle《Joe是要對決S2》Ep255 ft.丘涵【Joeman】,2025-03-10 18:00:58,2025-03-10,2025,18,2787,長片,挑戰/企劃,playlist,Joe是要對決,【Joe是要對決】第二季,True,keyword,4.0,購買行動用語|行動呼籲句型,False,True,頻道會員|團購平台|買房課程,834847,8369.0,794.0,22,https://www.youtube.com/watch?v=oI8LzKckOeU
GiXkZRZFtRg,超有質感的特斯拉模型！消光金超帥～　#特斯拉 #模型 #joeman,2025-03-10 18:00:17,2025-03-10,2025,18,88,Shorts,汽車,keyword,,,False,none,0.0,,False,True,頻道會員|團購平台|買房課程,388179,8074.0,129.0,22,https://www.youtube.com/watch?v=GiXkZRZFtRg
NoyERwLSyR4,更新完畫質變更好！有用DJI Pocket3拍片的人記得更新！ #pocket3 #dji #joeman,2025-03-09 18:00:31,2025-03-09,2025,18,21,Shorts,未分類,none,,,False,none,0.0,,False,True,頻道會員|團購平台|買房課程,219855,2400.0,40.0,22,https://www.youtube.com/watch?v=NoyERwLSyR4
GdaaEug5rBA,不貼防窺膜就能手機防窺的密技！ #防窺 #Joeman,2025-03-08 18:00:30,2025-03-08,2025,18,56,Shorts,3C開箱評測,keyword,,,False,none,0.0,,False,True,頻道會員|團購平台|買房課程,230449,5763.0,103.0,22,https://www.youtube.com/watch?v=GdaaEug5rBA
dRP4qv_ympQ,身價百億的代價！世界第一網紅MrBeast野獸先生分析【Joeman】網紅觀察室,2025-03-07 21:30:22,2025-03-07,2025,21,3134,長片,人物/訪談,playlist,網紅觀察室,Joeman網紅觀察室,False,none,0.0,,False,True,頻道會員|團購平台|買房課程,943903,15088.0,710.0,22,https://www.youtube.com/watch?v=dRP4qv_ympQ
qbngFf0aOZo,10XL的超巨大鞋子穿在路上是甚麼體驗？　#巴黎世家 #巨人鞋 #10XL #balenciaga,2025-03-07 18:01:07,2025-03-07,2025,18,44,Shorts,挑戰/企劃,keyword,,,False,none,0.0,,False,True,頻道會員|團購平台|買房課程,290895,4981.0,102.0,22,https://www.youtube.com/watch?v=qbngFf0aOZo
ixv9ZWHCSGs,如何一支手機變兩隻？時間管理大師必學！　#安全資料夾 #三星 #joeman,2025-03-06 18:00:56,2025-03-06,2025,18,47,Shorts,3C開箱評測,keyword,,,False,none,0.0,,False,True,頻道會員|團購平台|買房課程,368104,11160.0,477.0,22,https://www.youtube.com/watch?v=ixv9ZWHCSGs
1TB8bkYNMD8,如何只花100元就讓別人覺得你很有錢？　#百元炫富 #Joeman,2025-03-05 18:00:02,2025-03-05,2025,18,62,Shorts,未分類,none,,,False,none,0.0,,False,True,頻道會員|團購平台|買房課程,251115,5253.0,102.0,22,https://www.youtube.com/watch?v=1TB8bkYNMD8
fUS1l6VbWPU,肯德基竟然出了用炸雞包薯餅的漢堡，很爽但很肥🤣#kfc #咔啦肉霸堡,2025-03-04 17:30:57,2025-03-04,2025,17,59,Shorts,美食,keyword,,,False,none,0.0,,False,False,,340933,8669.0,153.0,22,https://www.youtube.com/watch?v=fUS1l6VbWPU
bVgXndmEFcs,台南鱔魚意麵大戰！精選五家！1400元的奢華鱔魚意麵對決110元的平價鱔魚意麵！台南篇 城邊真味、阿霞飯店、南興、品味、進福《Joe是要對決S2》Ep254 ft.JOSH【Joeman】,2025-03-03 18:00:40,2025-03-03,2025,18,2427,長片,挑戰/企劃,title_series,Joe是要對決,,True,keyword,5.0,專屬導購連結|折扣導購用語,False,True,頻道會員|團購平台|買房課程,442052,5687.0,529.0,22,https://www.youtube.com/watch?v=bVgXndmEFcs
mHzpl5yeKHg,1500元的奢華牛肉湯！肉多到滿出來～凌晨兩點開還是排滿人🤤#台南牛肉湯 #體育場樺哥土產牛肉湯,2025-03-03 17:25:18,2025-03-03,2025,17,51,Shorts,未分類,none,,,False,none,0.0,,False,False,,118429,2881.0,61.0,22,https://www.youtube.com/watch?v=mHzpl5yeKHg
tvCgpM3kFzk,為了魔物獵人買了一台4090的筆電 #rtx4090 #魔物獵人荒野 #msi,2025-02-28 12:00:41,2025-02-28,2025,12,38,Shorts,3C開箱評測,keyword,,,False,none,0.0,,False,True,頻道會員|團購平台|買房課程,411663,5881.0,180.0,22,https://www.youtube.com/watch?v=tvCgpM3kFzk
-N5Rys0rUpM,iPhone 16e值不值得買？實機開箱後的真實心得！ #iphone16e,2025-02-27 12:00:00,2025-02-27,2025,12,57,Shorts,3C開箱評測,keyword,,,False,none,0.0,,False,True,頻道會員|團購平台|買房課程,213010,3049.0,75.0,22,https://www.youtube.com/watch?v=-N5Rys0rUpM
ec_Knbmr5GI,iPhone 16e實機開箱！雖然大家都嫌貴，但這個背面的美感不輸當年的iPhone 4阿~ #iphone16e,2025-02-27 10:00:34,2025-02-27,2025,10,49,Shorts,3C開箱評測,keyword,,,False,none,0.0,,False,True,頻道會員|團購平台|買房課程,212796,3986.0,109.0,22,https://www.youtube.com/watch?v=ec_Knbmr5GI
idOX4nh7SUE,iPhone 16e全台首開！最便宜但現在值得買嗎？實測開箱【Joeman】,2025-02-27 10:00:34,2025-02-27,2025,10,923,長片,挑戰/企劃,keyword,,,False,none,0.0,,False,True,頻道會員|團購平台|買房課程,446689,5680.0,670.0,22,https://www.youtube.com/watch?v=idOX4nh7SUE
L8AT1OVX8gY,一個人8500的無菜單料理有多瘋狂？貴是真的貴，但好吃也是真的好好吃🤤 #すし謙  #無菜單料理 #奢華,2025-02-26 18:30:48,2025-02-26,2025,18,60,Shorts,美食,keyword,,,False,none,0.0,,False,False,,37365,925.0,17.0,22,https://www.youtube.com/watch?v=L8AT1OVX8gY
KE-zGpgITBE,中國特斯拉的自動駕駛FSD上線了！第一時間就有人開去中國菜市場，看起來雖然會很卡，但不到需要車主接管，如果這樣的路況在中國能自動駕駛，那理論上台灣的路況應該也可以，就看法規何時要放行了⋯,2025-02-25 17:56:13,2025-02-25,2025,17,40,Shorts,汽車,keyword,,,False,none,0.0,,False,False,,86571,1252.0,117.0,22,https://www.youtube.com/watch?v=KE-zGpgITBE
-sz7vMvJIXQ,現在的AI修圖不只能把路人消掉，連跟你摟在一起的人都可以消掉！未來分手就不用刪照片、只要刪照片中的人就可以了！#s25ultra #ai修圖,2025-02-24 19:21:21,2025-02-24,2025,19,62,Shorts,未分類,none,,,False,none,0.0,,False,False,,232354,3919.0,102.0,22,https://www.youtube.com/watch?v=-sz7vMvJIXQ
RRfU0L0_VX8,台南牛肉湯大戰！一口氣喝六家！1500元的奢華牛肉湯對決150元的平價牛肉湯！台南篇  樺哥、永樂、西羅殿、旗哥、文章、順福《Joe是要對決S2》Ep253 ft.阿辰師【Joeman】,2025-02-24 18:00:33,2025-02-24,2025,18,3421,長片,挑戰/企劃,title_series,Joe是要對決,,True,keyword,4.0,購買行動用語|行動呼籲句型,False,True,頻道會員|團購平台|買房課程,887560,10075.0,808.0,22,https://www.youtube.com/watch?v=RRfU0L0_VX8
ISRmrQND1E8,只要300元的無菜單日料！在公館夜市站著吃很chill！只是位置不多大家記得要提前預約。店名：一洋日料小舖#公館美食  #無菜單料理  #便宜,2025-02-23 17:33:08,2025-02-23,2025,17,67,Shorts,美食,keyword,,,False,none,0.0,,False,False,,260906,7120.0,86.0,22,https://www.youtube.com/watch?v=ISRmrQND1E8
FQdnSRofAxE,Youtube現在可以4倍速播放了！按下去有一種時光穿越的感覺⋯真的可以這麼快看影片嗎？,2025-02-22 12:25:35,2025-02-22,2025,12,50,Shorts,未分類,none,,,False,none,0.0,,False,False,,75051,1430.0,84.0,22,https://www.youtube.com/watch?v=FQdnSRofAxE
PWsO5fZW_Xk,After watching kendrick lamar super bowl halftime,2025-02-21 17:28:30,2025-02-21,2025,17,17,Shorts,未分類,none,,,False,none,0.0,,False,False,,104497,2618.0,70.0,22,https://www.youtube.com/watch?v=PWsO5fZW_Xk
_lZpaplHja8,你有看過40萬的顯示卡嗎？一張RTX 5090要配20顆i9，配貨價來到誇張的40萬⋯這畫面跟多年前搶RTX3090好像，至少價格又更高了，看了看荷包，決定還是繼續用RTX4090,2025-02-20 18:53:36,2025-02-20,2025,18,58,Shorts,未分類,none,,,False,none,0.0,,False,False,,1557006,20536.0,523.0,22,https://www.youtube.com/watch?v=_lZpaplHja8
xMRWe8L2vDc,一台24萬的頂規Macbook Pro！這代M4 Max效能可以雙開剪輯軟體剪4K，轉檔速度幾乎是M4的一倍！舒服～,2025-02-19 18:44:16,2025-02-19,2025,18,62,Shorts,3C開箱評測,keyword,,,False,none,0.0,,False,False,,1009373,15621.0,156.0,22,https://www.youtube.com/watch?v=xMRWe8L2vDc
AERd2mm6N8A,24萬元的Macbook Pro！M4 Max+8TB SSD+128G Ram+奈米紋理顯示器【Joeman】,2025-02-19 18:00:18,2025-02-19,2025,18,850,長片,3C開箱評測,keyword,,,False,none,0.0,,False,True,頻道會員|團購平台|買房課程,216087,3792.0,335.0,22,https://www.youtube.com/watch?v=AERd2mm6N8A
gvTHJf5DSq8,不到2萬、最便宜的iPhone要來了？除了價格很划算，可能也是最輕巧、背面造型最簡約的iPhone！#iphonese4 #iphone16e,2025-02-18 18:22:17,2025-02-18,2025,18,43,Shorts,3C開箱評測,keyword,,,False,none,0.0,,False,False,,102033,1994.0,145.0,22,https://www.youtube.com/watch?v=gvTHJf5DSq8
3kcA0Hjjfzk,影片炎上後下架的反省與檢討【Joeman】網紅觀察室,2025-02-17 19:02:28,2025-02-17,2025,19,339,長片,人物/訪談,title_series,網紅觀察室,,False,none,0.0,,False,False,,366060,7233.0,2936.0,22,https://www.youtube.com/watch?v=3kcA0Hjjfzk
wI2V_PQBKgc,傳說中的無菜單！8500元的奢華無菜單料理對決300元的平價無菜單料理！一洋日料小舖、すし謙《Joe是要對決S2》Ep252 ft.阿達【Joeman】,2025-02-17 18:01:02,2025-02-17,2025,18,3099,長片,挑戰/企劃,playlist,Joe是要對決,【Joe是要對決】第二季,True,keyword,5.0,專屬導購連結|折扣導購用語,False,True,頻道會員|團購平台|買房課程,861135,9315.0,567.0,22,https://www.youtube.com/watch?v=wI2V_PQBKgc
BOr74FT0vKI,安卓機皇S25 Ultra對決iPhone 16 Pro！頂是真的頂，但S24 Ultra比較香...【Joeman】,2025-02-15 12:00:07,2025-02-15,2025,12,1283,長片,挑戰/企劃,keyword,,,False,none,0.0,,False,True,頻道會員|團購平台|買房課程,305157,3600.0,600.0,22,https://www.youtube.com/watch?v=BOr74FT0vKI
IGp6P1ICa6g,5間台北知名排骨飯大對決！台鐵便當、一級排骨、金園排骨、東一排骨、貓下去敦北俱樂部《Joe是要對決S2》Ep251 ft.Una【Joeman】,2025-02-10 18:00:28,2025-02-10,2025,18,2378,長片,挑戰/企劃,playlist,Joe是要對決,【Joe是要對決】第二季,True,keyword,4.0,購買行動用語|行動呼籲句型,False,True,頻道會員|團購平台|買房課程,452076,4709.0,407.0,22,https://www.youtube.com/watch?v=IGp6P1ICa6g
brvuhoE8iIQ,開得比真人還好！最新特斯拉自動駕駛體驗！無人計程車即將成真！FSD V13.2.2【Joeman】,2025-02-07 18:00:46,2025-02-07,2025,18,672,長片,汽車,keyword,,,False,none,0.0,,False,True,頻道會員|團購平台|買房課程,467421,5205.0,427.0,22,https://www.youtube.com/watch?v=brvuhoE8iIQ
N4xZCeSksic,高性價比安卓旗艦Zenfone 12 Ultra詳細實測開箱！台幣不到3萬就有8 elite！【Joeman】,2025-02-06 21:30:27,2025-02-06,2025,21,804,長片,挑戰/企劃,keyword,,,False,none,0.0,,False,True,頻道會員|團購平台|買房課程,303989,2368.0,380.0,22,https://www.youtube.com/watch?v=N4xZCeSksic
GGaglnio_OE,6680元的奢華川菜對決140元的平價川菜！《Joe是要對決S2》Ep250 ft.阿貝【Joeman】,2025-02-03 18:00:22,2025-02-03,2025,18,3288,長片,挑戰/企劃,playlist,Joe是要對決,【Joe是要對決】第二季,True,keyword,6.0,通路鋪貨用語|促銷方案用語|銷售話術,False,True,頻道會員|團購平台|買房課程,499200,5271.0,557.0,22,https://www.youtube.com/watch?v=GGaglnio_OE
bGVoJBgSkOo,月租金破百萬？在東京買房出租好賺嗎？我的真實心得分享！《Joe是要看房日本篇》【Joeman】,2025-02-02 14:00:17,2025-02-02,2025,14,1298,長片,看房/房產,playlist,Joe是要看房,Joe是要看房-日本篇,False,none,0.0,,False,True,頻道會員|團購平台|買房課程,1555143,20392.0,888.0,22,https://www.youtube.com/watch?v=bGVoJBgSkOo
uwNz5fdnUnw,紐約必去行程！一次逛三個世界級博物館！埃及神廟、梵谷星空、暴龍化石！大都會藝術博物館、自然歷史博物館、現代藝術博物館！《Joe是要對決S2》Ep249【Joeman】,2025-01-27 18:01:00,2025-01-27,2025,18,3564,長片,挑戰/企劃,playlist,Joe是要對決,【Joe是要對決】第二季,True,keyword,4.0,購買行動用語|行動呼籲句型,False,True,頻道會員|團購平台|買房課程,743603,8866.0,382.0,22,https://www.youtube.com/watch?v=uwNz5fdnUnw
l7ddSTLcV7s,一直飛美國爽嗎？我的真心話時間！被三星邀請的80小時瘋狂拍片戰鬥 ！網紅觀察室【Joeman】ft. 3C Tim、可恩、宇恩,2025-01-25 18:30:21,2025-01-25,2025,18,1934,長片,人物/訪談,title_series,網紅觀察室,,True,keyword,13.0,專屬導購代碼|專屬導購連結|專屬導購指引|折扣導購用語|購買行動用語,False,True,頻道會員|團購平台|買房課程,465012,6417.0,339.0,22,https://www.youtube.com/watch?v=l7ddSTLcV7s
l-ce2GEyfrI,效能、續航大升級！2025最強遊戲掌機？MSI Claw 8 AI+【Joeman】,2025-01-24 18:01:01,2025-01-24,2025,18,772,長片,遊戲實況,keyword,,,False,none,0.0,,False,True,頻道會員|團購平台|買房課程,367131,2172.0,215.0,22,https://www.youtube.com/watch?v=l-ce2GEyfrI
DEF9fW63il4,鍍膜一年不限次數只要5999？帶大家參觀超划算的鍍膜店！ #大大力良品鍍膜,2025-01-24 12:32:02,2025-01-24,2025,12,64,Shorts,未分類,none,,,False,none,0.0,,False,False,,42419,650.0,30.0,22,https://www.youtube.com/watch?v=DEF9fW63il4
-CDoUY27Gj4,三星無預警現場發布第四隻神秘手機！S25 Edge應該會是今年手感最好的安卓旗艦！ #GalaxyS25edge #GalaxyS25 #GalaxyAI #AI神隊友說了算,2025-01-23 12:01:04,2025-01-23,2025,12,58,Shorts,3C開箱評測,keyword,,,False,none,0.0,,False,False,,181704,4128.0,140.0,22,https://www.youtube.com/watch?v=-CDoUY27Gj4
Ior8_9hvw_M,挑戰台灣第一個拿到S25 Ultra的人？#s25ultra#GalaxyAI #GalaxyUnpacked,2025-01-23 05:45:39,2025-01-23,2025,5,25,Shorts,挑戰/企劃,keyword,,,False,none,0.0,,False,False,,285346,4179.0,90.0,22,https://www.youtube.com/watch?v=Ior8_9hvw_M
hWvocJR_4fc,S25新機全顏色開箱！#GalaxyS25 #GalaxyAI #GalaxyUnpacked,2025-01-23 02:00:36,2025-01-23,2025,2,76,Shorts,3C開箱評測,keyword,,,False,none,0.0,,False,False,,85728,1163.0,21.0,22,https://www.youtube.com/watch?v=hWvocJR_4fc
SxMLEsBGl5Y,S25 Ultra 新機搶先看！#S25Ultra #GalaxyAI #GalaxyUnpacked,2025-01-23 02:00:18,2025-01-23,2025,2,60,Shorts,未分類,none,,,False,none,0.0,,False,False,,144229,2413.0,81.0,22,https://www.youtube.com/watch?v=SxMLEsBGl5Y
Jr7YcSKmC6k,美國第一手現場！S25 Ultra、Plus全系列搶先看！【Joeman】,2025-01-23 02:00:10,2025-01-23,2025,2,580,長片,未分類,none,,,False,none,0.0,,False,True,頻道會員|團購平台|買房課程,251246,4255.0,360.0,22,https://www.youtube.com/watch?v=Jr7YcSKmC6k
9Fa0FSpKsgI,要價1億的法拉利交車了！全球超限量Ferrari Daytona SP3！第一人稱沈浸體驗（3D暈者慎入！）【Joeman】,2025-01-21 18:00:08,2025-01-21,2025,18,1020,長片,汽車,keyword,,,False,none,0.0,,False,True,頻道會員|團購平台|買房課程,567128,7852.0,455.0,22,https://www.youtube.com/watch?v=9Fa0FSpKsgI
rNlH4mG0C4U,蛇丸來福再續前緣？！88888元的奢華年菜對決3580元的平價年菜！輝葉台菜、AKA café 老宅咖啡廳《Joe是要對決S2》Ep248 ft.蛇丸、來福、泡芙、阿軟【Joeman】,2025-01-20 18:00:53,2025-01-20,2025,18,3083,長片,挑戰/企劃,playlist,Joe是要對決,【Joe是要對決】第二季,True,keyword,3.0,影片合作聲明,False,True,頻道會員|團購平台|買房課程,767082,8009.0,525.0,22,https://www.youtube.com/watch?v=rNlH4mG0C4U
MQHJ_7bMuTg,爆紅全球的智慧戒指！超科幻～ #galaxyring #galaxyai,2025-01-20 17:58:37,2025-01-20,2025,17,48,Shorts,未分類,none,,,False,none,0.0,,False,False,,271661,5723.0,244.0,22,https://www.youtube.com/watch?v=MQHJ_7bMuTg
SHyNUOaT_hU,沒關係就跳舞！#khongsaoca #肯掐拿  #khôngsaocả,2025-01-19 20:26:58,2025-01-19,2025,20,15,Shorts,未分類,none,,,False,none,0.0,,False,False,,259209,4605.0,88.0,22,https://www.youtube.com/watch?v=SHyNUOaT_hU
hF8b9qukpNU,加了整片純金金箔的奢華奶茶！一杯竟然要288元！#UG #霸王茶姬 #dior,2025-01-18 22:44:34,2025-01-18,2025,22,54,Shorts,美食,keyword,,,False,none,0.0,,False,False,,85906,1974.0,67.0,22,https://www.youtube.com/watch?v=hF8b9qukpNU
UNgZG01vzDA,全球瘋搶的特斯拉機器人可動模型！聽說網路炒價破5000？,2025-01-16 18:59:02,2025-01-16,2025,18,49,Shorts,汽車,keyword,,,False,none,0.0,,False,False,,200153,4009.0,115.0,22,https://www.youtube.com/watch?v=UNgZG01vzDA
O_LRCpDOIZ4,超迷你又能直接吸在iphone上直接拍片的SSD! #AGiTech #亞奇雷 @agi_technology,2025-01-15 19:53:11,2025-01-15,2025,19,43,Shorts,3C開箱評測,keyword,,,False,none,0.0,,False,False,,69918,1544.0,46.0,22,https://www.youtube.com/watch?v=O_LRCpDOIZ4
ifBe8hoihTQ,住在韓國最高樓裡面有多美？俯瞰整個首爾！夕陽灑下超美！lotte world tower,2025-01-13 22:49:40,2025-01-13,2025,22,23,Shorts,未分類,none,,,False,none,0.0,,False,False,,24690,729.0,9.0,22,https://www.youtube.com/watch?v=ifBe8hoihTQ
tadjP94YOEg,勞斯萊斯比Toyota還多？韓國最多豪車的停車場！直擊首爾樂天塔地下室！,2025-01-13 19:20:05,2025-01-13,2025,19,56,Shorts,汽車,keyword,,,False,none,0.0,,False,False,,696393,13489.0,172.0,22,https://www.youtube.com/watch?v=tadjP94YOEg
KVw-8_95gAo,一個月租金1億！住在韓國最高樓是甚麼體驗？樂天世界塔開箱！Lotte World Tower《Joe是要對決S2》Ep247 ft.Fion、小隆【Joeman】,2025-01-13 18:00:18,2025-01-13,2025,18,2664,長片,挑戰/企劃,playlist,Joe是要對決,【Joe是要對決】第二季,True,keyword,4.0,購買行動用語|行動呼籲句型,False,True,頻道會員|團購平台|買房課程,825235,9250.0,523.0,22,https://www.youtube.com/watch?v=KVw-8_95gAo
82lcyVVlSGc,用橡皮筋綁住耳朵竟然能消水腫？實測小紅書秘技是否有效！,2025-01-11 11:58:50,2025-01-11,2025,11,49,Shorts,挑戰/企劃,keyword,,,False,none,0.0,,False,False,,109408,2450.0,46.0,22,https://www.youtube.com/watch?v=82lcyVVlSGc
cVo0fN1vcb0,開著大牛的賠錢Youtuber!#lamborghini  #revuelto,2025-01-10 18:29:25,2025-01-10,2025,18,21,Shorts,汽車,keyword,,,False,none,0.0,,False,False,,831952,8224.0,74.0,22,https://www.youtube.com/watch?v=cVo0fN1vcb0
MdYZSNv1KpA,超過4000萬的牛！等了十年的新大牛試駕體驗！Lamborghini Revuelto藍寶堅尼【Joeman】,2025-01-10 18:00:31,2025-01-10,2025,18,979,長片,汽車,keyword,,,False,none,0.0,,False,True,頻道會員|團購平台|買房課程,598177,8046.0,467.0,22,https://www.youtube.com/watch?v=MdYZSNv1KpA
O886VHifoMs,在賀瓏夜夜秀被瘋狂消費！緊張到在後台偷喝酒！ft.椅人、多多【Joeman】,2025-01-10 01:00:20,2025-01-10,2025,1,1124,長片,人物/訪談,keyword,,,False,none,0.0,,False,True,頻道會員|團購平台|買房課程,524348,9883.0,465.0,22,https://www.youtube.com/watch?v=O886VHifoMs
RS8QqbF2fpk,聽說是大尾Youtuber才有的年度禮物開箱！,2025-01-08 19:45:35,2025-01-08,2025,19,56,Shorts,人物/訪談,keyword,,,False,none,0.0,,False,False,,1347469,39719.0,221.0,22,https://www.youtube.com/watch?v=RS8QqbF2fpk
uAKCJJtDwI4,2025電動車怎麼選？n7、ix2、ix試駕心得！ft.Echo、Tim哥、Ted【Joeman】,2025-01-07 19:01:18,2025-01-07,2025,19,2606,長片,汽車,keyword,,,False,none,0.0,,False,True,頻道會員|團購平台|買房課程,519860,4897.0,554.0,22,https://www.youtube.com/watch?v=uAKCJJtDwI4
lJvnbvTxGwg,韓國租房有多貴？一個月台幣232萬的奢華租屋對決6490元的平價租屋！最極致的對決！《Joe是要對決S2》Ep246 ft.Fion、小隆【Joeman】,2025-01-06 18:00:48,2025-01-06,2025,18,2787,長片,挑戰/企劃,playlist,Joe是要對決,【Joe是要對決】第二季,True,keyword,6.0,通路鋪貨用語|促銷方案用語|銷售話術,False,True,頻道會員|團購平台|買房課程,877601,7344.0,284.0,22,https://www.youtube.com/watch?v=lJvnbvTxGwg
V1aM41ETxYY,"廢棄飯店的真相！冤屈小三陰魂不散！最終冠軍大結局誕生《靈能的挑戰》EP31,32【Joeman】",2025-01-03 18:00:24,2025-01-03,2025,18,3816,長片,挑戰/企劃,playlist,靈能的挑戰,靈能的挑戰,True,keyword,5.0,專屬導購連結|折扣導購用語,False,True,頻道會員|團購平台|買房課程,355106,6964.0,1368.0,22,https://www.youtube.com/watch?v=V1aM41ETxYY
WR9bi11sEzo,當你發現演唱會旁邊有個戴著vision pro的人⋯,2024-12-31 22:39:34,2024-12-31,2024,22,18,Shorts,未分類,none,,,False,none,0.0,,False,False,,138590,2810.0,48.0,22,https://www.youtube.com/watch?v=WR9bi11sEzo
tE-hmw2ZRaM,2200元的奢華帝王蟹吃到飽對決1090元的奢華流水蝦吃到飽！泰蝦樂、品帝主蟹火鍋《Joe是要對決S2》Ep245 ft.艾嘉【Joeman】,2024-12-30 18:00:54,2024-12-30,2024,18,2474,長片,挑戰/企劃,playlist,Joe是要對決,【Joe是要對決】第二季,True,keyword,2.0,購買行動用語,False,True,頻道會員|團購平台|買房課程,1064995,8577.0,489.0,22,https://www.youtube.com/watch?v=tE-hmw2ZRaM
ZobG2c4Fcr0,拯救流量大作戰！一口氣上5個訪談節目！ft.博恩、Dodomen、激罵揪某聊、AmazingTalker、瘋女人聊天室【Joeman】網紅觀察室,2024-12-28 12:00:15,2024-12-28,2024,12,1204,長片,人物/訪談,playlist,網紅觀察室,Joeman網紅觀察室,False,none,0.0,,False,True,頻道會員|團購平台|買房課程,374559,6592.0,539.0,22,https://www.youtube.com/watch?v=ZobG2c4Fcr0
JWKwr7DOFIw,在東京深夜玩溜滑梯的台灣阿伯😳,2024-12-28 11:10:38,2024-12-28,2024,11,36,Shorts,未分類,none,,,False,none,0.0,,False,False,,387822,,118.0,22,https://www.youtube.com/watch?v=JWKwr7DOFIw
N0gobQIyi9w,"禁止進入的廢墟飯店，竟然有眾多廢棄神像！《靈能的挑戰》EP29,30【Joeman】",2024-12-27 18:00:31,2024-12-27,2024,18,3590,長片,挑戰/企劃,playlist,靈能的挑戰,靈能的挑戰,False,none,0.0,,False,True,頻道會員|團購平台|買房課程,448222,5423.0,1324.0,22,https://www.youtube.com/watch?v=N0gobQIyi9w
N92CHWr1B_8,年末慶功宴！那些陪我度過2024的人！ft.阿滴、洋蔥、Dcard、Ted、痣作人【Joeman】,2024-12-26 18:00:31,2024-12-26,2024,18,2121,長片,人物/訪談,keyword,,,False,none,0.0,,False,True,頻道會員|團購平台|買房課程,1100073,8771.0,372.0,22,https://www.youtube.com/watch?v=N92CHWr1B_8
HjXGhbujADQ,竟然在路上巧遇自己以前的車！許久不見還是覺得小牛好帥好好看⋯,2024-12-25 19:34:33,2024-12-25,2024,19,38,Shorts,未分類,none,,,False,none,0.0,,False,False,,5042010,74083.0,534.0,22,https://www.youtube.com/watch?v=HjXGhbujADQ
oXbflkncrCs,最奢華白大廚登場！白湯匙呂敬來對決黑湯匙撕漫男！黑白大廚企劃第三彈完結篇！紅寶閣 홍보각、朝光201 조광201《Joe是要對決S2》Ep244 ft. High A Day【Joeman】,2024-12-23 18:00:55,2024-12-23,2024,18,3317,長片,挑戰/企劃,playlist,Joe是要對決,【Joe是要對決】第二季,True,keyword,2.0,行動呼籲句型,False,True,頻道會員|團購平台|買房課程,685390,8538.0,767.0,22,https://www.youtube.com/watch?v=oXbflkncrCs
StNhD0FY5Ic,"震驚！冠軍熱門慘遭淘汰！最終淘汰中意外發生《靈能的挑戰》EP27, 28【Joeman】",2024-12-20 18:00:23,2024-12-20,2024,18,2649,長片,挑戰/企劃,playlist,靈能的挑戰,靈能的挑戰,False,none,0.0,,False,True,頻道會員|團購平台|買房課程,213548,2397.0,1206.0,22,https://www.youtube.com/watch?v=StNhD0FY5Ic
QPpbudpd20U,中年男子是否能駕馭年輕人的穿搭呢！？好啦我只是想炫耀我有新滑板（但不會滑）,2024-12-20 14:38:00,2024-12-20,2024,14,58,Shorts,未分類,none,,,False,none,0.0,,False,False,,402935,7149.0,170.0,22,https://www.youtube.com/watch?v=QPpbudpd20U
gg5Ep6PVLrs,終於開賣啦！台版Vision Pro開箱！12萬值嗎？【Joeman】,2024-12-19 18:00:42,2024-12-19,2024,18,726,長片,3C開箱評測,playlist,Joeman開箱去,【Joeman開箱去】,False,none,0.0,,False,True,頻道會員|團購平台|買房課程,252548,3423.0,328.0,22,https://www.youtube.com/watch?v=gg5Ep6PVLrs
NWTerc3yEfk,克服萬難！我們如何在韓國拍黑白大廚？ft.high a day、蘿倫、凱倫、fion、小隆、台通何欸【Joeman】,2024-12-18 18:00:25,2024-12-18,2024,18,1976,長片,人物/訪談,keyword,,,True,keyword,13.0,專屬導購代碼|專屬導購連結|專屬導購指引|折扣導購用語|購買行動用語,False,True,頻道會員|團購平台|買房課程,483171,6840.0,396.0,22,https://www.youtube.com/watch?v=NWTerc3yEfk
6n6TZKFl7c4,在美國公然打手槍！這畫面不講還以為是戰地現場！直接在沙漠試槍！【Joeman】,2024-12-17 18:00:06,2024-12-17,2024,18,882,長片,未分類,none,,,False,none,0.0,,False,True,頻道會員|團購平台|買房課程,197139,3496.0,245.0,22,https://www.youtube.com/watch?v=6n6TZKFl7c4
AWLG1x5styo,一餐上百萬韓元！白湯匙崔鉉碩主廚對決黑湯匙無菜單阿姨！黑白大廚企劃第二彈！安東家 안동집손칼국시、CHOI. 쵸이닷《Joe是要對決S2》Ep243 ft. 凱倫、小隆、Fion【Joeman】,2024-12-16 18:00:10,2024-12-16,2024,18,3394,長片,挑戰/企劃,playlist,Joe是要對決,【Joe是要對決】第二季,False,none,1.0,品牌官方導流,False,True,頻道會員|團購平台|買房課程,887328,10793.0,626.0,22,https://www.youtube.com/watch?v=AWLG1x5styo
Hejh29fjeJk,"文哥面臨各種踢館！《靈能的挑戰》EP25, EP26【Joeman】",2024-12-13 18:00:15,2024-12-13,2024,18,3244,長片,挑戰/企劃,playlist,靈能的挑戰,靈能的挑戰,False,none,1.0,品牌官方導流,False,True,頻道會員|團購平台|買房課程,207704,2474.0,3058.0,22,https://www.youtube.com/watch?v=Hejh29fjeJk
k78-gi_GZ9A,老闆吃螃蟹、員工吃麵線？工作狂上班都吃啥？伙食大公開！竟然出現頂級美食！【Joeman】,2024-12-12 18:00:47,2024-12-12,2024,18,1648,長片,美食,keyword,,,False,none,0.0,,False,True,頻道會員|團購平台|買房課程,740709,9789.0,451.0,22,https://www.youtube.com/watch?v=k78-gi_GZ9A
zrGiR15hv7g,黑白大廚中港點女王鄭智善的餐廳裡的甜點：糯米球！真的是超巨大化料理耶⋯需特別預訂才有！,2024-12-09 21:05:42,2024-12-09,2024,21,10,Shorts,美食,keyword,,,False,none,0.0,,False,False,,38207,735.0,21.0,22,https://www.youtube.com/watch?v=zrGiR15hv7g
GBmsKpAGJKA,黑白大廚特別企劃！奢華白大廚對決平價黑大廚！前進韓國！度量 도량、甜蜜蜜 티엔미미《Joe是要對決S2》Ep242 ft.蘿倫、小隆【Joeman】,2024-12-09 18:00:16,2024-12-09,2024,18,3464,長片,挑戰/企劃,playlist,Joe是要對決,【Joe是要對決】第二季,True,keyword,2.0,行動呼籲句型,False,True,頻道會員|團購平台|買房課程,1101167,14319.0,844.0,22,https://www.youtube.com/watch?v=GBmsKpAGJKA
6phQa8GR97E,"全場痛哭！來賓崩潰面對家族命案《靈能的挑戰》EP23, EP24【Joeman】",2024-12-06 18:00:07,2024-12-06,2024,18,2688,長片,挑戰/企劃,playlist,靈能的挑戰,靈能的挑戰,False,none,0.0,,False,True,頻道會員|團購平台|買房課程,196753,2684.0,845.0,22,https://www.youtube.com/watch?v=6phQa8GR97E
wezva9-OooI,送粉絲去看周杰倫演唱會！親自送門票！【Joeman】,2024-12-05 19:30:40,2024-12-05,2024,19,556,長片,未分類,none,,,False,none,0.0,,False,True,頻道會員|團購平台|買房課程,280582,6862.0,384.0,22,https://www.youtube.com/watch?v=wezva9-OooI
HpogY8d4ibM,多一張周杰倫演唱會門票！決定直接送粉絲去看！,2024-12-05 19:30:15,2024-12-05,2024,19,48,Shorts,未分類,none,,,False,none,0.0,,False,False,,214086,6137.0,35.0,22,https://www.youtube.com/watch?v=HpogY8d4ibM
eNXw5AI6O4U,Youtube十大熱門影片榜單與遺珠之憾！發生衰事才上榜到底要開心還是難過？ 網紅觀察室【Joeman】,2024-12-05 10:00:29,2024-12-05,2024,10,1337,長片,人物/訪談,title_series,網紅觀察室,,False,none,0.0,,False,True,頻道會員|團購平台|買房課程,448914,8355.0,702.0,22,https://www.youtube.com/watch?v=eNXw5AI6O4U
kvEjPGaJv68,最近很多人在徵周杰倫演唱會門票，按照之前我們拍黃牛紀錄片的經驗，推測會有大量詐騙，大家要千萬小心！,2024-12-03 18:03:04,2024-12-03,2024,18,57,Shorts,未分類,none,,,False,none,0.0,,False,False,,65604,1763.0,56.0,22,https://www.youtube.com/watch?v=kvEjPGaJv68
6S-pPaUJPPk,房間一幅畫就3000萬！沒人拍過的台中神秘豪宅！寶璽天睿《Joe是要看房》 ep.51【Joeman】,2024-12-03 18:00:09,2024-12-03,2024,18,1602,長片,看房/房產,playlist,Joe是要看房,《Joe是要看房》,True,keyword,6.0,折扣導購用語|購買行動用語|通路鋪貨用語,False,True,頻道會員|團購平台|買房課程,660570,6868.0,457.0,22,https://www.youtube.com/watch?v=6S-pPaUJPPk
5-O9_uNlMG4,Andy老師來了！一晚15萬的奢華溫泉總統套房！兩男兩女真實住一晚！《Joe是要對決S2》Ep241 ft.元元、梓梓【Joeman】,2024-12-02 18:00:07,2024-12-02,2024,18,2652,長片,挑戰/企劃,title_series,Joe是要對決,,True,keyword,5.0,專屬導購連結|行動呼籲句型,False,True,頻道會員|團購平台|買房課程,621927,9547.0,640.0,22,https://www.youtube.com/watch?v=5-O9_uNlMG4
RYJpMHaXw4I,蘋果最有性價比的產品！台幣不到2萬也能順剪4K影片！大改款M4 Mac Mini開箱,2024-12-02 14:34:05,2024-12-02,2024,14,54,Shorts,3C開箱評測,keyword,,,False,none,0.0,,False,False,,111845,1965.0,33.0,22,https://www.youtube.com/watch?v=RYJpMHaXw4I
-tdCv38d57s,跟周杰倫當鄰居！總價破7億！傳說中的信義聯勤！大安森林公園第一排、高樓層露臺戶有多爽？《Joe是要看房》 ep.50【Joeman】,2024-11-30 12:00:00,2024-11-30,2024,12,1350,長片,看房/房產,playlist,Joe是要看房,《Joe是要看房》,True,keyword,3.0,專屬導購指引,False,True,頻道會員|團購平台|買房課程,2085340,18977.0,1697.0,22,https://www.youtube.com/watch?v=-tdCv38d57s
UhnCRTpwIok,"演員家族的命案謎題！老師能成功破解嗎？《靈能的挑戰》EP21, EP22【Joeman】",2024-11-29 18:00:36,2024-11-29,2024,18,3213,長片,挑戰/企劃,playlist,靈能的挑戰,靈能的挑戰,True,keyword,3.0,專屬導購指引,False,True,頻道會員|團購平台|買房課程,209440,2252.0,1230.0,22,https://www.youtube.com/watch?v=UhnCRTpwIok
wm2s0q98-dQ,如何一年做300支影片、年點閱破億？2024我的心得與回顧！網紅觀察室【Joeman】,2024-11-28 18:30:25,2024-11-28,2024,18,2473,長片,人物/訪談,playlist,網紅觀察室,Joeman網紅觀察室,True,keyword,3.0,專屬導購指引,False,True,頻道會員|團購平台|買房課程,376286,7294.0,612.0,22,https://www.youtube.com/watch?v=wm2s0q98-dQ
M2GlVTQby24,不到2萬就能剪片！蘋果最有性價比的產品！大改款Mac mini M4開箱【Joeman】,2024-11-26 19:00:31,2024-11-26,2024,19,547,長片,3C開箱評測,playlist,Joeman開箱去,【Joeman開箱去】,False,none,0.0,,False,True,頻道會員|團購平台|買房課程,324053,3809.0,316.0,22,https://www.youtube.com/watch?v=M2GlVTQby24
G2GMkGzLD-w,這是免費可以看的？元元、梓梓泡溫泉畫面全都錄！,2024-11-25 19:51:06,2024-11-25,2024,19,52,Shorts,未分類,none,,,False,none,0.0,,False,False,,252848,9406.0,102.0,22,https://www.youtube.com/watch?v=G2GMkGzLD-w
zXHVazKMbk8,一晚150000元的奢華溫泉對決290元的平價溫泉 ！礁溪川湯春天旗艦館、日勝生加賀屋國際溫泉飯店《Joe是要對決S2》Ep240 ft.元元、梓梓【Joeman】,2024-11-25 18:00:56,2024-11-25,2024,18,2629,長片,挑戰/企劃,playlist,Joe是要對決,【Joe是要對決】第二季,True,keyword,2.0,行動呼籲句型,False,True,頻道會員|團購平台|買房課程,720521,11309.0,774.0,22,https://www.youtube.com/watch?v=zXHVazKMbk8
ocgSQm-P3Ew,全套Sony就是爽！工作室遊戲間大升級！【Joeman】Sony BRAVIA 9+Theatre Bar 9+PS5 Pro,2024-11-23 18:00:52,2024-11-23,2024,18,1045,長片,遊戲實況,keyword,,,True,keyword,3.0,延伸導流連結,False,True,頻道會員|團購平台|買房課程,201954,2546.0,189.0,22,https://www.youtube.com/watch?v=ocgSQm-P3Ew
0P3nHhPxyuE,"家族疾病與祖墳有關？悲痛的前世讓老師數度哽咽《靈能的挑戰》EP19, EP20【Joeman】",2024-11-22 18:00:01,2024-11-22,2024,18,2731,長片,挑戰/企劃,playlist,靈能的挑戰,靈能的挑戰,False,none,0.0,,False,True,頻道會員|團購平台|買房課程,215066,2263.0,1049.0,22,https://www.youtube.com/watch?v=0P3nHhPxyuE
zgYtIrKIQm8,超像iPhone的安卓手機！【Joeman】OPPO Find X8 & Find X8 Pro系列,2024-11-22 16:00:48,2024-11-22,2024,16,1247,長片,3C開箱評測,keyword,,,False,none,0.0,,False,True,頻道會員|團購平台|買房課程,262672,2935.0,521.0,22,https://www.youtube.com/watch?v=zgYtIrKIQm8
SBhwZQN1aiw,台中火鍋天花板！32800元的奢華高空火鍋對決199元的平價迴轉火鍋 －台中篇 花漾𨍭轉鍋、沐明鍋物、《Joe是要對決S2》Ep239 ft.奶油米【Joeman】,2024-11-18 18:00:26,2024-11-18,2024,18,3350,長片,挑戰/企劃,playlist,Joe是要對決,【Joe是要對決】第二季,False,none,0.0,,False,True,頻道會員|團購平台|買房課程,613738,5420.0,672.0,22,https://www.youtube.com/watch?v=SBhwZQN1aiw
JuGIBygBKMs,吃完要刷牙的黑色燉飯！好吃！這家是在羅斯福路的黑米,2024-11-18 12:40:34,2024-11-18,2024,12,37,Shorts,美食,keyword,,,False,none,0.0,,False,False,,22438,526.0,6.0,22,https://www.youtube.com/watch?v=JuGIBygBKMs
e-dk8Rk7NTM,開箱陳華的水晶收藏！小顆的也太可愛～,2024-11-17 12:28:14,2024-11-17,2024,12,50,Shorts,玩具/收藏,keyword,,,False,none,0.0,,False,False,,20903,483.0,14.0,22,https://www.youtube.com/watch?v=e-dk8Rk7NTM
foEGXfxR4QE,也買太多了吧？陳華的超可愛水晶收藏！《Joe是要收藏》ep.26【Joeman】,2024-11-17 12:00:31,2024-11-17,2024,12,1081,長片,玩具/收藏,playlist,Joe是要收藏,Joe是要看房-美國篇|Joe是要收藏,False,none,0.0,,False,True,頻道會員|團購平台|買房課程,287993,4589.0,476.0,22,https://www.youtube.com/watch?v=foEGXfxR4QE
6FrgQBZGvZk,退休在東京的生活！一個人獨自的美食、耍廢、放空【Joeman】,2024-11-16 18:00:04,2024-11-16,2024,18,2289,長片,美食,keyword,,,False,none,0.0,,False,True,頻道會員|團購平台|買房課程,1366134,23777.0,1855.0,22,https://www.youtube.com/watch?v=6FrgQBZGvZk
r52IeNaDCDw,在台灣吃黑白大廚！,2024-11-16 14:51:08,2024-11-16,2024,14,53,Shorts,未分類,none,,,False,none,0.0,,False,False,,32691,707.0,16.0,22,https://www.youtube.com/watch?v=r52IeNaDCDw
qdFkk29g18Y,"懸案關卡啟動！老師備受挑戰，喊真的太難《靈能的挑戰》EP17, EP18【Joeman】",2024-11-15 18:00:54,2024-11-15,2024,18,2672,長片,挑戰/企劃,playlist,靈能的挑戰,靈能的挑戰,True,keyword,2.0,折扣導購用語,False,True,頻道會員|團購平台|買房課程,255706,2741.0,1624.0,22,https://www.youtube.com/watch?v=qdFkk29g18Y
dFlPxMxmsMQ,靈能的挑戰集數大變動！【Joeman】網紅觀察室,2024-11-13 18:00:41,2024-11-13,2024,18,813,長片,人物/訪談,playlist,網紅觀察室,Joeman網紅觀察室,False,none,0.0,,False,True,頻道會員|團購平台|買房課程,429227,9476.0,2146.0,22,https://www.youtube.com/watch?v=dFlPxMxmsMQ
ccrQfG6Xvqk,比特幣突破新高！我會賣嗎？好久沒拍走路影片,2024-11-13 08:47:35,2024-11-13,2024,8,47,Shorts,財經/投資,keyword,,,True,keyword,3.0,專屬導購指引,False,False,,480072,9626.0,217.0,22,https://www.youtube.com/watch?v=ccrQfG6Xvqk
K7sGQzxrmo4,1988元的奢華海鮮燉飯對決150元的平價學餐燉飯！夯麵坊、青沐、ChiaoDuo House 巧哚洋房、想聚《Joe是要對決S2》Ep238 ft.Sarah【Joeman】,2024-11-11 18:00:15,2024-11-11,2024,18,2603,長片,挑戰/企劃,playlist,Joe是要對決,【Joe是要對決】第二季,True,keyword,2.0,行動呼籲句型,False,True,頻道會員|團購平台|買房課程,329735,3593.0,217.0,22,https://www.youtube.com/watch?v=K7sGQzxrmo4
fkC7YmeYyBs,地表最強遊戲家機！PS5 Pro詳細實測開箱！2025還需要買家機嗎？【Joeman】,2024-11-09 22:30:23,2024-11-09,2024,22,968,長片,挑戰/企劃,keyword,,,True,keyword,3.0,導購區塊標題,False,True,頻道會員|團購平台|買房課程,548494,5868.0,706.0,22,https://www.youtube.com/watch?v=fkC7YmeYyBs
TvXHxn-uU2E,老師淚灑現場！只剩6位靈能者！《靈能的挑戰》EP16【Joeman】,2024-11-08 18:00:33,2024-11-08,2024,18,1346,長片,挑戰/企劃,playlist,靈能的挑戰,靈能的挑戰,False,none,0.0,,False,True,頻道會員|團購平台|買房課程,232256,2509.0,1104.0,22,https://www.youtube.com/watch?v=TvXHxn-uU2E
rSHsO4CIBxc,韓國銷售第一的人體工學椅！在台灣買竟然比較便宜？趕快到momo搜尋SIDIZ T50看更多優惠#SIDIZ #T50 #人體工學椅 @sidiztaiwan,2024-11-08 12:04:24,2024-11-08,2024,12,55,Shorts,未分類,none,,,False,none,0.0,,False,False,,81159,836.0,32.0,22,https://www.youtube.com/watch?v=rSHsO4CIBxc
13U-c62C5QY,用10公尺的自拍棒拍片是什麼體驗？能夠取代空拍機嗎？,2024-11-07 17:48:09,2024-11-07,2024,17,56,Shorts,挑戰/企劃,keyword,,,False,none,0.0,,False,False,,54386,1149.0,42.0,22,https://www.youtube.com/watch?v=13U-c62C5QY
PnYmB1VMv2k,參賽者翻臉！又有6位老師面臨淘汰！神明說只能保一個？《靈能的挑戰》EP15【Joeman】,2024-11-06 18:00:21,2024-11-06,2024,18,1614,長片,挑戰/企劃,title_series,靈能的挑戰,,False,none,1.0,品牌官方導流,False,True,頻道會員|團購平台|買房課程,220155,2503.0,1593.0,22,https://www.youtube.com/watch?v=PnYmB1VMv2k
aeI3j7IOpjQ,幫洋蔥圓夢！平常開國產車的人擁有保時捷雙門跑車一個月！Porsche 718 Cayman S【Joeman】,2024-11-05 18:00:02,2024-11-05,2024,18,1159,長片,汽車,keyword,,,False,none,0.0,,False,True,頻道會員|團購平台|買房課程,688483,6330.0,272.0,22,https://www.youtube.com/watch?v=aeI3j7IOpjQ
HW-6dkNNflk,很多時候當下覺得運氣很差，事後才發現躲過一劫！,2024-11-05 17:34:05,2024-11-05,2024,17,50,Shorts,未分類,none,,,False,none,0.0,,False,False,,376021,10983.0,347.0,22,https://www.youtube.com/watch?v=HW-6dkNNflk
2YEq5U9oK40,2500元的奢華漢堡對決60元的平價漢堡！元素手工漢堡、SKRABUR 黑膠漢堡、Charles' Kitchen、Fa Burger《Joe是要對決S2》Ep237 ft.泡芙【Joeman】,2024-11-04 18:00:04,2024-11-04,2024,18,2531,長片,挑戰/企劃,playlist,Joe是要對決,【Joe是要對決】第二季,True,keyword,5.0,購買行動用語|通路鋪貨用語|新品發表用語,False,True,頻道會員|團購平台|買房課程,415152,5333.0,304.0,22,https://www.youtube.com/watch?v=2YEq5U9oK40
po8LTdZOuAM,大家有一直被媽媽敷衍的經驗嗎？但想想我自己也很常敷衍她🤣,2024-11-02 16:35:58,2024-11-02,2024,16,35,Shorts,未分類,none,,,False,none,0.0,,False,False,,38871,1004.0,33.0,22,https://www.youtube.com/watch?v=po8LTdZOuAM
nND8bgloOyc,最終選擇！情關完結篇《靈能的挑戰》EP14【Joeman】,2024-11-01 18:00:54,2024-11-01,2024,18,1555,長片,挑戰/企劃,playlist,靈能的挑戰,靈能的挑戰,True,keyword,8.0,專屬導購代碼|結帳代碼指引|折扣導購用語,False,True,頻道會員|團購平台|買房課程,238917,2437.0,661.0,22,https://www.youtube.com/watch?v=nND8bgloOyc
PGyybvOLAQ8,挑戰台灣最貴的螃蟹料理！好貴但真的好好吃🤤#月夜岩  #松葉蟹 #鱈場蟹 #奢華料理,2024-10-31 23:29:06,2024-10-31,2024,23,60,Shorts,美食,keyword,,,False,none,0.0,,False,False,,41072,916.0,22.0,22,https://www.youtube.com/watch?v=PGyybvOLAQ8
V1Jhc7IF4Kg,接受專訪到一半，發現對方是專寫網紅無聊新聞的記者！現場對質！網紅觀察室【Joeman】,2024-10-31 11:30:23,2024-10-31,2024,11,1382,長片,人物/訪談,playlist,網紅觀察室,Joeman網紅觀察室,False,none,0.0,,False,True,頻道會員|團購平台|買房課程,784688,16661.0,2161.0,22,https://www.youtube.com/watch?v=V1Jhc7IF4Kg
ZjuT4zkzV7Y,眼肉芽來了！星象看婚緣？最般配的面相！男方顧問諫戀愛忠告《靈能的挑戰》EP13【Joeman】,2024-10-30 18:00:40,2024-10-30,2024,18,1237,長片,挑戰/企劃,playlist,靈能的挑戰,靈能的挑戰,False,none,0.0,,False,True,頻道會員|團購平台|買房課程,241958,2594.0,875.0,22,https://www.youtube.com/watch?v=ZjuT4zkzV7Y
eoGRjUxVITg,偷把媽媽手機換成最新 iPhone 16 Pro Max！【Joeman】,2024-10-29 18:00:41,2024-10-29,2024,18,929,長片,3C開箱評測,keyword,,,True,keyword,3.0,行銷活動用語|活動檔期用語,False,True,頻道會員|團購平台|買房課程,656934,10304.0,577.0,22,https://www.youtube.com/watch?v=eoGRjUxVITg
dByUlzwq3yg,螃蟹吃到快3萬是甚麼體驗？14000元的奢華螃蟹懷石對決200元的平價鮮活螃蟹！月夜岩、阿杰萬里蟹《Joe是要對決S2》Ep236 ft.阿達【Joeman】,2024-10-28 18:01:48,2024-10-28,2024,18,3664,長片,挑戰/企劃,playlist,Joe是要對決,【Joe是要對決】第二季,True,keyword,7.0,折扣導購用語|購買行動用語|行動呼籲句型|新品發表用語,False,True,頻道會員|團購平台|買房課程,827486,8065.0,490.0,22,https://www.youtube.com/watch?v=dByUlzwq3yg
wpHJq-Na_ic,文哥神預言多芬？卦象見砲友？命盤預言配對結果！算命vs.感覺怎麼選？《靈能的挑戰》EP12【Joeman】,2024-10-25 18:01:11,2024-10-25,2024,18,1147,長片,挑戰/企劃,playlist,靈能的挑戰,靈能的挑戰,False,none,0.0,,False,True,頻道會員|團購平台|買房課程,274814,2885.0,1341.0,22,https://www.youtube.com/watch?v=wpHJq-Na_ic
7Q1Aq84HbPk,條件超好卻單身？多芬姻緣桃花怎麼求？現場直接配對！《靈能的挑戰》EP11【Joeman】,2024-10-23 18:00:13,2024-10-23,2024,18,1241,長片,挑戰/企劃,playlist,靈能的挑戰,靈能的挑戰,False,none,0.0,,False,True,頻道會員|團購平台|買房課程,329276,3263.0,1295.0,22,https://www.youtube.com/watch?v=7Q1Aq84HbPk
oAHmNxJSuLQ,用中華電信1G光纖搶周杰倫演唱會門票！,2024-10-23 14:16:45,2024-10-23,2024,14,60,Shorts,未分類,none,,,False,none,0.0,,False,True,頻道會員|團購平台|買房課程,1011638,31464.0,423.0,22,https://www.youtube.com/watch?v=oAHmNxJSuLQ
CcoTgUcUPOA,昨天還在拍片說沒收到麥當勞卡包，這不就來了嗎！話語霸權！,2024-10-22 19:21:21,2024-10-22,2024,19,29,Shorts,未分類,none,,,False,none,0.0,,False,False,,1040160,21857.0,227.0,22,https://www.youtube.com/watch?v=CcoTgUcUPOA
J4J4RmRoSRc,用了兩年的Sony旗艦降噪耳機竟然出粉紅色！#wf1000xm5  #wh1000xm5  #lesserafim,2024-10-21 23:18:31,2024-10-21,2024,23,60,Shorts,汽車,keyword,,,False,none,0.0,,False,False,,109222,1850.0,51.0,22,https://www.youtube.com/watch?v=J4J4RmRoSRc
RgNO-U5tV2E,你吃過破千的滷肉飯嗎？1200元的奢華滷肉飯對決30元的平價滷肉飯！矮仔財滷肉飯、阿英滷肉飯、店小二魯肉飯、WOOBAR 、歐買尬豬霸王 《Joe是要對決S2》Ep235 ft.陳敬宣【Joeman】,2024-10-21 18:00:22,2024-10-21,2024,18,2072,長片,挑戰/企劃,playlist,Joe是要對決,【Joe是要對決】第二季,False,none,0.0,,False,True,頻道會員|團購平台|買房課程,519089,5573.0,564.0,22,https://www.youtube.com/watch?v=RgNO-U5tV2E
PGCKnn-jRT0,麥當勞炎上事件！為何網紅收到公關品也會被燒？網紅觀察室【Joeman】麥當勞獵人聯名,2024-10-21 04:00:07,2024-10-21,2024,4,1220,長片,人物/訪談,playlist,網紅觀察室,Joeman網紅觀察室,False,none,0.0,,False,True,頻道會員|團購平台|買房課程,974541,20654.0,3955.0,22,https://www.youtube.com/watch?v=PGCKnn-jRT0
gG4k1XyIans,強運父親vs衰運兒子！參賽老師看破心魔？《靈能的挑戰》EP10【Joeman】,2024-10-18 18:00:47,2024-10-18,2024,18,1242,長片,挑戰/企劃,playlist,靈能的挑戰,靈能的挑戰,True,keyword,2.0,行動呼籲句型,False,True,頻道會員|團購平台|買房課程,347777,3788.0,1449.0,22,https://www.youtube.com/watch?v=gG4k1XyIans
WQgoQ0ZGY6w,無人計程車體驗！能夠取代真人司機嗎？,2024-10-17 18:57:08,2024-10-17,2024,18,58,Shorts,挑戰/企劃,keyword,,,False,none,0.0,,False,False,,41455,968.0,58.0,22,https://www.youtube.com/watch?v=WQgoQ0ZGY6w
8iPvn7r0oPI,無人計程車體驗！能夠取代真人司機嗎？【Joeman】美國waymo實測,2024-10-17 18:00:17,2024-10-17,2024,18,1156,長片,挑戰/企劃,keyword,,,False,none,0.0,,False,True,頻道會員|團購平台|買房課程,472747,6219.0,644.0,22,https://www.youtube.com/watch?v=8iPvn7r0oPI
NXkJ8q4tYik,來賓槓上參賽者！心理師打抱不平！《靈能的挑戰》EP9【Joeman】,2024-10-16 18:00:26,2024-10-16,2024,18,1444,長片,挑戰/企劃,playlist,靈能的挑戰,靈能的挑戰,True,keyword,8.0,專屬導購代碼|結帳代碼指引|折扣導購用語,False,True,頻道會員|團購平台|買房課程,405192,4844.0,3123.0,22,https://www.youtube.com/watch?v=NXkJ8q4tYik
7ooNzHex8MA,一小時燒肉吃播！10000元的奢華板前燒肉對決210元的平價個人燒肉！發肉ME 個人燒肉專門店、板前中山《Joe是要對決S2》Ep234 ft.泱泱【Joeman】,2024-10-14 18:00:11,2024-10-14,2024,18,3797,長片,挑戰/企劃,playlist,Joe是要對決,【Joe是要對決】第二季,True,keyword,5.0,專屬導購連結|行動呼籲句型,False,True,頻道會員|團購平台|買房課程,1028772,10055.0,841.0,22,https://www.youtube.com/watch?v=7ooNzHex8MA
JAKHdfkwqmI,影視颶風影片被迫下架事件分析！是否真的針對bilibili開戰？《網紅觀察室 》Joeman,2024-10-12 00:03:19,2024-10-12,2024,0,1175,長片,人物/訪談,title_series,網紅觀察室,,False,none,0.0,,False,False,,773310,17385.0,2976.0,22,https://www.youtube.com/watch?v=JAKHdfkwqmI
CaTJdJPDzc8,團隊戰開始！出現被下降頭的來賓？《靈能的挑戰》EP8【Joeman】,2024-10-11 18:00:12,2024-10-11,2024,18,1300,長片,挑戰/企劃,playlist,靈能的挑戰,靈能的挑戰,False,none,0.0,,False,True,頻道會員|團購平台|買房課程,460172,5036.0,1476.0,22,https://www.youtube.com/watch?v=CaTJdJPDzc8
E-NlTve6jZ8,跟員工的假期vlog！在紐約過國慶是甚麼體驗？【Joeman】,2024-10-10 12:00:17,2024-10-10,2024,12,1373,長片,挑戰/企劃,keyword,,,False,none,0.0,,False,True,頻道會員|團購平台|買房課程,431228,6849.0,284.0,22,https://www.youtube.com/watch?v=E-NlTve6jZ8
QmrEK1nJ47g,團體賽分組！最多老師選的計程車竟然真的出事？《靈能的挑戰》EP7【Joeman】,2024-10-09 18:00:23,2024-10-09,2024,18,1920,長片,挑戰/企劃,playlist,靈能的挑戰,靈能的挑戰,False,none,1.0,品牌官方導流,False,True,頻道會員|團購平台|買房課程,557008,7094.0,1181.0,22,https://www.youtube.com/watch?v=QmrEK1nJ47g
Dq7ADR6tGL4,1800元的奢華滷味對決60元的平價滷味！南村私廚小酒棧、小後苑、燈籠滷味、東引小吃店、老翔記《Joe是要對決S2》Ep233 ft.阿貝【Joeman】,2024-10-07 18:00:13,2024-10-07,2024,18,2762,長片,挑戰/企劃,playlist,Joe是要對決,【Joe是要對決】第二季,False,none,0.0,,False,True,頻道會員|團購平台|買房課程,521818,5625.0,689.0,22,https://www.youtube.com/watch?v=Dq7ADR6tGL4
pBu0f3024jw,我們正在見證Dcard的殞落！Threads爆紅所帶來的連鎖反應！網紅觀察室【Joeman】,2024-10-06 13:45:02,2024-10-06,2024,13,775,長片,人物/訪談,playlist,網紅觀察室,Joeman網紅觀察室,False,none,0.0,,False,True,頻道會員|團購平台|買房課程,868908,14764.0,1984.0,22,https://www.youtube.com/watch?v=pBu0f3024jw
EbQWa2uR1xo,穿越時空回應錫蘭！【Joeman】《靈能的挑戰》番外篇,2024-10-04 18:05:26,2024-10-04,2024,18,178,長片,挑戰/企劃,playlist,靈能的挑戰,靈能的挑戰,False,none,0.0,,False,True,頻道會員|團購平台|買房課程,789105,19743.0,1518.0,22,https://www.youtube.com/watch?v=EbQWa2uR1xo
JLx3aPbpKZ0,眭澔平參戰！透視支線出現超驚悚鬼物！第一階段淘汰者黯然離場 《靈能的挑戰》EP6【Joeman】,2024-10-04 18:00:16,2024-10-04,2024,18,1600,長片,挑戰/企劃,playlist,靈能的挑戰,靈能的挑戰,False,none,0.0,,False,True,頻道會員|團購平台|買房課程,552098,6804.0,1325.0,22,https://www.youtube.com/watch?v=JLx3aPbpKZ0
_5yRP7xc63c,殺人犯關卡完結！無預警敗部復活展開！《靈能的挑戰》EP5【Joeman】,2024-10-02 18:00:43,2024-10-02,2024,18,1597,長片,挑戰/企劃,playlist,靈能的挑戰,靈能的挑戰,False,none,0.0,,False,True,頻道會員|團購平台|買房課程,549960,5660.0,1500.0,22,https://www.youtube.com/watch?v=_5yRP7xc63c
h87DqA4-BnM,光機票就35萬？在紐約出差到底有多貴？12天機酒食宿消費統計大公開！ 【Joeman】,2024-10-01 18:00:44,2024-10-01,2024,18,1011,長片,未分類,none,,,False,none,0.0,,False,True,頻道會員|團購平台|買房課程,744210,12177.0,469.0,22,https://www.youtube.com/watch?v=h87DqA4-BnM
rnyDg0_a4Xk,一顆70元的五星級奢華水餃對決一顆3元的超平價水餃！台北君悦酒店 雲錦中餐廳、無敵水餃、餃子樂、北大荒水餃店、樹林3元水餃店《Joe是要對決S2》Ep232 ft.蘋蘋澎澎【Joeman】,2024-09-30 18:00:53,2024-09-30,2024,18,2357,長片,挑戰/企劃,playlist,Joe是要對決,【Joe是要對決】第二季,True,keyword,17.0,專屬導購代碼|專屬導購連結|專屬導購指引|結帳代碼指引|折扣導購用語|購買行動用語|品牌官方導流,False,True,頻道會員|團購平台|買房課程,517265,5492.0,423.0,22,https://www.youtube.com/watch?v=rnyDg0_a4Xk
zT83fawS5t4,帶員工去看美國職棒！人生第一次看MLB！紐約洋基主場體驗，傳說中的基襪大戰！【Joeman】,2024-09-28 12:00:44,2024-09-28,2024,12,1046,長片,挑戰/企劃,keyword,,,False,none,0.0,,False,True,頻道會員|團購平台|買房課程,284786,3707.0,202.0,22,https://www.youtube.com/watch?v=zT83fawS5t4
_e9GWEHtIgk,從沒說過的隱藏故事！解密殺人犯！《靈能的挑戰》EP4【Joeman】,2024-09-27 18:00:38,2024-09-27,2024,18,1661,長片,挑戰/企劃,playlist,靈能的挑戰,靈能的挑戰,True,keyword,8.0,專屬導購代碼|結帳代碼指引|折扣導購用語,False,True,頻道會員|團購平台|買房課程,627677,7019.0,2479.0,22,https://www.youtube.com/watch?v=_e9GWEHtIgk
4Bc7dbPCjVk,搶救繁殖場狗狗！捐了1萬公斤飼料給狗園！ft.趙媽媽狗園【Joeman】,2024-09-26 18:00:08,2024-09-26,2024,18,1514,長片,人物/訪談,keyword,,,True,keyword,3.0,影片合作聲明,False,True,頻道會員|團購平台|買房課程,482101,17215.0,1357.0,22,https://www.youtube.com/watch?v=4Bc7dbPCjVk
pO8qt8r4EEU,誰是殺人犯？看穿命盤中的殺機！如何識破重刑者《靈能的挑戰》EP3【Joeman】,2024-09-25 18:01:01,2024-09-25,2024,18,1613,長片,挑戰/企劃,playlist,靈能的挑戰,靈能的挑戰,True,keyword,11.0,專屬導購代碼|專屬導購連結|結帳代碼指引|行動呼籲句型,False,True,頻道會員|團購平台|買房課程,785396,8621.0,2337.0,22,https://www.youtube.com/watch?v=pO8qt8r4EEU
7Ve8p_iqqDA,3800元的奢華算命對決200元的平價算命！姻緣篇！《Joe是要對決S2》Ep231 ft.胡子、妲妲【Joeman】,2024-09-23 18:31:41,2024-09-23,2024,18,3492,長片,挑戰/企劃,playlist,Joe是要對決,【Joe是要對決】第二季,True,keyword,3.0,購買行動用語|新品發表用語,False,True,頻道會員|團購平台|買房課程,305193,3599.0,412.0,22,https://www.youtube.com/watch?v=7Ve8p_iqqDA
BgC7u9HqxeY,iPhone發表週的工作狀態⋯,2024-09-20 21:14:06,2024-09-20,2024,21,44,Shorts,3C開箱評測,keyword,,,False,none,0.0,,False,False,,239233,9658.0,101.0,22,https://www.youtube.com/watch?v=BgC7u9HqxeY
U7OAW-_CL2k,240小時的戰鬥！被蘋果邀請是什麼體驗？iPhone地獄加班週實錄【Joeman】網紅觀察室,2024-09-20 21:00:27,2024-09-20,2024,21,2907,長片,人物/訪談,playlist,網紅觀察室,Joeman網紅觀察室,True,keyword,9.0,專屬導購代碼|結帳代碼指引|折扣導購用語|品牌官方導流,False,True,頻道會員|團購平台|買房課程,999914,14992.0,914.0,22,https://www.youtube.com/watch?v=U7OAW-_CL2k
AiV3vVylkxY,驚見片場的女鬼！通靈計程車！靈能師遇過最難關卡《靈能的挑戰》EP2【Joeman】,2024-09-20 18:00:19,2024-09-20,2024,18,2406,長片,挑戰/企劃,playlist,靈能的挑戰,靈能的挑戰,False,none,1.0,品牌官方導流,False,True,頻道會員|團購平台|買房課程,1070283,14104.0,3033.0,22,https://www.youtube.com/watch?v=AiV3vVylkxY
1Td-0APNtv0,iPhone 16 Pro Max對決安卓旗艦！S24 Ultra、ROG Phone 8 Pro、Pixel 9 Pro XL！A18 Pro能輾壓8 Gen3嗎？【Joeman】,2024-09-19 21:45:00,2024-09-19,2024,21,1606,長片,挑戰/企劃,keyword,,,True,keyword,9.0,專屬導購代碼|結帳代碼指引|折扣導購用語|品牌官方導流,False,True,頻道會員|團購平台|買房課程,574415,8653.0,1042.0,22,https://www.youtube.com/watch?v=1Td-0APNtv0
eXJPoGWz2DA,這代iPhone16 Pro的混音功能超好用！,2024-09-18 21:14:04,2024-09-18,2024,21,58,Shorts,3C開箱評測,keyword,,,False,none,0.0,,False,False,,85268,2188.0,40.0,22,https://www.youtube.com/watch?v=eXJPoGWz2DA
cS-kxbnVFUI,跑到臉都扭曲！iPhone 16 Pro 4K 120就是猛🤣,2024-09-18 20:40:24,2024-09-18,2024,20,9,Shorts,3C開箱評測,keyword,,,False,none,0.0,,False,False,,151345,3574.0,114.0,22,https://www.youtube.com/watch?v=cS-kxbnVFUI
cabXMIKPErc,牙膏擠爆！這代升級超有感！iPhone 16數字系列開箱！【Joeman】,2024-09-18 20:15:02,2024-09-18,2024,20,883,長片,3C開箱評測,keyword,,,True,keyword,12.0,專屬導購代碼|專屬導購連結|致謝贊助句型|折扣導購用語|品牌官方導流,False,True,頻道會員|團購平台|買房課程,459690,6488.0,542.0,22,https://www.youtube.com/watch?v=cabXMIKPErc
KmOsGsDi0Rc,iPhone 16數字系列新色很讚😎,2024-09-18 20:10:36,2024-09-18,2024,20,42,Shorts,3C開箱評測,keyword,,,False,none,0.0,,False,False,,214913,3680.0,96.0,22,https://www.youtube.com/watch?v=KmOsGsDi0Rc
9qQJ1wWWW7E,拿到iPhone 16 Pro啦！,2024-09-18 20:02:55,2024-09-18,2024,20,48,Shorts,3C開箱評測,keyword,,,False,none,0.0,,False,False,,196664,3486.0,58.0,22,https://www.youtube.com/watch?v=9qQJ1wWWW7E
Y6FcI6YkyxU,1萬字爆肝實測分析！iPhone 16 Pro實機開箱！全台首開！【Joeman】,2024-09-18 20:00:29,2024-09-18,2024,20,2039,長片,挑戰/企劃,keyword,,,False,none,0.0,,False,True,頻道會員|團購平台|買房課程,1102001,20226.0,1140.0,22,https://www.youtube.com/watch?v=Y6FcI6YkyxU
J3uTxdbA-Gk,全台第一個算命選秀！尋找鬼乘客！通靈、紫微、易經、塔羅、星盤、阿卡西紀錄、薩滿等各種流派神仙對決！《靈能的挑戰》EP1【Joeman】,2024-09-18 18:00:08,2024-09-18,2024,18,2195,長片,挑戰/企劃,playlist,靈能的挑戰,靈能的挑戰,False,none,0.0,,False,True,頻道會員|團購平台|買房課程,1512601,24678.0,3122.0,22,https://www.youtube.com/watch?v=J3uTxdbA-Gk
qQMj3Y49pgY,你有看過可以變形的手機充電座嗎！又好玩又實用！可以同時充iPhone、Airpods跟Apple watch！,2024-09-16 19:00:57,2024-09-16,2024,19,58,Shorts,3C開箱評測,keyword,,,True,keyword,3.0,導購區塊標題,False,False,,146131,2477.0,65.0,22,https://www.youtube.com/watch?v=qQMj3Y49pgY
jwf3qdKZaWA,Dcard員工算桃花！3800元的奢華算命對決200元的平價算命！姻緣篇！《Joe是要對決S2》Ep230 ft.Leo、Zona、胡子、妲妲【Joeman】,2024-09-16 18:00:52,2024-09-16,2024,18,3708,長片,挑戰/企劃,title_series,Joe是要對決,,False,none,0.0,,False,True,頻道會員|團購平台|買房課程,375632,4477.0,430.0,22,https://www.youtube.com/watch?v=jwf3qdKZaWA
7YAtArcnnpk,華為再度遙遙領先？全世界第一台三摺疊手機！超大螢幕超薄機身！Mate XT非凡大師【Joeman】,2024-09-12 19:45:00,2024-09-12,2024,19,825,長片,3C開箱評測,keyword,,,False,none,0.0,,False,True,頻道會員|團購平台|買房課程,752250,10844.0,4417.0,22,https://www.youtube.com/watch?v=7YAtArcnnpk
5CGYq22OrD0,我又試用了iPhone 16 Pro一天！發表會上沒說的細節分享！4K120錄影、AI混音、室內機身顏色差異【Joeman】,2024-09-11 16:00:03,2024-09-11,2024,16,551,長片,3C開箱評測,keyword,,,False,none,0.0,,False,True,頻道會員|團購平台|買房課程,439155,6896.0,434.0,22,https://www.youtube.com/watch?v=5CGYq22OrD0
x5_jysnrLUc,實際試用後的選購指南！iPhone 16 Pro全系列分析！你要怎麼買？【Joeman】,2024-09-10 21:30:37,2024-09-10,2024,21,1446,長片,3C開箱評測,keyword,,,True,keyword,18.0,專屬導購代碼|專屬導購連結|推薦或聯盟行銷連結|折扣導購用語|購買行動用語|行銷活動用語|品牌官方導流|活動檔期用語|新品發表用語,False,True,頻道會員|團購平台|買房課程,709067,8476.0,815.0,22,https://www.youtube.com/watch?v=x5_jysnrLUc
z9cUO1bsbKk,飛到美國蘋果發表會搶先試用！ iPhone 16全系列心得！Airpods 4、Airpods Max能不能買？【Joeman】,2024-09-10 14:30:30,2024-09-10,2024,14,715,長片,3C開箱評測,keyword,,,False,none,0.0,,False,True,頻道會員|團購平台|買房課程,563640,7936.0,1064.0,22,https://www.youtube.com/watch?v=z9cUO1bsbKk
GdqaTFzJlx0,一開始看發表會覺得AirPods Max只改顏色跟TypeC很敷衍，但實際看到新顏色後又不爭氣的覺得好美⋯蘋果調色真的世界一流！,2024-09-10 07:45:07,2024-09-10,2024,7,41,Shorts,3C開箱評測,keyword,,,False,none,0.0,,False,False,,151815,3263.0,148.0,22,https://www.youtube.com/watch?v=GdqaTFzJlx0
lZkbnDSu9l0,第一時間拿到iPhone 16 Pro Max啦！沙漠色鈦金屬肉眼看很典雅舒服，很美！記得關注我的IG跟YT，這幾天會不斷發iPhone資訊！,2024-09-10 05:34:55,2024-09-10,2024,5,53,Shorts,3C開箱評測,keyword,,,False,none,0.0,,False,False,,432572,8774.0,458.0,22,https://www.youtube.com/watch?v=lZkbnDSu9l0
fVbsra-vyk0,iPhone 16數字系列全顏色搶先看！你喜歡哪個顏色？#湖水綠 #湛海藍,2024-09-10 05:33:04,2024-09-10,2024,5,53,Shorts,3C開箱評測,keyword,,,False,none,0.0,,False,False,,343382,5784.0,200.0,22,https://www.youtube.com/watch?v=fVbsra-vyk0
u-9NcjZU5hE,6880元的奢華烤鴨對決470元的平價烤鴨！金馥記脆皮烤鴨、美福大飯店 潮粤坊《Joe是要對決S2》Ep229 ft.俐蓁【Joeman】,2024-09-09 18:00:51,2024-09-09,2024,18,2594,長片,挑戰/企劃,title_series,Joe是要對決,,True,keyword,17.0,專屬導購連結|致謝贊助句型|影片合作聲明|直接提及贊助方|購買行動用語|行動呼籲句型|提及廠商,False,True,頻道會員|團購平台|買房課程,463220,4634.0,461.0,22,https://www.youtube.com/watch?v=u-9NcjZU5hE
erfR0r1g5cA,我又來蘋果發表會啦！這次除了iPhone16系列外還有什麼呢？詳細資訊請追蹤我的IG跟Youtube!,2024-09-09 13:08:57,2024-09-09,2024,13,56,Shorts,3C開箱評測,keyword,,,False,none,0.0,,False,False,,148500,3582.0,90.0,22,https://www.youtube.com/watch?v=erfR0r1g5cA
FHnP5_9_hMQ,直擊詐騙車手集團被抓！#存股詐騙 #投資詐騙,2024-09-07 13:53:27,2024-09-07,2024,13,54,Shorts,財經/投資,keyword,,,True,keyword,3.0,影片合作聲明,False,False,,660820,14126.0,687.0,22,https://www.youtube.com/watch?v=FHnP5_9_hMQ
alR4Vb-VGBg,在詐騙群組臥底180天！最後報警抓人！詐騙投資存股社團真相解析 - 第九人稱紀錄片 ft.吳淡如、老王、黃國昌、法律白話文,2024-09-07 12:00:01,2024-09-07,2024,12,1852,長片,人物/訪談,playlist,第九人稱,【第九人稱】,False,none,0.0,,False,True,頻道會員|團購平台|買房課程,2557695,49006.0,3886.0,22,https://www.youtube.com/watch?v=alR4Vb-VGBg
HbMVZBT5INU,一個月租金32萬台幣的紐約豪宅開箱！,2024-09-04 18:21:05,2024-09-04,2024,18,41,Shorts,看房/房產,keyword,,,False,none,0.0,,False,False,,65982,1152.0,18.0,22,https://www.youtube.com/watch?v=HbMVZBT5INU
pWqtBopHReA,套房一個月就要10萬？超貴的紐約租屋對決！月租32萬的奢華美景豪宅對決10萬的平價溫馨套房！《Joe是要對決S2》Ep228【Joeman】,2024-09-02 18:00:53,2024-09-02,2024,18,2673,長片,挑戰/企劃,title_series,Joe是要對決,,False,none,0.0,,False,True,頻道會員|團購平台|買房課程,335835,3271.0,287.0,22,https://www.youtube.com/watch?v=pWqtBopHReA
5DyuFsO775w,來拿紐約就是要吃貝果！#bestbagels  #libertybagels,2024-09-02 12:15:45,2024-09-02,2024,12,60,Shorts,未分類,none,,,False,none,0.0,,False,False,,31478,684.0,9.0,22,https://www.youtube.com/watch?v=5DyuFsO775w
iyv6FtLZ0JI,一戶2.5億！280坪有多爽？兩戶豪宅合併的快樂！《Joe是要看房》遠雄九五  ep.49【Joeman】,2024-08-31 12:00:27,2024-08-31,2024,12,1215,長片,看房/房產,playlist,Joe是要看房,《Joe是要看房》,True,keyword,2.0,購買行動用語,False,True,頻道會員|團購平台|買房課程,651158,6020.0,530.0,22,https://www.youtube.com/watch?v=iyv6FtLZ0JI
9mvgmTzccQQ,Dodo Men闖關新節目！過關就送iPhone！ft.艾熙《JOE是要闖關》【Joeman】,2024-08-30 18:00:09,2024-08-30,2024,18,1289,長片,挑戰/企劃,title_series,Joe是要闖關,,True,keyword,5.0,影片合作聲明|購買行動用語,False,True,頻道會員|團購平台|買房課程,211641,2165.0,177.0,22,https://www.youtube.com/watch?v=9mvgmTzccQQ
X6X33N3zAms,36歲生日企劃！看自己的新聞氣到笑出來！成名的代價【Joeman】網紅觀察室,2024-08-28 19:00:37,2024-08-28,2024,19,2163,長片,人物/訪談,playlist,網紅觀察室,Joeman網紅觀察室,False,none,0.0,,False,True,頻道會員|團購平台|買房課程,541133,8572.0,545.0,22,https://www.youtube.com/watch?v=X6X33N3zAms
PzuImXiRA8w,1888元的奢華披薩對決99元的平價披薩！不賴皮窯烤披薩、Solo Pizza 、CURA PIZZA、 Big Boyz Pizza 、比薩屋《Joe是要對決S2》Ep227 ft.Una,2024-08-26 18:00:32,2024-08-26,2024,18,2722,長片,挑戰/企劃,title_series,Joe是要對決,,True,keyword,17.0,專屬導購連結|致謝贊助句型|影片合作聲明|直接提及贊助方|購買行動用語|行動呼籲句型|提及廠商,False,True,頻道會員|團購平台|買房課程,403523,4758.0,426.0,22,https://www.youtube.com/watch?v=PzuImXiRA8w
daie87LyhR0,美國必吃漢堡Five guys！薯條也好吃😋,2024-08-23 16:44:27,2024-08-23,2024,16,40,Shorts,美食,keyword,,,False,none,0.0,,False,False,,54521,1051.0,30.0,22,https://www.youtube.com/watch?v=daie87LyhR0
SnyX8QWPjRk,號稱全美第一的牛排館Peter Luger！,2024-08-20 19:54:11,2024-08-20,2024,19,51,Shorts,美食,keyword,,,False,none,0.0,,False,False,,63620,1252.0,22.0,22,https://www.youtube.com/watch?v=SnyX8QWPjRk
pGDSkkgtTDs,32坪隔四房要如何省錢？老屋翻新不到50萬！《Joe是要看房》民生社區40年老公寓 ep.48【Joeman】,2024-08-20 18:00:50,2024-08-20,2024,18,1048,長片,看房/房產,playlist,Joe是要看房,《Joe是要看房》,True,keyword,2.0,購買行動用語,False,True,頻道會員|團購平台|買房課程,618827,6581.0,564.0,22,https://www.youtube.com/watch?v=pGDSkkgtTDs
FzwY6CVdVzY,11家紐約美食名店集錦！從50元的平價披薩一路吃到6000元的奢華牛排！漢堡、Pizza、熱狗、貝果、清真烤肉飯、煙燻牛肉三明治《Joe是要對決S2》Ep226【Joeman】,2024-08-19 18:00:14,2024-08-19,2024,18,2868,長片,挑戰/企劃,title_series,Joe是要對決,,True,keyword,12.0,專屬導購代碼|專屬導購連結|致謝贊助句型|折扣導購用語|品牌官方導流,False,True,頻道會員|團購平台|買房課程,834385,8733.0,601.0,22,https://www.youtube.com/watch?v=FzwY6CVdVzY
Ll87-kf8B7s,一樣房價你會選紐約還是台北？樓高150米！絕美天際線！一次開箱兩套破億曼哈頓豪宅！Rose Hill《Joe是要看房美國篇》ep.10,2024-08-16 19:00:30,2024-08-16,2024,19,1791,長片,看房/房產,playlist,Joe是要看房,Joe是要看房-美國篇,True,keyword,2.0,服務導流,False,True,頻道會員|團購平台|買房課程,367747,4190.0,411.0,22,https://www.youtube.com/watch?v=Ll87-kf8B7s
n21NBJl6U3M,白色半甲介紹智能床！能夠電動變形的床真的超讚🥹 #床的世界,2024-08-14 13:20:53,2024-08-14,2024,13,60,Shorts,未分類,none,,,False,none,0.0,,False,True,頻道會員|團購平台|買房課程,257279,790.0,20.0,22,https://www.youtube.com/watch?v=n21NBJl6U3M
9Gnby1PhpUI,16800元的奢華牛排對決390元的平價牛排！我家牛排、ROBIN'S 牛排屋 《Joe是要對決S2》Ep225 ft.徐海莉【Joeman】,2024-08-12 18:00:08,2024-08-12,2024,18,3268,長片,挑戰/企劃,title_series,Joe是要對決,,True,keyword,17.0,專屬導購連結|致謝贊助句型|影片合作聲明|直接提及贊助方|購買行動用語|行動呼籲句型|提及廠商,False,True,頻道會員|團購平台|買房課程,1196709,12430.0,797.0,22,https://www.youtube.com/watch?v=9Gnby1PhpUI
oXsjyB2Rmew,準備了一年，只為了⋯ #河北彩花 #河北彩伽,2024-08-09 12:03:00,2024-08-09,2024,12,22,Shorts,未分類,none,,,False,none,0.0,,False,False,,96111,2251.0,56.0,22,https://www.youtube.com/watch?v=oXsjyB2Rmew
EoXkGTi2MZU,公園對決！台股睡大安森林公園，美股睡紐約中央公園，請大家自行卡位⋯,2024-08-05 18:26:00,2024-08-05,2024,18,36,Shorts,挑戰/企劃,keyword,,,False,none,0.0,,False,False,,192915,4376.0,151.0,22,https://www.youtube.com/watch?v=EoXkGTi2MZU
O6oDJRDBD2Q,台股、美股大崩跌！今晚住哪個公園？大安森林公園對決紐約中央公園！《Joe是要對決S2》Ep224【Joeman】,2024-08-05 18:00:32,2024-08-05,2024,18,2373,長片,挑戰/企劃,title_series,Joe是要對決,,False,none,0.0,,False,True,頻道會員|團購平台|買房課程,475167,8557.0,1008.0,22,https://www.youtube.com/watch?v=O6oDJRDBD2Q
LBld2lQXzCg,《靈能的挑戰》前導預告！全台第一檔靈能選秀節目！今年9月正式開播！,2024-08-04 19:00:26,2024-08-04,2024,19,109,長片,挑戰/企劃,playlist,靈能的挑戰,靈能的挑戰,False,none,0.0,,False,True,頻道會員|團購平台|買房課程,621518,8162.0,1000.0,22,https://www.youtube.com/watch?v=LBld2lQXzCg
JaR0cHmtKsc,Youtuber做節目還有未來嗎？我學到的教訓、挫折與檢討！網紅觀察室【Joeman】,2024-08-04 18:00:15,2024-08-04,2024,18,1997,長片,人物/訪談,playlist,網紅觀察室,Joeman網紅觀察室,False,none,0.0,,False,True,頻道會員|團購平台|買房課程,480981,11093.0,1846.0,22,https://www.youtube.com/watch?v=JaR0cHmtKsc
pvvY3g3RsDs,全世界最大間的鼎泰豐！裝潢超美但價格是台灣的三倍？小籠包要600塊！美國紐約鼎泰豐開箱！【Joeman】,2024-08-03 18:00:48,2024-08-03,2024,18,849,長片,3C開箱評測,keyword,,,True,keyword,9.0,專屬導購連結|團購檔期用語|購買行動用語|新品發表用語,False,True,頻道會員|團購平台|買房課程,729642,9215.0,450.0,22,https://www.youtube.com/watch?v=pvvY3g3RsDs
oWfQQL8jUKg,開著特斯拉最新版全自動駕駛，在號稱交通地獄的紐約是怎樣的體驗？基本上90%的路況真的都能自動開了⋯,2024-08-03 12:29:39,2024-08-03,2024,12,55,Shorts,汽車,keyword,,,False,none,0.0,,False,False,,208182,3772.0,63.0,22,https://www.youtube.com/watch?v=oWfQQL8jUKg
DbTHWGW5zb4,一帶二，去程托運三個行李箱，回程就可以買爆！LOJEL新色現正團購中，只到8/8！連結請至我的IG主頁,2024-08-02 13:00:27,2024-08-02,2024,13,56,Shorts,未分類,none,,,True,keyword,6.0,團購檔期用語|社群導流指引,False,False,,331976,3258.0,61.0,22,https://www.youtube.com/watch?v=DbTHWGW5zb4
qstdz2GV4SI,【紀錄片】Joeman大麻風暴！名譽掃地、心態崩潰、損失千萬！我被捕後的第二人生 - 第九人稱,2024-07-31 18:00:56,2024-07-31,2024,18,1917,長片,人物/訪談,playlist,第九人稱,【第九人稱】,False,override,,,False,False,,1858628,49846.0,6405.0,22,https://www.youtube.com/watch?v=qstdz2GV4SI
mbOGi1W_kgg,全世界最高住宅！超過20億台幣的頂奢豪宅！住在120樓的人生是什麼體驗？Central Park Tower,2024-07-30 18:18:49,2024-07-30,2024,18,54,Shorts,看房/房產,keyword,,,False,none,0.0,,False,False,,219598,,137.0,22,https://www.youtube.com/watch?v=mbOGi1W_kgg
fQWQd-rBcsA,全世界最高住宅！超過20億的頂奢豪宅！住在120樓的人生是什麼體驗？Central Park Tower《Joe是要看房美國篇》ep.9,2024-07-30 18:00:41,2024-07-30,2024,18,1433,長片,看房/房產,playlist,Joe是要看房,Joe是要看房-美國篇,True,keyword,2.0,服務導流,False,True,頻道會員|團購平台|買房課程,2304472,28449.0,1913.0,22,https://www.youtube.com/watch?v=fQWQd-rBcsA
nB6BGAcPnbw,重溫學生時代的浪漫！一整天只能花3000元的平價約會！《Joe是要對決S2》Ep223 ft.蛇丸、來福、艾融【Joeman】,2024-07-29 18:00:46,2024-07-29,2024,18,3162,長片,挑戰/企劃,playlist,Joe是要對決,【Joe是要對決】第二季,True,keyword,17.0,專屬導購連結|致謝贊助句型|影片合作聲明|直接提及贊助方|購買行動用語|行動呼籲句型|提及廠商,False,True,頻道會員|團購平台|買房課程,785194,9829.0,1214.0,22,https://www.youtube.com/watch?v=nB6BGAcPnbw
S2USz2A4LtA,這熱量比三隻蛋捲冰淇淋還多？#麥當勞珍珠奶茶冰炫風,2024-07-29 00:38:18,2024-07-29,2024,0,42,Shorts,美食,keyword,,,False,none,0.0,,False,False,,222807,3694.0,159.0,22,https://www.youtube.com/watch?v=S2USz2A4LtA
wmKLyPkDsv4,麥當勞珍珠奶茶冰炫風試吃！珍珠跟茶味都很讚！但第三口開始有點甜，建議兩人共食即可,2024-07-28 20:32:03,2024-07-28,2024,20,43,Shorts,美食,keyword,,,False,none,0.0,,False,False,,87091,1777.0,49.0,22,https://www.youtube.com/watch?v=wmKLyPkDsv4
vz1kMzPS-XM,特斯拉AI自動駕駛有多神？在紐約全程不扶方向盤...結果直接闖紅燈！Tesla FSD V12體驗【Joeman】,2024-07-28 15:00:26,2024-07-28,2024,15,1022,長片,汽車,keyword,,,True,keyword,17.0,專屬導購連結|推薦或聯盟行銷連結|專屬導購指引|團購檔期用語|折扣導購用語|購買行動用語|新品發表用語,False,True,頻道會員|團購平台|買房課程,389354,4977.0,317.0,22,https://www.youtube.com/watch?v=vz1kMzPS-XM
883YQQwcW_Q,在紐約遇到黑心計程車！說好跳表結果是10倍費率！第一次在美國報警！【Joeman】,2024-07-25 12:00:04,2024-07-25,2024,12,906,長片,未分類,none,,,True,keyword,9.0,專屬導購連結|團購檔期用語|購買行動用語|新品發表用語,False,True,頻道會員|團購平台|買房課程,619486,11438.0,1004.0,22,https://www.youtube.com/watch?v=883YQQwcW_Q
25KZV0SeQxg,被特斯拉邀去美國有多爽？又操又好玩的美國出差Vlog！【Joeman】,2024-07-24 18:00:02,2024-07-24,2024,18,1642,長片,汽車,keyword,,,True,keyword,8.0,推薦或聯盟行銷連結|專屬導購指引|折扣導購用語,False,True,頻道會員|團購平台|買房課程,662723,9637.0,437.0,22,https://www.youtube.com/watch?v=25KZV0SeQxg
0Y2awkmOqD8,(蛇丸已脫單，本影片是之前拍的) 一次花光30000元的奢華約會對決3000元的平價約會！有人即將失去魔法？！《Joe是要對決S2》Ep222 ft.蛇丸、來福、艾融、阿滴【Joeman】,2024-07-22 18:00:01,2024-07-22,2024,18,3231,長片,挑戰/企劃,title_series,Joe是要對決,,False,none,0.0,,False,True,頻道會員|團購平台|買房課程,1464279,25258.0,3294.0,22,https://www.youtube.com/watch?v=0Y2awkmOqD8
xyFHO7rnj4s,9999元的奢華法式料理對決780元的平價法式料理！FRiTTA、Podium 《Joe是要對決S2》Ep221 ft.阿辰師【Joeman】,2024-07-15 18:00:56,2024-07-15,2024,18,4080,長片,挑戰/企劃,title_series,Joe是要對決,,False,none,0.0,,False,True,頻道會員|團購平台|買房課程,1203401,14834.0,1182.0,22,https://www.youtube.com/watch?v=xyFHO7rnj4s
uE3ZOtQ-d6s,8隻熱門手機大PK！安卓旗艦要買哪隻？S24 Ultra、ROG Phone 8、Xperia VI、小米14Ultra、zenfone 11、Pixel 8a、POCO F6 PRO【Joeman】,2024-07-13 18:00:58,2024-07-13,2024,18,1580,長片,3C開箱評測,playlist,Joeman開箱去,【Joeman開箱去】,False,none,0.0,,False,True,頻道會員|團購平台|買房課程,493725,5293.0,705.0,22,https://www.youtube.com/watch?v=uE3ZOtQ-d6s
3qay5E8rWmk,一盒510元的奢華蛋塔對決60元的平價蛋塔！老成香、東方樓、肯德基 KFC、巢屋、Supranormal Bakery Café、曾家豆漿《Joe是要對決S2》Ep220 ft. 林可【Joeman】,2024-07-08 18:00:06,2024-07-08,2024,18,2120,長片,挑戰/企劃,title_series,Joe是要對決,,True,keyword,17.0,專屬導購連結|致謝贊助句型|影片合作聲明|直接提及贊助方|購買行動用語|行動呼籲句型|提及廠商,False,True,頻道會員|團購平台|買房課程,352496,3849.0,288.0,22,https://www.youtube.com/watch?v=3qay5E8rWmk
ZWhRHgfbUNA,自由女神下出現奇怪男子⋯,2024-07-05 20:20:40,2024-07-05,2024,20,14,Shorts,未分類,none,,,False,none,0.0,,False,False,,49814,946.0,41.0,22,https://www.youtube.com/watch?v=ZWhRHgfbUNA
caxs_KhG8Sw,長榮航空最高級別貴賓室開箱！現點現做牛肉麵+鼎泰豐！還有哈根達茲雪糕！The Garden,2024-07-05 00:12:12,2024-07-05,2024,0,50,Shorts,旅遊/航空,title_series,飛機餐與貴賓室,,False,none,0.0,,False,False,,499957,9231.0,86.0,22,https://www.youtube.com/watch?v=caxs_KhG8Sw
kq86XPHhwjw,超好吃的藍海饌牛肉麵料理包開箱！限時團購只到7/10，連結請至我的IG主頁,2024-07-03 02:30:25,2024-07-03,2024,2,38,Shorts,美食,keyword,,,True,keyword,3.0,社群導流指引,False,False,,38245,684.0,18.0,22,https://www.youtube.com/watch?v=kq86XPHhwjw
fEsFvxj-0To,9339元的奢華泰式對決100元的平價泰式！銀魚泰國料理、SUKHOTHAI 《Joe是要對決S2》Ep219 ft. 小葵【Joeman】,2024-07-01 18:00:39,2024-07-01,2024,18,3216,長片,挑戰/企劃,title_series,Joe是要對決,,True,keyword,2.0,購買行動用語,False,True,頻道會員|團購平台|買房課程,562311,5012.0,253.0,22,https://www.youtube.com/watch?v=fEsFvxj-0To
3UtbWLk8PBM,質感89,2024-06-28 00:05:56,2024-06-28,2024,0,11,Shorts,未分類,none,,,False,none,0.0,,False,False,,36018,1011.0,81.0,22,https://www.youtube.com/watch?v=3UtbWLk8PBM
zEexVqhdU2c,iPhone16系列模型機開箱！今年值得等嗎？,2024-06-27 00:19:29,2024-06-27,2024,0,51,Shorts,玩具/收藏,keyword,,,False,none,0.0,,False,False,,158121,2715.0,111.0,22,https://www.youtube.com/watch?v=zEexVqhdU2c
njOUQCIPMwI,iPhone 16 模型機外流開箱！這代值得等嗎？螢幕加大？AI按鈕？【Joeman】,2024-06-26 22:00:41,2024-06-26,2024,22,705,長片,玩具/收藏,keyword,,,False,none,0.0,,False,True,頻道會員|團購平台|買房課程,430343,5085.0,462.0,22,https://www.youtube.com/watch?v=njOUQCIPMwI
A6u3mYWbRRU,"MAGEASY Power Station Qi2 15W 無線充電座，火熱募資中！Qi2 15W 磁吸快充，一台無線充電座可一次充 4 台裝置！現在大瓦數超早鳥募資價只要$2,999一台抵多台！",2024-06-25 13:08:51,2024-06-25,2024,13,56,Shorts,3C開箱評測,keyword,,,False,none,0.0,,False,False,,65485,749.0,27.0,22,https://www.youtube.com/watch?v=A6u3mYWbRRU
VdoV8cmMJ9g,一個月租金只要2900元的套房！還能申請租屋補助？,2024-06-24 18:38:56,2024-06-24,2024,18,59,Shorts,未分類,none,,,False,none,0.0,,False,False,,573299,13132.0,507.0,22,https://www.youtube.com/watch?v=VdoV8cmMJ9g
0U2jqhF3hT4,台中手搖店大PK！299元的奢華手搖飲料對決20元的平價手搖飲料！太空紅茶冰、炎伯紅茶冰、八曜和茶、紅濃紅、十盛、吃茶三千、n25《Joe是要對決S2》Ep218 ft. 魚乾【Joeman】,2024-06-24 18:00:01,2024-06-24,2024,18,2494,長片,挑戰/企劃,title_series,Joe是要對決,,True,keyword,17.0,專屬導購連結|致謝贊助句型|影片合作聲明|直接提及贊助方|購買行動用語|行動呼籲句型|提及廠商,False,True,頻道會員|團購平台|買房課程,872167,8930.0,815.0,22,https://www.youtube.com/watch?v=0U2jqhF3hT4
hYLd6Ru-Ckc,售價5.8億的海景透天！走路50公尺就有海，客廳打開來就可以聽海聲，裝潢超美！,2024-06-23 12:53:43,2024-06-23,2024,12,46,Shorts,未分類,none,,,False,none,0.0,,False,False,,108210,2517.0,72.0,22,https://www.youtube.com/watch?v=hYLd6Ru-Ckc
0SLlNn3kQDo,八九妹看車，別人有的配備我也要有！,2024-06-22 12:28:07,2024-06-22,2024,12,43,Shorts,未分類,none,,,False,none,0.0,,False,False,,182830,4146.0,131.0,22,https://www.youtube.com/watch?v=0SLlNn3kQDo
14dUcGOm_2I,（未被野火燒毀）總價破5億的加州海景豪宅開箱！一坪500萬、景色絕美！Malibu透天豪宅《Joe是要看房美國篇》ep.8,2024-06-20 18:00:01,2024-06-20,2024,18,1054,長片,看房/房產,playlist,Joe是要看房,Joe是要看房-美國篇,False,none,0.0,,False,True,頻道會員|團購平台|買房課程,433274,6400.0,435.0,22,https://www.youtube.com/watch?v=14dUcGOm_2I
mOHDjUJ6bgI,全新節目雷射迷宮！通過直接送 iPhone！ft.晨灰、啾啾、筠熹、蘋蘋澎澎、Jason、阿潔《JOE是要闖關》ep.1【Joeman】波拉西亞戰記,2024-06-19 21:09:59,2024-06-19,2024,21,1482,長片,挑戰/企劃,title_series,Joe是要闖關,,True,keyword,5.0,致謝贊助句型|行動呼籲句型,False,True,頻道會員|團購平台|買房課程,334265,3356.0,357.0,22,https://www.youtube.com/watch?v=mOHDjUJ6bgI
79MX2ehOS1k,宅男小九遇到喜歡的啦啦隊成員俐蓁！,2024-06-18 23:49:57,2024-06-18,2024,23,48,Shorts,未分類,none,,,False,none,0.0,,False,False,,147408,3083.0,85.0,22,https://www.youtube.com/watch?v=79MX2ehOS1k
yass3_pOl9g,AI是否會取代Youtuber？聊一下目前AI對影片創作者的改變【Joeman】網紅觀察室,2024-06-18 18:00:55,2024-06-18,2024,18,840,長片,人物/訪談,title_series,網紅觀察室,,True,keyword,3.0,產品導流連結,False,True,頻道會員|團購平台|買房課程,280968,2409.0,144.0,22,https://www.youtube.com/watch?v=yass3_pOl9g
uGxmzqkYCeo,一個月2900元的的超平價租屋！《Joe是要對決S2》Ep217 ft. 安娜【Joeman】,2024-06-17 18:00:53,2024-06-17,2024,18,930,長片,挑戰/企劃,title_series,Joe是要對決,,True,keyword,17.0,專屬導購連結|致謝贊助句型|影片合作聲明|直接提及贊助方|購買行動用語|行動呼籲句型|提及廠商,False,True,頻道會員|團購平台|買房課程,396989,4668.0,411.0,22,https://www.youtube.com/watch?v=uGxmzqkYCeo
pZQlNFu8un0,懶人救星！自從買了它我都不用自己擦窗戶了！窗之魔手智能洗窗機Pro,2024-06-15 19:34:44,2024-06-15,2024,19,59,Shorts,未分類,none,,,False,none,0.0,,False,False,,116882,1408.0,32.0,22,https://www.youtube.com/watch?v=pZQlNFu8un0
WahgYnpR614,一個月5800就可以住台北市區？還有101夜景可以看！,2024-06-15 00:47:59,2024-06-15,2024,0,42,Shorts,未分類,none,,,False,none,0.0,,False,False,,170069,2718.0,57.0,22,https://www.youtube.com/watch?v=WahgYnpR614
i0tNXtqSoeM,台北大直第一豪宅！西華富邦2億毛胚精裝後開箱！《Joe是要看房》ep.47【Joeman】,2024-06-14 18:00:51,2024-06-14,2024,18,1586,長片,看房/房產,playlist,Joe是要看房,《Joe是要看房》,True,keyword,10.0,致謝贊助句型|影片合作聲明|直接提及贊助方|提及廠商,False,True,頻道會員|團購平台|買房課程,695282,5852.0,328.0,22,https://www.youtube.com/watch?v=i0tNXtqSoeM
m6DqioHCEoY,一個月93000還會有人幫忙打掃的套房住起來是什麼體驗？,2024-06-13 18:06:17,2024-06-13,2024,18,49,Shorts,挑戰/企劃,keyword,,,False,none,0.0,,False,False,,1396389,23085.0,645.0,22,https://www.youtube.com/watch?v=m6DqioHCEoY
OehNZcia7dQ,預算1萬～4萬元的石頭掃地機器人要怎麼挑？一次比四台！Qrevo Master、Qrevo S、S8 MaxV Ultra開箱【Joeman】,2024-06-12 18:00:30,2024-06-12,2024,18,675,長片,3C開箱評測,keyword,,,True,keyword,11.0,專屬導購連結|電商賣場連結|折扣導購用語|購買行動用語|新品發表用語,False,True,頻道會員|團購平台|買房課程,311958,1380.0,91.0,22,https://www.youtube.com/watch?v=OehNZcia7dQ
h4Nl5kI75Z8,來看一下我的R1 Mega都裝了啥？,2024-06-12 15:42:42,2024-06-12,2024,15,60,Shorts,未分類,none,,,False,none,0.0,,False,False,,57930,763.0,32.0,22,https://www.youtube.com/watch?v=h4Nl5kI75Z8
Y0yCo9m5WMs,冰淇淋一口吞挑戰！蔡醫師14,2024-06-11 17:46:05,2024-06-11,2024,17,12,Shorts,挑戰/企劃,keyword,,,False,none,0.0,,False,False,,73887,1633.0,52.0,22,https://www.youtube.com/watch?v=Y0yCo9m5WMs
w3KCWcbuhHc,在日本遇到阿伯一起跳糖葫蘆⋯,2024-06-11 07:14:48,2024-06-11,2024,7,12,Shorts,未分類,none,,,False,none,0.0,,False,False,,165443,2937.0,41.0,22,https://www.youtube.com/watch?v=w3KCWcbuhHc
HBwSNLDLMgE,93000元的奢華租屋對決5800元的平價租屋！《Joe是要對決S2》Ep216 ft. 安娜【Joeman】,2024-06-10 18:00:18,2024-06-10,2024,18,2422,長片,挑戰/企劃,title_series,Joe是要對決,,True,keyword,17.0,專屬導購連結|致謝贊助句型|影片合作聲明|直接提及贊助方|購買行動用語|行動呼籲句型|提及廠商,False,True,頻道會員|團購平台|買房課程,1007430,8747.0,880.0,22,https://www.youtube.com/watch?v=HBwSNLDLMgE
wqR40qDR5Yg,如何把300萬的車開出1000萬的感覺？,2024-06-07 23:00:46,2024-06-07,2024,23,56,Shorts,未分類,none,,,False,none,0.0,,False,False,,493353,9744.0,177.0,22,https://www.youtube.com/watch?v=wqR40qDR5Yg
QnaEN86Yeqw,在學長畢業前勇敢說出真心話！學長會接受嗎？,2024-06-06 23:25:46,2024-06-06,2024,23,10,Shorts,未分類,none,,,False,none,0.0,,False,False,,90181,1728.0,44.0,22,https://www.youtube.com/watch?v=QnaEN86Yeqw
2b5kQWoOD44,請學妹吃糖葫蘆,2024-06-05 21:06:48,2024-06-05,2024,21,28,Shorts,未分類,none,,,False,none,0.0,,False,False,,391726,8966.0,252.0,22,https://www.youtube.com/watch?v=2b5kQWoOD44
_muIpWZR004,一顆16800元的粽子吃起來是什麼體驗？,2024-06-05 18:16:17,2024-06-05,2024,18,42,Shorts,挑戰/企劃,keyword,,,False,none,0.0,,False,False,,59460,1318.0,61.0,22,https://www.youtube.com/watch?v=_muIpWZR004
HQZ9u7Rzw38,超能裝的外出神包開箱！前陣子美國出差都靠它～,2024-06-04 18:38:45,2024-06-04,2024,18,56,Shorts,3C開箱評測,keyword,,,False,none,0.0,,False,False,,46602,740.0,27.0,22,https://www.youtube.com/watch?v=HQZ9u7Rzw38
ePdgi7qhgHw,豪宅的牆面竟然直接用畫的來模仿石材紋路！根本看不出來⋯,2024-06-03 18:13:46,2024-06-03,2024,18,55,Shorts,看房/房產,keyword,,,False,none,0.0,,False,False,,113808,2403.0,64.0,22,https://www.youtube.com/watch?v=ePdgi7qhgHw
a62k_b-nzVc,16800元的奢華粽子對決45元的平價粽子！葉記小吃、 再發號、億長御坊、紅豆食府、福華飯店吉利八寶裹蒸粽、晶華酒店龍蝦乾鮑海味粽瓷禮盒《Joe是要對決S2》Ep215 ft. 艾嘉【Joeman】,2024-06-03 18:00:01,2024-06-03,2024,18,2206,長片,挑戰/企劃,title_series,Joe是要對決,,False,none,0.0,,False,True,頻道會員|團購平台|買房課程,415287,5111.0,460.0,22,https://www.youtube.com/watch?v=a62k_b-nzVc
ujs-zSoiHkQ,八九妹又來了！說要現金買車！結果⋯,2024-05-31 17:28:25,2024-05-31,2024,17,47,Shorts,未分類,none,,,False,none,0.0,,False,False,,1729065,28742.0,463.0,22,https://www.youtube.com/watch?v=ujs-zSoiHkQ
H-TeyADKU8Y,超荒謬企劃 ！模仿韓星給李多慧看是什麼體驗？ft.琳妲、酷炫【Joeman】淚之女王金秀賢超不像仿妝,2024-05-30 18:00:15,2024-05-30,2024,18,546,長片,挑戰/企劃,keyword,,,False,none,0.0,,False,True,頻道會員|團購平台|買房課程,146783,2730.0,418.0,22,https://www.youtube.com/watch?v=H-TeyADKU8Y
aDMy8zpvoY8,真正的走路有風！充電3.5小時就可以用24小時的超美無線電風扇！#koizumi #無線電風扇,2024-05-30 11:46:16,2024-05-30,2024,11,37,Shorts,挑戰/企劃,keyword,,,False,none,0.0,,False,False,,36892,698.0,27.0,22,https://www.youtube.com/watch?v=aDMy8zpvoY8
qhtofQ5eDRw,我做了哪些整形？有曖昧對象？這7年來我的人生改變！【Joeman】,2024-05-28 18:00:47,2024-05-28,2024,18,1372,長片,未分類,none,,,False,none,0.0,,False,True,頻道會員|團購平台|買房課程,1281283,19952.0,1256.0,22,https://www.youtube.com/watch?v=qhtofQ5eDRw
oUqCSnV7flc,3300元的奢華甜點對決499元的平價甜點！Uncle Tetsu's徹思叔叔、akeruE Dessert《Joe是要對決S2》Ep214 ft. 陳芷妧【Joeman】,2024-05-27 18:00:38,2024-05-27,2024,18,2905,長片,挑戰/企劃,title_series,Joe是要對決,,True,keyword,17.0,專屬導購連結|致謝贊助句型|影片合作聲明|直接提及贊助方|購買行動用語|行動呼籲句型|提及廠商,False,True,頻道會員|團購平台|買房課程,383999,4888.0,466.0,22,https://www.youtube.com/watch?v=oUqCSnV7flc
2iYGeMfipkE,切開7萬的NIKE鞋王看真假！跟假鞋居然一模一樣？！ft.王思佳、小馬、大隻《Joe是要切開》ep.2【Joeman】,2024-05-24 18:00:02,2024-05-24,2024,18,1179,長片,挑戰/企劃,title_series,Joe是要切開,,True,keyword,12.0,專屬導購代碼|專屬導購連結|致謝贊助句型|折扣導購用語|品牌官方導流,False,True,頻道會員|團購平台|買房課程,279074,4127.0,387.0,22,https://www.youtube.com/watch?v=2iYGeMfipkE
nnWczCTZp18,減肥20公斤後重回一樣的景點拍照！,2024-05-23 18:29:49,2024-05-23,2024,18,21,Shorts,未分類,none,,,False,none,0.0,,False,False,,169590,3375.0,146.0,22,https://www.youtube.com/watch?v=nnWczCTZp18
Vss3c-6lyYg,超夢幻聯動！第一次拍跳舞Cover是怎樣的體驗？ft.阿滴、志祺【Joeman】晚安大小姐 잘자요 아가씨,2024-05-22 21:45:01,2024-05-22,2024,21,774,長片,挑戰/企劃,keyword,,,False,none,0.0,,False,True,頻道會員|團購平台|買房課程,309492,6727.0,290.0,22,https://www.youtube.com/watch?v=Vss3c-6lyYg
R5E-YojM1KM,真正的走路有風！充電3.5小時就可以用24小時的超美無線電風扇！#koizumi #無線電風扇,2024-05-20 23:38:35,2024-05-20,2024,23,48,Shorts,挑戰/企劃,keyword,,,False,none,0.0,,False,False,,95602,1686.0,98.0,22,https://www.youtube.com/watch?v=R5E-YojM1KM
ULIPBPa4SfU,1600元的奢華釣蝦對決720元的平價釣蝦！蝦金多釣蝦場、淘氣釣蝦埸《Joe是要對決S2》Ep213 ft. 沐雨柔【Joeman】,2024-05-20 18:00:22,2024-05-20,2024,18,2650,長片,挑戰/企劃,title_series,Joe是要對決,,True,keyword,3.0,影片合作聲明,False,True,頻道會員|團購平台|買房課程,929759,7071.0,472.0,22,https://www.youtube.com/watch?v=ULIPBPa4SfU
lJZMUQp8EKo,晚安大小姐 Cover By阿滴、Joeman、志祺 잘자요 아가씨 @rayduenglish @shasha77,2024-05-17 21:25:35,2024-05-17,2024,21,117,長片,未分類,none,,,False,none,0.0,,False,True,頻道會員|團購平台|買房課程,1384905,33286.0,2609.0,22,https://www.youtube.com/watch?v=lJZMUQp8EKo
UkZdyUHXS8Y,跟李多慧一起跳大小姐晚安！,2024-05-17 18:40:51,2024-05-17,2024,18,41,Shorts,未分類,none,,,False,none,0.0,,False,False,,1616687,41983.0,544.0,22,https://www.youtube.com/watch?v=UkZdyUHXS8Y
JkU7PuYnZVU,我這智商當年到底是怎麼考上大學的🤣,2024-05-13 18:09:38,2024-05-13,2024,18,23,Shorts,未分類,none,,,False,none,0.0,,False,False,,318444,7529.0,137.0,22,https://www.youtube.com/watch?v=JkU7PuYnZVU
DcnY-kBiqEw,4980元的奢華蛋包飯對決80元的平價蛋包飯！九如義大利麵蛋包飯、陸角蛋包飯、NAGOYA ナゴヤ、輪輪1976 和食茶酒駅、燒鳩居酒屋《Joe是要對決S2》Ep212 ft.Mana【Joeman】,2024-05-13 18:00:16,2024-05-13,2024,18,2425,長片,挑戰/企劃,title_series,Joe是要對決,,True,keyword,17.0,專屬導購連結|致謝贊助句型|影片合作聲明|直接提及贊助方|購買行動用語|行動呼籲句型|提及廠商,False,True,頻道會員|團購平台|買房課程,340972,4738.0,391.0,22,https://www.youtube.com/watch?v=DcnY-kBiqEw
rdTKvRgovCw,你有多久沒送最愛自己的女人一束花？,2024-05-12 18:07:38,2024-05-12,2024,18,52,Shorts,未分類,none,,,False,none,0.0,,False,False,,50118,2208.0,71.0,22,https://www.youtube.com/watch?v=rdTKvRgovCw
oa9KAysIIVk,當你遇到不能貸款的客人⋯,2024-05-11 18:15:37,2024-05-11,2024,18,37,Shorts,未分類,none,,,False,none,0.0,,False,False,,694557,17070.0,508.0,22,https://www.youtube.com/watch?v=oa9KAysIIVk
oSvslpPUNYA,當你想買外匯BMW卻發現比預期還貴⋯,2024-05-09 18:00:59,2024-05-09,2024,18,33,Shorts,汽車,keyword,,,False,none,0.0,,False,False,,408676,7634.0,285.0,22,https://www.youtube.com/watch?v=oSvslpPUNYA
sReiGg5cTIs,Line的貼圖現在可以合併使用！組合起來超好笑！,2024-05-08 18:19:06,2024-05-08,2024,18,30,Shorts,未分類,none,,,False,none,0.0,,False,False,,192931,,60.0,22,https://www.youtube.com/watch?v=sReiGg5cTIs
Kr3QgmS6WgQ,在全世界最大的球星建築物裡看一場3800元的奢華電影！#sphere,2024-05-07 18:40:08,2024-05-07,2024,18,48,Shorts,未分類,none,,,False,none,0.0,,False,False,,335970,8938.0,168.0,22,https://www.youtube.com/watch?v=Kr3QgmS6WgQ
Rv_RJD1TC8A,開著千萬賓利橫跨沙漠有多爽！22790元的奢華租車對決2279元的平價Toyota租車！ 《Joe是要對決S2》Ep211 【Joeman】美國公路旅行,2024-05-06 18:00:26,2024-05-06,2024,18,2731,長片,挑戰/企劃,title_series,Joe是要對決,,True,keyword,14.0,專屬導購連結|電商賣場連結|折扣導購用語|購買行動用語|行動呼籲句型|品牌官方導流|新品發表用語,False,True,頻道會員|團購平台|買房課程,459602,5260.0,326.0,22,https://www.youtube.com/watch?v=Rv_RJD1TC8A
wnXFd-VhipI,真假NIKE對決！看不出來就直接切開！價差80倍潮鞋！ft.王思佳、小馬、大隻《Joe是要切開》ep.1【Joeman】,2024-05-03 18:00:59,2024-05-03,2024,18,1173,長片,挑戰/企劃,title_series,Joe是要切開,,True,keyword,5.0,專屬導購連結|折扣導購用語,False,True,頻道會員|團購平台|買房課程,518966,7498.0,882.0,22,https://www.youtube.com/watch?v=wnXFd-VhipI
3mHkh_YJus4,大家可以忍受在再不分嗎？,2024-05-03 12:40:58,2024-05-03,2024,12,41,Shorts,未分類,none,,,False,none,0.0,,False,False,,1041306,17168.0,310.0,22,https://www.youtube.com/watch?v=3mHkh_YJus4
2fhr0vgxI7A,人生第一次看NBA就上大螢幕！太爽啦！,2024-05-01 13:02:05,2024-05-01,2024,13,49,Shorts,3C開箱評測,keyword,,,False,none,0.0,,False,False,,342948,9699.0,113.0,22,https://www.youtube.com/watch?v=2fhr0vgxI7A
zEjw00Cp-FY,員工圓夢企劃！第一次看NBA就上大螢幕！花3萬在搖滾區值得嗎？【Joeman】,2024-05-01 13:00:27,2024-05-01,2024,13,1074,長片,3C開箱評測,keyword,,,False,none,0.0,,False,True,頻道會員|團購平台|買房課程,615848,10480.0,519.0,22,https://www.youtube.com/watch?v=zEjw00Cp-FY
W8Esmw3cTzI,超巨大熱狗堡挑戰！,2024-04-30 18:04:22,2024-04-30,2024,18,60,Shorts,挑戰/企劃,keyword,,,False,none,0.0,,False,False,,33214,619.0,15.0,22,https://www.youtube.com/watch?v=W8Esmw3cTzI
0g3ak12tr_0,6390元的奢華義大利麵對決90元的平價義大利麵！麵食主義KIRIN PASTA、金孫韓廚、PASTAIO 手工義大利麵、波波海鮮市集《Joe是要對決S2》Ep210 ft.Sarah【Joeman】,2024-04-29 18:00:00,2024-04-29,2024,18,2511,長片,挑戰/企劃,title_series,Joe是要對決,,False,none,0.0,,False,True,頻道會員|團購平台|買房課程,458528,5165.0,439.0,22,https://www.youtube.com/watch?v=0g3ak12tr_0
HtLvpLmdJb8,超巨大蛋糕挑戰竟意外湊合一對佳偶？,2024-04-28 14:08:24,2024-04-28,2024,14,59,Shorts,美食,keyword,,,False,none,0.0,,False,False,,39736,697.0,9.0,22,https://www.youtube.com/watch?v=HtLvpLmdJb8
ciJgagMfEuU,大家應該都會開自拍鏡頭當鏡子吧！？,2024-04-27 20:30:34,2024-04-27,2024,20,24,Shorts,3C開箱評測,keyword,,,False,none,0.0,,False,False,,50800,824.0,25.0,22,https://www.youtube.com/watch?v=ciJgagMfEuU
7Z4tqorJZGw,最強大胃王終局之戰！超大蛋糕＋超巨大熱狗  ft.蛇丸、阿達、丁丁、泡芙、艾嘉、小霖、傑克、艾里斯【Joeman】《JOE愛吃大胃王爭霸戰》,2024-04-26 18:00:06,2024-04-26,2024,18,1948,長片,美食,title_series,愛吃大胃王爭霸戰,,True,keyword,2.0,購買行動用語,False,True,頻道會員|團購平台|買房課程,767146,14167.0,1096.0,22,https://www.youtube.com/watch?v=7Z4tqorJZGw
cjVa2rZXQh0,跟小學生學自拍！,2024-04-26 17:49:28,2024-04-26,2024,17,30,Shorts,未分類,none,,,False,none,0.0,,False,False,,51252,1062.0,48.0,22,https://www.youtube.com/watch?v=cjVa2rZXQh0
SOqlEtJlk24,可以隔絕PM2.5的超讚紗窗！,2024-04-25 18:02:55,2024-04-25,2024,18,50,Shorts,未分類,none,,,False,none,0.0,,False,False,,45579,855.0,50.0,22,https://www.youtube.com/watch?v=SOqlEtJlk24
ev1T_dHNIDk,300萬內最速車!大改款Model 3 性能版全球首駕！ #model3performance,2024-04-24 08:08:16,2024-04-24,2024,8,54,Shorts,未分類,none,,,False,none,0.0,,False,False,,20557,381.0,21.0,22,https://www.youtube.com/watch?v=ev1T_dHNIDk
Tr6_QX8hLlM,台幣300萬內最速車！大改款Model 3性能版全球首駕！Tesla煥新版Performance 2024【Joeman】,2024-04-24 08:00:24,2024-04-24,2024,8,688,長片,汽車,keyword,,,False,none,1.0,品牌官方導流,False,True,頻道會員|團購平台|買房課程,231690,3323.0,310.0,22,https://www.youtube.com/watch?v=Tr6_QX8hLlM
c_mn-T7H90g,1980元的奢華炒飯對決55元的平價炒飯！東園街無名炒飯、世界美食總匯、水源食坊-不一樣炒飯、蘇杭點心店、心潮飯店《Joe是要對決S2》Ep209ft. 妲妲【Joeman】,2024-04-22 18:00:30,2024-04-22,2024,18,2435,長片,挑戰/企劃,title_series,Joe是要對決,,True,keyword,17.0,專屬導購連結|致謝贊助句型|影片合作聲明|直接提及贊助方|購買行動用語|行動呼籲句型|提及廠商,False,True,頻道會員|團購平台|買房課程,479588,5613.0,487.0,22,https://www.youtube.com/watch?v=c_mn-T7H90g
AA8IwxhSx84,大家現在玩網路遊戲會交網公網婆嗎？,2024-04-21 13:41:28,2024-04-21,2024,13,30,Shorts,遊戲實況,keyword,,,False,none,0.0,,False,False,,196168,3426.0,116.0,22,https://www.youtube.com/watch?v=AA8IwxhSx84
K0BMWahyyIA,台灣最強大胃王爭霸賽！ft.蛇丸、阿達、丁丁、泡芙、艾嘉、小霖、傑克、艾里斯【Joeman】《JOE愛吃大胃王爭霸戰》,2024-04-19 18:00:16,2024-04-19,2024,18,1560,長片,美食,title_series,愛吃大胃王爭霸戰,,True,keyword,4.0,折扣導購用語|購買行動用語,False,True,頻道會員|團購平台|買房課程,951046,18854.0,2066.0,22,https://www.youtube.com/watch?v=K0BMWahyyIA
AD6_QKearY8,頻道陷入瓶頸！如果對決停更我要怎麼辦？【Joeman】網紅觀察室,2024-04-18 18:00:07,2024-04-18,2024,18,1441,長片,人物/訪談,playlist,網紅觀察室,Joeman網紅觀察室,False,none,0.0,,False,True,頻道會員|團購平台|買房課程,332883,7971.0,1282.0,22,https://www.youtube.com/watch?v=AD6_QKearY8
mKmfXKQg-X8,吸引力法則跟賺錢真的有關嗎？,2024-04-17 15:39:35,2024-04-17,2024,15,44,Shorts,未分類,none,,,False,none,0.0,,False,False,,198073,4082.0,120.0,22,https://www.youtube.com/watch?v=mKmfXKQg-X8
YyhcrcokyDU,驚喜企劃！幫蛇丸升等一晚15萬的東京飯店！新宿高空200米絕美夜景ft.大蛇丸 【Joeman】,2024-04-16 18:00:33,2024-04-16,2024,18,949,長片,人物/訪談,keyword,,,True,keyword,2.0,購買行動用語,False,True,頻道會員|團購平台|買房課程,376996,7039.0,326.0,22,https://www.youtube.com/watch?v=YyhcrcokyDU
Ss84VWA5Ixs,正脊坐墊的辦公椅版本「優雅椅」來啦！如果是已經習慣坐正脊坐墊的千萬別錯過，以一般人體工學椅的角度來看價格也不貴！團購連結請至我的IG主頁～,2024-04-15 18:17:19,2024-04-15,2024,18,57,Shorts,未分類,none,,,True,keyword,6.0,品牌專屬團購連結|社群導流指引,False,False,,60705,688.0,29.0,22,https://www.youtube.com/watch?v=Ss84VWA5Ixs
ygJ1xUEF3zc,5346元的奢華素食對決130元的平價素食吃到飽！玉貴人蔬食、晶華酒店 Curious《Joe是要對決S2》Ep208 ft. JOJO【Joeman】,2024-04-15 18:00:49,2024-04-15,2024,18,2750,長片,挑戰/企劃,title_series,Joe是要對決,,True,keyword,8.0,專屬導購連結|推薦或聯盟行銷連結|購買行動用語,False,True,頻道會員|團購平台|買房課程,367816,4549.0,347.0,22,https://www.youtube.com/watch?v=ygJ1xUEF3zc
opx_gFtRloQ,在美國開Cybertruck是怎樣的體驗？,2024-04-13 18:14:42,2024-04-13,2024,18,45,Shorts,挑戰/企劃,keyword,,,False,none,0.0,,False,False,,234066,5011.0,78.0,22,https://www.youtube.com/watch?v=opx_gFtRloQ
ALIdXqcOrPM,傳說中的電動皮卡Cybertruck！,2024-04-12 18:11:11,2024-04-12,2024,18,37,Shorts,未分類,none,,,False,none,0.0,,False,False,,61666,1508.0,70.0,22,https://www.youtube.com/watch?v=ALIdXqcOrPM
5B1WHTu2B1I,開在路上超高調！電動皮卡Cybertruck試駕！【Joeman】Tesla特斯拉,2024-04-12 18:00:04,2024-04-12,2024,18,869,長片,汽車,keyword,,,True,keyword,8.0,推薦或聯盟行銷連結|專屬導購指引|折扣導購用語,False,True,頻道會員|團購平台|買房課程,688670,10598.0,737.0,22,https://www.youtube.com/watch?v=5B1WHTu2B1I
ftaYBwnXJsk,颱風天吃麥當勞！美國麥當勞的大薯比臉還大！這就是洋人的尺寸嗎？,2024-04-10 07:57:31,2024-04-10,2024,7,23,Shorts,未分類,none,,,False,none,0.0,,False,False,,247019,4884.0,178.0,22,https://www.youtube.com/watch?v=ftaYBwnXJsk
Rnfo9Rh_k3Q,650元的奢華漢堡排對決140元的平價漢堡排！台灣松屋、野毛食所、焱の挽肉、挽肉と米《Joe是要對決S2》Ep207 ft. Ken【Joeman】,2024-04-08 18:00:30,2024-04-08,2024,18,2615,長片,挑戰/企劃,title_series,Joe是要對決,,True,keyword,17.0,專屬導購連結|致謝贊助句型|影片合作聲明|直接提及贊助方|購買行動用語|行動呼籲句型|提及廠商,False,True,頻道會員|團購平台|買房課程,443209,7032.0,527.0,22,https://www.youtube.com/watch?v=Rnfo9Rh_k3Q
rioJ6TNFlYc,128坪8000萬！台中七期白派豪宅！新朗日匯《Joe是要看房》ep.45【Joeman】,2024-04-07 18:00:42,2024-04-07,2024,18,1274,長片,看房/房產,playlist,Joe是要看房,《Joe是要看房》,True,keyword,6.0,購買行動用語|通路鋪貨用語|品牌官方導流|新品發表用語,False,True,頻道會員|團購平台|買房課程,420690,3429.0,325.0,22,https://www.youtube.com/watch?v=rioJ6TNFlYc
X_1aonjNt_o,我平常都看那些Youtube頻道？,2024-04-04 13:11:54,2024-04-04,2024,13,57,Shorts,未分類,none,,,False,none,0.0,,False,False,,260469,5960.0,108.0,22,https://www.youtube.com/watch?v=X_1aonjNt_o
l24p4KDQNLE,清明節企劃！220元的平價潤餅對決50元的平價潤餅！ 正宗現做手工潤餅、吾旺再季、A-Bei 潤餅小棧、欣葉台菜巧味潤餅《Joe是要對決S2》Ep206 ft. 阿貝【Joeman】,2024-04-01 18:00:40,2024-04-01,2024,18,1663,長片,挑戰/企劃,title_series,Joe是要對決,,False,none,1.0,品牌官方導流,False,True,頻道會員|團購平台|買房課程,315553,4494.0,767.0,22,https://www.youtube.com/watch?v=l24p4KDQNLE
ST7tI7Mo7DY,比特幣破新高！比特幣一顆10萬美金有可能嗎？,2024-03-29 19:36:32,2024-03-29,2024,19,43,Shorts,財經/投資,keyword,,,True,keyword,3.0,專屬導購指引,False,False,,490575,8713.0,523.0,22,https://www.youtube.com/watch?v=ST7tI7Mo7DY
STQiBH4L7so,為了了解年輕觀眾，嘗試Threads脆，結果⋯,2024-03-28 21:33:57,2024-03-28,2024,21,50,Shorts,未分類,none,,,False,none,0.0,,False,False,,248318,5188.0,91.0,22,https://www.youtube.com/watch?v=STQiBH4L7so
D6Pssi_duF8,M3 Macbook Air開箱！2024文書Mac選購指南【Joeman】,2024-03-28 20:00:18,2024-03-28,2024,20,571,長片,3C開箱評測,playlist,Joeman開箱去,【Joeman開箱去】,True,keyword,2.0,購買行動用語,False,True,頻道會員|團購平台|買房課程,220219,2395.0,146.0,22,https://www.youtube.com/watch?v=D6Pssi_duF8
WR-RcLu7ZUM,2024 Model 3煥新版開箱！外觀大進化！【Joeman】,2024-03-27 20:45:02,2024-03-27,2024,20,409,長片,3C開箱評測,keyword,,,False,none,0.0,,False,True,頻道會員|團購平台|買房課程,134424,1788.0,194.0,22,https://www.youtube.com/watch?v=WR-RcLu7ZUM
paJbaOmENaI,2024全新Model 3煥新版開箱！,2024-03-27 16:43:07,2024-03-27,2024,16,51,Shorts,3C開箱評測,keyword,,,False,none,0.0,,False,False,,41889,725.0,28.0,22,https://www.youtube.com/watch?v=paJbaOmENaI
bfenetDJ02U,百萬Youtuber變有名後的煩惱,2024-03-26 13:18:40,2024-03-26,2024,13,50,Shorts,人物/訪談,keyword,,,False,none,0.0,,False,False,,1322212,22653.0,341.0,22,https://www.youtube.com/watch?v=bfenetDJ02U
l8x7VVhW1sE,3280元的奢華酸菜魚對決126元的平價酸菜魚！老鉄沒毛病酸菜魚、官小二酸菜魚、刁民酸菜魚、正大酸菜魚、富錦樹台菜香檳101旗艦店《Joe是要對決S2》Ep205 ft. 陳敬宣【Joeman】,2024-03-25 18:00:38,2024-03-25,2024,18,2602,長片,挑戰/企劃,title_series,Joe是要對決,,True,keyword,17.0,專屬導購連結|致謝贊助句型|影片合作聲明|直接提及贊助方|購買行動用語|行動呼籲句型|提及廠商,False,True,頻道會員|團購平台|買房課程,642961,6484.0,494.0,22,https://www.youtube.com/watch?v=l8x7VVhW1sE
igY8SrLE5P4,我最想拍的對決是什麼？,2024-03-25 11:55:19,2024-03-25,2024,11,42,Shorts,挑戰/企劃,keyword,,,False,none,0.0,,False,False,,246806,5303.0,126.0,22,https://www.youtube.com/watch?v=igY8SrLE5P4
xa14nwyYcO0,賺到100萬比賺到1000萬難？,2024-03-24 10:59:59,2024-03-24,2024,10,49,Shorts,未分類,none,,,False,none,0.0,,False,False,,2265868,40503.0,710.0,22,https://www.youtube.com/watch?v=xa14nwyYcO0
V8vTYx9MBz8,為什麼現在短影音都要邊走邊拍？很玄！,2024-03-22 19:54:24,2024-03-22,2024,19,58,Shorts,未分類,none,,,False,none,0.0,,False,False,,229393,5778.0,121.0,22,https://www.youtube.com/watch?v=V8vTYx9MBz8
nYKLeVnX7B4,百萬Youtuber的包袱,2024-03-22 10:34:25,2024-03-22,2024,10,47,Shorts,人物/訪談,keyword,,,False,none,0.0,,False,False,,327189,6852.0,188.0,22,https://www.youtube.com/watch?v=nYKLeVnX7B4
Tl20LjQFUXE,聊一下我長期持有台積電的根本邏輯#本影片非投資建議請謹慎理財,2024-03-19 18:13:30,2024-03-19,2024,18,53,Shorts,財經/投資,keyword,,,False,none,0.0,,False,False,,789088,13135.0,758.0,22,https://www.youtube.com/watch?v=Tl20LjQFUXE
tTOXHHBS-Wg,百萬Youtuber的一天都怎麼規劃？如何擠出更多時間？,2024-03-18 21:00:08,2024-03-18,2024,21,47,Shorts,人物/訪談,keyword,,,False,none,0.0,,False,False,,218920,4862.0,138.0,22,https://www.youtube.com/watch?v=tTOXHHBS-Wg
lkTMki6KZ1E,用死神辣椒調味的炸雞！才吃一口就被辣到神智不清！#美式炸雞 #hotties,2024-03-18 18:14:08,2024-03-18,2024,18,49,Shorts,未分類,none,,,False,none,0.0,,False,False,,60282,1126.0,43.0,22,https://www.youtube.com/watch?v=lkTMki6KZ1E
QJPm1kkiTaQ,1850元的奢華美式炸雞對決69元的平價美式炸雞！德州美墨炸雞 、爆Q美式炸雞、Nola、Buttermilk 、HOTTIES 《Joe是要對決S2》Ep204 ft.KIKI【Joeman】,2024-03-18 18:00:26,2024-03-18,2024,18,3090,長片,挑戰/企劃,title_series,Joe是要對決,,False,none,0.0,,False,True,頻道會員|團購平台|買房課程,713322,7958.0,603.0,22,https://www.youtube.com/watch?v=QJPm1kkiTaQ
H6j54drpgUk,超可愛的迷你麥金塔電腦！只是裡面的系統是Windows…#ayaneo #am01,2024-03-15 18:45:52,2024-03-15,2024,18,60,Shorts,3C開箱評測,keyword,,,False,none,0.0,,False,False,,52722,1083.0,25.0,22,https://www.youtube.com/watch?v=H6j54drpgUk
y7Zsc8FN0L4,左右不會鏡像的真實之鏡！一開始很不習慣，但看別人左右顛倒好像又無感，只有自己覺得怪,2024-03-14 13:23:11,2024-03-14,2024,13,59,Shorts,未分類,none,,,False,none,0.0,,False,False,,1104702,18334.0,135.0,22,https://www.youtube.com/watch?v=y7Zsc8FN0L4
xRqDeX-SYWI,可以自動磨指甲的電動指甲剪，優點是磨的很光滑，缺點是這速度有點慢⋯,2024-03-13 20:25:48,2024-03-13,2024,20,60,Shorts,未分類,none,,,False,none,0.0,,False,False,,98341,1181.0,58.0,22,https://www.youtube.com/watch?v=xRqDeX-SYWI
BwZarVAtSbo,5620元的奢華燒臘對決110元的平價燒臘！港宏燒臘、九記何燒臘、香港裕記燒臘、名門燒臘、朧粤《Joe是要對決S2》Ep203 ft. 赤鬼伯伯【Joeman】,2024-03-11 18:00:11,2024-03-11,2024,18,3271,長片,挑戰/企劃,title_series,Joe是要對決,,True,keyword,17.0,專屬導購連結|致謝贊助句型|影片合作聲明|直接提及贊助方|購買行動用語|行動呼籲句型|提及廠商,False,True,頻道會員|團購平台|買房課程,770929,8539.0,679.0,22,https://www.youtube.com/watch?v=BwZarVAtSbo
yzZ2_jCFXgY,迷你熱水器！乍看之下很方便，可惜電壓問題，加熱溫度不足⋯#迷你熱水器 #卡片式熱水器,2024-03-11 14:18:00,2024-03-11,2024,14,49,Shorts,未分類,none,,,False,none,0.0,,False,False,,104855,1380.0,69.0,22,https://www.youtube.com/watch?v=yzZ2_jCFXgY
SubB9I2-nCI,實際入住東京新家體驗！晴空塔慶生、宴請朋友、開伙料理、美夢成真！ft.大蛇丸、阿達《Joe是要看房日本篇》ep.16【Joeman】,2024-03-07 18:00:18,2024-03-07,2024,18,1557,長片,看房/房產,playlist,Joe是要看房,Joe是要看房-日本篇,True,keyword,2.0,購買行動用語,False,True,頻道會員|團購平台|買房課程,786656,11365.0,571.0,22,https://www.youtube.com/watch?v=SubB9I2-nCI
3Q-Mcow-i4I,蘋果滑鼠專用底座！原本以為可以解決手感問題，但後來表現不如預期⋯#蘋果滑鼠 #applemouse,2024-03-06 17:59:39,2024-03-06,2024,17,56,Shorts,3C開箱評測,keyword,,,False,none,0.0,,False,False,,1782495,32622.0,689.0,22,https://www.youtube.com/watch?v=3Q-Mcow-i4I
nCSYnkAnIVw,可以印刺青在皮膚上的印表機！不會痛又可以一直改圖案！缺點就是寬度不夠，要刺包手要弄很久⋯#刺青 #印表機 #imprintuu,2024-03-05 16:18:32,2024-03-05,2024,16,58,Shorts,未分類,none,,,False,none,0.0,,False,False,,163956,4332.0,72.0,22,https://www.youtube.com/watch?v=nCSYnkAnIVw
RTlmmToGUdo,希望我可以靠著被罵上天堂,2024-03-04 22:10:10,2024-03-04,2024,22,38,Shorts,未分類,none,,,False,none,0.0,,False,False,,110404,2049.0,103.0,22,https://www.youtube.com/watch?v=RTlmmToGUdo
ajK5BoDNW4c,超讚的除塵蟎機，大拍6.0駕到！我的專屬團購59折只要4690起！現貨搶完就沒啦～換季必備！#除塵蟎機 #大拍第6代,2024-03-04 18:11:01,2024-03-04,2024,18,60,Shorts,未分類,none,,,True,keyword,3.0,團購檔期用語,False,False,,43945,538.0,28.0,22,https://www.youtube.com/watch?v=ajK5BoDNW4c
aXkwYtRmFqk,3280元的奢華烤雞對決189元的平價烤雞！21世紀烤雞、Ho Tshu 好處餐酒、叁酒弍沏、Muzeo Gastronomy&Draft《Joe是要對決S2》Ep202 ft. 泡芙【Joeman】,2024-03-04 18:00:03,2024-03-04,2024,18,2464,長片,挑戰/企劃,title_series,Joe是要對決,,False,none,0.0,,False,True,頻道會員|團購平台|買房課程,650752,8665.0,699.0,22,https://www.youtube.com/watch?v=aXkwYtRmFqk
yuFIKmQXERE,去酒店喝到一半被暈船對象抓包是怎樣的體驗？,2024-03-01 20:31:22,2024-03-01,2024,20,59,Shorts,挑戰/企劃,keyword,,,False,none,0.0,,False,False,,1182307,21089.0,218.0,22,https://www.youtube.com/watch?v=yuFIKmQXERE
ZmM67BlYfEE,自帶螢幕的手機殼，每天都可以換圖片！就是重量跟價格比較不親民⋯#奢華手機殼 #reinkstone,2024-02-29 18:16:00,2024-02-29,2024,18,54,Shorts,3C開箱評測,keyword,,,False,none,0.0,,False,False,,91700,1922.0,67.0,22,https://www.youtube.com/watch?v=ZmM67BlYfEE
JkvuvugbmJw,真正的酒店來啦！一晚150000元的奢華酒店！《Joe是要對決S2》Ep 201 ft.大蛇丸、Ted、阿軟【Joeman】,2024-02-26 19:30:08,2024-02-26,2024,19,3125,長片,挑戰/企劃,title_series,Joe是要對決,,True,keyword,17.0,專屬導購連結|致謝贊助句型|影片合作聲明|直接提及贊助方|購買行動用語|行動呼籲句型|提及廠商,False,True,頻道會員|團購平台|買房課程,1707395,26855.0,2641.0,22,https://www.youtube.com/watch?v=JkvuvugbmJw
iLuwT84GYO4,以後沒藉口不遛狗了～#visionpro #walkingdog,2024-02-25 14:17:13,2024-02-25,2024,14,12,Shorts,未分類,none,,,False,none,0.0,,False,False,,58377,558.0,25.0,22,https://www.youtube.com/watch?v=iLuwT84GYO4
njbS2NycD8k,母胎單身30年卻突然被正妹環繞是怎樣的體驗？,2024-02-23 11:39:22,2024-02-23,2024,11,59,Shorts,挑戰/企劃,keyword,,,False,none,0.0,,False,False,,260025,6589.0,144.0,22,https://www.youtube.com/watch?v=njbS2NycD8k
nFoh6aUpr7I,才喝幾杯就倒了⋯,2024-02-22 22:04:33,2024-02-22,2024,22,8,Shorts,未分類,none,,,False,none,0.0,,False,False,,162286,3672.0,93.0,22,https://www.youtube.com/watch?v=nFoh6aUpr7I
t3YaLnLMgmg,帶你穿越到未來！Vision Pro詳細開箱！【Joeman】,2024-02-21 21:00:47,2024-02-21,2024,21,1114,長片,3C開箱評測,playlist,Joeman開箱去,【Joeman開箱去】,False,none,0.0,,False,True,頻道會員|團購平台|買房課程,389580,6921.0,556.0,22,https://www.youtube.com/watch?v=t3YaLnLMgmg
xqRCioJXXyI,爆賠150萬？日本房地產的持有成本分析！能不能貸款、要怎麼買？【Joeman】《Joe是要看房日本篇》,2024-02-21 18:00:49,2024-02-21,2024,18,1536,長片,看房/房產,playlist,Joe是要看房,Joe是要看房-日本篇,True,keyword,2.0,購買行動用語,False,True,頻道會員|團購平台|買房課程,841774,10257.0,762.0,22,https://www.youtube.com/watch?v=xqRCioJXXyI
hi4WqUtygV8,穿賽博龐克全套走在路上！只要我不尷尬，尷尬的就是別人！#visionpro #dysonzone,2024-02-19 20:51:46,2024-02-19,2024,20,48,Shorts,3C開箱評測,keyword,,,False,none,0.0,,False,False,,444466,8927.0,231.0,22,https://www.youtube.com/watch?v=hi4WqUtygV8
z6XO0vXJCbI,傳說中的酒店！31460元的平價酒店對決消費超過六位數的奢華酒店！《Joe是要對決S2》Ep 200 ft.蛇丸、Ted、阿軟【Joeman】,2024-02-19 18:00:41,2024-02-19,2024,18,2703,長片,挑戰/企劃,title_series,Joe是要對決,,False,none,0.0,,False,True,頻道會員|團購平台|買房課程,1572215,22160.0,1811.0,22,https://www.youtube.com/watch?v=z6XO0vXJCbI
EQJQAg5s5NM,我真的在東京買房了！1500萬就有全新透天！【Joeman】《Joe是要看房日本篇》ep.15,2024-02-15 18:00:11,2024-02-15,2024,18,1171,長片,看房/房產,playlist,Joe是要看房,Joe是要看房-日本篇,True,keyword,2.0,購買行動用語,False,True,頻道會員|團購平台|買房課程,1259619,22783.0,1522.0,22,https://www.youtube.com/watch?v=EQJQAg5s5NM
xLLa8aVZ8EM,之前團購賣斷貨的Lojel行李箱又來啦！而且這次是最新的升級版，新增了一個自帶軟墊的易碎品儲藏袋、Airtag收納袋、全新TSA密碼鎖！連結在IG主頁,2024-02-15 15:22:10,2024-02-15,2024,15,37,Shorts,未分類,none,,,True,keyword,3.0,社群導流指引,False,False,,122640,917.0,41.0,22,https://www.youtube.com/watch?v=xLLa8aVZ8EM
Eu7FcQOlCxw,500元的奢華甜甜圈對決15元的平價甜甜圈！脆皮鮮奶甜甜圈、MY幾圈、車路頭街40年老店、Haritts甜甜圈、晶華 Knotted甜甜圈《Joe是要對決S2》Ep199 ft.元元【Joeman】,2024-02-12 18:00:07,2024-02-12,2024,18,1621,長片,挑戰/企劃,title_series,Joe是要對決,,True,keyword,10.0,致謝贊助句型|影片合作聲明|直接提及贊助方|提及廠商,False,True,頻道會員|團購平台|買房課程,316125,4222.0,250.0,22,https://www.youtube.com/watch?v=Eu7FcQOlCxw
DbENsQG2AvM,一杯五千元的咖啡到底有多好喝？,2024-02-12 15:47:34,2024-02-12,2024,15,59,Shorts,美食,keyword,,,False,none,0.0,,False,True,頻道會員|團購平台|買房課程,47492,849.0,27.0,22,https://www.youtube.com/watch?v=DbENsQG2AvM
yorMfrPjJr0,都市傳說！裸裝的小潘鳳梨酥真的比較好吃嗎？,2024-02-07 15:05:45,2024-02-07,2024,15,59,Shorts,美食,keyword,,,False,none,0.0,,False,False,,69263,977.0,30.0,22,https://www.youtube.com/watch?v=yorMfrPjJr0
vBqPQiKpUmI,新年企劃！一個208元的奢華紅包袋對決0元的平價紅包袋！《Joe是要對決S2》Ep198 ft.阿民【Joeman】,2024-02-05 18:00:44,2024-02-05,2024,18,3152,長片,挑戰/企劃,title_series,Joe是要對決,,False,none,0.0,,False,True,頻道會員|團購平台|買房課程,251697,3948.0,263.0,22,https://www.youtube.com/watch?v=vBqPQiKpUmI
Sbn6_H9IVtA,一人4000元的奢華自助餐！尾牙吃饗A Joy 是怎樣的體驗？【Joeman】,2024-02-03 18:00:19,2024-02-03,2024,18,1468,長片,挑戰/企劃,keyword,,,False,none,0.0,,False,True,頻道會員|團購平台|買房課程,1054336,13522.0,558.0,22,https://www.youtube.com/watch?v=Sbn6_H9IVtA
OaXNLfnsgmM,18歲就做到流量巔峰！短影音天才Jenny Hoyos的成功祕訣【Joeman會員專屬】網紅觀察室,2024-02-02 18:00:26,2024-02-02,2024,18,1229,長片,人物/訪談,playlist,網紅觀察室,Joeman網紅觀察室,False,none,0.0,,False,True,頻道會員|團購平台|買房課程,144424,4046.0,230.0,22,https://www.youtube.com/watch?v=OaXNLfnsgmM
qVXEr1x2Pwc,2024刮刮樂大賽！花30萬給員工刮600張！【Joeman】,2024-02-01 19:00:43,2024-02-01,2024,19,1009,長片,未分類,none,,,False,none,0.0,,False,True,頻道會員|團購平台|買房課程,468555,8409.0,319.0,22,https://www.youtube.com/watch?v=qVXEr1x2Pwc
F-2cP-rr7aY,iPhone可以玩的3A大作又多一款！死亡擱淺導演版現在也能順跑，期待能在手機上玩GTA6！,2024-01-30 12:42:00,2024-01-30,2024,12,45,Shorts,3C開箱評測,keyword,,,False,none,0.0,,False,False,,61216,921.0,45.0,22,https://www.youtube.com/watch?v=F-2cP-rr7aY
C-nOuJbQnXE,麻系對決！5880元的奢華麻婆豆腐對決79元的平價麻婆豆腐！極饗、Mrs.Mapo、老罈香川味兜、開飯、聚苑 Ju Yuan《Joe是要對決S2》Ep197 ft.魚乾【Joeman】,2024-01-29 18:00:09,2024-01-29,2024,18,2556,長片,挑戰/企劃,title_series,Joe是要對決,,True,keyword,10.0,致謝贊助句型|影片合作聲明|直接提及贊助方|提及廠商,False,True,頻道會員|團購平台|買房課程,527199,7228.0,667.0,22,https://www.youtube.com/watch?v=C-nOuJbQnXE
LhZoQqbcIdg,預算150萬！ 2024賓士選購指南C300、E300、A250【Joeman】,2024-01-27 12:00:15,2024-01-27,2024,12,869,長片,汽車,keyword,,,False,none,0.0,,False,True,頻道會員|團購平台|買房課程,335341,3218.0,271.0,22,https://www.youtube.com/watch?v=LhZoQqbcIdg
mHRFdvNRTJI,開車也能用的正脊坐墊！,2024-01-26 18:48:39,2024-01-26,2024,18,51,Shorts,汽車,keyword,,,False,none,0.0,,False,False,,31219,392.0,15.0,22,https://www.youtube.com/watch?v=mHRFdvNRTJI
-RuD_U2FDgw,怎樣的人需要買正脊坐墊？真的有用嗎？,2024-01-22 18:28:14,2024-01-22,2024,18,47,Shorts,未分類,none,,,False,none,0.0,,False,False,,72635,896.0,42.0,22,https://www.youtube.com/watch?v=-RuD_U2FDgw
XEghzjTAg5M,過年送禮必看！1780元的奢華鳳梨酥對決18元的平價鳳梨酥！佳德、高女婿、小潘蛋糕坊、微熱山丘、Sweet Chen、文華東方《Joe是要對決S2》Ep196 ft. 阿貝【Joeman】,2024-01-22 18:00:18,2024-01-22,2024,18,2425,長片,挑戰/企劃,playlist,Joe是要對決,【Joe是要對決】第二季,False,none,0.0,,False,True,頻道會員|團購平台|買房課程,310333,4773.0,644.0,22,https://www.youtube.com/watch?v=XEghzjTAg5M
lML4MwiYGOI,吃飯到一半對面出現裸男會發現？,2024-01-19 21:29:01,2024-01-19,2024,21,53,Shorts,未分類,none,,,False,none,0.0,,False,False,,64541,1571.0,58.0,22,https://www.youtube.com/watch?v=lML4MwiYGOI
IV2Wa7fZ-Mc,龍年限定版Airpods Pro 2跟專屬紅包袋開箱！,2024-01-18 10:14:16,2024-01-18,2024,10,47,Shorts,3C開箱評測,keyword,,,False,none,0.0,,False,False,,76101,1669.0,22.0,22,https://www.youtube.com/watch?v=IV2Wa7fZ-Mc
SRTi59KqjnU,硬到可以當錘子的鋼鐵香蕉！🍌🍌🍌,2024-01-17 15:51:59,2024-01-17,2024,15,53,Shorts,未分類,none,,,False,none,0.0,,False,False,,532215,11366.0,441.0,22,https://www.youtube.com/watch?v=SRTi59KqjnU
T1eUtj44Uco,1800元的奢華豬肋排對決360元的平價豬肋排！Baba KevinBBQ、CAMPUS CAFE、Buttermilk、Ed's 《Joe是要對決S2》Ep195 ft.鮪魚【Joeman】,2024-01-15 18:00:30,2024-01-15,2024,18,3090,長片,挑戰/企劃,title_series,Joe是要對決,,True,keyword,10.0,致謝贊助句型|影片合作聲明|直接提及贊助方|提及廠商,False,True,頻道會員|團購平台|買房課程,391503,5178.0,427.0,22,https://www.youtube.com/watch?v=T1eUtj44Uco
sKV9ayOHCeE,到底在紅什麼？單身即地獄3有沒有劇本？【Joeman】網紅觀察室,2024-01-11 19:30:28,2024-01-11,2024,19,1075,長片,人物/訪談,playlist,網紅觀察室,Joeman網紅觀察室,False,none,0.0,,False,True,頻道會員|團購平台|買房課程,294266,10342.0,641.0,22,https://www.youtube.com/watch?v=sKV9ayOHCeE
HtC4OAr7_vU,全台灣只有十幾隻的限量Youtube熊！,2024-01-08 22:19:34,2024-01-08,2024,22,49,Shorts,未分類,none,,,False,none,0.0,,False,False,,273419,7827.0,134.0,22,https://www.youtube.com/watch?v=HtC4OAr7_vU
CrwE9k_ji-U,3480元的奢華壽喜燒對決99元的平價壽喜燒！和民居食屋、金月《Joe是要對決S2》Ep194 ft. 筠熹【Joeman】,2024-01-08 18:00:08,2024-01-08,2024,18,2159,長片,挑戰/企劃,title_series,Joe是要對決,,False,none,1.0,品牌官方導流,False,True,頻道會員|團購平台|買房課程,395159,5551.0,1035.0,22,https://www.youtube.com/watch?v=CrwE9k_ji-U
C0mXHGmtsWw,吃完五家牛丼還沒飽的大胃王,2024-01-08 14:36:14,2024-01-08,2024,14,59,Shorts,未分類,none,,,False,none,0.0,,False,False,,45067,904.0,20.0,22,https://www.youtube.com/watch?v=C0mXHGmtsWw
bbygNJPYtnA,李多慧是如何成功的？韓系旅遊Vlog影片是怎麼拍出來的？【Joeman】網紅觀察室(精簡版),2024-01-05 19:00:35,2024-01-05,2024,19,1273,長片,人物/訪談,playlist,網紅觀察室,Joeman網紅觀察室,False,none,0.0,,False,True,頻道會員|團購平台|買房課程,306761,9678.0,627.0,22,https://www.youtube.com/watch?v=bbygNJPYtnA
lj05jFhLm5w,現在的年輕妹子都沒打過保齡球嗎？,2024-01-05 15:42:50,2024-01-05,2024,15,46,Shorts,未分類,none,,,False,none,0.0,,False,False,,73950,1195.0,27.0,22,https://www.youtube.com/watch?v=lj05jFhLm5w
ZPssfec9DGk,踩踏式鬧鐘，如果放在距離床很遠的地方，那應該效果不錯，因為真的很吵⋯,2024-01-04 19:13:35,2024-01-04,2024,19,40,Shorts,未分類,none,,,False,none,0.0,,False,False,,150485,3104.0,96.0,22,https://www.youtube.com/watch?v=ZPssfec9DGk
fy_OzfGxioM,2300元的奢華牛丼對決69元的平價牛丼！SUKIYA、GYUU NUKU、牛丁次郎坊、有吉豐盛丼專賣門店、YORUよる《Joe是要對決S2》Ep193 ft.艾嘉【Joeman】,2024-01-01 18:00:31,2024-01-01,2024,18,2790,長片,挑戰/企劃,title_series,Joe是要對決,,False,none,0.0,,False,True,頻道會員|團購平台|買房課程,424980,5652.0,313.0,22,https://www.youtube.com/watch?v=fy_OzfGxioM
yc9EZlPrXOo,跟世界首富當鄰居！我最愛的美國豪宅！4億台幣200坪樓中樓！《Joe是要看房美國篇》ep.7 ft.阿滴,2023-12-28 18:00:47,2023-12-28,2023,18,2155,長片,看房/房產,playlist,Joe是要看房,Joe是要看房-美國篇,True,keyword,2.0,購買行動用語,False,True,頻道會員|團購平台|買房課程,961361,9619.0,408.0,22,https://www.youtube.com/watch?v=yc9EZlPrXOo
Bzmtl23_PIU,冬天上班打字手會冰冷的用這台真的很讚😎#飛利浦暖風機 #辦公神器 #壁掛,2023-12-26 11:21:17,2023-12-26,2023,11,54,Shorts,未分類,none,,,False,none,0.0,,False,False,,74262,1125.0,62.0,22,https://www.youtube.com/watch?v=Bzmtl23_PIU
4Fct9vAEA6w,當你遇到很嗆的來賓⋯  #joe是要對決,2023-12-25 19:10:52,2023-12-25,2023,19,31,Shorts,挑戰/企劃,title_series,Joe是要對決,,False,none,0.0,,False,False,,1589083,36254.0,510.0,22,https://www.youtube.com/watch?v=4Fct9vAEA6w
cssZ2sCSXTk,14387元的奢華火鍋對決150元的平價火鍋！老先覺功夫窯燒鍋、富樂台式涮涮鍋、囍聚精緻鍋物、《Joe是要對決S2》Ep192 ft.LUCY【Joeman】,2023-12-25 18:00:31,2023-12-25,2023,18,3625,長片,挑戰/企劃,title_series,Joe是要對決,,True,keyword,10.0,致謝贊助句型|影片合作聲明|直接提及贊助方|提及廠商,False,True,頻道會員|團購平台|買房課程,780205,11021.0,1126.0,22,https://www.youtube.com/watch?v=cssZ2sCSXTk
rbo7uL6mxgw,每天上班看到財位很多吉祥物心情就很好～#財位 #招財 #storyleather #吉祥物 #龍年,2023-12-23 12:13:50,2023-12-23,2023,12,45,Shorts,未分類,none,,,False,none,0.0,,False,False,,33902,593.0,26.0,22,https://www.youtube.com/watch?v=rbo7uL6mxgw
8QNE9Jc0Kdw,聖誕禮物如果收到這個就太爽了！#airpodspro2 #usbc #聖誕禮物 #交換禮物,2023-12-22 12:02:44,2023-12-22,2023,12,44,Shorts,3C開箱評測,keyword,,,False,none,0.0,,False,False,,377170,6758.0,113.0,22,https://www.youtube.com/watch?v=8QNE9Jc0Kdw
L3Hc_i7ISpQ,帶小12歲的女生去打網咖是怎樣的體驗？包廂直接有床太舒服了吧～#網咖 #約會,2023-12-21 14:18:35,2023-12-21,2023,14,35,Shorts,挑戰/企劃,keyword,,,False,none,0.0,,False,False,,134638,2465.0,58.0,22,https://www.youtube.com/watch?v=L3Hc_i7ISpQ
lE3kOLeDHdM,跟小12歲的女生約會！ft.美麗妄娜【Joeman】,2023-12-20 18:00:34,2023-12-20,2023,18,1169,長片,人物/訪談,keyword,,,True,keyword,13.0,致謝贊助句型|影片合作聲明|直接提及贊助方|購買行動用語|品牌官方導流|提及廠商,False,True,頻道會員|團購平台|買房課程,407718,7818.0,905.0,22,https://www.youtube.com/watch?v=lE3kOLeDHdM
VhMoSjrF6Mg,一隻1400元的奢華大閘蟹對決380元的平價大閘蟹！《Joe是要對決S2》Ep191 ft.海莉【Joeman】,2023-12-18 18:00:31,2023-12-18,2023,18,2584,長片,挑戰/企劃,title_series,Joe是要對決,,True,keyword,9.0,專屬導購代碼|致謝贊助句型|折扣導購用語|品牌官方導流,False,True,頻道會員|團購平台|買房課程,399860,5904.0,412.0,22,https://www.youtube.com/watch?v=VhMoSjrF6Mg
r_up9lhgvSk,很像Switch的PC遊戲掌機，手把還能當槍柄，很酷但台灣還沒上市！#legiongo #遊戲掌機 #lenovo,2023-12-17 12:11:35,2023-12-17,2023,12,50,Shorts,遊戲實況,keyword,,,False,none,1.0,新品發表用語,False,False,,67646,1156.0,40.0,22,https://www.youtube.com/watch?v=r_up9lhgvSk
p_XrL2iHztA,占地600坪！2.4億的超大透天開箱！《Joe是要看房美國篇》ep.6ft.劉沛,2023-12-16 16:00:21,2023-12-16,2023,16,1347,長片,看房/房產,playlist,Joe是要看房,Joe是要看房-美國篇,True,keyword,2.0,購買行動用語,False,True,頻道會員|團購平台|買房課程,180478,2677.0,131.0,22,https://www.youtube.com/watch?v=p_XrL2iHztA
m2gGWCkKkIM,BlackPink演唱會的票都是誰買走？直擊台灣黃牛產業鏈 - 第九人稱,2023-12-15 18:00:38,2023-12-15,2023,18,1574,長片,人物/訪談,playlist,第九人稱,【第九人稱】,False,none,0.0,,False,True,頻道會員|團購平台|買房課程,865065,22301.0,2193.0,22,https://www.youtube.com/watch?v=m2gGWCkKkIM
wtocK4mGGs4,用手槍造型的滑鼠打槍真的會變強嗎？用起來其實不錯，只是手腕多年的肌肉記憶反而很難改過來⋯#手槍滑鼠 #槍型滑鼠 #ragnok2,2023-12-13 18:15:10,2023-12-13,2023,18,54,Shorts,3C開箱評測,keyword,,,False,none,0.0,,False,False,,767186,14671.0,276.0,22,https://www.youtube.com/watch?v=wtocK4mGGs4
1uuB_A7GVmE,一體成形可以直接丟洗衣機的超懶人韓國棉被Maatila！這次跟原廠合作團購，保證真品～不用再韓國扛回來囉～ #maatila #韓國棉被,2023-12-12 17:10:35,2023-12-12,2023,17,36,Shorts,未分類,none,,,True,keyword,6.0,影片合作聲明|原廠合作聲明,False,False,,42528,615.0,38.0,22,https://www.youtube.com/watch?v=1uuB_A7GVmE
RIDRevVdhOI,一次吃5家鍋貼名店！16.6元的輕奢鍋貼對決6.5元的平價鍋貼！八方雲集、及品鍋貼水餃專賣店、頂好紫琳蒸餃館、佳佳香鍋貼、楊家麵食水餃館《Joe是要對決S2》Ep190 ft.陳艾熙【Joeman】,2023-12-11 18:00:28,2023-12-11,2023,18,2434,長片,挑戰/企劃,title_series,Joe是要對決,,True,keyword,10.0,致謝贊助句型|影片合作聲明|直接提及贊助方|提及廠商,False,True,頻道會員|團購平台|買房課程,383324,5974.0,652.0,22,https://www.youtube.com/watch?v=RIDRevVdhOI
IF-8Ad7bfcI,短片比長片更賺錢？Shorts、Tiktok、Reels要怎麼把流量變現？我的心得與戰略改變！【Joeman】網紅觀察室,2023-12-08 19:00:14,2023-12-08,2023,19,1193,長片,人物/訪談,playlist,網紅觀察室,Joeman網紅觀察室,False,none,0.0,,False,True,頻道會員|買房課程,249300,5922.0,341.0,22,https://www.youtube.com/watch?v=IF-8Ad7bfcI
s5mO8OkJ2Mc,台灣第一家寶可夢中心！只是這個排隊人潮太晚去完全沒買到QQ #寶可夢中心 #台北寶可夢中心 #pokemon,2023-12-08 18:29:09,2023-12-08,2023,18,47,Shorts,未分類,none,,,False,none,0.0,,False,False,,104999,1977.0,60.0,22,https://www.youtube.com/watch?v=s5mO8OkJ2Mc
M6UB6hkbTPI,Line貼圖用網頁版買竟然會比手機App版便宜！可惜太晚知道已經買了代幣了⋯ #line貼圖 #省錢 #便宜,2023-12-07 19:09:46,2023-12-07,2023,19,25,Shorts,3C開箱評測,keyword,,,False,none,0.0,,False,False,,62125,774.0,26.0,22,https://www.youtube.com/watch?v=M6UB6hkbTPI
TESgOkDhcQY,實測！把電腦UI放大500%竟然會死機？ #shorts #賽博燈泡 #惡整 #實測,2023-12-06 12:10:54,2023-12-06,2023,12,50,Shorts,挑戰/企劃,keyword,,,False,none,0.0,,False,True,頻道會員|買房課程,884376,20098.0,899.0,22,https://www.youtube.com/watch?v=TESgOkDhcQY
D68DM0FaMPQ,一杯5000元的世界冠軍咖啡對決19元的平價咖啡！全聯、CAFE!N硬咖啡、% Arabica、富錦樹咖啡、興波、《Joe是要對決S2》Ep189 ft.JOJO、吳則霖【Joeman】,2023-12-04 18:00:17,2023-12-04,2023,18,2340,長片,挑戰/企劃,title_series,Joe是要對決,,True,keyword,3.0,購買行動用語|品牌官方導流,False,True,頻道會員|買房課程,333956,5765.0,483.0,22,https://www.youtube.com/watch?v=D68DM0FaMPQ
eqVb8jx8rPI,很不受控的寵物檯燈開箱⋯或者說是檯燈造型的玩具 #米家皮皮燈 #開箱 #米家 #shorts,2023-12-01 18:10:19,2023-12-01,2023,18,60,Shorts,3C開箱評測,keyword,,,False,none,0.0,,False,True,頻道會員|買房課程,205688,3197.0,87.0,22,https://www.youtube.com/watch?v=eqVb8jx8rPI
XLWk1usEf2k,你知道用iOS內購Youtube會員會比較貴嗎？因為要被多抽三成，所以各位如果平常有需要訂閱Youtube會員記得切到PC或Mac瀏覽器喔！,2023-11-28 18:30:25,2023-11-28,2023,18,49,Shorts,3C開箱評測,keyword,,,False,none,0.0,,False,False,,116330,1738.0,134.0,22,https://www.youtube.com/watch?v=XLWk1usEf2k
mUsAr2Fm8Bg,一次吃5家！47元的奢華水餃對決2.5元的平價水餃！樹林兩點五元水餃、阿娥水餃、巧之味手工水餃、鄒記食舖、蕭媽媽手工創意水餃《Joe是要對決S2》Ep188 ft.蘋蘋【Joeman】,2023-11-27 18:00:40,2023-11-27,2023,18,2685,長片,挑戰/企劃,playlist,Joe是要對決,【Joe是要對決】第二季,True,keyword,10.0,致謝贊助句型|影片合作聲明|直接提及贊助方|提及廠商,False,True,頻道會員|買房課程,560144,8337.0,820.0,22,https://www.youtube.com/watch?v=mUsAr2Fm8Bg
67esP10SvT4,全新Steam Deck OLED開箱！各方面體驗有感提升！【Joeman】,2023-11-25 16:30:01,2023-11-25,2023,16,274,長片,3C開箱評測,playlist,Joeman開箱去,【Joeman開箱去】,False,none,0.0,,False,True,頻道會員|買房課程,133316,2491.0,264.0,22,https://www.youtube.com/watch?v=67esP10SvT4
ds7RR1XwCqI,超帥鎖子甲手機殼！但一堆縫隙感覺會卡一堆灰塵⋯#手機殼 #小物開箱 #鎖子甲 #shorts,2023-11-24 12:40:33,2023-11-24,2023,12,58,Shorts,3C開箱評測,keyword,,,False,none,0.0,,False,True,頻道會員|買房課程,1041002,15626.0,660.0,22,https://www.youtube.com/watch?v=ds7RR1XwCqI
jyHTZvG_CYo,可以拆成兩半的機械鍵盤開箱！完全符合雙手打字角度！只是價格也蠻奢華的⋯#機械鍵盤 #開箱 #keychron,2023-11-23 12:15:47,2023-11-23,2023,12,54,Shorts,3C開箱評測,keyword,,,False,none,0.0,,False,False,,99074,1558.0,62.0,22,https://www.youtube.com/watch?v=jyHTZvG_CYo
V0kt3BLvJDs,從Windows轉換到Mac剪輯的差異？實測半年心得分享！【Joeman】,2023-11-22 18:00:20,2023-11-22,2023,18,506,長片,3C開箱評測,playlist,Joeman開箱去,【Joeman開箱去】,False,none,0.0,,False,True,頻道會員|買房課程,228722,3033.0,270.0,22,https://www.youtube.com/watch?v=V0kt3BLvJDs
IVQ6LbB9wNg,日本天婦羅對決！平價的全東京超多分店超划算，奢華的則是傳說中的日本料理三神之一的天婦羅之神！#天婦羅 #天婦羅之神 #天丼 #JOE是要對決 #shorts,2023-11-22 13:00:18,2023-11-22,2023,13,60,Shorts,挑戰/企劃,title_series,Joe是要對決,,False,none,0.0,,False,True,頻道會員|買房課程,42328,785.0,39.0,22,https://www.youtube.com/watch?v=IVQ6LbB9wNg
pvqhWk6nZb0,日本天婦羅之神！¥27000元的奢華天婦羅對決¥510元的平價天婦羅！天丼天屋 (淺草)、美川是山居《Joe是要對決S2》Ep187 ft.阿達【Joeman】,2023-11-20 18:00:40,2023-11-20,2023,18,2951,長片,挑戰/企劃,title_series,Joe是要對決,,True,keyword,10.0,致謝贊助句型|影片合作聲明|直接提及贊助方|提及廠商,False,True,頻道會員|買房課程,705360,9948.0,603.0,22,https://www.youtube.com/watch?v=pvqhWk6nZb0
F7fjBEdnb3o,自動發牌機！有點貴但蠻好玩的！#自動發牌機 #小物開箱 #撲克牌,2023-11-17 12:48:40,2023-11-17,2023,12,60,Shorts,3C開箱評測,keyword,,,False,none,0.0,,False,False,,419455,6244.0,323.0,22,https://www.youtube.com/watch?v=F7fjBEdnb3o
HquWaQARgkg,一個人7萬日幣的頂級東京鐵板燒！東京帝國飯店嘉門鐵板燒！#鐵板燒 #帝國飯店 #奢華料理 #東京 #joe是要對決,2023-11-16 12:02:22,2023-11-16,2023,12,60,Shorts,挑戰/企劃,title_series,Joe是要對決,,False,none,0.0,,False,False,,85470,1959.0,44.0,22,https://www.youtube.com/watch?v=HquWaQARgkg
2Ry3-Y_Ogcs,帶杭州女孩吃好料！奢華和牛九吃！ft.阿貝很全能【Joeman】,2023-11-15 18:00:02,2023-11-15,2023,18,1413,長片,人物/訪談,keyword,,,True,keyword,2.0,購買行動用語,False,True,頻道會員|買房課程,331824,7428.0,989.0,22,https://www.youtube.com/watch?v=2Ry3-Y_Ogcs
pnnv2XCM6R4,自帶風扇的雨傘！,2023-11-15 11:44:52,2023-11-15,2023,11,54,Shorts,未分類,none,,,False,none,0.0,,False,False,,54434,1133.0,68.0,22,https://www.youtube.com/watch?v=pnnv2XCM6R4
nfDDrtp6FJk,首次跨國對決！¥69500元的奢華鐵板燒對決120元的平價鐵板燒！大埕鐵板燒、嘉門鐵板燒、《Joe是要對決S2》Ep186 ft.大蛇丸【Joeman】,2023-11-13 18:00:38,2023-11-13,2023,18,3168,長片,挑戰/企劃,title_series,Joe是要對決,,False,none,0.0,,False,True,頻道會員|買房課程,1531015,23991.0,2349.0,22,https://www.youtube.com/watch?v=nfDDrtp6FJk
d0zhS5BccjI,大麻事件道歉影片【Joeman】,2023-11-07 15:00:16,2023-11-07,2023,15,205,長片,未分類,none,,,False,none,0.0,,False,False,,2184460,72963.0,19955.0,22,https://www.youtube.com/watch?v=d0zhS5BccjI
HsmjEwZq1do,我找很久超級好用的車充《 Omnia X MagSafe 車用磁吸無線充電器 》,2023-11-07 12:35:09,2023-11-07,2023,12,59,Shorts,3C開箱評測,keyword,,,True,keyword,11.0,專屬導購代碼|專屬導購指引|導購區塊標題|折扣導購用語,False,False,,257706,3874.0,398.0,22,https://www.youtube.com/watch?v=HsmjEwZq1do
XGIePxlhfEU,890元的奢華早餐吃到飽對決99元的平價早餐吃到飽！無所不包、島語、《Joe是要對決S2》Ep185 ft.金魚腦【Joeman】,2023-11-06 19:27:35,2023-11-06,2023,19,2422,長片,挑戰/企劃,title_series,Joe是要對決,,False,none,0.0,,False,True,頻道會員|買房課程,806071,12150.0,4275.0,22,https://www.youtube.com/watch?v=XGIePxlhfEU
9jWZZ2FoXcQ,剪輯師頭髮好稀疏...拯救稀疏大作戰！【Joeman】,2023-11-02 18:00:15,2023-11-02,2023,18,795,長片,未分類,none,,,True,keyword,2.0,折扣導購用語,False,True,頻道會員|買房課程,191133,1338.0,1326.0,22,https://www.youtube.com/watch?v=9jWZZ2FoXcQ
4dmvQIAE4J0,高性價比的i9電競筆電！HP OMEN 16 intel i9-13900hx + RTX4070【Joeman】,2023-11-01 18:01:20,2023-11-01,2023,18,654,長片,電競賽事,keyword,,,True,keyword,4.0,導購區塊標題|品牌官方導流,False,True,頻道會員|買房課程,222664,1130.0,143.0,22,https://www.youtube.com/watch?v=4dmvQIAE4J0
V8gkWmdjzqg,傳說中的啦啦隊休息室！香到爆～#李多慧 #琳妲 #樂天女孩 #樂天啦啦隊 #rakuten #rakutengirls,2023-10-30 18:15:09,2023-10-30,2023,18,60,Shorts,未分類,none,,,False,none,0.0,,False,False,,348950,10308.0,189.0,22,https://www.youtube.com/watch?v=V8gkWmdjzqg
vg-euFMHNwk,52500元的奢華棒球場對決200元的平價棒球場！樂天桃園棒球場《Joe是要對決S2》Ep184 ft.琳妲、李多慧、樂天女孩【Joeman】,2023-10-30 18:00:46,2023-10-30,2023,18,1833,長片,挑戰/企劃,playlist,Joe是要對決,【Joe是要對決】第二季,True,keyword,2.0,行銷活動用語,False,True,頻道會員|買房課程,601101,8531.0,1291.0,22,https://www.youtube.com/watch?v=vg-euFMHNwk
L_KtuPq_GGU,台灣無訊號的地方華為手機竟然還能打？Mate 60 Pro衛星通訊實測【Joeman】,2023-10-28 12:00:17,2023-10-28,2023,12,738,長片,3C開箱評測,playlist,Joeman開箱去,【Joeman開箱去】,False,none,0.0,,False,True,頻道會員|買房課程,486550,8498.0,3072.0,22,https://www.youtube.com/watch?v=L_KtuPq_GGU
xKO7ni6rS8I,沒看價錢就點餐的下場，到了才發現是奢華健康餐…#健康餐 #奢華 #friday #tgif #健身餐 #沙拉,2023-10-27 15:22:14,2023-10-27,2023,15,32,Shorts,未分類,none,,,False,none,0.0,,False,False,,1889677,26495.0,978.0,22,https://www.youtube.com/watch?v=xKO7ni6rS8I
aOSaIPAg8hE,去日本買一堆東西要怎麼裝？出國帶熱水壺被吐槽是老人行徑，但後來覺得蠻好用的，前提是裝得下的話…目前我跟LOJEL有專屬85折團購，點我IG主頁有連結，只到11／5喔～,2023-10-26 19:54:01,2023-10-26,2023,19,60,Shorts,未分類,none,,,True,keyword,6.0,團購檔期用語|社群導流指引,False,False,,248163,2518.0,61.0,22,https://www.youtube.com/watch?v=aOSaIPAg8hE
OeTGrc3QDVw,如何讓自己看起來財富自由？那就是每天都吃健康餐…#健康餐 #健身餐 #減肥 #瘦身 #飲食控制,2023-10-26 13:01:02,2023-10-26,2023,13,58,Shorts,未分類,none,,,False,none,0.0,,False,False,,101668,2380.0,55.0,22,https://www.youtube.com/watch?v=OeTGrc3QDVw
mUqTILQxdz0,爸爸突然說可以請假出去玩…結果…#新豐街底迪,2023-10-25 18:08:56,2023-10-25,2023,18,45,Shorts,未分類,none,,,False,none,0.0,,False,False,,124008,2475.0,89.0,22,https://www.youtube.com/watch?v=mUqTILQxdz0
2TcDFMwTn6Y,可以AI換臉的魔術手機 Pixel 8 Pro開箱【Joeman】,2023-10-24 18:00:02,2023-10-24,2023,18,912,長片,3C開箱評測,keyword,,,False,none,0.0,,False,True,頻道會員|買房課程,120229,2310.0,243.0,22,https://www.youtube.com/watch?v=2TcDFMwTn6Y
7_uZ5JSfHYE,在日本秋葉原搶到限動款鋼彈，結果半小時就弄丟，當下差點沒崩潰……#旅遊趣事 #攻擊鋼彈 #秋葉原,2023-10-23 22:17:28,2023-10-23,2023,22,60,Shorts,旅遊/航空,keyword,,,False,none,0.0,,False,False,,319369,7685.0,181.0,22,https://www.youtube.com/watch?v=7_uZ5JSfHYE
lAc_2slwUns,1029元的奢華健康餐對決89元的平價健康餐！強尼兄弟健康廚房、 KEEP FIT 低脂健康料理、餵 WAY!、晶華 、FEELING《Joe是要對決S2》Ep183 ft.涼子【Joeman】,2023-10-23 18:00:36,2023-10-23,2023,18,2859,長片,挑戰/企劃,title_series,Joe是要對決,,True,keyword,2.0,品牌官方導流|新品發表用語,False,True,頻道會員|買房課程,441494,4846.0,403.0,22,https://www.youtube.com/watch?v=lAc_2slwUns
3EHSKs7VkpY,可以邊逛邊結帳的日本手推車，方便又好玩～#東京旅遊,2023-10-21 12:13:11,2023-10-21,2023,12,34,Shorts,旅遊/航空,keyword,,,False,none,0.0,,False,False,,88753,1717.0,53.0,22,https://www.youtube.com/watch?v=3EHSKs7VkpY
R1f6aDNdsKk,最頂的BRAVIA！旗艦Sony顯示器A95L開箱實測！【Joeman】,2023-10-17 18:00:19,2023-10-17,2023,18,779,長片,3C開箱評測,playlist,Joeman開箱去,【Joeman開箱去】,False,none,1.0,品牌官方導流,False,True,頻道會員|買房課程,375250,2956.0,138.0,22,https://www.youtube.com/watch?v=R1f6aDNdsKk
8ijDQTWwm5M,75900元的奢華行動電源對決399元的平價行動電源！《Joe是要對決S2》Ep182【Joeman】,2023-10-16 18:00:08,2023-10-16,2023,18,1645,長片,挑戰/企劃,title_series,Joe是要對決,,True,keyword,14.0,致謝贊助句型|影片合作聲明|直接提及贊助方|折扣導購用語|行動呼籲句型|提及廠商,False,True,頻道會員|買房課程,494182,6653.0,627.0,22,https://www.youtube.com/watch?v=8ijDQTWwm5M
fqusWcSscpo,一次開箱3台千萬保時捷911！如果有錢你選哪台？Porsche GT3RS、GT3 、Targa992 【Joeman】,2023-10-15 12:00:23,2023-10-15,2023,12,955,長片,3C開箱評測,playlist,Joeman開箱去,【Joeman開箱去】,False,none,0.0,,False,True,頻道會員|買房課程,246845,3196.0,191.0,22,https://www.youtube.com/watch?v=fqusWcSscpo
s75EI9HxVCU,當你發現錯過河北彩花的擁抱…#河北彩花 #走鐘獎 #中指通 #羨慕忌妒恨 #如果有時光機,2023-10-14 20:10:09,2023-10-14,2023,20,12,Shorts,未分類,none,,,False,none,0.0,,False,False,,650350,18788.0,369.0,22,https://www.youtube.com/watch?v=s75EI9HxVCU
pqIXtals8Ec,走鐘獎得獎預測！我對每個入圍影片的看法！(精簡版)網紅觀察室【Joeman】,2023-10-13 18:00:45,2023-10-13,2023,18,4665,長片,人物/訪談,playlist,網紅觀察室,Joeman網紅觀察室,False,none,0.0,,False,True,頻道會員|買房課程,327750,5369.0,564.0,22,https://www.youtube.com/watch?v=pqIXtals8Ec
IpanzFMJbv8,可以AI換臉的手機！Pixel 8 Pro!#pixel8pro #ai #完美合照,2023-10-12 06:06:40,2023-10-12,2023,6,52,Shorts,3C開箱評測,keyword,,,False,none,0.0,,False,False,,76768,2038.0,55.0,22,https://www.youtube.com/watch?v=IpanzFMJbv8
USlXSSfaEkk,米其林推薦的夜市炸雞！#米其林 #炸雞 #台式炸雞 #美食 #小吃 #格登炸雞,2023-10-11 12:02:35,2023-10-11,2023,12,59,Shorts,美食,keyword,,,False,none,0.0,,False,False,,430006,15064.0,195.0,22,https://www.youtube.com/watch?v=USlXSSfaEkk
0H9vXCYuO2U,當你發現李多慧跟你比的愛心怪怪的…#李多慧 #樂天桃猿 #樂天女孩,2023-10-10 12:01:07,2023-10-10,2023,12,43,Shorts,未分類,none,,,False,none,0.0,,False,False,,1703736,46368.0,1186.0,22,https://www.youtube.com/watch?v=0H9vXCYuO2U
pJbc1Tw13R4,850元的奢華台式炸雞對決20元的平價台式炸雞！東加炸雞、文德炸雞、全球炸雞、格登炸雞、週末炸雞俱樂部《Joe是要對決S2》Ep181 ft.鐵牛【Joeman】,2023-10-09 18:00:41,2023-10-09,2023,18,2065,長片,挑戰/企劃,playlist,Joe是要對決,【Joe是要對決】第二季,False,none,0.0,,False,True,頻道會員|買房課程,917708,12004.0,1682.0,22,https://www.youtube.com/watch?v=pJbc1Tw13R4
cC0ZU5Y3lpg,被中國媒體吹爆的手機！台幣4萬值嗎？華為Mate 60 Pro vs iPhone 15 Pro系列【Joeman】,2023-10-07 13:00:15,2023-10-07,2023,13,1716,長片,3C開箱評測,playlist,Joeman開箱去,【Joeman開箱去】,True,keyword,9.0,專屬導購代碼|致謝贊助句型|折扣導購用語|品牌官方導流,False,True,頻道會員|買房課程,2921932,38179.0,14283.0,22,https://www.youtube.com/watch?v=cC0ZU5Y3lpg
UdkePViEfOE,幫員工圓夢！擁有一個禮拜BMW M5！【Joeman】,2023-10-05 18:00:20,2023-10-05,2023,18,842,長片,汽車,keyword,,,False,none,0.0,,False,True,頻道會員|買房課程,258821,4001.0,249.0,22,https://www.youtube.com/watch?v=UdkePViEfOE
A1uI8Hyo9FQ,911GT3RS ASMR 992#911 #gt3rs #asmr #992,2023-10-03 17:38:20,2023-10-03,2023,17,50,Shorts,未分類,none,,,False,none,0.0,,False,False,,73540,1945.0,47.0,22,https://www.youtube.com/watch?v=A1uI8Hyo9FQ
fVI7dZEwp2w,人生第一次算塔羅牌跟星盤！#塔羅 #星盤 #算命 #占卜,2023-10-02 18:08:10,2023-10-02,2023,18,57,Shorts,未分類,none,,,False,none,0.0,,False,False,,53938,765.0,32.0,22,https://www.youtube.com/watch?v=fVI7dZEwp2w
e-g_aOLxxcQ,16800元的奢華星盤算命對決500元的平價塔羅算命！《Joe是要對決S2》Ep180 ft.貝莉莓【Joeman】,2023-10-02 18:00:21,2023-10-02,2023,18,3672,長片,挑戰/企劃,playlist,Joe是要對決,【Joe是要對決】第二季,True,keyword,10.0,專屬導購指引|結帳代碼指引|折扣導購用語|購買行動用語,False,True,頻道會員|買房課程,725965,10802.0,1299.0,22,https://www.youtube.com/watch?v=e-g_aOLxxcQ
_gvGQCaBPN0,Youtube流量大暴跌！到底為什麼？【Joeman】網紅觀察室,2023-09-28 18:00:37,2023-09-28,2023,18,664,長片,人物/訪談,playlist,網紅觀察室,Joeman網紅觀察室,False,none,0.0,,False,True,頻道會員|買房課程,809248,18148.0,2432.0,22,https://www.youtube.com/watch?v=_gvGQCaBPN0
maAbwK22zX4,收到了很美的中秋禮盒！#麥卡倫 #macallan #中秋 #夜燈,2023-09-27 19:49:18,2023-09-27,2023,19,60,Shorts,未分類,none,,,False,none,0.0,,False,False,,58170,1305.0,22.0,22,https://www.youtube.com/watch?v=maAbwK22zX4
-w22PmWZgkI,台中頂流聯聚建設！132坪破億時尚豪宅開箱！聯聚保和大廈《Joe是要看房》ep.44【Joeman】,2023-09-26 19:00:01,2023-09-26,2023,19,1453,長片,看房/房產,playlist,Joe是要看房,《Joe是要看房》,False,none,0.0,,False,True,頻道會員|買房課程,486531,4530.0,303.0,22,https://www.youtube.com/watch?v=-w22PmWZgkI
4Xv9TLO0bT0,一口氣吃6家蛋黃酥！#陳耀訓蛋黃酥 #不二坊蛋黃酥 #蛋黃酥,2023-09-25 19:57:49,2023-09-25,2023,19,60,Shorts,未分類,none,,,False,none,0.0,,False,False,,106065,1891.0,58.0,22,https://www.youtube.com/watch?v=4Xv9TLO0bT0
E3oLwJrJ7Gc,2200元的奢華蛋黃酥對決400元的平價蛋黃酥！佳德、不二坊、台北犁記、 陳耀訓･麵包埠、晶華 、 Mr.啃《Joe是要對決S2》Ep179 ft.老爸、酪梨女孩愛麗絲【Joeman】,2023-09-25 18:00:13,2023-09-25,2023,18,2902,長片,挑戰/企劃,playlist,Joe是要對決,【Joe是要對決】第二季,True,keyword,9.0,專屬導購代碼|專屬導購連結|折扣導購用語|品牌官方導流,False,True,頻道會員|買房課程,829675,8854.0,736.0,22,https://www.youtube.com/watch?v=E3oLwJrJ7Gc
K9VSEstQfuU,兩億台幣在西雅圖可以買到怎樣的豪宅！超大超美！#美國豪宅 #西雅圖 #開箱,2023-09-23 18:14:20,2023-09-23,2023,18,61,Shorts,看房/房產,keyword,,,False,none,0.0,,False,False,,33034,567.0,4.0,22,https://www.youtube.com/watch?v=K9VSEstQfuU
f17mDgBzymg,台幣兩億竟然只是中價位？600坪美國遊艇豪宅開箱！ft.劉沛《Joe是要看房美國篇》ep.5,2023-09-23 18:00:29,2023-09-23,2023,18,1268,長片,看房/房產,playlist,Joe是要看房,Joe是要看房-美國篇,False,none,0.0,,False,True,頻道會員|買房課程,344156,4356.0,196.0,22,https://www.youtube.com/watch?v=f17mDgBzymg
FVyqTAZyGHQ,樓下就是台北捷運有多爽？頂級蛋黃區豪宅開箱！冠德安沐居《Joe是要看房》ep.43【Joeman】,2023-09-22 18:00:13,2023-09-22,2023,18,1161,長片,看房/房產,playlist,Joe是要看房,《Joe是要看房》,False,none,1.0,品牌官方導流,False,True,頻道會員|買房課程,834879,6613.0,674.0,22,https://www.youtube.com/watch?v=FVyqTAZyGHQ
erMyXkfgC0w,新粉色超美！iPhone 15 & 15 Plus開箱實測！【Joeman】,2023-09-22 08:00:16,2023-09-22,2023,8,848,長片,3C開箱評測,playlist,Joeman開箱去,【Joeman開箱去】,True,keyword,9.0,專屬導購代碼|結帳代碼指引|折扣導購用語|品牌官方導流,False,True,頻道會員,570261,6027.0,613.0,22,https://www.youtube.com/watch?v=erMyXkfgC0w
HM_LZhHzLT8,iPhone 15 Pro Max拍照錄影實測！這一代Pro到底能不能買？【Joeman】,2023-09-20 18:42:17,2023-09-20,2023,18,1230,長片,3C開箱評測,playlist,Joeman開箱去,【Joeman開箱去】,True,keyword,24.0,專屬導購代碼|專屬導購連結|致謝贊助句型|影片合作聲明|直接提及贊助方|專屬導購指引|結帳代碼指引|折扣導購用語|提及廠商,False,True,頻道會員,813647,9799.0,1138.0,22,https://www.youtube.com/watch?v=HM_LZhHzLT8
A70cE2T6a4A,每年九月都在爆肝，明天希望能順利上另一隻iPhone 15 Pro影片……#iphone15pro #iphone15promax,2023-09-20 00:53:02,2023-09-20,2023,0,44,Shorts,3C開箱評測,keyword,,,False,none,0.0,,False,False,,248310,5804.0,103.0,22,https://www.youtube.com/watch?v=A70cE2T6a4A
aKjVNbFidHA,iPhone 15 Pro開箱實測！A17 Pro是否效能頂天？【Joeman】,2023-09-19 23:20:41,2023-09-19,2023,23,867,長片,3C開箱評測,playlist,Joeman開箱去,【Joeman開箱去】,False,none,0.0,,False,True,頻道會員,1251048,16547.0,1532.0,22,https://www.youtube.com/watch?v=aKjVNbFidHA
Zi4-OCT2xQA,男模會館對決！來這裏就是當女王！#男模會館 #男模店 #八大,2023-09-18 18:12:33,2023-09-18,2023,18,60,Shorts,挑戰/企劃,keyword,,,False,none,0.0,,False,False,,90988,1186.0,59.0,22,https://www.youtube.com/watch?v=Zi4-OCT2xQA
o4kq4xd7NgU,傳說中的男模店！59200元的奢華男模會館對決25200元的奢華男模會館！502男模會館、帝豪R會館《Joe是要對決S2》Ep178 ft.愛莉莎莎、Penny【Joeman】,2023-09-18 18:00:40,2023-09-18,2023,18,2493,長片,挑戰/企劃,playlist,Joe是要對決,【Joe是要對決】第二季,True,keyword,14.0,致謝贊助句型|影片合作聲明|直接提及贊助方|折扣導購用語|行動呼籲句型|提及廠商,False,True,頻道會員,1068681,14925.0,1608.0,22,https://www.youtube.com/watch?v=o4kq4xd7NgU
31NKUkNz_ZE,超帥！跟賓士聯名的電競筆電！MSI Stealth 16 Mercedes AMG Motorsport【Joeman】,2023-09-15 18:00:03,2023-09-15,2023,18,783,長片,電競賽事,keyword,,,True,keyword,3.0,產品導流連結,False,True,頻道會員,175248,1433.0,134.0,22,https://www.youtube.com/watch?v=31NKUkNz_ZE
F9p4o5sDIF4,我試用了一天 iPhone15全系列！更多細節與驚喜心得！【Joeman】,2023-09-14 23:30:03,2023-09-14,2023,23,1443,長片,3C開箱評測,keyword,,,False,none,0.0,,False,True,頻道會員,1169357,15262.0,1528.0,22,https://www.youtube.com/watch?v=F9p4o5sDIF4
JbKcxWfOAyc,飛到美國搶先試用！ iPhone 15全系列發表心得！【Joeman】,2023-09-13 21:30:14,2023-09-13,2023,21,1341,長片,3C開箱評測,keyword,,,True,keyword,15.0,專屬導購代碼|專屬導購連結|推薦或聯盟行銷連結|折扣導購用語|行銷活動用語|品牌官方導流|新品發表用語,False,True,頻道會員,1101550,14396.0,1504.0,22,https://www.youtube.com/watch?v=JbKcxWfOAyc
HFE3qKKFEFo,夜晚的蘋果總部根本科幻電影場景！隨時有外星人出現我都不意外……#applepark #蘋果總部 #stevenjobstheater  #科幻,2023-09-13 12:54:16,2023-09-13,2023,12,13,Shorts,未分類,none,,,False,none,0.0,,False,False,,63638,1552.0,37.0,22,https://www.youtube.com/watch?v=HFE3qKKFEFo
ZaIv-Nx7W7I,少女心噴發～粉紅色iPhone 15搶先看！#iPhone15 #粉紅色 #pink,2023-09-13 04:09:34,2023-09-13,2023,4,43,Shorts,3C開箱評測,keyword,,,False,none,0.0,,False,False,,247130,4686.0,168.0,22,https://www.youtube.com/watch?v=ZaIv-Nx7W7I
0Sg-UytVhJg,iPhone 15 Pro Max搶先看！手感超好！5倍光學變焦很好用，重點是Type C跟USB 3.0的速度！#iphone15promax #iphone15 #開箱 #搶先看,2023-09-13 03:10:38,2023-09-13,2023,3,59,Shorts,3C開箱評測,keyword,,,False,none,0.0,,False,False,,520729,10735.0,500.0,22,https://www.youtube.com/watch?v=0Sg-UytVhJg
R3KErksHKa4,說好的iPhone呢？花一萬買手機盲盒開箱下場悽慘！,2023-09-12 18:00:31,2023-09-12,2023,18,313,長片,玩具/收藏,keyword,,,False,none,0.0,,False,True,頻道會員,274878,3849.0,354.0,22,https://www.youtube.com/watch?v=R3KErksHKa4
fDkZWS1QSPo,果粉必來！開箱一下蘋果總部的訪客中心，第二次來還是覺得很好逛～#蘋果總部 #applepark #蘋果周邊 #果粉,2023-09-12 10:08:45,2023-09-12,2023,10,56,Shorts,3C開箱評測,keyword,,,False,none,0.0,,False,False,,107953,2454.0,35.0,22,https://www.youtube.com/watch?v=fDkZWS1QSPo
6k4S_tZbbgw,會頂到的超巨大丹麥熱狗！#熱狗 #慶城街 #美食,2023-09-11 20:49:48,2023-09-11,2023,20,53,Shorts,美食,keyword,,,False,none,0.0,,False,False,,36397,660.0,12.0,22,https://www.youtube.com/watch?v=6k4S_tZbbgw
ypALSLetYzQ,【Joeman】225元的奢華熱狗堡對決35元的平價熱狗堡！IKEA、吉米樂狗、ALPHA DOGS 、Bun Bun  、Tulip Timeout、《Joe是要對決S2》Ep177 ft.吃貨豪豪,2023-09-11 18:00:44,2023-09-11,2023,18,2194,長片,挑戰/企劃,playlist,Joe是要對決,【Joe是要對決】第二季,True,keyword,10.0,專屬導購指引|結帳代碼指引|折扣導購用語|購買行動用語,False,True,頻道會員,484615,6112.0,350.0,22,https://www.youtube.com/watch?v=ypALSLetYzQ
5XRVhe-9m4k,用你的魔法對付你！我搬運了中國搬運工的影片！網紅觀察室【Joeman】,2023-09-08 18:00:09,2023-09-08,2023,18,739,長片,人物/訪談,playlist,網紅觀察室,Joeman網紅觀察室,False,none,0.0,,False,True,頻道會員,894514,19714.0,1419.0,22,https://www.youtube.com/watch?v=5XRVhe-9m4k
EBpOQHIzRWE,爆紅假髮帽開箱！別人戴很帥怎麼我戴就……#假髮 #假髮帽 #開箱 #實測 #王雷,2023-09-07 15:03:45,2023-09-07,2023,15,51,Shorts,挑戰/企劃,keyword,,,False,none,0.0,,False,False,,108253,1460.0,41.0,22,https://www.youtube.com/watch?v=EBpOQHIzRWE
atxAfQJaQ2Q,我的攝影棚開箱！花了80萬買燈光、腳架跟一些酷玩意！(不含攝影機與鏡頭)【Joeman】,2023-09-06 18:00:02,2023-09-06,2023,18,651,長片,3C開箱評測,playlist,Joeman開箱去,【Joeman開箱去】,False,none,0.0,,False,False,,110697,2114.0,202.0,22,https://www.youtube.com/watch?v=atxAfQJaQ2Q
l-m2X_RbVKQ,每週換口味的水果冰淇淋！#瑰季 #冰淇淋 #台北甜點 #霜淇淋 #胖哥,2023-09-04 20:45:20,2023-09-04,2023,20,53,Shorts,美食,keyword,,,False,none,0.0,,False,False,,46539,1071.0,43.0,22,https://www.youtube.com/watch?v=l-m2X_RbVKQ
z8zd7ophZi8,675元的奢華冰淇淋對決18元的平價冰淇淋！麥當勞、瑰季 Gem Season、二吉軒豆乳、克雷米爾、双聖 SWENSEN'S《Joe是要對決S2》Ep176 ft.Sandy【Joeman】,2023-09-04 18:00:43,2023-09-04,2023,18,2227,長片,挑戰/企劃,playlist,Joe是要對決,【Joe是要對決】第二季,True,keyword,8.0,影片合作聲明|折扣導購用語|購買行動用語|新品發表用語,False,False,,470573,5817.0,401.0,22,https://www.youtube.com/watch?v=z8zd7ophZi8
r0T7cKDk2UE,三台千萬等級的911，你會選哪一台？#porsche #992 #gt3rs #gt3 #911 #保時捷,2023-09-04 17:55:06,2023-09-04,2023,17,21,Shorts,汽車,keyword,,,False,none,0.0,,False,False,,95685,1941.0,64.0,22,https://www.youtube.com/watch?v=r0T7cKDk2UE
M3tUcP3rNkA,300塊的無菜單麵線，超多海鮮，吃完隔天會不會痛風？#奢華麵線 #華西街美食 #無菜單料理 #創意料理 #台通 #何欸,2023-09-01 15:40:59,2023-09-01,2023,15,53,Shorts,美食,keyword,,,False,none,0.0,,False,False,,36989,787.0,21.0,22,https://www.youtube.com/watch?v=M3tUcP3rNkA
wd6Klzm3B7U,朝思暮想的橋村炸雞終於在台灣開分店了！蜂蜜炸雞的還原度我覺得有到90%！#橋村 #韓式炸雞 #宵夜 #板橋車站,2023-08-31 18:39:02,2023-08-31,2023,18,45,Shorts,未分類,none,,,False,none,0.0,,False,False,,57211,1254.0,24.0,22,https://www.youtube.com/watch?v=wd6Klzm3B7U
AOwRWLnxFUk,Vlog相機怎麼選？一口氣開箱4台ZV全系列相機！ZV-1F、ZV-1M2、ZV-E10、ZV-E1選購指南【Joeman】,2023-08-31 18:00:08,2023-08-31,2023,18,848,長片,3C開箱評測,keyword,,,False,none,0.0,,False,False,,429992,2247.0,164.0,22,https://www.youtube.com/watch?v=AOwRWLnxFUk
S4na4QCmykY,用抖音風格開箱郭台銘家【Joeman】,2023-08-28 22:00:15,2023-08-28,2023,22,254,長片,3C開箱評測,keyword,,,False,none,0.0,,False,False,,198413,5263.0,551.0,22,https://www.youtube.com/watch?v=S4na4QCmykY
yH-p_NyxkGs,580元的奢華韓式炸雞對決130元的平價韓式炸雞！橋村炸雞、起家雞韓式炸雞、bb.q CHICKEN、歐吧噠韓餐酒、韓雞飢韓式炸雞專門店《Joe是要對決S2》Ep175 ft.紀卜心【Joeman】,2023-08-28 18:00:49,2023-08-28,2023,18,2182,長片,挑戰/企劃,playlist,Joe是要對決,【Joe是要對決】第二季,True,keyword,2.0,購買行動用語,False,False,,641293,7164.0,428.0,22,https://www.youtube.com/watch?v=yH-p_NyxkGs
vBoadcFkPJU,轉為狗狗設計的透天厝！除了有給狗狗專用的浴室，還有專門的動線跟隔間！邊牧有夠可愛～#開箱 #邊境牧羊 #豪宅 #透天 #裝潢 #狗屋,2023-08-28 12:35:01,2023-08-28,2023,12,60,Shorts,看房/房產,keyword,,,False,none,0.0,,False,False,,26643,498.0,6.0,22,https://www.youtube.com/watch?v=vBoadcFkPJU
Z-wPqp1UPBA,460坪1億8千萬的美國華人豪宅！景觀跟裝潢都超美！#豪宅 #開箱 #裝潢 #美國 #西雅圖 #mercerisland,2023-08-25 18:19:04,2023-08-25,2023,18,60,Shorts,看房/房產,keyword,,,False,none,0.0,,False,False,,27759,596.0,7.0,22,https://www.youtube.com/watch?v=Z-wPqp1UPBA
Jkz2S6swFGM,460坪1億8千萬的美國華人豪宅！景觀跟裝潢都超美！《Joe是要看房美國篇》ep.4,2023-08-25 18:00:26,2023-08-25,2023,18,1261,長片,看房/房產,playlist,Joe是要看房,Joe是要看房-美國篇,False,none,0.0,,False,False,,896977,10250.0,553.0,22,https://www.youtube.com/watch?v=Jkz2S6swFGM
IqEHwL9EveY,開箱抖音爆紅開罐器，結果超傻眼……#開箱 #實測 #開罐器 #小物,2023-08-23 18:38:46,2023-08-23,2023,18,59,Shorts,挑戰/企劃,keyword,,,False,none,0.0,,False,False,,500437,9654.0,253.0,22,https://www.youtube.com/watch?v=IqEHwL9EveY
iKfdtXlthHs,抓寶很方便但震動不能關有點尷尬……最新抓寶神奇Pokémon Go Plus開箱！#pokemon #pokemongo #寶可夢 #抓寶,2023-08-22 18:44:29,2023-08-22,2023,18,55,Shorts,3C開箱評測,keyword,,,False,none,0.0,,False,False,,232952,3691.0,72.0,22,https://www.youtube.com/watch?v=iKfdtXlthHs
_4TwI4A8lrQ,一口氣吃5家！520元的奢華臭豆腐對決55元的平價臭豆腐！戴記獨臭之家臭豆腐專賣店、冠捷脆皮黃金肉圓、得記麻辣脆皮臭豆腐、宋上好脆皮臭豆腐、吉品初筵《Joe是要對決S2》Ep174 ft.小葵,2023-08-21 18:00:32,2023-08-21,2023,18,1743,長片,挑戰/企劃,playlist,Joe是要對決,【Joe是要對決】第二季,True,keyword,14.0,致謝贊助句型|影片合作聲明|直接提及贊助方|折扣導購用語|行動呼籲句型|提及廠商,False,False,,508818,5764.0,362.0,22,https://www.youtube.com/watch?v=_4TwI4A8lrQ
wfvRg_amrYg,超過美金100元的奢華和牛漢堡！#漢堡 #和牛 #西雅圖 #美國,2023-08-21 17:52:25,2023-08-21,2023,17,60,Shorts,美食,keyword,,,False,none,0.0,,False,False,,60520,1553.0,12.0,22,https://www.youtube.com/watch?v=wfvRg_amrYg
AM_xQZFs7bY,新莊最高住宅，遠雄95！200坪裝潢開箱！#豪宅 #新莊 #室內設計,2023-08-18 15:34:45,2023-08-18,2023,15,60,Shorts,看房/房產,keyword,,,False,none,0.0,,False,False,,186389,2178.0,57.0,22,https://www.youtube.com/watch?v=AM_xQZFs7bY
me7AAtLQ99k,露營神器！長得像樂高的隨身環繞音響開箱！#藍牙音響 #喇叭 #露營用品 #htax7,2023-08-17 18:06:14,2023-08-17,2023,18,56,Shorts,玩具/收藏,keyword,,,False,none,0.0,,False,False,,30133,505.0,7.0,22,https://www.youtube.com/watch?v=me7AAtLQ99k
NevdTGq5kEI,台中鐵板燒天花板，單人套餐破兩萬……#台中美食 #森鐵板燒 #和牛 #皇帝蟹,2023-08-16 16:42:23,2023-08-16,2023,16,60,Shorts,美食,keyword,,,False,none,0.0,,False,False,,165778,3787.0,60.0,22,https://www.youtube.com/watch?v=NevdTGq5kEI
UbOoQ-L98-g,老台中人的回憶！180元鐵板燒有魚有肉還有甜點！#鐵板燒 #高林 #平價 #台中美食,2023-08-16 00:53:32,2023-08-16,2023,0,60,Shorts,美食,keyword,,,False,none,0.0,,False,False,,68966,1196.0,15.0,22,https://www.youtube.com/watch?v=UbOoQ-L98-g
WP2w2I9qgas,開箱自帶風扇的外套！我覺得有變涼但這個做工好像……#開箱 #降溫 #消暑 #風扇衣,2023-08-15 17:50:43,2023-08-15,2023,17,54,Shorts,3C開箱評測,keyword,,,False,none,0.0,,False,False,,90237,787.0,43.0,22,https://www.youtube.com/watch?v=WP2w2I9qgas
DB4GpBTlcmM,單人套餐就破2萬！18880元的奢華鐵板燒對決180元的平價鐵板燒！高林鐵板燒、森鐵板燒、《Joe是要對決S2》Ep173 ft.魚乾,2023-08-14 18:00:07,2023-08-14,2023,18,3931,長片,挑戰/企劃,playlist,Joe是要對決,【Joe是要對決】第二季,False,none,0.0,,False,False,,1666699,16801.0,1149.0,22,https://www.youtube.com/watch?v=DB4GpBTlcmM
xuAt1FnOjhY,這一代Model S的續航真的很不錯，就算環島也沒有里程焦慮！#特斯拉 #tesla #models #續航 #環島,2023-08-12 18:09:51,2023-08-12,2023,18,60,Shorts,汽車,keyword,,,False,none,0.0,,False,False,,53559,887.0,7.0,22,https://www.youtube.com/watch?v=xuAt1FnOjhY
LoYQRnYgyZY,台灣地表最速量產車Model S Plaid開箱！#特斯拉 #tesla #models #plaid,2023-08-11 18:14:43,2023-08-11,2023,18,60,Shorts,汽車,keyword,,,False,none,0.0,,False,False,,38623,531.0,4.0,22,https://www.youtube.com/watch?v=LoYQRnYgyZY
D3dMg1JrGH8,我終於買特斯拉了！台灣原廠最速車Model S Plaid 開箱！【Joeman】,2023-08-11 18:00:17,2023-08-11,2023,18,1250,長片,3C開箱評測,playlist,Joeman開箱去,【Joeman開箱去】,True,keyword,8.0,推薦或聯盟行銷連結|專屬導購指引|折扣導購用語,False,False,,762243,7115.0,295.0,22,https://www.youtube.com/watch?v=D3dMg1JrGH8
KZC_0ft3MfE,真的有牛舌的牛舌餅！#八和燒肉 #牛舌 #創意料理,2023-08-10 12:34:53,2023-08-10,2023,12,42,Shorts,美食,keyword,,,False,none,0.0,,False,False,,35690,638.0,3.0,22,https://www.youtube.com/watch?v=KZC_0ft3MfE
OZXl2akE7IY,台中神秘豪宅由鉅大恆開箱！#台中豪宅,2023-08-09 17:48:21,2023-08-09,2023,17,55,Shorts,看房/房產,keyword,,,False,none,0.0,,False,False,,39256,558.0,23.0,22,https://www.youtube.com/watch?v=OZXl2akE7IY
n9FShTOu83Y,用VR頭盔看片看到一半發現女優就在旁邊是怎樣的體驗？#河北彩花 #中指通 #整人,2023-08-08 18:31:59,2023-08-08,2023,18,60,Shorts,挑戰/企劃,keyword,,,False,none,0.0,,False,False,,36936,865.0,11.0,22,https://www.youtube.com/watch?v=n9FShTOu83Y
N-vsCail1Z0,用VR頭盔看片看到一半發現女優就在旁邊是怎樣的體驗？ #河北彩花 #整人,2023-08-08 18:06:21,2023-08-08,2023,18,59,Shorts,挑戰/企劃,keyword,,,False,none,0.0,,False,False,,53696,1345.0,23.0,22,https://www.youtube.com/watch?v=N-vsCail1Z0
cPlOdCqiOIM,超害羞整人！看片到一半女優直接出現會怎樣？ft.河北彩花、中指通、TED,2023-08-08 18:00:35,2023-08-08,2023,18,874,長片,人物/訪談,keyword,,,True,keyword,3.0,致謝贊助句型,False,False,,1999399,22948.0,882.0,22,https://www.youtube.com/watch?v=cPlOdCqiOIM
1-49kHEc40k,台通何A來了！300元的奢華麵線對決50元的平價麵線！油庫口蚵仔麵線、麵線傳奇、面線町、老姐弟麵線甜不辣專賣店、悠鱻麵線《Joe是要對決S2》Ep172 ft.台灣通勤第一品牌,2023-08-07 18:00:01,2023-08-07,2023,18,2409,長片,挑戰/企劃,playlist,Joe是要對決,【Joe是要對決】第二季,True,keyword,10.0,專屬導購指引|結帳代碼指引|折扣導購用語|購買行動用語,False,False,,556223,6717.0,888.0,22,https://www.youtube.com/watch?v=1-49kHEc40k
UbqxN56vrk0,住在台幣一億五千萬的湖畔豪宅裡是怎樣的體驗？#joe是要看房 #阿滴 #豪宅 #美國 @rayduenglish,2023-08-01 13:38:02,2023-08-01,2023,13,59,Shorts,看房/房產,title_series,Joe是要看房,,False,none,0.0,,False,False,,28043,530.0,12.0,22,https://www.youtube.com/watch?v=UbqxN56vrk0
42TYIoxdJ78,人生最後一哩路要花多少錢？10萬元的奢華靈車對決8000元的平價靈車！《Joe是要對決S2》Ep171 ft.小冬瓜 @One_Way_Ticket_life,2023-07-31 18:00:04,2023-07-31,2023,18,2148,長片,挑戰/企劃,playlist,Joe是要對決,【Joe是要對決】第二季,True,keyword,14.0,致謝贊助句型|影片合作聲明|直接提及贊助方|折扣導購用語|行動呼籲句型|提及廠商,False,False,,563472,9226.0,726.0,22,https://www.youtube.com/watch?v=42TYIoxdJ78
Ra8QJbOJ218,戴三年的智慧手錶終於要換啦！開箱最新的Garmin Fenix 7 Pro Sapphire solar跟epix pro #運動手錶  #智慧手錶 #garmin  #smartwatch,2023-07-31 15:17:01,2023-07-31,2023,15,60,Shorts,3C開箱評測,keyword,,,False,none,0.0,,False,False,,462956,5098.0,82.0,22,https://www.youtube.com/watch?v=Ra8QJbOJ218
wrmEyCmWdkQ,最新MacBook Air 15開箱！13吋跟15吋要怎麼選？M2【Joeman】,2023-07-29 18:00:42,2023-07-29,2023,18,673,長片,3C開箱評測,playlist,Joeman開箱去,【Joeman開箱去】,False,none,0.0,,False,False,,235812,2461.0,141.0,22,https://www.youtube.com/watch?v=wrmEyCmWdkQ
OKdqEM0eNvk,台中沒人開箱過的神秘破億豪宅！140坪只做2房是怎樣的體驗？由鉅大恆《Joe是要看房》ep.42,2023-07-28 18:00:31,2023-07-28,2023,18,1757,長片,看房/房產,title_series,Joe是要看房,,True,keyword,11.0,致謝贊助句型|影片合作聲明|直接提及贊助方|品牌官方導流|提及廠商,False,False,,979386,9098.0,603.0,22,https://www.youtube.com/watch?v=OKdqEM0eNvk
ad4Sn9Obchg,南半球+超高衩，超難駕馭的奢華泳衣  #比基尼 #bikini,2023-07-27 12:00:49,2023-07-27,2023,12,39,Shorts,未分類,none,,,False,none,0.0,,False,False,,155081,2710.0,55.0,22,https://www.youtube.com/watch?v=ad4Sn9Obchg
r50-6_ZjrK8,一套27900元的奢華比基尼卻不能下水？純拍照用……但真的蠻美的！#艾融  #比基尼  #bikini,2023-07-27 11:46:46,2023-07-27,2023,11,37,Shorts,未分類,none,,,False,none,0.0,,False,False,,51622,1017.0,27.0,22,https://www.youtube.com/watch?v=r50-6_ZjrK8
iJamSjFZY7Y,一萬元內最強藍牙耳機！Sony WF-1000XM5開箱實測【Joeman】,2023-07-26 18:00:37,2023-07-26,2023,18,1289,長片,3C開箱評測,playlist,Joeman開箱去,【Joeman開箱去】,False,none,1.0,品牌官方導流,False,False,,536686,4338.0,572.0,22,https://www.youtube.com/watch?v=iJamSjFZY7Y
a4Bral8cl9I,艾融比基尼對決精華！Wave shine大金環平口比基尼開箱 #艾融 #waveshine #比基尼 #bikini,2023-07-25 18:46:47,2023-07-25,2023,18,31,Shorts,挑戰/企劃,keyword,,,False,none,0.0,,False,False,,115735,1814.0,23.0,22,https://www.youtube.com/watch?v=a4Bral8cl9I
1z4dKxdmblU,元元南半球比基尼開箱！比基尼對決精華篇 #元元 #airspace #比基尼 #bikini,2023-07-25 18:35:29,2023-07-25,2023,18,30,Shorts,挑戰/企劃,keyword,,,False,none,0.0,,False,False,,111707,2001.0,27.0,22,https://www.youtube.com/watch?v=1z4dKxdmblU
gn1He1mCSIo,這是免費能看的？27900元的奢華比基尼對決290元的平價比基尼！《Joe是要對決S2》Ep170 ft.元元.拐拐.林艾融,2023-07-24 18:00:28,2023-07-24,2023,18,2964,長片,挑戰/企劃,playlist,Joe是要對決,【Joe是要對決】第二季,True,keyword,5.0,影片合作聲明|通路鋪貨用語,False,False,,1815447,25483.0,1492.0,22,https://www.youtube.com/watch?v=gn1He1mCSIo
a7M_dcX1x_Q,在台灣封路飆車到底有多爽？特斯拉Model S Plaid 直線0到400米體驗！,2023-07-22 12:30:27,2023-07-22,2023,12,60,Shorts,汽車,keyword,,,False,none,0.0,,False,False,,594874,9875.0,156.0,22,https://www.youtube.com/watch?v=a7M_dcX1x_Q
29rgY7h8vbY,特斯拉vs無限改裝組！時速超200公里的頂尖對決！Model S Plaid 0-400台灣實測成績揭曉！,2023-07-22 12:00:01,2023-07-22,2023,12,610,長片,汽車,keyword,,,True,keyword,8.0,推薦或聯盟行銷連結|專屬導購指引|折扣導購用語,False,False,,495775,7235.0,385.0,22,https://www.youtube.com/watch?v=29rgY7h8vbY
iQnJufjtml0,聊一下今年iPhone15的謠言,2023-07-20 18:35:24,2023-07-20,2023,18,60,Shorts,3C開箱評測,keyword,,,False,none,0.0,,False,False,,646636,10517.0,318.0,22,https://www.youtube.com/watch?v=iQnJufjtml0
z2_kKx8NGhg,值不值得換？iPhone15系列的謠言與猜測！【Joeman】,2023-07-20 18:00:53,2023-07-20,2023,18,520,長片,3C開箱評測,playlist,Joeman開箱去,【Joeman開箱去】,True,keyword,3.0,致謝贊助句型,False,False,,486238,5860.0,666.0,22,https://www.youtube.com/watch?v=z2_kKx8NGhg
JHHH3KZNGHs,露營神器！可以分解合體的環繞音響喇叭！Sony HT-AX7開箱【Joeman】,2023-07-19 18:00:14,2023-07-19,2023,18,496,長片,3C開箱評測,playlist,Joeman開箱去,【Joeman開箱去】,True,keyword,3.0,購買行動用語|品牌官方導流,False,False,,302296,1831.0,122.0,22,https://www.youtube.com/watch?v=JHHH3KZNGHs
Ns1vpxykf5k,第三屆比基尼對決預告！中秋烤肉,2023-07-18 18:10:25,2023-07-18,2023,18,35,Shorts,挑戰/企劃,keyword,,,False,none,0.0,,False,False,,91213,1414.0,66.0,22,https://www.youtube.com/watch?v=Ns1vpxykf5k
DH4ZUk_ACq4,台幣一億五千萬！家裡有碼頭的湖岸豪宅！《Joe是要看房美國篇》ep.3 ft.阿滴 @rayduenglish,2023-07-18 18:00:16,2023-07-18,2023,18,1531,長片,看房/房產,playlist,Joe是要看房,Joe是要看房-美國篇,True,keyword,14.0,致謝贊助句型|影片合作聲明|直接提及贊助方|折扣導購用語|行動呼籲句型|提及廠商,False,False,,490653,5854.0,243.0,22,https://www.youtube.com/watch?v=DH4ZUk_ACq4
BG5nj5gAlws,一小時燒肉吃播！10000元的奢華燒肉對決199元的平價燒肉！肉執事、八和和牛燒肉專門店、《Joe是要對決S2》Ep169 ft.阿達@atotheda,2023-07-17 18:00:12,2023-07-17,2023,18,3559,長片,挑戰/企劃,playlist,Joe是要對決,【Joe是要對決】第二季,True,keyword,3.0,影片合作聲明,False,False,,1490742,12036.0,636.0,22,https://www.youtube.com/watch?v=BG5nj5gAlws
Im3HsXeTzX4,亞洲最速GTR vs 特斯拉最速量產車Model S Plaid Part2 #shorts,2023-07-14 21:47:37,2023-07-14,2023,21,55,Shorts,汽車,keyword,,,False,none,0.0,,False,False,,739079,13209.0,116.0,22,https://www.youtube.com/watch?v=Im3HsXeTzX4
1OF8doyCYoc,亞洲最速GTR vs 特斯拉最速量產車Model S Plaid,2023-07-14 21:47:00,2023-07-14,2023,21,46,Shorts,汽車,keyword,,,False,none,0.0,,False,False,,617225,11158.0,510.0,22,https://www.youtube.com/watch?v=1OF8doyCYoc
6TcEYiiUYP4,最快電動車vs最速法拉利Model S Plaid vs Ferrari SF90 Part2,2023-07-13 19:04:31,2023-07-13,2023,19,56,Shorts,汽車,keyword,,,False,none,0.0,,False,False,,1571483,30387.0,407.0,22,https://www.youtube.com/watch?v=6TcEYiiUYP4
DHCg34W_ARs,最快電動車vs最速法拉利Model S Plaid vs Ferrari SF90,2023-07-13 19:04:22,2023-07-13,2023,19,60,Shorts,汽車,keyword,,,False,none,0.0,,False,False,,912223,16667.0,260.0,22,https://www.youtube.com/watch?v=DHCg34W_ARs
Z42363G72GY,台北豬腳爭霸戰！770元的奢華豬腳對決90元的平價豬腳！五燈獎 、鄭記豬腳飯、老牌張豬腳、富霸王豬腳、富錦樹台菜香檳《Joe是要對決S2》Ep168 ft.陳艾熙@amber0309【Joeman】,2023-07-10 18:00:33,2023-07-10,2023,18,1990,長片,挑戰/企劃,playlist,Joe是要對決,【Joe是要對決】第二季,True,keyword,10.0,專屬導購指引|結帳代碼指引|折扣導購用語|購買行動用語,False,False,,455570,4973.0,472.0,22,https://www.youtube.com/watch?v=Z42363G72GY
WWNX-LrKTQQ,【Joeman】台灣地表最速戰！每台車都超過1000匹！Model S Plaid、SF90、GT-R、R8 Plus@anarchy99999@treasuremax_studio,2023-07-08 20:00:33,2023-07-08,2023,20,1042,長片,未分類,none,,,False,none,0.0,,False,False,,657170,10791.0,821.0,22,https://www.youtube.com/watch?v=WWNX-LrKTQQ
w3lc7s57_FI,【Joeman】人生第一次開Lexus！一口氣試三台豪華車！,2023-07-04 18:00:45,2023-07-04,2023,18,1124,長片,未分類,none,,,False,none,0.0,,False,False,,405081,3264.0,300.0,22,https://www.youtube.com/watch?v=w3lc7s57_FI
6A755QAxJfg,年薪400萬還不用進辦公室？微軟總部vs亞馬遜總部！世界級奢華辦公室對決！《Joe是要對決S2》Ep167 ft.阿滴 @rayduenglish【Joeman】Microsoft vs Amazon,2023-07-03 18:00:05,2023-07-03,2023,18,3320,長片,挑戰/企劃,playlist,Joe是要對決,【Joe是要對決】第二季,True,keyword,14.0,致謝贊助句型|影片合作聲明|直接提及贊助方|折扣導購用語|行動呼籲句型|提及廠商,False,False,,1217464,11438.0,423.0,22,https://www.youtube.com/watch?v=6A755QAxJfg
GMNJYVcaCno,當大家瘋買比特幣時，當年的人賠得有多慘？台灣礦難啟示錄 - 加密貨幣三部曲 Ep3【Joeman】第九人稱,2023-06-30 18:00:08,2023-06-30,2023,18,1505,長片,財經/投資,playlist,加密貨幣三部曲,加密貨幣三部曲,True,keyword,3.0,專屬導購指引,False,False,,909879,27904.0,4322.0,22,https://www.youtube.com/watch?v=GMNJYVcaCno
aaIXLOnsQ4c,【Joeman】手感最好的旗艦手機！Zenfone 10開箱！,2023-06-29 21:30:00,2023-06-29,2023,21,1129,長片,3C開箱評測,playlist,Joeman開箱去,【Joeman開箱去】,False,none,0.0,,False,False,,263613,3168.0,581.0,22,https://www.youtube.com/watch?v=aaIXLOnsQ4c
_75KMSWNI8o,【Joeman】遊戲與生產力兼具的電競主機！MSI Infinite S3開箱！Intel® Core™ i7-13700F 處理器+ RTX4070,2023-06-29 18:00:34,2023-06-29,2023,18,512,長片,電競賽事,keyword,,,False,none,0.0,,False,False,,360023,820.0,108.0,22,https://www.youtube.com/watch?v=_75KMSWNI8o
uRd135xhw1g,【Joeman】 5280元奢華燒鵝對決520元的平價燒鵝！家鴻燒鵝、喜來登 辰園、《Joe是要對決S2》Ep166 ft.徐海莉@haileyhsu,2023-06-26 18:00:41,2023-06-26,2023,18,2724,長片,挑戰/企劃,playlist,Joe是要對決,【Joe是要對決】第二季,False,none,1.0,新品發表用語,False,False,,721541,7262.0,499.0,22,https://www.youtube.com/watch?v=uRd135xhw1g
HpHlJhwPmOs,【Joeman】台幣一億兩千萬！占地400坪的美國透天開箱！《Joe是要看房美國篇》ep.2,2023-06-24 12:00:06,2023-06-24,2023,12,1061,長片,看房/房產,playlist,Joe是要看房,Joe是要看房-美國篇,False,none,0.0,,False,True,買房課程,404565,5219.0,329.0,22,https://www.youtube.com/watch?v=HpHlJhwPmOs
_DW6WMYFuhc,【Joeman】破千萬的保值賽道神車！保時捷911 GT3 992開箱試駕,2023-06-22 18:00:34,2023-06-22,2023,18,850,長片,汽車,keyword,,,False,none,0.0,,False,False,,290021,3498.0,192.0,22,https://www.youtube.com/watch?v=_DW6WMYFuhc
O14dY_wnn08,【Joeman】被蘋果邀請去美國總部是怎樣的體驗？Apple Park朝聖！,2023-06-21 18:00:31,2023-06-21,2023,18,1026,長片,挑戰/企劃,keyword,,,False,none,1.0,新品發表用語,False,False,,819189,13064.0,586.0,22,https://www.youtube.com/watch?v=O14dY_wnn08
PryIU7x8jJY,【Joeman】一隻1650元奢華雞肉對決一隻143元的平價雞肉！《Joe是要對決S2》Ep165 ft.Peeta @peetagege,2023-06-19 18:00:31,2023-06-19,2023,18,1949,長片,挑戰/企劃,playlist,Joe是要對決,【Joe是要對決】第二季,True,keyword,14.0,致謝贊助句型|影片合作聲明|直接提及贊助方|折扣導購用語|行動呼籲句型|提及廠商,False,False,,738499,8612.0,620.0,22,https://www.youtube.com/watch?v=PryIU7x8jJY
z9PMKxQja3k,暗黑破壞神4典藏版開箱！,2023-06-16 20:54:43,2023-06-16,2023,20,60,Shorts,3C開箱評測,keyword,,,False,none,0.0,,False,False,,64853,1143.0,27.0,22,https://www.youtube.com/watch?v=z9PMKxQja3k
hllr9hnwPwE,【Joeman】6180元的奢華和牛漢堡對決225元的平價漢堡！ Li'l Woody's、Red Mill Burgers、John Howie Steak《Joe是要對決S2》Ep164ft.劉沛,2023-06-12 18:30:12,2023-06-12,2023,18,2235,長片,挑戰/企劃,playlist,Joe是要對決,【Joe是要對決】第二季,True,keyword,2.0,購買行動用語,False,False,,978045,14094.0,810.0,22,https://www.youtube.com/watch?v=hllr9hnwPwE
GqOnNCq5VQ0,【Joeman】魔法般的體驗！蘋果最新Vision Pro實際體驗心得！聊聊為什麼這麼貴跟未來的發展可能,2023-06-07 23:00:13,2023-06-07,2023,23,1106,長片,3C開箱評測,playlist,Joeman開箱去,【Joeman開箱去】,False,none,0.0,,False,False,,884476,17308.0,1761.0,22,https://www.youtube.com/watch?v=GqOnNCq5VQ0
niMrZqr-KUw,蘋果全新的頭戴裝置Vision Pro，外觀很潮，價格很奢,2023-06-06 08:27:04,2023-06-06,2023,8,41,Shorts,未分類,none,,,False,none,0.0,,False,False,,157806,3145.0,98.0,22,https://www.youtube.com/watch?v=niMrZqr-KUw
zzaRXVVgjiM,【Joeman】 S級女優再度參戰！58680元奢華睡衣對決590元平價睡衣！絕對實用！4K黃標無碼版《Joe是要對決S2》Ep163,2023-06-05 18:00:47,2023-06-05,2023,18,2632,長片,挑戰/企劃,playlist,Joe是要對決,【Joe是要對決】第二季,True,keyword,10.0,電商賣場連結|促銷檔期用語|折扣導購用語|購買行動用語,False,False,,1169859,18975.0,1450.0,22,https://www.youtube.com/watch?v=zzaRXVVgjiM
oqEvOHspv2U,【Joeman】收入三倍房價卻比台北低？西雅圖科技業都住怎樣的房子！ft.劉沛《Joe是要看房美國篇》ep.1,2023-06-04 18:00:39,2023-06-04,2023,18,2080,長片,看房/房產,playlist,Joe是要看房,Joe是要看房-美國篇,False,none,0.0,,False,True,買房課程,859788,11342.0,951.0,22,https://www.youtube.com/watch?v=oqEvOHspv2U
SSMCWrzFYiA,【Joeman】我為什麼要去美國看房？我的全球看房企劃心得與檢討《網紅觀察室》,2023-06-03 18:00:30,2023-06-03,2023,18,662,長片,看房/房產,playlist,Joe是要看房,Joe是要看房-美國篇,False,none,0.0,,False,False,,405121,10040.0,896.0,22,https://www.youtube.com/watch?v=SSMCWrzFYiA
LQYeAl6GEQA,【Joeman】能順跑暗黑4的配備最便宜要花多少錢？平價電腦vs奢華電腦！GTX1630、GTX1660S、RTX3060Ti、RTX4060Ti、RTX4070、RTX4090暗黑破壞神IV電腦需求,2023-06-02 18:00:15,2023-06-02,2023,18,1060,長片,3C開箱評測,playlist,Joeman開箱去,【Joeman開箱去】,False,none,0.0,,False,False,,512406,6539.0,675.0,22,https://www.youtube.com/watch?v=LQYeAl6GEQA
X9rgnYi3UFw,【Joeman】輕薄小巧的電競筆電！第 13 代 Intel® Core™ i7-13700H 的 MSI Stealth 14 Studio,2023-06-01 18:00:32,2023-06-01,2023,18,750,長片,電競賽事,keyword,,,True,keyword,6.0,導購區塊標題|電商賣場連結,False,False,,201597,1412.0,149.0,22,https://www.youtube.com/watch?v=X9rgnYi3UFw
161-DJXcPD8,【Joeman】一台超過10萬塊！開箱我用很久的攝影器材！聊聊Sony FX3跟FX30,2023-05-30 18:00:00,2023-05-30,2023,18,640,長片,3C開箱評測,keyword,,,False,none,1.0,品牌官方導流,False,False,,368047,1791.0,136.0,22,https://www.youtube.com/watch?v=161-DJXcPD8
WIuA12U6Lhk,美國奢華牛排有多貴？吃個牛排竟然台幣2萬多…小費就要20%起跳！,2023-05-29 19:42:26,2023-05-29,2023,19,28,Shorts,美食,keyword,,,False,none,0.0,,False,False,,882954,16299.0,738.0,22,https://www.youtube.com/watch?v=WIuA12U6Lhk
ImafWBn0qeQ,【Joeman】美國版對決！22000元的奢華牛排對決3800元的平價牛排！《Joe是要對決S2》Ep162 ft.阿滴 【Joeman】@rayduenglish,2023-05-29 18:00:17,2023-05-29,2023,18,2316,長片,挑戰/企劃,playlist,Joe是要對決,【Joe是要對決】第二季,True,keyword,14.0,專屬導購代碼|專屬導購連結|專屬導購指引|結帳代碼指引|折扣導購用語,False,False,,1219916,16163.0,1151.0,22,https://www.youtube.com/watch?v=ImafWBn0qeQ
wUebiYIc9gY,【Joeman】特斯拉vs超跑！包下一個飛機場實測誰比較快？@ChesterCar  Model X Plaid 、Ferrari 488 Pista、McLaren 600 LT、Model S,2023-05-28 12:00:32,2023-05-28,2023,12,882,長片,汽車,keyword,,,True,keyword,20.0,致謝贊助句型|影片合作聲明|直接提及贊助方|推薦或聯盟行銷連結|專屬導購指引|折扣導購用語|行動呼籲句型|提及廠商,False,False,,759995,14593.0,769.0,22,https://www.youtube.com/watch?v=wUebiYIc9gY
F8KxgLoHqYg,【Joeman】開箱宅女小紅的家！沒有風格只追求實用！38坪一家四口超溫馨《Joe是要看房》ep.40,2023-05-27 19:00:19,2023-05-27,2023,19,1497,長片,看房/房產,title_series,Joe是要看房,,False,none,0.0,,False,False,,698676,8146.0,423.0,22,https://www.youtube.com/watch?v=F8KxgLoHqYg
nENYcGYI0Mw,【Joeman】出國玩都給女友刷卡會怎樣？東京三天快閃！ft. Niya @niya0325,2023-05-25 18:00:42,2023-05-25,2023,18,1383,長片,人物/訪談,keyword,,,True,keyword,12.0,致謝贊助句型|影片合作聲明|直接提及贊助方|折扣導購用語|提及廠商,False,False,,830175,9663.0,1147.0,22,https://www.youtube.com/watch?v=nENYcGYI0Mw
Wz6O19W21zg,【Joeman】我終於去做眼睛雷射了！優缺點與心得分析！,2023-05-24 18:00:22,2023-05-24,2023,18,865,長片,3C開箱評測,playlist,Joeman開箱去,【Joeman開箱去】,False,none,0.0,,False,False,,546879,5642.0,935.0,22,https://www.youtube.com/watch?v=Wz6O19W21zg
TzMKTGoIkGA,【Joeman】到底是用PC還是Mac？開箱我的剪輯設備跟網路備份！,2023-05-23 18:30:15,2023-05-23,2023,18,886,長片,3C開箱評測,playlist,Joeman開箱去,【Joeman開箱去】,True,keyword,11.0,專屬導購代碼|專屬導購連結|結帳代碼指引|折扣導購用語,False,False,,451143,5996.0,395.0,22,https://www.youtube.com/watch?v=TzMKTGoIkGA
DttGzU6xqL0,【Joeman】 3900元的奢華香腸對決100元的平價香腸！《Joe是要對決S2》Ep161 ft.Lucy,2023-05-22 18:00:16,2023-05-22,2023,18,2566,長片,挑戰/企劃,playlist,Joe是要對決,【Joe是要對決】第二季,True,keyword,2.0,折扣導購用語,False,False,,600903,6589.0,580.0,22,https://www.youtube.com/watch?v=DttGzU6xqL0
I9cqlAIO8-w,【Joeman】聊聊我的失敗與成功！創作者年會演講【網紅觀察室】,2023-05-19 18:00:11,2023-05-19,2023,18,1425,長片,人物/訪談,title_series,網紅觀察室,,True,keyword,3.0,致謝贊助句型,False,False,,366834,8805.0,464.0,22,https://www.youtube.com/watch?v=I9cqlAIO8-w
NhSMfo-SSFg,【Joeman】 880元的奢華牛肉麵對決100元的平價牛肉麵！廖家牛肉麵、72牛肉麵、小吳牛肉麵、劉山東牛肉麵、愛.熟成21《Joe是要對決S2》Ep160 ft.Kiki,2023-05-15 18:00:25,2023-05-15,2023,18,2910,長片,挑戰/企劃,playlist,Joe是要對決,【Joe是要對決】第二季,True,keyword,3.0,電商賣場連結,False,False,,734353,7390.0,737.0,22,https://www.youtube.com/watch?v=NhSMfo-SSFg
LkCV7tBExOw,2023 Model X Plaid全台首駕！地表最速休旅車開起來是怎樣的體驗？【Joeman】特斯拉試駕開箱,2023-05-13 20:00:12,2023-05-13,2023,20,747,長片,3C開箱評測,playlist,Joeman開箱去,【Joeman開箱去】,True,keyword,8.0,推薦或聯盟行銷連結|專屬導購指引|折扣導購用語,False,False,,363345,3968.0,332.0,22,https://www.youtube.com/watch?v=LkCV7tBExOw
EFagoLPCmWU,【Joeman】效能極致的硬派電競手機 紅魔8 Pro開箱,2023-05-12 20:00:09,2023-05-12,2023,20,885,長片,電競賽事,keyword,,,False,none,0.0,,False,False,,199952,1999.0,576.0,22,https://www.youtube.com/watch?v=EFagoLPCmWU
rJsKUm4fhIs,【Joeman】地表最強電競掌機 Rog Ally 開箱！,2023-05-12 17:00:43,2023-05-12,2023,17,924,長片,電競賽事,keyword,,,False,none,0.0,,False,False,,316024,4127.0,597.0,22,https://www.youtube.com/watch?v=rJsKUm4fhIs
3x4Tg05z6Yg,【Joeman】在東京Sony總部開箱Sony手機！Xperia 1 V,2023-05-11 18:00:03,2023-05-11,2023,18,1030,長片,3C開箱評測,keyword,,,False,none,0.0,,False,False,,306290,4603.0,596.0,22,https://www.youtube.com/watch?v=3x4Tg05z6Yg
TMyrtdjIHgE,【Joeman】1500元的奢華洗頭對決220元的平價洗頭！小林髮廊、Rosa越式洗髮《Joe是要對決S2》Ep159 @linda-egg,2023-05-08 18:00:17,2023-05-08,2023,18,1824,長片,挑戰/企劃,playlist,Joe是要對決,【Joe是要對決】第二季,True,keyword,5.0,促銷檔期用語|折扣導購用語,False,False,,730675,8559.0,728.0,22,https://www.youtube.com/watch?v=TMyrtdjIHgE
zQVYsPNvzzw,【Joeman】家裡就是網美打卡點！現代法式風格開箱！《Joe是要看房》ep.39  到邸設計,2023-05-06 12:00:22,2023-05-06,2023,12,1192,長片,看房/房產,title_series,Joe是要看房,,False,none,0.0,,False,True,買房課程,293746,3092.0,156.0,22,https://www.youtube.com/watch?v=zQVYsPNvzzw
KYpEKIBw3Ls,【Joeman】員工旅遊！全公司去懶人露營！,2023-05-05 18:00:13,2023-05-05,2023,18,853,長片,旅遊/航空,keyword,,,True,keyword,3.0,直接提及贊助方,False,False,,346898,4150.0,161.0,22,https://www.youtube.com/watch?v=KYpEKIBw3Ls
t1pXsCJ3vFI,【Joeman】惡整好友 !  把他的保時捷貼滿自己的臉 ! ft.晨灰,2023-05-02 18:00:38,2023-05-02,2023,18,692,長片,汽車,keyword,,,True,keyword,11.0,專屬導購代碼|專屬導購連結|導購區塊標題|折扣導購用語,False,True,買房課程,194166,3157.0,134.0,22,https://www.youtube.com/watch?v=t1pXsCJ3vFI
Azzc1zPnEa8,【Joeman】沈來了！610元的奢華滷肉飯對決30元的平價滷肉飯！小王煮瓜、阿義魯肉飯、三元號、丸林魯肉飯、台北萬豪酒店《Joe是要對決S2》Ep158 ft.陪沈團@playwithshen,2023-05-01 18:00:11,2023-05-01,2023,18,2802,長片,挑戰/企劃,playlist,Joe是要對決,【Joe是要對決】第二季,True,keyword,3.0,行動導流連結,False,False,,819122,10569.0,1689.0,22,https://www.youtube.com/watch?v=Azzc1zPnEa8
mBeWta8gJQQ,【Joeman】129800元的奢華KTV對決88元的平價KTV！同學匯、ONCOR 響艷都市會所《Joe是要對決S2》Ep157 ft.吳卓源@JuliaWu,2023-04-24 18:00:30,2023-04-24,2023,18,3391,長片,挑戰/企劃,playlist,Joe是要對決,【Joe是要對決】第二季,True,keyword,6.0,折扣導購用語|購買行動用語|行銷活動用語,False,False,,1108539,12598.0,970.0,22,https://www.youtube.com/watch?v=mBeWta8gJQQ
N0Nm03vLSHE,【Joeman】70歲大壽特別企劃！帶媽媽出國玩＋奢華珠寶！,2023-04-21 20:00:13,2023-04-21,2023,20,1562,長片,未分類,none,,,True,keyword,3.0,致謝贊助句型,False,False,,479000,10937.0,703.0,22,https://www.youtube.com/watch?v=N0Nm03vLSHE
WH0aNUW8UX4,【Joeman】屋齡50年、正對墓地、格局歪斜！有些缺點的東京房屋開箱！《Joe是要看房日本篇》ep.14,2023-04-20 18:00:20,2023-04-20,2023,18,1102,長片,看房/房產,playlist,Joe是要看房,Joe是要看房-日本篇,False,none,0.0,,False,True,買房課程,144921,1694.0,90.0,22,https://www.youtube.com/watch?v=WH0aNUW8UX4
81zyMesQNUc,一線女優無預警參戰！11400元奢華絲襪對決50元平價絲襪《Joe是要對決S2》Ep156 ft.新有菜(原:橋本有菜)、櫻空桃、拐拐【Joeman】,2023-04-17 18:00:05,2023-04-17,2023,18,2010,長片,3C開箱評測,playlist,Joeman開箱去,【Joeman開箱去】,True,keyword,2.0,購買行動用語,False,False,,1422343,32404.0,2208.0,22,https://www.youtube.com/watch?v=81zyMesQNUc
dF_fSU9EnrI,【Joeman】一台超過10萬塊！可以自動變形的螢幕！,2023-04-14 18:00:33,2023-04-14,2023,18,522,長片,3C開箱評測,keyword,,,False,none,1.0,新品發表用語,False,False,,204970,3028.0,279.0,22,https://www.youtube.com/watch?v=dF_fSU9EnrI
KKaLh9yu2iY,【Joeman】 ROG Phone 7 Ultimate 開箱實測！,2023-04-13 20:30:12,2023-04-13,2023,20,1041,長片,3C開箱評測,playlist,Joeman開箱去,【Joeman開箱去】,True,keyword,6.0,購買行動用語|行銷活動用語|通路鋪貨用語,False,False,,297559,4574.0,630.0,22,https://www.youtube.com/watch?v=KKaLh9yu2iY
6BrJa5chT9M,【Joeman】開箱Blaire的家！48坪台北老宅翻新！《Joe是要看房》ep.38 @blairechen_,2023-04-12 18:00:08,2023-04-12,2023,18,1938,長片,看房/房產,title_series,Joe是要看房,,True,keyword,4.0,折扣導購用語|購買行動用語,False,True,買房課程,701385,6573.0,288.0,22,https://www.youtube.com/watch?v=6BrJa5chT9M
Pl5gtvINZ9k,【Joeman】嘉義我們來啦！60元平價雞肉飯對決30元平價雞肉飯！劉里長雞肉飯、和平嘉義火雞肉飯、民主火雞肉飯、呆獅火雞肉飯、東門雞肉飯《Joe是要對決S2》Ep155ft.肥波@feipo1998,2023-04-10 18:00:21,2023-04-10,2023,18,2026,長片,挑戰/企劃,playlist,Joe是要對決,【Joe是要對決】第二季,False,none,0.0,,False,False,,503847,6601.0,935.0,22,https://www.youtube.com/watch?v=Pl5gtvINZ9k
hK11qfRU_UI,奢華8+9對決平價8+9《Joe是要對決S2》Ep154 ft.晨灰、草爺【Joeman】,2023-04-03 18:00:35,2023-04-03,2023,18,2128,長片,挑戰/企劃,playlist,Joe是要對決,【Joe是要對決】第二季,True,keyword,6.0,折扣導購用語|購買行動用語|行動呼籲句型,False,False,,1225702,14871.0,2071.0,22,https://www.youtube.com/watch?v=hK11qfRU_UI
4o-MFQWNIBE,【Joeman】Vlog機中的天花板！Sony這次牙膏擠爆了吧？ZV-E1開箱實測,2023-04-02 12:00:02,2023-04-02,2023,12,988,長片,3C開箱評測,playlist,Joeman開箱去,【Joeman開箱去】,True,keyword,3.0,產品導流連結,False,False,,529955,3016.0,287.0,22,https://www.youtube.com/watch?v=4o-MFQWNIBE
SWyHd_OvpR8,【Joeman】每個交流道附近都有的詩肯柚木！全台最大家具集團開箱,2023-04-01 18:00:17,2023-04-01,2023,18,1006,長片,3C開箱評測,playlist,Joeman開箱去,【Joeman開箱去】,False,none,0.0,,False,False,,287159,2549.0,159.0,22,https://www.youtube.com/watch?v=SWyHd_OvpR8
9DNalUhcDsg,愚人節被惡整！整個辦公室的人都消失是怎樣？,2023-03-31 21:44:45,2023-03-31,2023,21,60,Shorts,未分類,none,,,False,none,0.0,,False,False,,481407,11565.0,121.0,22,https://www.youtube.com/watch?v=9DNalUhcDsg
VzHax3HQI0A,【Joeman】一次開箱5款Sony麥克風！不用充電隨插隨用？Sony ECM-G1、B10、B1M、W2BT、LV1開箱,2023-03-31 18:00:20,2023-03-31,2023,18,1266,長片,3C開箱評測,playlist,Joeman開箱去,【Joeman開箱去】,True,keyword,3.0,延伸導流連結,False,False,,168391,969.0,85.0,22,https://www.youtube.com/watch?v=VzHax3HQI0A
WqM99LW21Ck,一個人3200元的奢華鐵板燒！犇 極上,2023-03-30 10:59:59,2023-03-30,2023,10,59,Shorts,3C開箱評測,playlist,Joeman開箱去,開箱精華版,False,none,0.0,,False,False,,206786,4324.0,51.0,22,https://www.youtube.com/watch?v=WqM99LW21Ck
CCIYJGVzDy8,【Joeman】450元的奢華烏龍麵對決74元的平價烏龍麵！丸龜製麵、穗科手打烏龍麵、小小麥、田舍手打麵、麺匠坐坊うどん本店《Joe是要對決S2》Ep153 ft.蘋蘋,2023-03-27 18:00:06,2023-03-27,2023,18,2712,長片,挑戰/企劃,playlist,Joe是要對決,【Joe是要對決】第二季,True,keyword,3.0,致謝贊助句型,False,False,,614757,6850.0,649.0,22,https://www.youtube.com/watch?v=CCIYJGVzDy8
yKU9lRfIPXQ,【Joeman】選配完600萬！把M4當代步車很爽但折舊驚人！BMW M4 Competition G82,2023-03-25 18:00:45,2023-03-25,2023,18,825,長片,汽車,keyword,,,False,none,0.0,,False,False,,632303,6067.0,361.0,22,https://www.youtube.com/watch?v=yKU9lRfIPXQ
vqlvE-I6F7U,【Joeman】住基隆是怎樣的感覺？soho族夢想中的工作室！職業插畫家諾米的家！《Joe是要看房》ep.37,2023-03-24 18:00:46,2023-03-24,2023,18,1057,長片,看房/房產,title_series,Joe是要看房,,True,keyword,3.0,購買行動用語|新品發表用語,False,True,買房課程,442922,6254.0,271.0,22,https://www.youtube.com/watch?v=vqlvE-I6F7U
DtfXB6w3QQU,【Joeman】320元的奢華飯糰對決30元的平價飯糰！劉媽媽飯糰、飯糰霸、GABA日式飯糰店、魚君鮮魚專門居酒屋、UMAI沖繩飯糰《Joe是要對決S2》Ep152 ft.宇恩,2023-03-20 18:00:06,2023-03-20,2023,18,2012,長片,挑戰/企劃,playlist,Joe是要對決,【Joe是要對決】第二季,True,keyword,7.0,致謝贊助句型|直接提及贊助方|提及廠商,False,False,,577291,6751.0,750.0,22,https://www.youtube.com/watch?v=DtfXB6w3QQU
VXHeakmusPU,【Joeman】炎上預備？我也出線上課程了！超實用買房密技！@35visitchannel,2023-03-18 18:30:08,2023-03-18,2023,18,727,長片,看房/房產,keyword,,,True,keyword,3.0,購買行動用語|新品發表用語,False,True,買房課程,289481,3047.0,688.0,22,https://www.youtube.com/watch?v=VXHeakmusPU
os74NzRvQeU,【Joeman】開箱好友敏迪的家！150萬超值溫馨裝潢！ft. @mindiworldnews  《Joe是要看房》ep.36,2023-03-18 12:00:18,2023-03-18,2023,12,1288,長片,看房/房產,title_series,Joe是要看房,,True,keyword,3.0,購買行動用語|新品發表用語,False,True,買房課程,584600,6703.0,313.0,22,https://www.youtube.com/watch?v=os74NzRvQeU
qgsxTA-y_sA,【Joeman】第一次辦員工旅遊！全公司去花蓮渡假！傳說中的瑞穗天合酒店～,2023-03-17 20:00:45,2023-03-17,2023,20,1222,長片,旅遊/航空,keyword,,,True,keyword,11.0,專屬導購連結|影片合作聲明|推薦或聯盟行銷連結|購買行動用語,False,False,,724889,7742.0,417.0,22,https://www.youtube.com/watch?v=qgsxTA-y_sA
BMi3mFq5U44,【Joeman】實測！造假還是AI算圖？S23 Ultra的拍照爭議,2023-03-17 17:00:07,2023-03-17,2023,17,580,長片,3C開箱評測,playlist,Joeman開箱去,【Joeman開箱去】,False,none,0.0,,False,False,,259589,5282.0,725.0,22,https://www.youtube.com/watch?v=BMi3mFq5U44
MECQjNKuCto,ASMR Porsche 911 GT3 992,2023-03-16 20:00:50,2023-03-16,2023,20,57,Shorts,汽車,keyword,,,False,none,0.0,,False,False,,53674,1480.0,53.0,22,https://www.youtube.com/watch?v=MECQjNKuCto
YrZS-5N_cn4,【Joeman】接近完美的旗艦手機！S23 Ultra開箱實測,2023-03-14 18:00:20,2023-03-14,2023,18,1527,長片,3C開箱評測,playlist,Joeman開箱去,【Joeman開箱去】,False,none,0.0,,False,False,,547950,7468.0,941.0,22,https://www.youtube.com/watch?v=YrZS-5N_cn4
fGai88-Fzr4,【Joeman】開箱愛莉莎莎家的風水！谷底反彈的奇蹟！88888元的奢華風水對決888元的平價風水＿愛莉莎莎篇《Joe是要對決S2》Ep151ft.愛莉莎莎、簡少年　@alisasa_official,2023-03-13 18:00:21,2023-03-13,2023,18,3036,長片,挑戰/企劃,playlist,Joe是要對決,【Joe是要對決】第二季,True,keyword,12.0,致謝贊助句型|電商賣場連結|折扣導購用語|購買行動用語|行銷活動用語,False,False,,714739,10809.0,516.0,22,https://www.youtube.com/watch?v=fGai88-Fzr4
93A5AK2fpM0,小米13 Pro國際版開箱！拍照跟效能都超頂～#小米 #小米13pro,2023-03-09 20:39:28,2023-03-09,2023,20,60,Shorts,3C開箱評測,keyword,,,False,none,0.0,,False,False,,61562,1123.0,47.0,22,https://www.youtube.com/watch?v=93A5AK2fpM0
knt4yvAfdQ0,突然上架的黃色iPhone 14開箱！值不值得買？#shorts #iphone #iphone14 #黃色,2023-03-09 15:45:02,2023-03-09,2023,15,59,Shorts,3C開箱評測,playlist,Joeman開箱去,開箱精華版,False,none,0.0,,False,False,,168853,3255.0,117.0,22,https://www.youtube.com/watch?v=knt4yvAfdQ0
w5sOqUuyGLk,【Joeman】開箱20萬的頂級套裝電腦！MSI MEG Trident X2,2023-03-07 20:00:51,2023-03-07,2023,20,1086,長片,3C開箱評測,playlist,Joeman開箱去,【Joeman開箱去】,True,keyword,3.0,產品導流連結,False,False,,304452,3830.0,484.0,22,https://www.youtube.com/watch?v=w5sOqUuyGLk
LR_HGML0_8M,【Joeman】45萬元的奢華風水對決888元的平價風水《Joe是要對決S2》Ep150 ft.愛莉莎莎、簡少年@alisasa_official,2023-03-06 18:00:16,2023-03-06,2023,18,4539,長片,挑戰/企劃,playlist,Joe是要對決,【Joe是要對決】第二季,True,keyword,2.0,購買行動用語,False,False,,865784,12350.0,1220.0,22,https://www.youtube.com/watch?v=LR_HGML0_8M
Tpyhf5okhnI,【Joeman】騙我媽有私生子！新豐街底迪夢幻連動！,2023-03-04 12:00:09,2023-03-04,2023,12,726,長片,未分類,none,,,False,none,0.0,,False,False,,1303039,23185.0,1409.0,22,https://www.youtube.com/watch?v=Tpyhf5okhnI
gSlqIeq0GrM,【Joeman】聯名商品被罵爆！我的回應與改進！,2023-03-03 22:30:19,2023-03-03,2023,22,1117,長片,未分類,none,,,False,none,0.0,,False,False,,1632366,66013.0,11177.0,22,https://www.youtube.com/watch?v=gSlqIeq0GrM
0hpcjvInL8Q,原來PSVR2可以看片片！第一人稱看女優超震撼！#shorts  #psvr2,2023-03-01 23:00:00,2023-03-01,2023,23,60,Shorts,3C開箱評測,playlist,Joeman開箱去,開箱精華版,False,none,0.0,,False,False,,170731,2569.0,128.0,22,https://www.youtube.com/watch?v=0hpcjvInL8Q
akjAOTLlo1Q,【Joeman】1280的奢華舒芙蕾對決90元的平價舒芙蕾！KOKU café 榖珈琲、喜來登大飯店、拾梯甜、左手呼吸、椿 Tsubaki Salon《Joe是要對決S2》Ep149 ft.塞門,2023-02-27 18:00:01,2023-02-27,2023,18,2606,長片,挑戰/企劃,playlist,Joe是要對決,【Joe是要對決】第二季,True,keyword,14.0,致謝贊助句型|影片合作聲明|直接提及贊助方|折扣導購用語|行動呼籲句型|提及廠商,False,False,,641248,8531.0,846.0,22,https://www.youtube.com/watch?v=akjAOTLlo1Q
HvsokQKO8s8,超療癒！把攝影器材都貼膜！ #攝影包膜 #鏡頭包膜,2023-02-25 21:14:20,2023-02-25,2023,21,60,Shorts,3C開箱評測,keyword,,,False,none,0.0,,False,False,,50493,884.0,20.0,22,https://www.youtube.com/watch?v=HvsokQKO8s8
OFwB39moInw,【Joeman】PlayStation VR2開箱！畫面頂級！可惜不能接PC,2023-02-24 20:30:11,2023-02-24,2023,20,961,長片,3C開箱評測,playlist,Joeman開箱去,【Joeman開箱去】,False,none,1.0,新品發表用語,False,False,,242816,3191.0,341.0,22,https://www.youtube.com/watch?v=OFwB39moInw
38K6b3XkKCw,【Joeman】史詩級吃播！2200元的奢華吃到飽對決329元的平價吃到飽！BEEF HOUSE 牛室炙燒牛排、饗饗INPARDISE《Joe是要對決S2》Ep148 ft.肥波、吃貨艾嘉,2023-02-20 18:00:04,2023-02-20,2023,18,3297,長片,挑戰/企劃,playlist,Joe是要對決,【Joe是要對決】第二季,True,keyword,6.0,影片合作聲明|直接提及贊助方,False,False,,1822098,16211.0,1340.0,22,https://www.youtube.com/watch?v=38K6b3XkKCw
ump-wm8rNcY,超帥的鬼滅之刃GK雕像，炎柱的火焰還會發光太猛啦！感謝kiki #鬼滅之刃 #炎柱 #猗窩座,2023-02-19 12:41:37,2023-02-19,2023,12,60,Shorts,未分類,none,,,False,none,0.0,,False,False,,175708,4494.0,102.0,22,https://www.youtube.com/watch?v=ump-wm8rNcY
EFqF6PtSuGA,可口可樂聯名手機！外觀超帥！真正的可樂圈鏡頭來啦～#cokecola #realme #realme10pro,2023-02-17 16:28:45,2023-02-17,2023,16,59,Shorts,3C開箱評測,keyword,,,False,none,0.0,,False,False,,87260,1944.0,30.0,22,https://www.youtube.com/watch?v=EFqF6PtSuGA
rAoO0oNzicM,PS VR2搶先上手體驗!更簡單的連結與更好畫質，搭配PS5沉浸感很讚! #playstation5  #psvr2,2023-02-17 00:19:48,2023-02-17,2023,0,58,Shorts,挑戰/企劃,keyword,,,False,none,0.0,,False,False,,49698,901.0,31.0,22,https://www.youtube.com/watch?v=rAoO0oNzicM
B1qa59zB1_M,開箱1500日圓的奢華轉蛋！,2023-02-15 18:29:27,2023-02-15,2023,18,57,Shorts,玩具/收藏,title_series,一起轉蛋去,,False,none,0.0,,False,False,,42804,833.0,29.0,22,https://www.youtube.com/watch?v=B1qa59zB1_M
-Rv6DP-roWw,我覺得日本大阪燒店的炒麵都很讚！,2023-02-14 17:40:22,2023-02-14,2023,17,54,Shorts,未分類,none,,,False,none,0.0,,False,False,,384146,15742.0,82.0,22,https://www.youtube.com/watch?v=-Rv6DP-roWw
aVnJ93E4i-Y,【Joeman】6000元的奢華安太歲對決300元的平價安太歲《Joe是要對決S2》Ep147 ft.呱吉@FroggyChiu,2023-02-13 18:00:00,2023-02-13,2023,18,2875,長片,挑戰/企劃,playlist,Joe是要對決,【Joe是要對決】第二季,True,keyword,14.0,致謝贊助句型|影片合作聲明|直接提及贊助方|折扣導購用語|行動呼籲句型|提及廠商,False,False,,535213,7002.0,799.0,22,https://www.youtube.com/watch?v=aVnJ93E4i-Y
bXLJNXypu1k,復古風格超美！一晚四萬台幣的京都奢華飯店！丸福樓まるふくろう開箱,2023-02-11 17:28:41,2023-02-11,2023,17,59,Shorts,3C開箱評測,keyword,,,False,none,0.0,,False,False,,70983,1384.0,21.0,22,https://www.youtube.com/watch?v=bXLJNXypu1k
Oqc1gKMXsVE,【Joeman】東京的夾層套房只要330萬台幣？傳說中的日本LOFT套房 ft.魚乾 @annie72127《Joe是要看房日本篇》ep.13,2023-02-10 18:00:25,2023-02-10,2023,18,1374,長片,看房/房產,playlist,Joe是要看房,Joe是要看房-日本篇,False,none,0.0,,False,False,,248303,2950.0,153.0,22,https://www.youtube.com/watch?v=Oqc1gKMXsVE
rtDRROHkij4,超可愛的豬豬咖啡廳！東京寵物豬咖啡廳mipig體驗,2023-02-09 20:04:59,2023-02-09,2023,20,60,Shorts,美食,keyword,,,False,none,0.0,,False,False,,49359,1167.0,38.0,22,https://www.youtube.com/watch?v=rtDRROHkij4
UlKJQFQtCZE,【Joeman】為了錢跟我一起？跟女友回復酸民留言！ft. Niya @niya0325,2023-02-08 19:00:19,2023-02-08,2023,19,1235,長片,人物/訪談,keyword,,,False,none,0.0,,False,False,,1608882,27704.0,3414.0,22,https://www.youtube.com/watch?v=UlKJQFQtCZE
5xyA3njtfM8,曾被票選為日本第一？大阪拉麵名店Jet拉麵人生體驗！ #shorts,2023-02-07 20:00:04,2023-02-07,2023,20,52,Shorts,3C開箱評測,playlist,Joeman開箱去,開箱精華版,False,none,0.0,,False,False,,807245,23032.0,230.0,22,https://www.youtube.com/watch?v=5xyA3njtfM8
Ia8SU_mrwfc,【Joeman】18元的平價包子對決200元的奢華包子！康樂意小吃店、妙口四神湯、永豐盛、包子商行、老上海《Joe是要對決S2》Ep146 ft.吃貨豪豪@HowHowEat,2023-02-06 18:00:18,2023-02-06,2023,18,2041,長片,挑戰/企劃,playlist,Joe是要對決,【Joe是要對決】第二季,True,keyword,2.0,購買行動用語,False,False,,648087,8142.0,704.0,22,https://www.youtube.com/watch?v=Ia8SU_mrwfc
SZDSEzAgNvM,【Joeman】大台北湯圓精選！60元的平價湯圓對決120元的平價湯圓！雙連圓仔湯、施家鮮肉湯圓、政江號、鼎泰豐、御品元冰火湯圓《Joe是要對決S2》Ep145 ft.伊娜@inna91030,2023-01-30 18:00:24,2023-01-30,2023,18,1630,長片,挑戰/企劃,playlist,Joe是要對決,【Joe是要對決】第二季,False,none,0.0,,False,False,,477649,5885.0,372.0,22,https://www.youtube.com/watch?v=SZDSEzAgNvM
rsPHved4SVU,一雙鞋十幾萬！潮鞋收藏家！《Joe是要收藏》ep.25 ft.布萊恩的世界【Joeman】,2023-01-28 12:00:12,2023-01-28,2023,12,2448,長片,玩具/收藏,playlist,Joe是要收藏,Joe是要收藏,False,none,0.0,,False,False,,553800,6063.0,437.0,22,https://www.youtube.com/watch?v=rsPHved4SVU
j3-PVX2C7z4,【Joeman】我竟然拿了冠軍！重溫十年前的電競夢,2023-01-27 12:00:14,2023-01-27,2023,12,896,長片,電競賽事,keyword,,,False,none,0.0,,False,False,,557347,8227.0,331.0,22,https://www.youtube.com/watch?v=j3-PVX2C7z4
OQLwssllv9U,【Joeman】一次開箱3款遊戲掌機！但每一台都有缺點！Steam deck vs Ayaneo Air vs Logitech G cloud,2023-01-26 12:00:06,2023-01-26,2023,12,1672,長片,3C開箱評測,playlist,Joeman開箱去,【Joeman開箱去】,False,none,0.0,,False,False,,370283,5508.0,484.0,22,https://www.youtube.com/watch?v=OQLwssllv9U
jpzGB5lz8U0,【Joeman】毛胚屋就要1.5億？新莊200坪超高樓層豪宅開箱！《Joe是要看房》ep.35,2023-01-25 12:00:08,2023-01-25,2023,12,1420,長片,看房/房產,title_series,Joe是要看房,,True,keyword,10.0,致謝贊助句型|影片合作聲明|直接提及贊助方|提及廠商,False,False,,727716,6474.0,404.0,22,https://www.youtube.com/watch?v=jpzGB5lz8U0
BDxrTUaENWw,【Joeman】偶像突襲辦公室！結果粉絲本人卻不在...ft.邱鋒澤,2023-01-24 12:00:03,2023-01-24,2023,12,395,長片,人物/訪談,keyword,,,False,none,0.0,,False,False,,249151,4068.0,212.0,22,https://www.youtube.com/watch?v=BDxrTUaENWw
4A8J2bBH3fw,【Joeman】過年必打！100000元的奢華麻將桌對決1100元的平價麻將桌！商密特電動麻將桌、東方不敗電動麻將桌《Joe是要對決S2》Ep144 ft.艾瑞絲@aries8248,2023-01-23 18:00:02,2023-01-23,2023,18,2615,長片,挑戰/企劃,playlist,Joe是要對決,【Joe是要對決】第二季,True,keyword,14.0,致謝贊助句型|影片合作聲明|直接提及贊助方|折扣導購用語|行動呼籲句型|提及廠商,False,False,,1163630,10333.0,768.0,22,https://www.youtube.com/watch?v=4A8J2bBH3fw
2wyi8DBnxBw,現在的電動麻將桌也太屌了吧！自動洗牌、自動付錢都有？ #shorts,2023-01-23 18:00:01,2023-01-23,2023,18,59,Shorts,3C開箱評測,playlist,Joeman開箱去,開箱精華版,False,none,0.0,,False,False,,1514320,26714.0,407.0,22,https://www.youtube.com/watch?v=2wyi8DBnxBw
Oks40zIImSc,【Joeman】包下整棟民宿辦尾牙！一口氣抽30幾萬現金！,2023-01-20 18:00:13,2023-01-20,2023,18,1507,長片,未分類,none,,,False,none,1.0,提及廠商,False,False,,733283,9473.0,443.0,22,https://www.youtube.com/watch?v=Oks40zIImSc
Z7BFEbAMpss,【Joeman】曾低潮到付不出貸款！炎上女王的故事！ft.愛莉莎莎 【網紅觀察室】,2023-01-19 18:00:27,2023-01-19,2023,18,1389,長片,人物/訪談,playlist,網紅觀察室,Joeman網紅觀察室,True,keyword,5.0,結帳代碼指引|折扣導購用語,False,False,,677132,13917.0,1008.0,22,https://www.youtube.com/watch?v=Z7BFEbAMpss
9WL7AlmOLXs,【Joeman】我的辦公室用甚麼家電？全套奢華家電開箱！,2023-01-18 18:00:08,2023-01-18,2023,18,1164,長片,3C開箱評測,playlist,Joeman開箱去,【Joeman開箱去】,False,none,1.0,品牌官方導流,False,False,,357752,4437.0,188.0,22,https://www.youtube.com/watch?v=9WL7AlmOLXs
BKZXC4BeiWI,【Joeman】花了1200萬！我的全新辦公室開箱！,2023-01-17 20:00:11,2023-01-17,2023,20,1540,長片,3C開箱評測,keyword,,,False,none,1.0,提及廠商,False,False,,1602336,26914.0,1671.0,22,https://www.youtube.com/watch?v=BKZXC4BeiWI
_GNz0PeFIuM,【Joeman】除夕年夜飯必看！34540元的奢華年菜對決4180元的平價年菜！滿穗台菜、台北萬豪酒店 宴客樓《Joe是要對決S2》Ep143 ft.阿達、大蛇丸、魚乾、徐海莉,2023-01-16 18:00:24,2023-01-16,2023,18,2668,長片,挑戰/企劃,playlist,Joe是要對決,【Joe是要對決】第二季,True,keyword,3.0,影片合作聲明,False,False,,1626538,19190.0,965.0,22,https://www.youtube.com/watch?v=_GNz0PeFIuM
7Xje149SpsY,【Joeman】台中破億景觀宅開箱！150坪兩戶打通！寶輝City Park《Joe是要看房》ep.34,2023-01-13 18:00:05,2023-01-13,2023,18,1363,長片,看房/房產,title_series,Joe是要看房,,False,none,0.0,,False,False,,790723,6694.0,503.0,22,https://www.youtube.com/watch?v=7Xje149SpsY
4u9seiWEYdQ,2023千元假鈔開箱！超多破綻！昏暗環境下還是要小心 #shorts,2023-01-12 21:30:02,2023-01-12,2023,21,59,Shorts,3C開箱評測,playlist,Joeman開箱去,開箱精華版,False,none,0.0,,False,False,,1934229,32789.0,627.0,22,https://www.youtube.com/watch?v=4u9seiWEYdQ
BW8C6X4ee9w,【Joeman】一隻4136元的奢華龍蝦對決350元的平價龍蝦《Joe是要對決S2》Ep142 ft.小葵@XiaoKui,2023-01-09 18:00:09,2023-01-09,2023,18,2695,長片,挑戰/企劃,playlist,Joe是要對決,【Joe是要對決】第二季,True,keyword,14.0,致謝贊助句型|影片合作聲明|直接提及贊助方|折扣導購用語|行動呼籲句型|提及廠商,False,False,,1143662,10477.0,615.0,22,https://www.youtube.com/watch?v=BW8C6X4ee9w
JZK-tP7bT7I,【Joeman】2023刮刮樂大賽～給員工16萬買刮刮樂！這次能回本嗎？,2023-01-08 18:30:07,2023-01-08,2023,18,1057,長片,3C開箱評測,playlist,Joeman開箱去,【Joeman開箱去】,False,none,0.0,,False,False,,1203561,14055.0,588.0,22,https://www.youtube.com/watch?v=JZK-tP7bT7I
E7C5Xh5oz9U,【Joeman】在東京擁有大庭院是怎樣的體驗？2億日幣的品川住宅開箱！《Joe是要看房日本篇》ep.12 ft.小豪 @11hao,2023-01-06 18:00:07,2023-01-06,2023,18,1667,長片,看房/房產,playlist,Joe是要看房,Joe是要看房-日本篇,True,keyword,2.0,購買行動用語,False,False,,227743,2361.0,143.0,22,https://www.youtube.com/watch?v=E7C5Xh5oz9U
nk_qsKpvMQo,【Joeman】划算嗎？買在青埔隔壁一坪便宜20萬！聖岳湖苑《Joe是要看房》ep.33,2023-01-04 18:00:31,2023-01-04,2023,18,1281,長片,看房/房產,title_series,Joe是要看房,,False,none,0.0,,False,False,,1355171,2569.0,353.0,22,https://www.youtube.com/watch?v=nk_qsKpvMQo
vv4ihIfnfVs,【Joeman】不用出門就能叫福袋！一口氣開箱20個外送福袋！,2023-01-03 18:00:31,2023-01-03,2023,18,1658,長片,3C開箱評測,playlist,Joeman開箱去,【Joeman開箱去】,True,keyword,9.0,結帳代碼指引|折扣導購用語|購買行動用語|通路鋪貨用語,False,False,,457299,6985.0,1547.0,22,https://www.youtube.com/watch?v=vv4ihIfnfVs
Z000iINTP8s,【Joeman】每公斤5500元的奢華干貝對決每公斤230元的平價干貝《Joe是要對決S2》Ep141 ft.紀卜心 @kimi0512ji,2023-01-02 18:00:25,2023-01-02,2023,18,2379,長片,挑戰/企劃,playlist,Joe是要對決,【Joe是要對決】第二季,True,keyword,4.0,折扣導購用語|購買行動用語,False,False,,993583,9725.0,491.0,22,https://www.youtube.com/watch?v=Z000iINTP8s
8kPFAm-8kOU,【Joeman】為了拍泡泡浴我到底燒多少錢？突破天際的製作費！外景節目的利弊與成本分析《網紅觀察室》,2023-01-01 18:00:04,2023-01-01,2023,18,1263,長片,人物/訪談,playlist,網紅觀察室,Joeman網紅觀察室,False,none,0.0,,False,False,,1088006,31313.0,2123.0,22,https://www.youtube.com/watch?v=8kPFAm-8kOU
1TrzSxgGObI,【Joeman】龍山寺美食之旅！一口氣吃六家廟口小吃！ft.路路,2022-12-29 18:00:03,2022-12-29,2022,18,1288,長片,旅遊/航空,keyword,,,True,keyword,13.0,致謝贊助句型|影片合作聲明|直接提及贊助方|購買行動用語|品牌官方導流|提及廠商,False,False,,372138,4551.0,370.0,22,https://www.youtube.com/watch?v=1TrzSxgGObI
LOBKhpf-oKE,【Joeman】開箱一晚6萬的宜蘭溫泉飯店！礁溪老爺酒店豪華套房體驗,2022-12-28 18:00:14,2022-12-28,2022,18,909,長片,3C開箱評測,playlist,Joeman開箱去,【Joeman開箱去】,False,none,0.0,,False,False,,734056,7029.0,418.0,22,https://www.youtube.com/watch?v=LOBKhpf-oKE
Yq0EEnOvp9c,【Joeman】7-11兔年2023福袋搶先開箱！一口氣開箱30個！抽獎抽起來～,2022-12-27 18:00:15,2022-12-27,2022,18,1649,長片,3C開箱評測,playlist,Joeman開箱去,【Joeman開箱去】,True,keyword,6.0,折扣導購用語|購買行動用語|品牌官方導流|新品發表用語,False,False,,712412,23375.0,7588.0,22,https://www.youtube.com/watch?v=Yq0EEnOvp9c
_DDHqcjzO4k,【Joeman】968元的奢華可麗餅對決60元的平價可麗餅！大麗士可麗、HiSugar嗨糖、茶餅鋪、錐子日式可麗餅咖啡專賣、巴賽麗廳  (、《Joe是要對決S2》Ep140 ft.小熊  ​,2022-12-26 18:00:16,2022-12-26,2022,18,2235,長片,挑戰/企劃,playlist,Joe是要對決,【Joe是要對決】第二季,True,keyword,14.0,致謝贊助句型|影片合作聲明|直接提及贊助方|折扣導購用語|行動呼籲句型|提及廠商,False,False,,514728,6577.0,487.0,22,https://www.youtube.com/watch?v=_DDHqcjzO4k
H2Xq8ty0QaY,【Joeman】住在東京40樓以上是怎樣的體驗？日本超高樓住宅開箱！《Joe是要看房日本篇》ep.11,2022-12-23 18:00:05,2022-12-23,2022,18,2569,長片,挑戰/企劃,playlist,Joe是要對決,【Joe是要對決】第二季,True,keyword,2.0,折扣導購用語,False,False,,597628,5259.0,318.0,22,https://www.youtube.com/watch?v=H2Xq8ty0QaY
97EwPHUJ_NI,【Joeman】5700日元的奢華日式豬排對決590元的平價日式豬排！松乃家、 Katsuプリポー、銀座かつかみ《Joe是要對決S2》Ep139 ft.魚乾、吳淡如,2022-12-19 18:00:08,2022-12-19,2022,18,1713,長片,挑戰/企劃,playlist,Joe是要對決,【Joe是要對決】第二季,True,keyword,13.0,專屬導購代碼|致謝贊助句型|結帳代碼指引|折扣導購用語|購買行動用語,False,False,,795238,9312.0,605.0,22,https://www.youtube.com/watch?v=97EwPHUJ_NI
J90TTQpspd0,【Joeman】超過3億日幣！台灣移民設計的東京豪宅！《Joe是要看房日本篇》ep.10,2022-12-16 18:00:15,2022-12-16,2022,18,1605,長片,看房/房產,playlist,Joe是要看房,Joe是要看房-日本篇,True,keyword,3.0,專屬導購連結,False,False,,307156,3908.0,246.0,22,https://www.youtube.com/watch?v=J90TTQpspd0
H70ERz8gMlM,【Joeman】擁有一台奢華保母車是怎樣的體驗？Toyota Alphard真實車主心得分享 ft.蛇丸、Ted,2022-12-14 18:00:13,2022-12-14,2022,18,1178,長片,挑戰/企劃,keyword,,,False,none,0.0,,False,False,,1100707,8801.0,582.0,22,https://www.youtube.com/watch?v=H70ERz8gMlM
ZeXpLdo_Vd8,【Joeman】年度大企劃！80000日元的奢華泡泡浴對決14000元的平價泡泡浴《Joe是要對決S2》Ep138 ft.中指通、瘋男,2022-12-12 18:00:16,2022-12-12,2022,18,3084,長片,挑戰/企劃,playlist,Joe是要對決,【Joe是要對決】第二季,True,keyword,8.0,專屬導購連結|影片合作聲明|購買行動用語,False,False,,3172902,62617.0,3878.0,22,https://www.youtube.com/watch?v=ZeXpLdo_Vd8
oYtwKOKU0BY,【Joeman】包下整間餐廳吃鐵板燒！超豪華的阪前和牛鐵板燒料理！ft.魚乾,2022-12-09 18:00:24,2022-12-09,2022,18,1715,長片,美食,keyword,,,False,none,0.0,,False,False,,583538,6736.0,335.0,22,https://www.youtube.com/watch?v=oYtwKOKU0BY
-Y8N0KSs7U4,【Joeman】全台首開！7-11竟然出了聖誕節福袋！,2022-12-08 18:00:00,2022-12-08,2022,18,1247,長片,未分類,none,,,True,keyword,6.0,折扣導購用語|購買行動用語|品牌官方導流|新品發表用語,False,False,,720475,22059.0,2545.0,22,https://www.youtube.com/watch?v=-Y8N0KSs7U4
ZZCUOdRn2hM,【Joeman】說走就走！毫無預警的出國旅遊！ft.晨灰@CrazyMan,2022-12-06 20:30:17,2022-12-06,2022,20,2010,長片,旅遊/航空,keyword,,,True,keyword,6.0,專屬導購連結|推薦或聯盟行銷連結,False,False,,910210,11680.0,701.0,22,https://www.youtube.com/watch?v=ZZCUOdRn2hM
9-4rhsK_7Lo,【Joeman】1600元的奢華米粉湯對決30元的平價米粉湯！大龍峒肉羹 - 米粉湯、三禾米粉湯、69年老店麵攤、胡饕米粉黑白切、新東南海鮮餐廳《Joe是要對決S2》Ep137 ft.Jojo,2022-12-05 18:00:03,2022-12-05,2022,18,2425,長片,挑戰/企劃,playlist,Joe是要對決,【Joe是要對決】第二季,True,keyword,14.0,致謝贊助句型|影片合作聲明|直接提及贊助方|折扣導購用語|行動呼籲句型|提及廠商,False,False,,529207,5066.0,495.0,22,https://www.youtube.com/watch?v=9-4rhsK_7Lo
3jutcJj1e_w,【Joeman】200坪住起來是怎樣的體驗？東京12億豪宅開箱！《Joe是要看房日本篇》ep.9,2022-12-02 18:00:01,2022-12-02,2022,18,1151,長片,看房/房產,playlist,Joe是要看房,Joe是要看房-日本篇,False,none,0.0,,False,False,,349704,4372.0,281.0,22,https://www.youtube.com/watch?v=3jutcJj1e_w
x1O3FZ8MsM8,【Joeman】一人4180元的奢華台菜對決一盤100元的平價台菜！ 品鱻100元熱炒、美福大飯店 米香台菜餐廳、《Joe是要對決S2》Ep136 ft.魚乾,2022-11-28 18:00:29,2022-11-28,2022,18,2854,長片,挑戰/企劃,playlist,Joe是要對決,【Joe是要對決】第二季,True,keyword,5.0,專屬導購連結|購買行動用語,False,False,,1204667,10654.0,799.0,22,https://www.youtube.com/watch?v=x1O3FZ8MsM8
F9ObOPQeWeU,【Joeman】要價4億元！東京晴空塔旁的全新公寓！設計師本間貴史《Joe是要看房日本篇》ep.8,2022-11-25 18:00:08,2022-11-25,2022,18,926,長片,看房/房產,playlist,Joe是要看房,Joe是要看房-日本篇,False,none,0.0,,False,False,,275479,3435.0,159.0,22,https://www.youtube.com/watch?v=F9ObOPQeWeU
WApEI0IaJEc,【Joeman】總價9500萬！新店200坪超美別墅！新店華城《Joe是要看房》ep.32,2022-11-24 18:00:26,2022-11-24,2022,18,1367,長片,看房/房產,title_series,Joe是要看房,,False,none,1.0,品牌官方導流,False,False,,1420566,10672.0,685.0,22,https://www.youtube.com/watch?v=WApEI0IaJEc
dFujMyICK-U,【Joeman】年度大企劃！東京迪士尼對決大阪環球影城！《Joe是要對決S2》Ep135 ft.海莉,2022-11-21 19:00:25,2022-11-21,2022,19,3147,長片,挑戰/企劃,playlist,Joe是要對決,【Joe是要對決】第二季,True,keyword,14.0,致謝贊助句型|影片合作聲明|直接提及贊助方|折扣導購用語|行動呼籲句型|提及廠商,False,False,,2247284,28960.0,1111.0,22,https://www.youtube.com/watch?v=dFujMyICK-U
jEnqop_lanA,【Joeman】日本經濟泡沫前破億的東京透天！現在值多少錢？《Joe是要看房日本篇》ep.7,2022-11-18 18:00:24,2022-11-18,2022,18,930,長片,看房/房產,playlist,Joe是要看房,Joe是要看房-日本篇,False,none,0.0,,False,False,,454089,5115.0,399.0,22,https://www.youtube.com/watch?v=jEnqop_lanA
3FCv9MvDdFA,【Joeman】睽違三年！我組了16萬的信仰主機！,2022-11-17 18:00:01,2022-11-17,2022,18,1074,長片,3C開箱評測,playlist,Joeman開箱去,【Joeman開箱去】,True,keyword,4.0,致謝贊助句型|新品發表用語,False,False,,1027739,6911.0,555.0,22,https://www.youtube.com/watch?v=3FCv9MvDdFA
X-z2JSMWlH0,【Joeman】8460元的奢華螃蟹對決100元的平價螃蟹！ 阿嬌萬里蟹、川郎活蟹海鮮料理《Joe是要對決S2》Ep134@atotheda,2022-11-14 18:00:19,2022-11-14,2022,18,2323,長片,挑戰/企劃,playlist,Joe是要對決,【Joe是要對決】第二季,True,keyword,3.0,影片合作聲明,False,False,,1187304,11837.0,705.0,22,https://www.youtube.com/watch?v=X-z2JSMWlH0
F2iCM2qSOGY,【Joeman】再次去算命！台積電到底要不要賣？,2022-11-12 12:00:09,2022-11-12,2022,12,487,長片,未分類,none,,,False,none,0.0,,False,False,,659439,8736.0,943.0,22,https://www.youtube.com/watch?v=F2iCM2qSOGY
7XZwOeSa6WY,【Joeman】一坪台幣170萬！東京房價不輸台北？《Joe是要看房日本篇》ep.6,2022-11-11 18:00:07,2022-11-11,2022,18,1080,長片,看房/房產,playlist,Joe是要看房,Joe是要看房-日本篇,False,none,0.0,,False,False,,298246,3384.0,344.0,22,https://www.youtube.com/watch?v=7XZwOeSa6WY
GOz2uVzX5mw,【Joeman】充滿吐槽點的iPad 10！2023 iPad選購指南！,2022-11-10 18:00:12,2022-11-10,2022,18,1037,長片,3C開箱評測,playlist,Joeman開箱去,【Joeman開箱去】,True,keyword,3.0,導購區塊標題,False,False,,601491,5263.0,524.0,22,https://www.youtube.com/watch?v=GOz2uVzX5mw
tIHs0W8IVIk,【Joeman】犀牛盾雙11今年限時最低優惠！！,2022-11-10 16:30:12,2022-11-10,2022,16,53,Shorts,未分類,none,,,True,keyword,8.0,專屬導購代碼|折扣導購用語|購買行動用語|品牌官方導流,False,False,,46502,656.0,8.0,22,https://www.youtube.com/watch?v=tIHs0W8IVIk
PRp3kJtMQwU,【Joeman】跟吳淡如聊日本買房的故事！怎樣的房子才值得買？《Joe是要看房日本篇》,2022-11-09 18:00:14,2022-11-09,2022,18,1413,長片,看房/房產,playlist,Joe是要看房,Joe是要看房-日本篇,False,none,0.0,,False,False,,665830,13840.0,664.0,22,https://www.youtube.com/watch?v=PRp3kJtMQwU
AuCukfaG9hU,【Joeman】Sony家庭劇院音響選購指南！HT-A5000、A3000開箱,2022-11-08 18:00:05,2022-11-08,2022,18,747,長片,3C開箱評測,playlist,Joeman開箱去,【Joeman開箱去】,False,none,1.0,新品發表用語,False,False,,357937,2094.0,111.0,22,https://www.youtube.com/watch?v=AuCukfaG9hU
c2A_cTJIqYE,【Joeman】250元的奢華鴨肉飯vs25元的平價鴨肉飯！鴨肉珍、趕鴨子上桌、七賢鴨肉飯、鴨肉和、正宗鴨肉飯《Joe是要對決S2》Ep133 @Chimaichen@lanyimingyoyo,2022-11-07 18:00:16,2022-11-07,2022,18,2285,長片,挑戰/企劃,playlist,Joe是要對決,【Joe是要對決】第二季,True,keyword,14.0,致謝贊助句型|影片合作聲明|直接提及贊助方|折扣導購用語|行動呼籲句型|提及廠商,False,False,,625273,9157.0,928.0,22,https://www.youtube.com/watch?v=c2A_cTJIqYE
uRyuWGqa8QU,【Joeman】華航皮卡丘彩繪機商務艙&經濟艙體驗！Pikachu Jet China Airline,2022-11-05 18:00:36,2022-11-05,2022,18,1191,長片,旅遊/航空,playlist,飛機餐與貴賓室,【Joeman】飛機餐與貴賓室,False,none,0.0,,False,False,,509971,7275.0,409.0,22,https://www.youtube.com/watch?v=uRyuWGqa8QU
gA7h4OelMyw,【Joeman】1億2000萬送超大庭院！超舒服的東京家庭式公寓！《Joe是要看房日本篇》ep.5,2022-11-04 18:00:22,2022-11-04,2022,18,1509,長片,看房/房產,playlist,Joe是要看房,Joe是要看房-日本篇,True,keyword,7.0,電商賣場連結|折扣導購用語|行銷活動用語,False,False,,345590,4041.0,304.0,22,https://www.youtube.com/watch?v=gA7h4OelMyw
2h9eXfGois0,【Joeman】入圍七項卻全部槓龜的夜晚,2022-11-01 20:30:02,2022-11-01,2022,20,719,長片,未分類,none,,,False,none,0.0,,False,False,,545790,12767.0,986.0,22,https://www.youtube.com/watch?v=2h9eXfGois0
OnG1Qx7xe1I,【Joeman】6380元的奢華米糕對決25元的平價米糕！精忠三村米糕、落成米糕、下大道蘭米糕、保安路米糕、台南晶英酒店 -晶英軒《Joe是要對決S2》Ep132@tainanjosh,2022-10-31 18:00:13,2022-10-31,2022,18,2208,長片,挑戰/企劃,playlist,Joe是要對決,【Joe是要對決】第二季,False,none,0.0,,False,False,,600968,7533.0,694.0,22,https://www.youtube.com/watch?v=OnG1Qx7xe1I
3fclWKQ2C7w,【Joeman】1億2千萬送超大露臺？開箱我在日本住10天的公寓！《Joe是要看房日本篇》ep.4,2022-10-28 21:30:02,2022-10-28,2022,21,1245,長片,看房/房產,playlist,Joe是要看房,Joe是要看房-日本篇,False,none,0.0,,False,False,,331675,4266.0,356.0,22,https://www.youtube.com/watch?v=3fclWKQ2C7w
TKy2LrYcHD4,【Joeman】Model Y一週試駕心得！到底跟Model 3差異在哪？ @daddy.iam.9999,2022-10-25 18:00:17,2022-10-25,2022,18,1305,長片,汽車,keyword,,,False,none,0.0,,False,False,,551781,4828.0,367.0,22,https://www.youtube.com/watch?v=TKy2LrYcHD4
q01xZBCnhNA,【Joeman】1880元的奢華鍋燒意麵對決90元的平價鍋燒意麵！哈哈活力站、伊府軒鍋燒店、伊府將鍋燒、勞碌命鍋燒意麵、啊母啊姆鍋燒麵《Joe是要對決S2》Ep131@pinpinponpon627​,2022-10-24 18:00:36,2022-10-24,2022,18,2444,長片,挑戰/企劃,playlist,Joe是要對決,【Joe是要對決】第二季,True,keyword,14.0,專屬導購代碼|專屬導購連結|專屬導購指引|結帳代碼指引|折扣導購用語,False,False,,780433,8104.0,898.0,22,https://www.youtube.com/watch?v=q01xZBCnhNA
jysx6Fx6i_w,【Joeman】把特斯拉開到沒電！Model Y極限續航可以跑多遠？同場加映充電速度測試,2022-10-21 22:00:23,2022-10-21,2022,22,756,長片,汽車,keyword,,,True,keyword,8.0,推薦或聯盟行銷連結|專屬導購指引|折扣導購用語,False,False,,348965,4814.0,364.0,22,https://www.youtube.com/watch?v=jysx6Fx6i_w
YEnaITOkEd8,【Joeman】開箱吳淡如在東京的家！6000萬的一戶建透天！《Joe是要看房日本篇》ep.3,2022-10-21 18:00:22,2022-10-21,2022,18,1196,長片,看房/房產,playlist,Joe是要看房,Joe是要看房-日本篇,True,keyword,19.0,專屬導購代碼|專屬導購連結|致謝贊助句型|影片合作聲明|直接提及贊助方|折扣導購用語|品牌官方導流|提及廠商,False,False,,1518193,14191.0,583.0,22,https://www.youtube.com/watch?v=YEnaITOkEd8
tgz7ol-ra3I,東京版《Joe是要對決》日幣10000元的奢華便當對決日幣320元的平價便當！Ep130,2022-10-17 18:00:36,2022-10-17,2022,18,2210,長片,挑戰/企劃,playlist,Joe是要對決,【Joe是要對決】第二季,True,keyword,6.0,致謝贊助句型|影片合作聲明,False,False,,928382,11711.0,615.0,22,https://www.youtube.com/watch?v=tgz7ol-ra3I
9x4TKHQoWBw,【Joeman】東京破億日圓的獨棟大樓！這個裝潢是要玩密室逃脫嗎……《Joe是要看房日本篇》ep.2 @11hao,2022-10-14 18:00:06,2022-10-14,2022,18,1007,長片,看房/房產,playlist,Joe是要看房,Joe是要看房-日本篇,True,keyword,10.0,致謝贊助句型|影片合作聲明|直接提及贊助方|提及廠商,False,False,,705483,8284.0,711.0,22,https://www.youtube.com/watch?v=9x4TKHQoWBw
AGB710SYruo,【Joeman】頂級拍照與中階價格！Pixel 7 Pro 開箱！,2022-10-13 01:00:06,2022-10-13,2022,1,1043,長片,3C開箱評測,playlist,Joeman開箱去,【Joeman開箱去】,True,keyword,2.0,購買行動用語,False,False,,339886,6003.0,526.0,22,https://www.youtube.com/watch?v=AGB710SYruo
wdGq6ZxBKJk,【Joeman】地表最強顯示卡！RTX4090開箱！定價五萬多值得嗎？,2022-10-11 21:00:40,2022-10-11,2022,21,1190,長片,3C開箱評測,playlist,Joeman開箱去,【Joeman開箱去】,True,keyword,3.0,致謝贊助句型,False,False,,343885,5285.0,512.0,22,https://www.youtube.com/watch?v=wdGq6ZxBKJk
QF5QC-DizYQ,東京版《Joe是要對決》日幣31000元的奢華燒肉對決一盤日幣30元的平價燒肉！治郎丸、USHIGORO SEp129@domidolosobig,2022-10-10 18:00:13,2022-10-10,2022,18,3114,長片,挑戰/企劃,playlist,Joe是要對決,【Joe是要對決】第二季,True,keyword,14.0,致謝贊助句型|影片合作聲明|直接提及贊助方|折扣導購用語|行動呼籲句型|提及廠商,False,False,,1193139,16070.0,1553.0,22,https://www.youtube.com/watch?v=QF5QC-DizYQ
S7QYsRTLCMw,【Joeman】等了兩年的商務艙影片！長榮夢幻客機787皇璽桂冠艙開箱體驗,2022-10-08 12:00:08,2022-10-08,2022,12,745,長片,旅遊/航空,playlist,飛機餐與貴賓室,【Joeman】飛機餐與貴賓室,False,none,0.0,,False,False,,892554,13603.0,532.0,22,https://www.youtube.com/watch?v=S7QYsRTLCMw
tA-0nB_8yCY,【Joeman】東京套房竟然不到台幣200萬？《Joe是要看房日本篇》ep.1,2022-10-07 18:00:49,2022-10-07,2022,18,1998,長片,看房/房產,playlist,Joe是要看房,Joe是要看房-日本篇,True,keyword,2.0,品牌官方導流|新品發表用語,False,False,,1229530,17444.0,1676.0,22,https://www.youtube.com/watch?v=tA-0nB_8yCY
k7f31Xn_1n8,【Joeman】我為什麼要拍日本房地產？從底層邏輯分析我的影片題材！【網紅觀察室】,2022-10-06 21:00:23,2022-10-06,2022,21,1529,長片,人物/訪談,playlist,網紅觀察室,Joeman網紅觀察室,True,keyword,3.0,直接提及贊助方,False,False,,524535,17469.0,1604.0,22,https://www.youtube.com/watch?v=k7f31Xn_1n8
fA8AQOj8F_I,【Joeman】今年最強的遊戲iPhone！iPhone 14 Plus開箱,2022-10-06 12:15:00,2022-10-06,2022,12,1027,長片,3C開箱評測,playlist,Joeman開箱去,【Joeman開箱去】,True,keyword,6.0,專屬導購連結|購買行動用語|新品發表用語,False,False,,452602,4962.0,727.0,22,https://www.youtube.com/watch?v=fA8AQOj8F_I
KCTQH29Qg-Y,【Joeman】開價一億元！新竹高鐵水岸豪宅開箱！名發天琚《Joe是要看房》ep.31,2022-10-05 18:00:20,2022-10-05,2022,18,1865,長片,3C開箱評測,playlist,Joeman開箱去,【Joeman開箱去】,True,keyword,4.0,折扣導購用語|購買行動用語,False,False,,762291,5892.0,425.0,22,https://www.youtube.com/watch?v=KCTQH29Qg-Y
eBgJTutuwSc,東京版《Joe是要對決》日幣29000元的奢華牛排對決日幣1000元的平價牛排！YAPPARI STEAK、西洋料理 島 Ep128@rulovejapan,2022-10-03 18:00:22,2022-10-03,2022,18,2368,長片,挑戰/企劃,playlist,Joe是要對決,【Joe是要對決】第二季,True,keyword,5.0,導購區塊標題|購買行動用語,False,False,,929077,11598.0,694.0,22,https://www.youtube.com/watch?v=eBgJTutuwSc
rk-OwXrNxoU,【Joeman】差一點就完美！AirPods Pro 2開箱,2022-10-01 23:30:13,2022-10-01,2022,23,1278,長片,3C開箱評測,playlist,Joeman開箱去,【Joeman開箱去】,True,keyword,22.0,專屬導購代碼|致謝贊助句型|直接提及贊助方|推薦或聯盟行銷連結|結帳代碼指引|折扣導購用語|行銷活動用語|品牌官方導流|新品發表用語|提及廠商,False,False,,969006,9735.0,741.0,22,https://www.youtube.com/watch?v=rk-OwXrNxoU
ZUZWGmc23l8,【Joeman】台北160坪一層一戶溫馨豪宅！開箱關穎的家！《Joe是要看房》ep.30,2022-09-28 19:00:18,2022-09-28,2022,19,2230,長片,看房/房產,title_series,Joe是要看房,,False,none,0.0,,False,False,,3467332,34763.0,1778.0,22,https://www.youtube.com/watch?v=ZUZWGmc23l8
-8aTzd6F5QQ,【Joeman】超級大全配！一次開箱15款Logitech羅技辦公室周邊！,2022-09-27 18:00:00,2022-09-27,2022,18,1508,長片,3C開箱評測,playlist,Joeman開箱去,【Joeman開箱去】,False,none,0.0,,False,False,,332950,2736.0,224.0,22,https://www.youtube.com/watch?v=-8aTzd6F5QQ
Ga22mpTDS6A,東京版《Joe是要對決》日幣30000元的奢華壽喜燒對決日幣600元的平價壽喜燒！金太郎、淺草今半 Ep127@haileyhsu@Riloch,2022-09-26 18:00:21,2022-09-26,2022,18,3739,長片,挑戰/企劃,playlist,Joe是要對決,【Joe是要對決】第二季,True,keyword,10.0,致謝贊助句型|影片合作聲明|直接提及贊助方|提及廠商,False,False,,1738906,16472.0,1219.0,22,https://www.youtube.com/watch?v=Ga22mpTDS6A
eiHZaTlMHmQ,【Joeman】年底壓軸旗艦安卓！ROG Phone 6D Ultimate開箱,2022-09-23 18:00:33,2022-09-23,2022,18,1079,長片,3C開箱評測,playlist,Joeman開箱去,【Joeman開箱去】,False,none,0.0,,False,False,,305503,4194.0,542.0,22,https://www.youtube.com/watch?v=eiHZaTlMHmQ
dR50ced-8dI,【Joeman】真正的飛航模式！把iPhone 14 Pro送上天！動作模式的極限？,2022-09-22 20:03:13,2022-09-22,2022,20,687,長片,3C開箱評測,playlist,Joeman開箱去,【Joeman開箱去】,True,keyword,21.0,專屬導購代碼|致謝贊助句型|直接提及贊助方|推薦或聯盟行銷連結|結帳代碼指引|折扣導購用語|行銷活動用語|品牌官方導流|提及廠商,False,False,,217423,3244.0,196.0,22,https://www.youtube.com/watch?v=dR50ced-8dI
LYAqKEH23x0,【Joeman】兩年不見～東京我們終於來了！,2022-09-21 20:00:30,2022-09-21,2022,20,1082,長片,3C開箱評測,playlist,Joeman開箱去,【Joeman開箱去】,False,none,1.0,品牌官方導流,False,False,,1121770,16720.0,1138.0,22,https://www.youtube.com/watch?v=LYAqKEH23x0
p5cyDhVXi7A,【Joeman】192元的奢華鮮奶對決79元的平價鮮奶！福樂、鮮乳坊、瑞穗、高大鮮乳、吉蒸牧場、義美、北海道十勝【Joe是要對決S2】Ep126@amber0309,2022-09-19 18:00:34,2022-09-19,2022,18,2203,長片,挑戰/企劃,playlist,Joe是要對決,【Joe是要對決】第二季,True,keyword,3.0,電商賣場連結,False,False,,519924,6084.0,1018.0,22,https://www.youtube.com/watch?v=p5cyDhVXi7A
I5uELkKf294,【Joeman】時速80公里的假車禍！iPhone 14的車禍偵測會啟動嗎？,2022-09-17 21:00:08,2022-09-17,2022,21,572,長片,3C開箱評測,playlist,Joeman開箱去,【Joeman開箱去】,True,keyword,5.0,致謝贊助句型|折扣導購用語,False,False,,598886,8514.0,1196.0,22,https://www.youtube.com/watch?v=I5uELkKf294
L_x8J1bHFKQ,【Joeman】第一年年薪就破百萬？夢幻外商一日體驗！,2022-09-16 18:00:14,2022-09-16,2022,18,1481,長片,挑戰/企劃,keyword,,,True,keyword,2.0,折扣導購用語,False,False,,988803,11716.0,1145.0,22,https://www.youtube.com/watch?v=L_x8J1bHFKQ
bjVRlHg2roU,【Joeman】定位尷尬卻還是很有實力！iPhone 14開箱,2022-09-15 23:00:32,2022-09-15,2022,23,1420,長片,3C開箱評測,playlist,Joeman開箱去,【Joeman開箱去】,True,keyword,11.0,專屬導購連結|致謝贊助句型|推薦或聯盟行銷連結|折扣導購用語,False,False,,657428,8490.0,605.0,22,https://www.youtube.com/watch?v=bjVRlHg2roU
GUgPYAWpOZ0,【Joeman】iPhone 14 Pro & Pro Max詳細開箱！效能依舊無敵！,2022-09-14 21:11:14,2022-09-14,2022,21,1838,長片,3C開箱評測,playlist,Joeman開箱去,【Joeman開箱去】,True,keyword,14.0,專屬導購代碼|專屬導購連結|致謝贊助句型|結帳代碼指引|折扣導購用語,False,False,,1980435,30635.0,1887.0,22,https://www.youtube.com/watch?v=GUgPYAWpOZ0
FYALksVxpvo,【Joeman】25200元的奢華比基尼對決260元的平價比基尼！【Joe是要對決S2】Ep125@95_mizuki_tw @kimi_0531 @sabrina5236,2022-09-12 18:00:08,2022-09-12,2022,18,2183,長片,挑戰/企劃,playlist,Joe是要對決,【Joe是要對決】第二季,True,keyword,14.0,致謝贊助句型|影片合作聲明|直接提及贊助方|折扣導購用語|行動呼籲句型|提及廠商,False,False,,2044386,29397.0,1902.0,22,https://www.youtube.com/watch?v=FYALksVxpvo
tyvxFAas-Fw,【Joeman】依舊在擠牙膏！iPhone 14 全系列感想！,2022-09-08 13:00:19,2022-09-08,2022,13,796,長片,3C開箱評測,playlist,Joeman開箱去,【Joeman開箱去】,False,none,0.0,,False,False,,1134390,17273.0,1893.0,22,https://www.youtube.com/watch?v=tyvxFAas-Fw
OohH63cEV_s,【Joeman】4590元的奢華白飯對決20元的平價白飯！【Joe是要對決S2】Ep124@illyandlean,2022-09-05 18:00:11,2022-09-05,2022,18,2299,長片,挑戰/企劃,playlist,Joe是要對決,【Joe是要對決】第二季,False,none,0.0,,False,False,,696841,7902.0,744.0,22,https://www.youtube.com/watch?v=OohH63cEV_s
8UnGXCzqWT8,【Joeman】我組了一台可以養魚的電競主機！ ft@blackm3,2022-09-04 18:00:04,2022-09-04,2022,18,1037,長片,3C開箱評測,playlist,Joeman開箱去,【Joeman開箱去】,False,none,0.0,,False,False,,486944,6430.0,474.0,22,https://www.youtube.com/watch?v=8UnGXCzqWT8
4f9aW8ibAkQ,【Joeman】超巨大摺疊筆電開箱！Zenbook 17 Fold OLED 全台首開！,2022-08-31 20:00:02,2022-08-31,2022,20,1028,長片,3C開箱評測,playlist,Joeman開箱去,【Joeman開箱去】,True,keyword,3.0,產品導流連結,False,False,,402548,5140.0,471.0,22,https://www.youtube.com/watch?v=4f9aW8ibAkQ
iVEgbs0crZ0,【Joeman】1800元的奢華巴士對決150元的平價巴士！【Joe是要對決S2】Ep123@CoCoWine,2022-08-29 18:00:31,2022-08-29,2022,18,2218,長片,挑戰/企劃,playlist,Joe是要對決,【Joe是要對決】第二季,True,keyword,5.0,電商賣場連結|折扣導購用語,False,False,,495580,6793.0,504.0,22,https://www.youtube.com/watch?v=iVEgbs0crZ0
W6_isgPHWvU,【Joeman】每個月都換車開是什麼體驗！擁有瑪莎拉蒂一個月！@aries8248,2022-08-28 12:00:13,2022-08-28,2022,12,1621,長片,挑戰/企劃,keyword,,,False,none,0.0,,False,False,,866042,8222.0,536.0,22,https://www.youtube.com/watch?v=W6_isgPHWvU
LYCQNkthLyM,【Joeman】我的34歲生日！竟然開了20萬的威士忌！,2022-08-27 18:00:11,2022-08-27,2022,18,1165,長片,3C開箱評測,playlist,Joeman開箱去,【Joeman開箱去】,True,keyword,6.0,影片合作聲明|直接提及贊助方,False,False,,611881,6525.0,368.0,22,https://www.youtube.com/watch?v=LYCQNkthLyM
Sa0xVPldSPI,【Joeman】轉檔速度超級快！台幣十萬的創作筆電！ASUS Zenbook 16X OLED,2022-08-26 18:00:15,2022-08-26,2022,18,1041,長片,3C開箱評測,playlist,Joeman開箱去,【Joeman開箱去】,True,keyword,3.0,產品導流連結,False,False,,174430,1664.0,220.0,22,https://www.youtube.com/watch?v=Sa0xVPldSPI
GecojKkw7Es,【Joeman】永遠不用削的鉛筆？永恆金屬鉛筆開箱！metacil,2022-08-24 18:00:12,2022-08-24,2022,18,481,長片,3C開箱評測,playlist,Joeman開箱去,【Joeman開箱去】,False,none,0.0,,False,False,,927822,7719.0,553.0,22,https://www.youtube.com/watch?v=GecojKkw7Es
_4Ovlz973iQ,【Joeman】2800元的奢華漢堡對決42元的平價漢堡！丹丹漢堡、双木漢堡、蓋拉澳式漢堡、ROBIN'S 牛排鐵板燒餐廳【Joe是要對決S2】Ep122@BIGSNAKEBALL,2022-08-22 18:00:33,2022-08-22,2022,18,2362,長片,挑戰/企劃,playlist,Joe是要對決,【Joe是要對決】第二季,True,keyword,2.0,折扣導購用語,False,False,,1293144,17026.0,1065.0,22,https://www.youtube.com/watch?v=_4Ovlz973iQ
xGIF-iT4GCs,【Joeman】這螢幕也太誇張了吧！可直立的巨型曲面螢幕Odyssey Ark 55電競顯示器開箱,2022-08-16 18:00:30,2022-08-16,2022,18,866,長片,3C開箱評測,playlist,Joeman開箱去,【Joeman開箱去】,True,keyword,3.0,產品導流連結,False,False,,654644,7063.0,585.0,22,https://www.youtube.com/watch?v=xGIF-iT4GCs
lY70g8t2-Zo,【Joeman】50000元的奢華鮑魚對決400元的平價鮑魚！【Joe是要對決S2】Ep121@5499iamjojo,2022-08-15 18:00:33,2022-08-15,2022,18,2871,長片,挑戰/企劃,playlist,Joe是要對決,【Joe是要對決】第二季,True,keyword,14.0,致謝贊助句型|影片合作聲明|直接提及贊助方|折扣導購用語|行動呼籲句型|提及廠商,False,False,,887512,9408.0,722.0,22,https://www.youtube.com/watch?v=lY70g8t2-Zo
njJ6GsH_oH0,【Joeman】9000萬淡水退休豪宅！兩戶打通155坪到底有多爽？馥人灣《Joe是要看房》ep.29,2022-08-13 18:00:25,2022-08-13,2022,18,2151,長片,看房/房產,title_series,Joe是要看房,,False,none,0.0,,False,False,,1342762,8201.0,430.0,22,https://www.youtube.com/watch?v=njJ6GsH_oH0
0DVYOUVxjM0,【Joeman】M1跟M2要怎麼選？Macbook Air M2 2022詳細開箱！,2022-08-12 20:30:01,2022-08-12,2022,20,1033,長片,3C開箱評測,playlist,Joeman開箱去,【Joeman開箱去】,True,keyword,3.0,明確商業合作字樣,False,False,,480219,4907.0,295.0,22,https://www.youtube.com/watch?v=0DVYOUVxjM0
TbZAc5gi1lg,【Joeman】1800元的奢華蛋糕對決79元的平價蛋糕！【Joe是要對決S2】Ep120@yu_n0422,2022-08-08 18:00:27,2022-08-08,2022,18,2117,長片,挑戰/企劃,playlist,Joe是要對決,【Joe是要對決】第二季,True,keyword,12.0,致謝贊助句型|影片合作聲明|直接提及贊助方|行動呼籲句型|提及廠商,False,False,,636017,8383.0,630.0,22,https://www.youtube.com/watch?v=TbZAc5gi1lg
q-s18A_NStc,【Joeman】總價5000萬！台中單元二豪宅開箱！寶輝City Park 《Joe是要看房》ep.28,2022-08-06 18:00:35,2022-08-06,2022,18,1862,長片,看房/房產,title_series,Joe是要看房,,True,keyword,4.0,致謝贊助句型|品牌官方導流,False,False,,619517,5224.0,369.0,22,https://www.youtube.com/watch?v=q-s18A_NStc
VhUQg7bSayg,【Joeman】一次開箱五把復古鍵盤！Actto、羅技、Lofree、Firstblood、KnewKey,2022-08-02 18:00:28,2022-08-02,2022,18,1102,長片,3C開箱評測,playlist,Joeman開箱去,【Joeman開箱去】,True,keyword,4.0,明確商業合作字樣|提及廠商,False,False,,288577,4097.0,224.0,22,https://www.youtube.com/watch?v=VhUQg7bSayg
PqNIq_yFZok,【Joeman】1000萬元的奢華棺材對決8000元的平價棺材！【Joe是要對決S2】Ep119@One_Way_Ticket_life,2022-08-01 18:00:12,2022-08-01,2022,18,2962,長片,挑戰/企劃,playlist,Joe是要對決,【Joe是要對決】第二季,True,keyword,9.0,專屬導購代碼|結帳代碼指引|折扣導購用語|活動檔期用語,False,False,,850971,12706.0,989.0,22,https://www.youtube.com/watch?v=PqNIq_yFZok
nvxm9atR6i4,【Joeman】媽媽超開心～台南老家網路大升速！500/250M速度超有感,2022-07-29 18:30:20,2022-07-29,2022,18,1418,長片,未分類,none,,,False,none,0.0,,False,False,,293822,5441.0,518.0,22,https://www.youtube.com/watch?v=nvxm9atR6i4
9pXHw8ypHm0,【Joeman】今年手感最好的安卓旗艦！Zenfone 9 全台首開！,2022-07-28 21:30:05,2022-07-28,2022,21,1072,長片,3C開箱評測,playlist,Joeman開箱去,【Joeman開箱去】,False,none,0.0,,False,False,,398853,6121.0,966.0,22,https://www.youtube.com/watch?v=9pXHw8ypHm0
RyibuB-DUTs,【Joeman】超旗艦小米12S Ultra！這手機拍出來的照片有毒～,2022-07-27 18:00:15,2022-07-27,2022,18,1158,長片,3C開箱評測,keyword,,,False,none,0.0,,False,False,,421788,5519.0,1009.0,22,https://www.youtube.com/watch?v=RyibuB-DUTs
h4jh_ZeF-Qo,【Joeman】幫新員工買筆電！一口氣買了20幾萬！,2022-07-26 18:30:14,2022-07-26,2022,18,964,長片,3C開箱評測,playlist,Joeman開箱去,【Joeman開箱去】,True,keyword,6.0,致謝贊助句型|購買行動用語|品牌官方導流,False,False,,349029,4905.0,418.0,22,https://www.youtube.com/watch?v=h4jh_ZeF-Qo
NWZdlvevZ1U,【Joeman】3780元的奢華羊排對決299元的平價羊排！【Joe是要對決S2】Ep118　@feipo1998,2022-07-25 18:00:22,2022-07-25,2022,18,2218,長片,挑戰/企劃,playlist,Joe是要對決,【Joe是要對決】第二季,True,keyword,10.0,致謝贊助句型|影片合作聲明|直接提及贊助方|提及廠商,False,False,,590461,6998.0,590.0,22,https://www.youtube.com/watch?v=NWZdlvevZ1U
x9K2yVWCnqg,麥當勞x皮卡丘置物盒搶先開箱！這次好搶嗎？【Joeman】#shorts,2022-07-19 21:45:03,2022-07-19,2022,21,36,Shorts,3C開箱評測,playlist,Joeman開箱去,開箱精華版,False,none,0.0,,False,False,,133058,2290.0,121.0,22,https://www.youtube.com/watch?v=x9K2yVWCnqg
4tOSUbRaSsY,【Joeman】討論度超高的新手機品牌！Nothing Phone (1)開箱！,2022-07-18 21:00:07,2022-07-18,2022,21,886,長片,3C開箱評測,playlist,Joeman開箱去,【Joeman開箱去】,False,none,1.0,品牌官方導流,False,False,,688113,8556.0,736.0,22,https://www.youtube.com/watch?v=4tOSUbRaSsY
lPWZS0TxykQ,【Joeman】37元的平價蔥油餅對決60元的平價蔥油餅！阿嬤蔥油餅、柯氏蔥油餅、 星寶蔥達人、龍潭日香炸蛋蔥油餅、義豐葱油派【Joe是要對決S2】Ep117 @haileyhsu,2022-07-18 18:00:32,2022-07-18,2022,18,1937,長片,挑戰/企劃,playlist,Joe是要對決,【Joe是要對決】第二季,True,keyword,14.0,致謝贊助句型|影片合作聲明|直接提及贊助方|折扣導購用語|行動呼籲句型|提及廠商,False,False,,667291,8668.0,1043.0,22,https://www.youtube.com/watch?v=lPWZS0TxykQ
PIBQFd-YAfU,【Joeman】久違的跑山～幫我的賓士E300換新輪胎　ft. @SnowNonStop,2022-07-16 12:00:20,2022-07-16,2022,12,698,長片,3C開箱評測,playlist,Joeman開箱去,【Joeman開箱去】,True,keyword,2.0,行銷活動用語,False,False,,266823,3376.0,209.0,22,https://www.youtube.com/watch?v=PIBQFd-YAfU
rhA7snMYs7g,【Joeman】外觀超美！亞洲第一萬間7-11開箱！台南亞萬門市,2022-07-13 23:30:11,2022-07-13,2022,23,300,長片,3C開箱評測,playlist,Joeman開箱去,【Joeman開箱去】,False,none,0.0,,False,False,,978420,16504.0,865.0,22,https://www.youtube.com/watch?v=rhA7snMYs7g
4_NCqZ7FIt0,【Joeman】我的編輯Chris要離職了！,2022-07-13 18:00:03,2022-07-13,2022,18,496,長片,未分類,none,,,False,none,0.0,,False,False,,417694,8324.0,331.0,22,https://www.youtube.com/watch?v=4_NCqZ7FIt0
fEAoVt6vajg,【Joeman】Sony竟然出了電競耳機？一次開箱三款！Inzone H3、H7、H9開箱,2022-07-12 18:00:24,2022-07-12,2022,18,1092,長片,3C開箱評測,playlist,Joeman開箱去,【Joeman開箱去】,False,none,1.0,品牌官方導流,False,False,,284520,3224.0,322.0,22,https://www.youtube.com/watch?v=fEAoVt6vajg
TzXPxEjEzmw,【Joeman】1480元的奢華海鮮丼飯對決120元的平價海鮮丼飯！伊薩姆日本料理、瞞著爹壽司丼、丼賞和食、日本橋海鮮丼辻半、食指大丼【Joe是要對決S2】Ep116@pinpinponpon627,2022-07-11 18:00:28,2022-07-11,2022,18,3167,長片,挑戰/企劃,playlist,Joe是要對決,【Joe是要對決】第二季,True,keyword,7.0,專屬導購連結|折扣導購用語|購買行動用語,False,False,,1164015,12063.0,1581.0,22,https://www.youtube.com/watch?v=TzXPxEjEzmw
CRE-orJTLO0,【Joeman】8000萬的養生豪宅！開箱吳淡如的家！冠德微山丘《Joe是要看房》ep.27,2022-07-08 19:00:05,2022-07-08,2022,19,1639,長片,看房/房產,title_series,Joe是要看房,,True,keyword,3.0,直接提及贊助方,False,False,,2209155,26247.0,1407.0,22,https://www.youtube.com/watch?v=CRE-orJTLO0
rwvi8jAbN8k,【Joeman】花100萬實測！聽朋友報的明牌買股票會賺錢嗎？竟然真的買到大飆股！@rayduenglish @shasha77 @35visitchannel @金旋風 @haileyhsu @bailingguo,2022-07-06 18:00:35,2022-07-06,2022,18,1298,長片,財經/投資,keyword,,,False,none,0.0,,False,False,,1057803,11631.0,1023.0,22,https://www.youtube.com/watch?v=rwvi8jAbN8k
ITYM66o2wIw,【Joeman】全台首開！地表最強電競手機ROG Phone 6 Pro開箱！高通8+ Gen 1終於雪恥了？,2022-07-05 20:30:09,2022-07-05,2022,20,1105,長片,3C開箱評測,playlist,Joeman開箱去,【Joeman開箱去】,True,keyword,2.0,購買行動用語,False,False,,407985,6099.0,1084.0,22,https://www.youtube.com/watch?v=ITYM66o2wIw
MESiIYUc2vc,【Joeman】2700元的奢華芒果冰對決80元的平價芒果冰！冰天地冰城、小時候冰菓室、春美冰菓室、Sylvie森林甜點、大碗公 冰·甜品【Joe是要對決S2】Ep115@AlinaCheng,2022-07-04 18:00:13,2022-07-04,2022,18,2422,長片,挑戰/企劃,playlist,Joe是要對決,【Joe是要對決】第二季,False,none,0.0,,False,False,,847099,10014.0,761.0,22,https://www.youtube.com/watch?v=MESiIYUc2vc
aceNrMAVM5U,【Joeman】史上最難買的遊戲掌機！Steam Deck開箱！,2022-06-28 18:00:01,2022-06-28,2022,18,971,長片,3C開箱評測,playlist,Joeman開箱去,【Joeman開箱去】,True,keyword,7.0,致謝贊助句型|直接提及贊助方|提及廠商,False,False,,680512,8150.0,526.0,22,https://www.youtube.com/watch?v=aceNrMAVM5U
m0HApYaBXjw,【Joeman】300元一盒的奢華雞蛋對決60元一盒的平價雞蛋！真的有差嗎？【Joe是要對決S2】Ep114 @goldfishbrain,2022-06-27 18:00:19,2022-06-27,2022,18,2512,長片,挑戰/企劃,playlist,Joe是要對決,【Joe是要對決】第二季,True,keyword,25.0,專屬導購代碼|專屬導購連結|致謝贊助句型|影片合作聲明|直接提及贊助方|專屬導購指引|結帳代碼指引|折扣導購用語|品牌官方導流|提及廠商,False,False,,733161,8665.0,1070.0,22,https://www.youtube.com/watch?v=m0HApYaBXjw
oTabQrtv84M,日本瘋搶！初代PlayStation造型收納包 寶島社聯名！【Joeman】#shorts,2022-06-26 12:00:30,2022-06-26,2022,12,57,Shorts,3C開箱評測,playlist,Joeman開箱去,開箱精華版,False,none,0.0,,False,False,,116796,2347.0,42.0,22,https://www.youtube.com/watch?v=oTabQrtv84M
lwRPPuCn668,【Joeman】6000元內最強的降躁耳機！Sony LinkBuds S 開箱！WF-LS900N Unboxing,2022-06-25 12:00:29,2022-06-25,2022,12,696,長片,3C開箱評測,playlist,Joeman開箱去,【Joeman開箱去】,True,keyword,4.0,延伸導流連結|新品發表用語,False,False,,415386,3189.0,330.0,22,https://www.youtube.com/watch?v=lwRPPuCn668
k6EXynJwKXY,【Joeman】地下街的神祕小賣店！超多經典老電玩～瞬間時光回朔！Joe是要收藏,2022-06-22 22:15:02,2022-06-22,2022,22,2413,長片,玩具/收藏,title_series,Joe是要收藏,,False,none,1.0,新品發表用語,False,False,,678998,10031.0,636.0,22,https://www.youtube.com/watch?v=k6EXynJwKXY
xSYD9e1EuRU,【Joeman】11440元的奢華燒肉對決940元的平價燒肉_台中篇！哼！燒肉、脂板前【Joe是要對決S2】Ep113@annie72127,2022-06-20 18:00:22,2022-06-20,2022,18,2779,長片,挑戰/企劃,title_series,Joe是要對決,,True,keyword,12.0,致謝贊助句型|影片合作聲明|直接提及贊助方|購買行動用語|提及廠商,False,False,,1652287,17499.0,1102.0,22,https://www.youtube.com/watch?v=xSYD9e1EuRU
yzc9YzV7Syw,【Joeman】終於要在台灣上市啦！黑鯊5 Pro電競手機開箱！,2022-06-17 18:00:40,2022-06-17,2022,18,605,長片,3C開箱評測,playlist,Joeman開箱去,【Joeman開箱去】,True,keyword,3.0,購買行動用語|新品發表用語,False,False,,273856,3346.0,452.0,22,https://www.youtube.com/watch?v=yzc9YzV7Syw
O91nsg9kRZQ,【Joeman】邀朋友來家裡吃私廚！@onion_man,2022-06-16 18:00:16,2022-06-16,2022,18,1811,長片,未分類,none,,,True,keyword,5.0,致謝贊助句型|通路鋪貨用語,False,False,,882045,12801.0,565.0,22,https://www.youtube.com/watch?v=O91nsg9kRZQ
LvohTo7WGt0,【Joeman】台灣沒上市的超稀有手機！火影忍者聯名手機！realme GT Neo 3開箱,2022-06-15 21:00:11,2022-06-15,2022,21,655,長片,3C開箱評測,playlist,Joeman開箱去,【Joeman開箱去】,False,none,1.0,新品發表用語,False,False,,301384,4407.0,372.0,22,https://www.youtube.com/watch?v=LvohTo7WGt0
VksRswA-Ns4,比特幣破新高！當年慘賠的我是什麼心情？加密貨幣三部曲 Ep2【Joeman】第九人稱,2022-06-15 18:00:30,2022-06-15,2022,18,700,長片,財經/投資,playlist,加密貨幣三部曲,加密貨幣三部曲,True,keyword,6.0,明確商業合作字樣|專屬導購指引,False,False,,753395,15623.0,1965.0,22,https://www.youtube.com/watch?v=VksRswA-Ns4
ZapmC1A-cv4,【Joeman】30元的平價肉圓對決350元的奢華肉圓！彰化燒肉圓、北門口肉圓、 阿三肉圓、阿璋肉圓、過溝仔肉圓王【Joe是要對決S2】Ep112 @annie72127,2022-06-13 18:00:14,2022-06-13,2022,18,2250,長片,挑戰/企劃,playlist,Joe是要對決,【Joe是要對決】第二季,True,keyword,2.0,折扣導購用語,False,False,,813607,10983.0,1411.0,22,https://www.youtube.com/watch?v=ZapmC1A-cv4
UcWFMZEKkrc,【Joeman】終於大改款了！ Sony最強的無線降噪耳機！WH-1000XM5,2022-06-08 20:45:02,2022-06-08,2022,20,726,長片,3C開箱評測,playlist,Joeman開箱去,【Joeman開箱去】,True,keyword,4.0,產品導流連結|新品發表用語,False,False,,538412,5823.0,479.0,22,https://www.youtube.com/watch?v=UcWFMZEKkrc
IYgjUrHqDvE,【Joeman】廢到笑！只要500元的盜版PS5開箱！,2022-06-08 18:30:03,2022-06-08,2022,18,406,長片,3C開箱評測,playlist,Joeman開箱去,【Joeman開箱去】,False,none,0.0,,False,False,,920901,11658.0,717.0,22,https://www.youtube.com/watch?v=IYgjUrHqDvE
BIplHfTPuxI,【Joeman】iPhone iOS16搶先上手測試！新的鎖定畫面超好用！,2022-06-08 03:45:01,2022-06-08,2022,3,234,長片,3C開箱評測,playlist,Joeman開箱去,【Joeman開箱去】,False,none,0.0,,False,False,,397778,6403.0,383.0,22,https://www.youtube.com/watch?v=BIplHfTPuxI
ijVVHIL7C0g,【Joeman】500元的平價算命對決6000元的奢華算命【Joe是要對決S2】Ep111@lioumonn,2022-06-06 18:00:18,2022-06-06,2022,18,2655,長片,挑戰/企劃,playlist,Joe是要對決,【Joe是要對決】第二季,True,keyword,12.0,致謝贊助句型|影片合作聲明|直接提及贊助方|折扣導購用語|提及廠商,False,False,,1611478,25814.0,2901.0,22,https://www.youtube.com/watch?v=ijVVHIL7C0g
quEh5LoFH_c,【紀錄片】一個月工作400小時的人生 - 第九人稱 @shuteyeorange,2022-06-03 18:00:14,2022-06-03,2022,18,1308,長片,人物/訪談,title_series,第九人稱,,False,none,0.0,,False,False,,1124392,35971.0,2743.0,22,https://www.youtube.com/watch?v=quEh5LoFH_c
flZGbAoEihc,最新一代！小米手環7快速開箱！【Joeman】#shorts,2022-06-02 19:30:07,2022-06-02,2022,19,43,Shorts,3C開箱評測,keyword,,,False,none,0.0,,False,False,,203877,4372.0,165.0,22,https://www.youtube.com/watch?v=flZGbAoEihc
xeN7e-LqxlI,【Joeman】120元的平價粽子對決19元的平價粽子！阿桐阿寶、十八王公劉家肉粽、王記府城肉粽、九如商號、四喜食品行【Joe是要對決S2】Ep110@Maguhaley @haleyAip4ever,2022-05-30 18:00:33,2022-05-30,2022,18,2501,長片,挑戰/企劃,playlist,Joe是要對決,【Joe是要對決】第二季,True,keyword,9.0,專屬導購代碼|結帳代碼指引|折扣導購用語|品牌官方導流,False,False,,843670,10213.0,1333.0,22,https://www.youtube.com/watch?v=xeN7e-LqxlI
YmmW8V7b73M,【Joeman】iPad air、mini、Pro那麼多種要怎麼買？2022 iPad 選購指南,2022-05-28 18:00:19,2022-05-28,2022,18,810,長片,3C開箱評測,playlist,Joeman開箱去,【Joeman開箱去】,False,none,1.0,品牌官方導流,False,False,,605787,6701.0,494.0,22,https://www.youtube.com/watch?v=YmmW8V7b73M
RUqiqSxLjxg,【Joeman】挑戰地表最強筆電！ 第 12 代 Intel® Core™ i9-12900HK + GeForce RTX™ 3080 Ti ! MSI GE76 2022開箱！,2022-05-26 18:00:21,2022-05-26,2022,18,797,長片,挑戰/企劃,keyword,,,True,keyword,6.0,導購區塊標題|電商賣場連結,False,False,,272081,2610.0,258.0,22,https://www.youtube.com/watch?v=RUqiqSxLjxg
MQ7ruD4w6-M,【Joeman】要價20萬的奢華顯示器！拿來打PS5跟看劇有夠爽~Sony BRAVIA X95K開箱實測！,2022-05-25 18:00:10,2022-05-25,2022,18,706,長片,挑戰/企劃,keyword,,,False,none,0.0,,False,False,,317703,2824.0,276.0,22,https://www.youtube.com/watch?v=MQ7ruD4w6-M
mWZZCZGRGF4,【Joeman】用筆電的零件魔改出來的桌上型顯卡？超奇葩的RTX3060顯卡開箱！,2022-05-24 18:00:32,2022-05-24,2022,18,646,長片,3C開箱評測,playlist,Joeman開箱去,【Joeman開箱去】,True,keyword,3.0,明確商業合作字樣,False,False,,134522,2450.0,143.0,22,https://www.youtube.com/watch?v=mWZZCZGRGF4
DTopRyWTstQ,【Joeman】1100元的奢華披薩對決60元的平價披薩！ 薩莉亞、Gusto Pizza、首爾餐酒館、愛披薩、義大利米蘭手工窯烤披薩【Joe是要對決S2】Ep109 @HowHowEat,2022-05-23 18:00:11,2022-05-23,2022,18,2411,長片,挑戰/企劃,playlist,Joe是要對決,【Joe是要對決】第二季,True,keyword,12.0,致謝贊助句型|影片合作聲明|直接提及贊助方|購買行動用語|提及廠商,False,False,,1007719,14509.0,1265.0,22,https://www.youtube.com/watch?v=DTopRyWTstQ
8lo3Dmg5uP4,【Joeman】全台首開！搶先拿到8 Gen1 Plus工程機！台積電製程是否可以拯救高通？Snapdragon 8+ Gen1 Unboxing,2022-05-20 21:00:05,2022-05-20,2022,21,600,長片,3C開箱評測,playlist,Joeman開箱去,【Joeman開箱去】,False,none,1.0,新品發表用語,False,False,,241636,3985.0,626.0,22,https://www.youtube.com/watch?v=8lo3Dmg5uP4
tw0i-3GbDLs,【Joeman】Gogoro全新車款試駕！有TCS循跡防滑+定速巡航真的超方便～Gogoro Supersport Ace開箱,2022-05-17 18:00:35,2022-05-17,2022,18,490,長片,3C開箱評測,playlist,Joeman開箱去,【Joeman開箱去】,False,none,0.0,,False,False,,282448,2892.0,572.0,22,https://www.youtube.com/watch?v=tw0i-3GbDLs
phEcZPONXxc,【Joeman】2980元的奢華素食套餐對決50元的平價素食吃到飽！如祥結緣素食、陽明春天・心五藝文創園區、【Joe是要對決S2】Ep108@Traveggo,2022-05-16 18:00:20,2022-05-16,2022,18,2578,長片,挑戰/企劃,playlist,Joe是要對決,【Joe是要對決】第二季,True,keyword,14.0,專屬導購代碼|專屬導購連結|導購區塊標題|電商賣場連結|折扣導購用語,False,False,,810420,13209.0,1197.0,22,https://www.youtube.com/watch?v=phEcZPONXxc
eBMWMliI_vQ,【Joeman】全台首發！ROG X 新世紀福音戰士聯名款全品項開箱！一整套未免也太帥了吧～,2022-05-14 20:00:17,2022-05-14,2022,20,1525,長片,3C開箱評測,playlist,Joeman開箱去,【Joeman開箱去】,True,keyword,4.0,購買行動用語|行銷活動用語,False,False,,355552,7026.0,564.0,22,https://www.youtube.com/watch?v=eBMWMliI_vQ
RGTj4ciIB24,【Joeman】全球首款連續光學變焦手機！Sony Xperia 1 IV開箱！依舊黑科技但又有點任性,2022-05-12 18:00:23,2022-05-12,2022,18,1240,長片,3C開箱評測,playlist,Joeman開箱去,【Joeman開箱去】,False,none,1.0,新品發表用語,False,False,,355771,5193.0,688.0,22,https://www.youtube.com/watch?v=RGTj4ciIB24
hMGVkdQk16Y,【Joeman】6300元的時尚奢華剪髮對決100元的平價連鎖剪髮【Joe是要對決S2】Ep107 @kimi0512ji @phoebe_christina,2022-05-09 18:00:31,2022-05-09,2022,18,1625,長片,挑戰/企劃,playlist,Joe是要對決,【Joe是要對決】第二季,True,keyword,10.0,致謝贊助句型|影片合作聲明|直接提及贊助方|提及廠商,False,False,,1991992,17913.0,8472.0,22,https://www.youtube.com/watch?v=hMGVkdQk16Y
A9joKYgpUT8,【Joeman】一口氣開箱五款怪異滑鼠！滑鼠同時是計算機？,2022-05-06 18:00:10,2022-05-06,2022,18,861,長片,3C開箱評測,playlist,Joeman開箱去,【Joeman開箱去】,True,keyword,3.0,明確商業合作字樣,False,False,,238498,3278.0,156.0,22,https://www.youtube.com/watch?v=A9joKYgpUT8
8j4sI5lHtKo,台北蛋餅對決！阿婆早餐、重慶豆漿、喜多士豆漿店、軟食力、長勝君捲蛋餅、山豬蛋餅【Joe是要對決S2】Ep106 Joeman@haileyhsu,2022-05-02 18:00:03,2022-05-02,2022,18,2197,長片,挑戰/企劃,playlist,Joe是要對決,【Joe是要對決】第二季,True,keyword,10.0,致謝贊助句型|影片合作聲明|直接提及贊助方|提及廠商,False,False,,1052623,12667.0,1457.0,22,https://www.youtube.com/watch?v=8j4sI5lHtKo
qtwXsAlAimw,"【Joeman】一晚$17,500包吃包住包喝，在文華東方酒店住一晚！",2022-04-29 18:00:28,2022-04-29,2022,18,2175,長片,3C開箱評測,playlist,Joeman開箱去,【Joeman開箱去】,True,keyword,6.0,購買行動用語|行銷活動用語|品牌官方導流|活動檔期用語,False,False,,620664,6798.0,351.0,22,https://www.youtube.com/watch?v=qtwXsAlAimw
u-Mzr0PHCQM,【Joeman】考古40年前的台北房價！一坪竟然不到10萬元？這麼便宜為什麼爸媽不爆買？,2022-04-28 18:00:25,2022-04-28,2022,18,1357,長片,看房/房產,keyword,,,True,keyword,3.0,明確商業合作字樣,False,False,,276149,3325.0,507.0,22,https://www.youtube.com/watch?v=u-Mzr0PHCQM
XajfPW1lhyA,【Joeman】一人10000元的奢華鐵板燒對決130元的平價鐵板燒！自強鐵板燒、展鐵板燒【Joe是要對決S2】Ep105@atotheda,2022-04-25 18:00:24,2022-04-25,2022,18,2674,長片,挑戰/企劃,playlist,Joe是要對決,【Joe是要對決】第二季,False,none,0.0,,False,False,,2787283,28723.0,1578.0,22,https://www.youtube.com/watch?v=XajfPW1lhyA
L9QRybzWstk,【Joeman】38034元的奢華龍膽石斑感謝祭【Joe是要對決S2】Ep104@BIGSNAKEBALL @stanleyslol,2022-04-18 18:00:09,2022-04-18,2022,18,1947,長片,挑戰/企劃,playlist,Joe是要對決,【Joe是要對決】第二季,False,none,0.0,,False,False,,1456859,23465.0,1737.0,22,https://www.youtube.com/watch?v=L9QRybzWstk
p3fTRa9N_IU,【Joeman】開箱25年前的太空筆電與現代的太空筆電！ASUS Zenbook 14X OLED Space edition太空版開箱,2022-04-16 19:00:32,2022-04-16,2022,19,1124,長片,3C開箱評測,keyword,,,False,none,1.0,新品發表用語,False,False,,287593,3421.0,237.0,22,https://www.youtube.com/watch?v=p3fTRa9N_IU
iIR2pYVLqtw,【Joeman】中國版的PS5竟然有原價現貨？直接買來改成台版爽爽玩！但是......,2022-04-15 19:00:19,2022-04-15,2022,19,611,長片,3C開箱評測,playlist,Joeman開箱去,【Joeman開箱去】,True,keyword,4.0,明確商業合作字樣|新品發表用語,False,False,,412279,5857.0,989.0,22,https://www.youtube.com/watch?v=iIR2pYVLqtw
6_d_hU5Jqdo,【Joeman】信仰滿滿！一整套ROG周邊鍵盤滑鼠開箱！,2022-04-14 19:30:01,2022-04-14,2022,19,781,長片,3C開箱評測,keyword,,,False,none,1.0,新品發表用語,False,False,,245289,2917.0,199.0,22,https://www.youtube.com/watch?v=6_d_hU5Jqdo
DYNfpSSMJzw,【Joeman】一個人住60幾坪是甚麼體驗？開箱女神的家！《Joe是要看房》ep.27@sabrina5236,2022-04-12 18:00:05,2022-04-12,2022,18,1736,長片,看房/房產,title_series,Joe是要看房,,True,keyword,2.0,購買行動用語,False,False,,1090704,8144.0,735.0,22,https://www.youtube.com/watch?v=DYNfpSSMJzw
4OLostqHleA,【Joeman】3270元的奢華豬肉對決88元的平價豬肉【Joe是要對決S2】Ep103@zhenyi_yuna,2022-04-11 18:00:03,2022-04-11,2022,18,2393,長片,挑戰/企劃,playlist,Joe是要對決,【Joe是要對決】第二季,False,none,0.0,,False,False,,878353,8796.0,725.0,22,https://www.youtube.com/watch?v=4OLostqHleA
4LHUrIERM50,【Joeman】一戶破億！板橋頂級豪宅開箱！一層一戶極致規格 馥華雲鼎《Joe是要看房》ep.26 @35visitchannel,2022-04-10 18:00:02,2022-04-10,2022,18,2685,長片,看房/房產,title_series,Joe是要看房,,True,keyword,5.0,折扣導購用語|購買行動用語|新品發表用語,False,False,,2159403,14832.0,905.0,22,https://www.youtube.com/watch?v=4LHUrIERM50
YCwCKU06xNM,【Joeman】7000元的米其林奢華牛排200元的平價牛排！人从众厚切牛排、A Cut 牛排館【Joe是要對決S2】Ep102 @helloiamhook,2022-04-04 18:00:15,2022-04-04,2022,18,2435,長片,挑戰/企劃,playlist,Joe是要對決,【Joe是要對決】第二季,True,keyword,14.0,致謝贊助句型|影片合作聲明|直接提及贊助方|折扣導購用語|行動呼籲句型|提及廠商,False,False,,2286858,24801.0,1387.0,22,https://www.youtube.com/watch?v=YCwCKU06xNM
ee9cA0dq77I,【Joeman】耳機上有洞是甚麼體驗？地表最通透的藍牙耳機！Sony LinkBuds開箱體驗,2022-03-31 18:00:17,2022-03-31,2022,18,751,長片,3C開箱評測,playlist,Joeman開箱去,【Joeman開箱去】,True,keyword,3.0,產品導流連結,False,False,,428030,3990.0,341.0,22,https://www.youtube.com/watch?v=ee9cA0dq77I
tCZeTqEjHVo,【Joeman】地表最強卡王！RTX3090Ti開箱！一張超過6萬值得買嗎？,2022-03-29 23:30:08,2022-03-29,2022,23,904,長片,3C開箱評測,playlist,Joeman開箱去,【Joeman開箱去】,True,keyword,13.0,致謝贊助句型|影片合作聲明|直接提及贊助方|電商賣場連結|提及廠商,False,False,,238389,3490.0,333.0,22,https://www.youtube.com/watch?v=tCZeTqEjHVo
r1zW8tqOyas,【Joeman】體驗台中海線美食！跟著繞境路線吃吃喝喝！@MIMOSAGO,2022-03-29 18:00:23,2022-03-29,2022,18,1410,長片,美食,keyword,,,True,keyword,7.0,致謝贊助句型|影片合作聲明|品牌官方導流,False,False,,390259,4703.0,243.0,22,https://www.youtube.com/watch?v=r1zW8tqOyas
0yJL4x_G3rg,【Joeman】1100元的奢華義大利麵對決100元的平價義大利麵！嵐迪義大利麵、AL REVÈS 顛倒餐廳、蘿絲瑪莉義麵坊、JAPOLI 、紅廚 【Joe是要對決S2】Ep101@XiaoKui​,2022-03-28 18:00:01,2022-03-28,2022,18,2450,長片,挑戰/企劃,playlist,Joe是要對決,【Joe是要對決】第二季,True,keyword,7.0,致謝贊助句型|直接提及贊助方|提及廠商,False,False,,1180417,14266.0,2685.0,22,https://www.youtube.com/watch?v=0yJL4x_G3rg
2UuftnOVm2s,【Joeman】可以腳踢感應的冰箱！奢華科技家電開箱！,2022-03-27 12:00:02,2022-03-27,2022,12,1036,長片,3C開箱評測,playlist,Joeman開箱去,【Joeman開箱去】,False,none,0.0,,False,False,,409471,4577.0,276.0,22,https://www.youtube.com/watch?v=2UuftnOVm2s
2WODWnq1-xQ,【Joeman】砸2000萬裝潢！連門都可以聲控開啟的太空艙科技宅！遠雄錸麗《Joe是要看房》ep.24　@35visitchannel,2022-03-26 18:00:01,2022-03-26,2022,18,1677,長片,看房/房產,title_series,Joe是要看房,,False,none,0.0,,False,False,,968858,9392.0,630.0,22,https://www.youtube.com/watch?v=2WODWnq1-xQ
Wl1yGkiDaFA,【Joeman】貪小便宜的下場！買了網路上的半價顯卡...結果竟然是十年前的魔改假貨！,2022-03-25 18:00:13,2022-03-25,2022,18,776,長片,3C開箱評測,playlist,Joeman開箱去,【Joeman開箱去】,False,none,0.0,,False,False,,408425,5534.0,746.0,22,https://www.youtube.com/watch?v=Wl1yGkiDaFA
fFI9uVdf6sk,【Joeman】一人6800元的奢華海產店對決765元的平價海產店！紅翻天生猛海鮮、真的好海鮮餐廳【Joe是要對決S2】Ep100 @Dinterlolz,2022-03-21 18:00:15,2022-03-21,2022,18,2219,長片,挑戰/企劃,playlist,Joe是要對決,【Joe是要對決】第二季,True,keyword,14.0,致謝贊助句型|影片合作聲明|直接提及贊助方|折扣導購用語|行動呼籲句型|提及廠商,False,False,,2417855,23228.0,1340.0,22,https://www.youtube.com/watch?v=fFI9uVdf6sk
poV4ne5Pd5Q,【Joeman】直接塞了一顆i9進去的超級平板！ROG Flow Z13開箱！,2022-03-17 18:00:20,2022-03-17,2022,18,1016,長片,3C開箱評測,playlist,Joeman開箱去,【Joeman開箱去】,False,none,0.0,,False,False,,513238,5240.0,692.0,22,https://www.youtube.com/watch?v=poV4ne5Pd5Q
8P6aUNS6Y2g,【Joeman】最便宜的iPhone開箱！iPhone SE3開箱！不到2萬的iPhone要怎麼選？,2022-03-15 19:00:06,2022-03-15,2022,19,721,長片,3C開箱評測,keyword,,,False,none,0.0,,False,False,,601274,7746.0,696.0,22,https://www.youtube.com/watch?v=8P6aUNS6Y2g
OvX0T76qbVY,【Joeman】11440元的奢華韓式料理對決690元的平價韓式料理！朝鮮味韓國料理、三元花園韓式餐廳【Joe是要對決S2】Ep99 @alisasa_official,2022-03-14 18:00:16,2022-03-14,2022,18,1896,長片,挑戰/企劃,playlist,Joe是要對決,【Joe是要對決】第二季,False,none,0.0,,False,False,,799552,10192.0,893.0,22,https://www.youtube.com/watch?v=OvX0T76qbVY
pR6Q7Tk0A_k,【Joeman】S22 Ultra旗艦手機開箱！一切都很好，就是性能太保守！,2022-03-12 12:00:10,2022-03-12,2022,12,1244,長片,3C開箱評測,playlist,Joeman開箱去,【Joeman開箱去】,False,none,0.0,,False,False,,432494,5184.0,611.0,22,https://www.youtube.com/watch?v=pR6Q7Tk0A_k
O5pscw-Uck0,【Joeman】值得買嗎？最新綠色iPhone 13 Pro開箱！順便聊聊我對iPhone 14的猜想,2022-03-11 22:00:14,2022-03-11,2022,22,530,長片,3C開箱評測,playlist,Joeman開箱去,【Joeman開箱去】,False,none,1.0,新品發表用語,False,False,,498997,6567.0,665.0,22,https://www.youtube.com/watch?v=O5pscw-Uck0
bC-78cLA86E,【Joeman】6560元的奢華威靈頓牛排對決520元的平價威靈頓料理！LSD Café Salon、Orchid Restaurant 蘭、【Joe是要對決S2】Ep98 @Psyman塞門,2022-03-07 18:00:13,2022-03-07,2022,18,2796,長片,挑戰/企劃,playlist,Joe是要對決,【Joe是要對決】第二季,True,keyword,3.0,影片合作聲明,False,False,,1845380,21197.0,1231.0,22,https://www.youtube.com/watch?v=bC-78cLA86E
LFYMaHcnBVQ,【Joeman】14410元的奢華泰式料理對決465元的平價泰式料理！Kanokwan 老麵攤、Thai&Thai 泰式餐廳\【Joe是要對決S2】Ep97 @yuniko0720,2022-02-28 18:00:06,2022-02-28,2022,18,2353,長片,挑戰/企劃,playlist,Joe是要對決,【Joe是要對決】第二季,True,keyword,3.0,影片合作聲明,False,False,,969835,9502.0,573.0,22,https://www.youtube.com/watch?v=LFYMaHcnBVQ
ouqFdCPuN3s,【Joeman】定價超過十萬元的奢華智慧手錶開箱！竟然賣到缺貨？LV路易威登第三代智慧手錶TAMBOUR HORIZON LIGHT UP,2022-02-26 18:00:20,2022-02-26,2022,18,666,長片,3C開箱評測,playlist,Joeman開箱去,【Joeman開箱去】,False,none,0.0,,False,False,,413518,5063.0,304.0,22,https://www.youtube.com/watch?v=ouqFdCPuN3s
A3wxNMANQIU,【Joeman】68600元的奢華羽絨外套對決299元的平價羽絨外套【Joe是要對決S2】Ep96 @linda-egg,2022-02-21 18:00:08,2022-02-21,2022,18,1597,長片,挑戰/企劃,playlist,Joe是要對決,【Joe是要對決】第二季,False,none,0.0,,False,False,,475077,6715.0,456.0,22,https://www.youtube.com/watch?v=A3wxNMANQIU
k8tKBbreRNM,【Joeman】一次開箱30包！全聯送的小玩具真的很醜嗎？崩壞漫威公仔開箱！,2022-02-19 12:00:11,2022-02-19,2022,12,846,長片,3C開箱評測,playlist,Joeman開箱去,【Joeman開箱去】,False,none,0.0,,False,False,,386659,6058.0,482.0,22,https://www.youtube.com/watch?v=k8tKBbreRNM
GkVWBb2-KeY,【Joeman】現買現賺的休旅神車！全新保時捷Cayenne Coupe開箱！  @35線上賞屋 ​,2022-02-18 21:15:01,2022-02-18,2022,21,1073,長片,汽車,keyword,,,False,none,0.0,,False,False,,450491,3910.0,297.0,22,https://www.youtube.com/watch?v=GkVWBb2-KeY
nAtujJm5PNc,【Joeman】9999元的奢華吃到飽對決369元的平價吃到飽！韓香亭、佐賀野仁【Joe是要對決S2】Ep95 @annie72127 @AJin_Jin,2022-02-14 18:00:16,2022-02-14,2022,18,2417,長片,挑戰/企劃,playlist,Joe是要對決,【Joe是要對決】第二季,False,none,0.0,,False,False,,2263041,22108.0,948.0,22,https://www.youtube.com/watch?v=nAtujJm5PNc
KkYwOniDuMo,【Joeman】毛胚就超過一億元！台中七期頂級豪宅開箱！寶輝秋紅谷《Joe是要看房》ep.23,2022-02-12 12:00:04,2022-02-12,2022,12,2143,長片,看房/房產,title_series,Joe是要看房,,False,none,0.0,,False,False,,2080462,19647.0,1144.0,22,https://www.youtube.com/watch?v=KkYwOniDuMo
cEScUqJeQzA,【Joeman】18480元的奢華石斑魚對決300元的平價石斑魚【Joe是要對決S2】Ep94 @BIGSNAKEBALL @jimmywangchef,2022-02-07 18:00:15,2022-02-07,2022,18,1527,長片,挑戰/企劃,playlist,Joe是要對決,【Joe是要對決】第二季,False,none,0.0,,False,False,,1459864,38794.0,2199.0,22,https://www.youtube.com/watch?v=cEScUqJeQzA
dY7kntGnJdM,【Joeman】新年拍老梗！超崩潰的冰桶挑戰！2022拍這有人要看嗎？,2022-02-04 18:00:18,2022-02-04,2022,18,274,長片,挑戰/企劃,keyword,,,False,none,0.0,,False,False,,195216,5510.0,334.0,22,https://www.youtube.com/watch?v=dY7kntGnJdM
12Q8i81DLUo,【Joeman】新年拍老梗！把小熊餅乾搖成球！2022拍這有人要看嗎？,2022-02-03 18:00:01,2022-02-03,2022,18,447,長片,未分類,none,,,False,none,0.0,,False,False,,336758,7074.0,562.0,22,https://www.youtube.com/watch?v=12Q8i81DLUo
wnrZeMS5qMI,凱米颱風來了吃啥？泡麵加布丁竟然超好吃！,2022-02-02 18:00:35,2022-02-02,2022,18,399,長片,美食,keyword,,,False,none,0.0,,False,False,,460134,9484.0,678.0,22,https://www.youtube.com/watch?v=wnrZeMS5qMI
D6V_zVqub-E,【Joeman】新年拍老梗！18禁洋芋片真的很辣嗎？2022拍這有人要看嗎？,2022-02-01 18:00:10,2022-02-01,2022,18,660,長片,未分類,none,,,False,none,0.0,,False,False,,320952,8181.0,568.0,22,https://www.youtube.com/watch?v=D6V_zVqub-E
GacFTjwDZAk,【Joeman】9000元的奢華烏魚子對決100元的平價烏魚子【Joe是要對決S2】Ep93 @ginachiki,2022-01-31 18:00:05,2022-01-31,2022,18,2034,長片,挑戰/企劃,playlist,Joe是要對決,【Joe是要對決】第二季,True,keyword,2.0,行動呼籲句型,False,False,,825300,7670.0,392.0,22,https://www.youtube.com/watch?v=GacFTjwDZAk
D6KtZp2T258,【Joeman】農曆年前最後一開！小米12 Pro開箱！成熟但亮點有限,2022-01-30 18:00:06,2022-01-30,2022,18,1107,長片,3C開箱評測,playlist,Joeman開箱去,【Joeman開箱去】,False,none,0.0,,False,False,,231443,3040.0,393.0,22,https://www.youtube.com/watch?v=D6KtZp2T258
k8BBSaHf6iI,【Joeman】一戶4000萬！真的清水模建築！北投奇岩豪宅開箱~大可山石《Joe是要看房》ep.22,2022-01-27 18:00:32,2022-01-27,2022,18,1587,長片,看房/房產,title_series,Joe是要看房,,False,none,0.0,,False,False,,1080812,8918.0,513.0,22,https://www.youtube.com/watch?v=k8BBSaHf6iI
Kx_WQFscKq0,【Joeman】2萬~16萬的電腦怎麼組？2022一起組電腦！,2022-01-26 18:00:07,2022-01-26,2022,18,1097,長片,3C開箱評測,keyword,,,False,none,1.0,新品發表用語,False,False,,457704,6507.0,582.0,22,https://www.youtube.com/watch?v=Kx_WQFscKq0
ZFIbYRhg51Q,【Joeman】2580元的奢華肉乾對決320元的平價肉乾【Joe是要對決S2】Ep92 @35visitchannel,2022-01-24 18:00:12,2022-01-24,2022,18,2101,長片,挑戰/企劃,playlist,Joe是要對決,【Joe是要對決】第二季,False,none,0.0,,False,False,,387906,4381.0,292.0,22,https://www.youtube.com/watch?v=ZFIbYRhg51Q
RLDhVpqqnJE,【Joeman】工作狂的家有多亂？年末打掃要靠它／她？！,2022-01-19 18:30:04,2022-01-19,2022,18,1025,長片,未分類,none,,,False,none,1.0,品牌官方導流,False,False,,845763,11550.0,765.0,22,https://www.youtube.com/watch?v=RLDhVpqqnJE
1iesSR0phFY,【Joeman】幫媽媽換了一個電子門鎖！各種解鎖方式超好用～耶魯智慧門鎖Yale YDM7220開箱,2022-01-18 19:00:03,2022-01-18,2022,19,559,長片,3C開箱評測,playlist,Joeman開箱去,【Joeman開箱去】,True,keyword,3.0,導購區塊標題,False,False,,376812,3993.0,376.0,22,https://www.youtube.com/watch?v=1iesSR0phFY
n8AfusLmE7w,【Joeman】5480的道地奢華酸菜白肉鍋對決240元的市場平價酸菜白肉鍋！成家小館、圍爐【Joe是要對決S2】Ep91 @5499iamjojo,2022-01-17 18:00:36,2022-01-17,2022,18,1611,長片,挑戰/企劃,playlist,Joe是要對決,【Joe是要對決】第二季,False,none,0.0,,False,False,,660887,7423.0,515.0,22,https://www.youtube.com/watch?v=n8AfusLmE7w
Zc7Ftti3_aw,【Joeman】整老闆企劃！騙Joeman拍業配，其實是花他的錢辦尾牙！@CrazyMan,2022-01-16 18:00:14,2022-01-16,2022,18,1390,長片,未分類,none,,,True,keyword,4.0,直接提及贊助方|提及廠商,False,False,,777275,16841.0,969.0,22,https://www.youtube.com/watch?v=Zc7Ftti3_aw
SbxhyVb7JMQ,【Joeman】地表最速休旅車！台灣第一台Model X Plaid開箱！,2022-01-14 18:00:10,2022-01-14,2022,18,676,長片,3C開箱評測,keyword,,,False,none,0.0,,False,False,,493095,6189.0,386.0,22,https://www.youtube.com/watch?v=SbxhyVb7JMQ
G3DXXvcX7Ew,【Joeman】危險卻也絕美！傳說中的劍龍稜！挑戰北部郊山之王,2022-01-13 18:01:44,2022-01-13,2022,18,915,長片,挑戰/企劃,keyword,,,True,keyword,8.0,專屬導購連結|推薦或聯盟行銷連結|折扣導購用語,False,False,,296550,3496.0,165.0,22,https://www.youtube.com/watch?v=G3DXXvcX7Ew
r6MDw9Gb070,【Joeman】2022安卓旗艦處理器高通Snapdragon 8Gen1首次測試！是否繼續烙賽？,2022-01-11 18:00:19,2022-01-11,2022,18,802,長片,3C開箱評測,playlist,Joeman開箱去,【Joeman開箱去】,True,keyword,3.0,明確商業合作字樣,False,False,,243425,3455.0,560.0,22,https://www.youtube.com/watch?v=r6MDw9Gb070
Do0epabd-Ew,過年放什麼煙火？一千萬元以上的奢華煙火對決99元的平價煙火【Joe是要對決S2】Ep90 ft. @JiaJiaGo,2022-01-10 18:00:11,2022-01-10,2022,18,2194,長片,挑戰/企劃,playlist,Joe是要對決,【Joe是要對決】第二季,False,none,0.0,,False,False,,607824,9613.0,1012.0,22,https://www.youtube.com/watch?v=Do0epabd-Ew
DcS68SucHcU,【Joeman】7-11虎年2022福袋搶先開箱！一口氣開箱30幾袋！抽獎抽起來～,2022-01-09 12:00:07,2022-01-09,2022,12,2682,長片,3C開箱評測,playlist,Joeman開箱去,【Joeman開箱去】,True,keyword,2.0,行銷活動用語,False,False,,1565576,51876.0,3740.0,22,https://www.youtube.com/watch?v=DcS68SucHcU
Pnexn6J5PW4,【Joeman】送員工一人一本2000元刮刮樂！2022版,2022-01-08 19:30:06,2022-01-08,2022,19,914,長片,未分類,none,,,False,none,0.0,,False,False,,901924,12073.0,446.0,22,https://www.youtube.com/watch?v=Pnexn6J5PW4
dZUq8xVXPgE,【Joeman】最新一代的Macbook要怎麼選？一次看懂規格差距與選購指南！Macbook Pro 14 M1 Pro開箱,2022-01-06 18:00:13,2022-01-06,2022,18,680,長片,3C開箱評測,playlist,Joeman開箱去,【Joeman開箱去】,False,none,0.0,,False,False,,242348,2841.0,176.0,22,https://www.youtube.com/watch?v=dZUq8xVXPgE
xaqp4pBdPok,【Joeman】地表最強礦卡開箱！一張10萬塊還買不到！Nvidia HX170,2022-01-04 18:00:19,2022-01-04,2022,18,602,長片,3C開箱評測,playlist,Joeman開箱去,【Joeman開箱去】,False,none,0.0,,False,False,,278072,3771.0,176.0,22,https://www.youtube.com/watch?v=xaqp4pBdPok
NAoHr3xEguQ,【Joeman】80元的創意鹽酥雞對決50元的巷口鹽酥雞！台灣塩酥雞、初炸小食、、師園、鹹酥李、中原街鹽酥雞【Joe是要對決S2】Ep89 @haileyhsu,2022-01-03 18:00:09,2022-01-03,2022,18,2159,長片,挑戰/企劃,playlist,Joe是要對決,【Joe是要對決】第二季,True,keyword,22.0,專屬導購連結|致謝贊助句型|影片合作聲明|直接提及贊助方|推薦或聯盟行銷連結|折扣導購用語|購買行動用語|行銷活動用語|提及廠商,False,False,,949684,10418.0,827.0,22,https://www.youtube.com/watch?v=NAoHr3xEguQ
cBXtgcjg1N0,【Joeman】超逼真的假iPhone 13開箱！台幣不到一萬塊還送超多贈品？,2022-01-01 13:00:30,2022-01-01,2022,13,975,長片,3C開箱評測,playlist,Joeman開箱去,【Joeman開箱去】,False,none,0.0,,False,False,,1253644,12193.0,980.0,22,https://www.youtube.com/watch?v=cBXtgcjg1N0
TUTdJxNrG4c,【Joeman】一次開箱兩台創作筆電！順便來聊聊影片剪接！@goldfishbrain,2021-12-31 18:00:13,2021-12-31,2021,18,1456,長片,3C開箱評測,playlist,Joeman開箱去,【Joeman開箱去】,False,none,0.0,,False,False,,797668,2304.0,137.0,22,https://www.youtube.com/watch?v=TUTdJxNrG4c
GhIHK6Xqv1M,【Joeman】買了千萬退休宅送媽媽！無敵河景與科技裝潢《Joe是要看房》ep.21,2021-12-30 18:00:07,2021-12-30,2021,18,2580,長片,看房/房產,title_series,Joe是要看房,,False,none,0.0,,False,False,,2061609,30296.0,2119.0,22,https://www.youtube.com/watch?v=GhIHK6Xqv1M
guc10_Ydzo4,【Joeman】跟著台中人吃道地美食～一口氣吃六家！@ginachiki @AJin_Jin @annie72127,2021-12-28 18:00:17,2021-12-28,2021,18,1367,長片,美食,keyword,,,True,keyword,7.0,影片合作聲明|導購區塊標題|品牌官方導流,False,False,,903605,10468.0,632.0,22,https://www.youtube.com/watch?v=guc10_Ydzo4
nttE3-8_boQ,【Joeman】520的米其林干貝蚵仔煎對決65元的夜市蚵仔煎！金蓬萊遵古台菜餐廳、阿宗蚵仔煎、東石順蚵仔煎、圓環邊蚵仔煎、廣州街夜市香脆蚵仔煎【Joe是要對決S2】Ep88 @chian7799,2021-12-27 18:00:18,2021-12-27,2021,18,1883,長片,挑戰/企劃,playlist,Joe是要對決,【Joe是要對決】第二季,True,keyword,12.0,致謝贊助句型|影片合作聲明|直接提及贊助方|折扣導購用語|提及廠商,False,False,,626289,6795.0,625.0,22,https://www.youtube.com/watch?v=nttE3-8_boQ
JQ_q2024vT4,【Joeman】超強但台灣沒有賣的電競手機！紅魔6S Pro氘鋒特別版開箱,2021-12-22 18:00:17,2021-12-22,2021,18,753,長片,3C開箱評測,playlist,Joeman開箱去,【Joeman開箱去】,True,keyword,3.0,明確商業合作字樣,False,False,,446600,5788.0,690.0,22,https://www.youtube.com/watch?v=JQ_q2024vT4
ImruSbg0iQ8,【Joeman】4270元的奢華溫體牛肉湯對決130元的平價道地牛肉湯！台牛牛肉湯、牛總涮牛肉、【Joe是要對決S2】Ep87 @Queen沐雨柔Eve,2021-12-20 18:00:15,2021-12-20,2021,18,1689,長片,挑戰/企劃,playlist,Joe是要對決,【Joe是要對決】第二季,False,none,0.0,,False,False,,898126,9960.0,1015.0,22,https://www.youtube.com/watch?v=ImruSbg0iQ8
387emEw5JwU,【Joeman】 超溫馨企劃！帶媽媽一起拍婚紗！,2021-12-17 18:30:01,2021-12-17,2021,18,1273,長片,未分類,none,,,False,none,1.0,品牌官方導流,False,False,,384267,9955.0,735.0,22,https://www.youtube.com/watch?v=387emEw5JwU
9CjRb72GC0k,【Joeman】一次開箱兩套Sony家庭劇院音響！黑科技再現！Sony HT-A9 HT-A7000 Unboxing,2021-12-15 18:00:04,2021-12-15,2021,18,966,長片,3C開箱評測,playlist,Joeman開箱去,【Joeman開箱去】,False,none,0.0,,False,False,,575929,4703.0,384.0,22,https://www.youtube.com/watch?v=9CjRb72GC0k
Tw1B3IDJvVY,【Joeman】9500元一套的無菜單奢華壽司對決40元一盤的平價迴轉壽司！壽司郎、辰壽司【Joe是要對決S2】Ep86  @atotheda,2021-12-13 18:00:12,2021-12-13,2021,18,3555,長片,挑戰/企劃,playlist,Joe是要對決,【Joe是要對決】第二季,True,keyword,2.0,行動呼籲句型,False,False,,3178887,27189.0,1441.0,22,https://www.youtube.com/watch?v=Tw1B3IDJvVY
ddMOtaFwDcM,【Joeman】我的影片竟然被詐騙集團拿去騙錢！超不爽澄清！,2021-12-11 18:00:15,2021-12-11,2021,18,679,長片,未分類,none,,,False,none,0.0,,False,False,,798917,18411.0,1149.0,22,https://www.youtube.com/watch?v=ddMOtaFwDcM
IBA3k7GBsWc,一顆200萬的比特幣如何用機器挖？實際採訪超大型大型礦場 ​⁠-加密貨幣三部曲 Ep1【Joeman】第九人稱,2021-12-10 18:00:14,2021-12-10,2021,18,3447,長片,財經/投資,playlist,加密貨幣三部曲,加密貨幣三部曲,True,keyword,13.0,致謝贊助句型|影片合作聲明|直接提及贊助方|專屬導購指引|提及廠商,False,False,,1962925,34683.0,3297.0,22,https://www.youtube.com/watch?v=IBA3k7GBsWc
NTndXfhR0zE,暴露年齡的經典武俠遊戲！我國中的回憶啊！【Joeman】#shorts,2021-12-08 18:30:03,2021-12-08,2021,18,58,Shorts,3C開箱評測,playlist,Joeman開箱去,開箱精華版,False,none,0.0,,False,False,,74165,891.0,125.0,22,https://www.youtube.com/watch?v=NTndXfhR0zE
VY6D1_7Ajr0,【Joeman】8370元的奢華松露對決299元的平價松露【Joe是要對決S2】Ep85 @BearGenie,2021-12-06 18:00:21,2021-12-06,2021,18,2002,長片,挑戰/企劃,playlist,Joe是要對決,【Joe是要對決】第二季,True,keyword,7.0,專屬導購連結|購買行動用語|行動呼籲句型,False,False,,767441,7581.0,696.0,22,https://www.youtube.com/watch?v=VY6D1_7Ajr0
ri1WfmgMFz0,【Joeman】奢華家電開箱！超過20萬的冰箱與洗乾衣機！,2021-12-05 18:00:22,2021-12-05,2021,18,1435,長片,3C開箱評測,playlist,Joeman開箱去,【Joeman開箱去】,True,keyword,3.0,產品導流連結,False,False,,706313,6298.0,650.0,22,https://www.youtube.com/watch?v=ri1WfmgMFz0
KSAHyCNYw1A,【Joeman】繼續走自己的路！Pixel 6 與Pixel 6 Pro開箱,2021-12-04 12:00:03,2021-12-04,2021,12,1169,長片,3C開箱評測,playlist,Joeman開箱去,【Joeman開箱去】,False,none,0.0,,False,False,,376577,5218.0,483.0,22,https://www.youtube.com/watch?v=KSAHyCNYw1A
xGAEMUCjWTM,【Joeman】2021年台灣十大YouTube熱門影片榜單！全台首發！,2021-12-01 10:00:23,2021-12-01,2021,10,1079,長片,未分類,none,,,False,none,0.0,,False,False,,777143,16965.0,883.0,22,https://www.youtube.com/watch?v=xGAEMUCjWTM
yxqrbHNwT_E,【Joeman】4500元的頂級牡丹蝦對決0.05元的平價小蝦【Joe是要對決S2】Ep84 @XiaoKui,2021-11-29 18:00:33,2021-11-29,2021,18,2041,長片,挑戰/企劃,playlist,Joe是要對決,【Joe是要對決】第二季,False,none,0.0,,False,False,,1164014,11471.0,746.0,22,https://www.youtube.com/watch?v=yxqrbHNwT_E
U8-FHsAPIr4,【Joeman】一日快遞外送司機體驗！真的好賺嗎？,2021-11-26 18:00:14,2021-11-26,2021,18,1392,長片,挑戰/企劃,keyword,,,False,none,0.0,,False,False,,608856,8153.0,789.0,22,https://www.youtube.com/watch?v=U8-FHsAPIr4
1-nWL4gBqaM,【Joeman】自己開露營車出去睡一晚！在車上耍廢睡覺超級爽～@CrazyMan,2021-11-25 18:00:01,2021-11-25,2021,18,1321,長片,美食,playlist,帶你去吃各地美食,Joeman帶你去吃各地美食,True,keyword,11.0,專屬導購代碼|專屬導購連結|折扣導購用語|行動呼籲句型|品牌官方導流,False,False,,839143,9848.0,538.0,22,https://www.youtube.com/watch?v=1-nWL4gBqaM
Bc0Wv_6STYI,【Joeman】14890元的超頂級礦泉水對決15元的便利商店礦泉水【Joe是要對決S2】Ep83 @annie72127,2021-11-22 18:00:03,2021-11-22,2021,18,2230,長片,挑戰/企劃,playlist,Joe是要對決,【Joe是要對決】第二季,False,none,0.0,,False,False,,920801,13510.0,912.0,22,https://www.youtube.com/watch?v=Bc0Wv_6STYI
DlLE8b3CC44,【Joeman】將近30年前的H Game？傳說中的18禁家機遊戲！世嘉土星SEGA Saturn收藏家 Joe是要收藏 ep.24,2021-11-21 18:00:04,2021-11-21,2021,18,1698,長片,玩具/收藏,playlist,Joe是要收藏,Joe是要收藏,False,none,0.0,,False,False,,328205,4953.0,426.0,22,https://www.youtube.com/watch?v=DlLE8b3CC44
XFia3csKyWg,【Joeman】螢幕面板科普！LCD、OLED、Mini LED優缺點分析！,2021-11-20 18:00:25,2021-11-20,2021,18,1338,長片,3C開箱評測,keyword,,,False,none,0.0,,False,False,,554191,19072.0,961.0,22,https://www.youtube.com/watch?v=XFia3csKyWg
v5tiuJav8b0,【Joeman】可以拍照錄影的智慧眼鏡！Facebook Ray-Ban Stories,2021-11-16 18:00:23,2021-11-16,2021,18,595,長片,3C開箱評測,playlist,Joeman開箱去,【Joeman開箱去】,True,keyword,3.0,明確商業合作字樣,False,False,,346013,4881.0,328.0,22,https://www.youtube.com/watch?v=v5tiuJav8b0
q3KydX1F3sg,【Joeman】3200元的米其林麻油雞對決120元的平價麻油雞！莊家班麻油雞、阿圖麻油雞、富錦樹台菜香檳、阿男麻油雞【Joe是要對決S2】Ep82 @Maguhaley,2021-11-15 18:00:19,2021-11-15,2021,18,2327,長片,挑戰/企劃,playlist,Joe是要對決,【Joe是要對決】第二季,False,none,0.0,,False,False,,841911,9991.0,980.0,22,https://www.youtube.com/watch?v=q3KydX1F3sg
Q_8D-adAjtU,【Joeman】470元的干貝和牛創意刈包對決45元的巷口平價刈包！一甲子餐飲、 源芳刈包、藍家割包、欣葉台菜、客坐KE ZUO【Joe是要對決S2】Ep81 @link8195,2021-11-08 18:00:08,2021-11-08,2021,18,1818,長片,挑戰/企劃,playlist,Joe是要對決,【Joe是要對決】第二季,False,none,0.0,,False,False,,515594,6028.0,542.0,22,https://www.youtube.com/watch?v=Q_8D-adAjtU
fg2cbRRTaEY,【Joeman】全家買完不到十萬塊！淘寶原木家具開箱！,2021-11-07 18:30:21,2021-11-07,2021,18,1254,長片,3C開箱評測,keyword,,,True,keyword,8.0,影片合作聲明|折扣導購用語|促銷方案用語|品牌官方導流,False,False,,654722,4882.0,648.0,22,https://www.youtube.com/watch?v=fg2cbRRTaEY
sy5CPsAnN7M,【Joeman】我把小牛賣了！養超跑一年到底花多少錢？,2021-11-05 18:30:04,2021-11-05,2021,18,1169,長片,汽車,keyword,,,False,none,0.0,,False,False,,1938640,25082.0,1603.0,22,https://www.youtube.com/watch?v=sy5CPsAnN7M
7U_eiJYNytQ,【Joeman】今年最令我驚喜的蘋果產品！Macbook Pro 16 M1 Max開箱,2021-11-04 18:00:04,2021-11-04,2021,18,1500,長片,3C開箱評測,playlist,Joeman開箱去,【Joeman開箱去】,False,none,0.0,,False,False,,491447,7169.0,594.0,22,https://www.youtube.com/watch?v=7U_eiJYNytQ
p4R6NECDpOQ,【Joeman】4萬元的iPhone 13 Pro Max對決400萬元的Arri電影攝影機！【Joe是要對決S2】Ep80 @Empty1207 @614,2021-11-01 18:00:19,2021-11-01,2021,18,2149,長片,挑戰/企劃,playlist,Joe是要對決,【Joe是要對決】第二季,False,none,0.0,,False,False,,681023,10765.0,950.0,22,https://www.youtube.com/watch?v=p4R6NECDpOQ
a5kEFaNstVI,【Joeman】先買車還是先買房？我的親身經歷分享！,2021-10-31 18:00:00,2021-10-31,2021,18,1548,長片,看房/房產,keyword,,,True,keyword,4.0,行銷活動用語|通路鋪貨用語,False,False,,1451032,29269.0,2374.0,22,https://www.youtube.com/watch?v=a5kEFaNstVI
n0l54H7Q418,【Joeman】iPad mini 6開箱！性價比極佳的娛樂平板！iPad mini 2021,2021-10-30 20:00:23,2021-10-30,2021,20,864,長片,3C開箱評測,playlist,Joeman開箱去,【Joeman開箱去】,True,keyword,19.0,專屬導購代碼|專屬導購連結|致謝贊助句型|影片合作聲明|直接提及贊助方|折扣導購用語|品牌官方導流|提及廠商,False,False,,562424,7306.0,453.0,22,https://www.youtube.com/watch?v=n0l54H7Q418
QejzcDzvmkQ,【Joeman】680元的奢華海陸咖哩飯對決175元的平價巷弄咖哩飯！十巷咖哩、溫咖哩、稲町家香料咖哩、佐藤咖哩、通庵熟成咖哩【Joe是要對決S2】Ep79@HowHowEat @baogerneal,2021-10-25 18:00:09,2021-10-25,2021,18,2093,長片,挑戰/企劃,playlist,Joe是要對決,【Joe是要對決】第二季,True,keyword,19.0,專屬導購連結|致謝贊助句型|直接提及贊助方|結帳代碼指引|折扣導購用語|行銷活動用語|活動檔期用語|新品發表用語|提及廠商,False,False,,1047948,15769.0,1677.0,22,https://www.youtube.com/watch?v=QejzcDzvmkQ
N8i6ePzVfbk,【Joeman】開箱全台最大的四驅車賽道！自己組一台四驅車下賽道！Joe是要收藏 ep.23,2021-10-23 18:00:17,2021-10-23,2021,18,1561,長片,玩具/收藏,playlist,Joe是要收藏,Joe是要收藏,False,none,0.0,,False,False,,822038,11693.0,980.0,22,https://www.youtube.com/watch?v=N8i6ePzVfbk
rzjcUtXQz4E,【Joeman】拍片拍照一應俱全！Sony α7IV全台首開！A74 A7M4 A7IV Unboxing,2021-10-21 23:00:35,2021-10-21,2021,23,982,長片,3C開箱評測,playlist,Joeman開箱去,【Joeman開箱去】,False,none,0.0,,False,False,,359477,3848.0,313.0,22,https://www.youtube.com/watch?v=rzjcUtXQz4E
kWMmRyTrjps,【Joeman】50000元的奢華紅酒對決289元的大賣場紅酒【Joe是要對決S2】Ep78 ft.@yuniko0720,2021-10-18 18:00:21,2021-10-18,2021,18,2899,長片,挑戰/企劃,playlist,Joe是要對決,【Joe是要對決】第二季,True,keyword,11.0,專屬導購代碼|專屬導購連結|折扣導購用語|行銷活動用語|品牌官方導流,False,False,,691156,8719.0,679.0,22,https://www.youtube.com/watch?v=kWMmRyTrjps
_UtXbictJtQ,【Joeman】叫好不叫座！Sony Xperia 1 III手機開箱！,2021-10-17 18:30:09,2021-10-17,2021,18,735,長片,3C開箱評測,playlist,Joeman開箱去,【Joeman開箱去】,False,none,0.0,,False,False,,323894,6824.0,845.0,22,https://www.youtube.com/watch?v=_UtXbictJtQ
30jyM3KGd8U,【Joeman】A粉終極信仰筆電開箱！R9+RX6800M表現如何？ROG Strix G15 G513QY Unboxing,2021-10-14 18:00:02,2021-10-14,2021,18,855,長片,3C開箱評測,playlist,Joeman開箱去,【Joeman開箱去】,False,none,0.0,,False,False,,164772,2359.0,171.0,22,https://www.youtube.com/watch?v=30jyM3KGd8U
nE8qkQ6uHy0,【Joeman】Apple Watch Series 7全台首開！螢幕加大超有感！,2021-10-13 21:00:21,2021-10-13,2021,21,560,長片,3C開箱評測,playlist,Joeman開箱去,【Joeman開箱去】,True,keyword,10.0,致謝贊助句型|影片合作聲明|直接提及贊助方|提及廠商,False,False,,492106,5615.0,350.0,22,https://www.youtube.com/watch?v=nE8qkQ6uHy0
ZfggNr7Dxig,【Joeman】2000元的A5和牛奢華三明治對決26元的平價三明治！洪瑞珍、良栗商號、  吐司利亞、梵燒肉、田園海鮮餐廳【Joe是要對決S2】Ep77 ft.@bonibaobao,2021-10-11 18:00:16,2021-10-11,2021,18,1939,長片,挑戰/企劃,playlist,Joe是要對決,【Joe是要對決】第二季,False,none,0.0,,False,False,,643257,7727.0,1064.0,22,https://www.youtube.com/watch?v=ZfggNr7Dxig
Zk2fDzPBiIw,【Joeman】中和上億豪宅開箱！無敵河景超級美～遠雄左岸香榭園《Joe是要看房》ep.19,2021-10-09 20:00:31,2021-10-09,2021,20,1949,長片,看房/房產,title_series,Joe是要看房,,False,none,0.0,,False,False,,691096,5971.0,408.0,22,https://www.youtube.com/watch?v=Zk2fDzPBiIw
AFwMil7lapQ,【Joeman】1998元的奢華海鮮粥對決15元的平價肉粥！葉家肉粥、周記肉粥店、滿粥穗、十二月、珍寶海鮮【Joe是要對決S2】Ep76 ft.Yuri陳怡叡,2021-10-04 18:00:04,2021-10-04,2021,18,1751,長片,挑戰/企劃,playlist,Joe是要對決,【Joe是要對決】第二季,False,none,0.0,,False,False,,860265,9468.0,952.0,22,https://www.youtube.com/watch?v=AFwMil7lapQ
UfWnEHGZVQY,【Joeman】挑戰一日火車環島！在普悠瑪上開箱摺疊手機！,2021-10-03 18:00:10,2021-10-03,2021,18,1140,長片,挑戰/企劃,keyword,,,True,keyword,3.0,購買行動用語|新品發表用語,False,False,,552693,9359.0,767.0,22,https://www.youtube.com/watch?v=UfWnEHGZVQY
WwUy5dGh1DE,【Joeman】開著小牛上武嶺！挑戰台灣公路最高點！,2021-10-01 18:00:26,2021-10-01,2021,18,1111,長片,挑戰/企劃,keyword,,,False,none,0.0,,False,False,,955305,11546.0,732.0,22,https://www.youtube.com/watch?v=WwUy5dGh1DE
BluAOlK8jYw,【Joeman】一口氣吃6家牛肉麵！980元的和牛牛肉麵對決90元的平價牛肉麵！清真中國牛肉麵食館、、富宏牛肉麵、牛店、晶華酒店azie 、大師兄銷魂麵舖、一號糧倉【Joe是要對決S2】Ep75,2021-09-27 18:00:03,2021-09-27,2021,18,2500,長片,挑戰/企劃,playlist,Joe是要對決,【Joe是要對決】第二季,True,keyword,3.0,影片合作聲明,False,False,,1107088,12093.0,1223.0,22,https://www.youtube.com/watch?v=BluAOlK8jYw
VqdXWwzkaKw,【Joeman】iPhone 13開箱完結篇！聊聊iPhone 13 mini與這一代的感想,2021-09-26 23:15:01,2021-09-26,2021,23,1430,長片,3C開箱評測,playlist,Joeman開箱去,【Joeman開箱去】,True,keyword,10.0,致謝贊助句型|影片合作聲明|直接提及贊助方|提及廠商,False,False,,862141,12917.0,1543.0,22,https://www.youtube.com/watch?v=VqdXWwzkaKw
pN6pbHITBfk,【Joeman】把iPhone 13 Pro改造成空拍機飛上天！真正的飛航模式！iPhone 13 Pro on FPV Drone,2021-09-25 20:30:08,2021-09-25,2021,20,562,長片,3C開箱評測,playlist,Joeman開箱去,【Joeman開箱去】,False,none,0.0,,False,False,,349187,10036.0,673.0,22,https://www.youtube.com/watch?v=pN6pbHITBfk
ub0IMsI7d8U,【Joeman】iPhone 13詳細開箱！iPhone 13跟Pro到底要怎麼選？,2021-09-24 05:31:03,2021-09-24,2021,5,923,長片,3C開箱評測,playlist,Joeman開箱去,【Joeman開箱去】,True,keyword,8.0,致謝贊助句型|直接提及贊助方|新品發表用語|提及廠商,False,False,,1112330,14456.0,880.0,22,https://www.youtube.com/watch?v=ub0IMsI7d8U
_TApfEWBsPo,【Joeman】史上最流暢的iPhone！iPhone 13 Pro & Pro Max詳細開箱,2021-09-22 05:38:01,2021-09-22,2021,5,1384,長片,3C開箱評測,playlist,Joeman開箱去,【Joeman開箱去】,True,keyword,8.0,專屬導購代碼|致謝贊助句型|折扣導購用語,False,False,,1710098,31782.0,2191.0,22,https://www.youtube.com/watch?v=_TApfEWBsPo
mo07lEx0Qaw,【Joeman】全台首開！iPhone 13全系列短開箱！#shorts,2021-09-21 21:04:57,2021-09-21,2021,21,56,Shorts,3C開箱評測,playlist,Joeman開箱去,開箱精華版,False,none,0.0,,False,False,,435976,10415.0,365.0,22,https://www.youtube.com/watch?v=mo07lEx0Qaw
LEpSiICAlvo,【Joeman】吃了快兩萬塊的法式料理！上萬元的米其林法式餐廳對決巷弄平價法式餐廳！歐洲風味餐坊、侯布雄法式餐廳【Joe是要對決S2】Ep74 @goldfishbrain,2021-09-20 18:00:18,2021-09-20,2021,18,2670,長片,挑戰/企劃,playlist,Joe是要對決,【Joe是要對決】第二季,True,keyword,3.0,影片合作聲明,False,False,,1555125,16014.0,1241.0,22,https://www.youtube.com/watch?v=LEpSiICAlvo
jmtA3Ll3mcI,【Joeman】幾乎沒有亮點但肯定賣超好的iPhone 13跟iPhone 13 Pro,2021-09-15 23:15:04,2021-09-15,2021,23,830,長片,3C開箱評測,playlist,Joeman開箱去,【Joeman開箱去】,False,none,0.0,,False,False,,1275876,19475.0,2153.0,22,https://www.youtube.com/watch?v=jmtA3Ll3mcI
NIX1BbU3aE0,【Joeman】一晚住宿超過六位數！10萬元的六福萬怡總統套房對決22萬元的台北萬豪總統套房【Joe是要對決S2】Ep73 @haileyhsu,2021-09-13 18:00:08,2021-09-13,2021,18,2196,長片,挑戰/企劃,playlist,Joe是要對決,【Joe是要對決】第二季,False,none,0.0,,False,False,,1083052,13502.0,888.0,22,https://www.youtube.com/watch?v=NIX1BbU3aE0
YJt4DL0RavA,【Joeman】顯示卡為何瘋狂漲價？聊聊今年顯卡行情與降價可能！,2021-09-11 21:00:25,2021-09-11,2021,21,1215,長片,3C開箱評測,keyword,,,True,keyword,3.0,明確商業合作字樣,False,False,,422773,7232.0,910.0,22,https://www.youtube.com/watch?v=YJt4DL0RavA
By1f5K_SmLo,【Joeman】散熱更快更靈敏的電競手機！Legion Phone Duel 2開箱,2021-09-10 18:00:16,2021-09-10,2021,18,649,長片,3C開箱評測,playlist,Joeman開箱去,【Joeman開箱去】,False,none,0.0,,False,False,,272604,3260.0,417.0,22,https://www.youtube.com/watch?v=By1f5K_SmLo
YT4eqCBxTXs,【Joeman】一顆月餅比別人一整盒更貴！9980元的超奢華月餅對決390元的平價百年老店月餅【Joe是要對決S2】Ep72@daddy.iam.9999 @Tw-Universe,2021-09-06 18:00:13,2021-09-06,2021,18,2236,長片,挑戰/企劃,playlist,Joe是要對決,【Joe是要對決】第二季,False,none,0.0,,False,False,,808920,9716.0,913.0,22,https://www.youtube.com/watch?v=YT4eqCBxTXs
7UXQ7nr25DE,【Joeman】2021組電腦懶人包！2萬~10萬的電腦怎麼組？,2021-09-05 21:44:16,2021-09-05,2021,21,1036,長片,3C開箱評測,keyword,,,False,none,0.0,,False,False,,426707,8803.0,965.0,22,https://www.youtube.com/watch?v=7UXQ7nr25DE
3fsfp4WnxDA,【Joeman】一個一萬元的超頂級外送便當！直接給一盒海膽？ft.@yuzi_lu,2021-08-31 18:00:04,2021-08-31,2021,18,839,長片,美食,keyword,,,True,keyword,3.0,明確商業合作字樣,False,False,,518340,7234.0,820.0,22,https://www.youtube.com/watch?v=3fsfp4WnxDA
Qc95J1JMF5s,【Joeman】陰間也有貧富差距？180000元的奢華紙紮屋對決3500元的平價紙紮屋【Joe是要對決S2】Ep71@One_Way_Ticket_life,2021-08-30 18:00:09,2021-08-30,2021,18,2281,長片,挑戰/企劃,playlist,Joe是要對決,【Joe是要對決】第二季,False,none,0.0,,False,False,,1029464,14761.0,1171.0,22,https://www.youtube.com/watch?v=Qc95J1JMF5s
ILeK_Y1sZHk,【Joeman】一坪不到10萬元的海景房？實地考察傳說中的知名廢墟！海灣新城《Joe是要看房》ep.20,2021-08-27 18:00:07,2021-08-27,2021,18,616,長片,看房/房產,title_series,Joe是要看房,,False,none,0.0,,False,False,,878212,8460.0,760.0,22,https://www.youtube.com/watch?v=ILeK_Y1sZHk
VcEpa5cDIGA,【Joeman】一次吃上萬元的台菜！4980元的經典台菜對決5980元的創意台菜！金蓬萊遵古台菜餐廳、山海樓【Joe是要對決S2】Ep70 @rayduenglish,2021-08-23 18:00:09,2021-08-23,2021,18,1743,長片,挑戰/企劃,playlist,Joe是要對決,【Joe是要對決】第二季,False,none,0.0,,False,False,,804468,9981.0,795.0,22,https://www.youtube.com/watch?v=VcEpa5cDIGA
5b0F39pruH0,【Joeman】要價近2億的超級神車！藍寶堅尼油電牛王Sian！2021 Sián FKP 37 Hybrid Supercar,2021-08-22 18:00:02,2021-08-22,2021,18,876,長片,3C開箱評測,playlist,Joeman開箱去,【Joeman開箱去】,False,none,0.0,,False,False,,1374089,18940.0,1692.0,22,https://www.youtube.com/watch?v=5b0F39pruH0
qVXKZPCe_nI,【Joeman】要價280萬的頂級重機！Ducati與藍寶堅尼的夢幻聯名！2021 DUCATI Diavel 1260 LAMBORGHINI@elle0315,2021-08-22 12:00:12,2021-08-22,2021,12,879,長片,汽車,keyword,,,False,none,0.0,,False,False,,561383,7035.0,539.0,22,https://www.youtube.com/watch?v=qVXKZPCe_nI
P7I_HE41W3o,【Joeman】直接對位高階 MacbookPro 的創作者筆電！超漂亮螢幕+第11代intel Core i9的 MSI Creator Z16！,2021-08-20 19:30:31,2021-08-20,2021,19,841,長片,3C開箱評測,playlist,Joeman開箱去,【Joeman開箱去】,False,none,0.0,,False,False,,232509,2179.0,258.0,22,https://www.youtube.com/watch?v=P7I_HE41W3o
rdNEfWRRAxA,【Joeman】超療癒！擁有數百隻寶可夢的收藏家！Joe是要收藏 ep.22,2021-08-19 18:00:18,2021-08-19,2021,18,1721,長片,玩具/收藏,playlist,Joe是要收藏,Joe是要收藏,False,none,0.0,,False,False,,255391,4436.0,353.0,22,https://www.youtube.com/watch?v=rdNEfWRRAxA
VbsbOijW_3k,【Joeman】比內衣還性感！18900元的奢華比基尼對決250元的平價比基尼！高清無碼黃標版【Joe是要對決S2】Ep69 @link8195 @user-ch9bb7em5d,2021-08-16 18:00:26,2021-08-16,2021,18,1618,長片,挑戰/企劃,playlist,Joe是要對決,【Joe是要對決】第二季,True,keyword,3.0,影片合作聲明,False,False,,2487515,37618.0,2608.0,22,https://www.youtube.com/watch?v=VbsbOijW_3k
cJd3ofMvKOc,直擊女子更衣間! 比基尼對決幕後花絮 【Joeman】#shorts @link8195  @user-ch9bb7em5d,2021-08-16 15:32:30,2021-08-16,2021,15,16,Shorts,挑戰/企劃,keyword,,,False,none,0.0,,False,False,,1626653,23407.0,1105.0,22,https://www.youtube.com/watch?v=cJd3ofMvKOc
JAaCFI6TNsc,封山兩個月後的台灣山林！草嶺古道、桃源谷空拍【Joeman】#shorts #短版,2021-08-15 21:04:16,2021-08-15,2021,21,59,Shorts,3C開箱評測,playlist,Joeman開箱去,開箱精華版,False,none,0.0,,False,False,,77558,2202.0,53.0,22,https://www.youtube.com/watch?v=JAaCFI6TNsc
QnmYd9ieJzM,【Joeman】封山兩個月後的台灣山林！絕美草原重現眼前！草嶺古道、桃源谷登山遊記,2021-08-15 18:00:10,2021-08-15,2021,18,796,長片,未分類,none,,,False,none,1.0,新品發表用語,False,False,,355583,4441.0,303.0,22,https://www.youtube.com/watch?v=QnmYd9ieJzM
ll1YEAtOlYQ,【Joeman】105度的顯示卡？土炮改裝顯示卡王RTX3090！溫度直降20度？,2021-08-14 18:00:21,2021-08-14,2021,18,1916,長片,3C開箱評測,playlist,Joeman開箱去,【Joeman開箱去】,True,keyword,3.0,明確商業合作字樣,False,False,,367048,5782.0,553.0,22,https://www.youtube.com/watch?v=ll1YEAtOlYQ
-Ye75PaVOnI,紙紮iPhone開箱！鬼月就燒這個給好兄弟！【Joeman】#shorts,2021-08-12 19:39:37,2021-08-12,2021,19,51,Shorts,3C開箱評測,playlist,Joeman開箱去,開箱精華版,False,none,0.0,,False,False,,487416,12071.0,377.0,22,https://www.youtube.com/watch?v=-Ye75PaVOnI
M9STobkX6L0,全台唯一！火影迷一定要朝聖的一樂拉麵！#shorts【Joeman】,2021-08-12 00:46:48,2021-08-12,2021,0,59,Shorts,美食,playlist,帶你去吃各地美食,美食精華版,False,none,0.0,,False,False,,1595940,40970.0,372.0,22,https://www.youtube.com/watch?v=M9STobkX6L0
gnagPlzL1yQ,【Joeman】全台唯一！火影迷必來朝聖的一樂拉麵開幕了！,2021-08-11 18:00:18,2021-08-11,2021,18,833,長片,3C開箱評測,playlist,Joeman開箱去,【Joeman開箱去】,False,none,0.0,,False,False,,710536,10593.0,874.0,22,https://www.youtube.com/watch?v=gnagPlzL1yQ
S5P_VWbGUq4,【Joeman】總價超過兩萬！22180元的超奢華水果對決432元的平價水果！【Joe是要對決S2】Ep68 ft.Lucy @Tw-Universe,2021-08-09 18:00:27,2021-08-09,2021,18,2206,長片,挑戰/企劃,playlist,Joe是要對決,【Joe是要對決】第二季,False,none,0.0,,False,False,,503164,5944.0,698.0,22,https://www.youtube.com/watch?v=S5P_VWbGUq4
93Tu3r-II1M,【Joeman】價值超過2億元的毛胚屋！大直第一豪宅！西華富邦《Joe是要看房》ep.18,2021-08-08 16:00:02,2021-08-08,2021,16,1240,長片,看房/房產,title_series,Joe是要看房,,False,none,0.0,,False,False,,596290,5449.0,399.0,22,https://www.youtube.com/watch?v=93Tu3r-II1M
ZN-AoO4IHQA,【Joeman】一台55000元的奢華電競螢幕！最新一代超寬32:9曲面螢幕三星Neo G9 開箱,2021-08-03 19:00:17,2021-08-03,2021,19,577,長片,3C開箱評測,playlist,Joeman開箱去,【Joeman開箱去】,False,none,0.0,,False,False,,289527,3786.0,331.0,22,https://www.youtube.com/watch?v=ZN-AoO4IHQA
QxeUb4nfefU,【Joeman】台北涼麵名店評比！40元的經典涼麵對決75元的和風涼麵！陳家涼麵、林文必涼麵、福德涼麵、老麵攤、永吉涼麵、小良絆涼麵【Joe是要對決S2】Ep67 @goldfishbrain,2021-08-02 18:00:25,2021-08-02,2021,18,1534,長片,挑戰/企劃,playlist,Joe是要對決,【Joe是要對決】第二季,False,none,0.0,,False,False,,457725,5646.0,865.0,22,https://www.youtube.com/watch?v=QxeUb4nfefU
CMMoPWICfrU,【Joeman】上百尊鋼彈收藏！傳說中的電鍍模型！Joe是要收藏 ep.21,2021-07-28 18:00:11,2021-07-28,2021,18,1560,長片,玩具/收藏,playlist,Joe是要收藏,Joe是要收藏,False,none,0.0,,False,False,,338432,5185.0,342.0,22,https://www.youtube.com/watch?v=CMMoPWICfrU
5tPLntHymt4,【Joeman】總價破5000萬！頂級高樓露臺戶開箱!萬華實價登錄大解析！《Joe是要看房》ep.17,2021-07-27 18:00:02,2021-07-27,2021,18,1736,長片,看房/房產,title_series,Joe是要看房,,False,none,0.0,,False,False,,734248,5642.0,599.0,22,https://www.youtube.com/watch?v=5tPLntHymt4
2IGpI-r3Ays,【Joeman】台中燒肉名店對決！3999元的頂級A5和牛燒肉對決2980元的海陸大餐燒肉【Joe是要對決S2】Ep66 @yuniko0720,2021-07-26 18:00:01,2021-07-26,2021,18,2437,長片,挑戰/企劃,playlist,Joe是要對決,【Joe是要對決】第二季,False,none,0.0,,False,False,,781337,7950.0,839.0,22,https://www.youtube.com/watch?v=2IGpI-r3Ays
YD3eQUwR-sE,【Joeman】蘋果近年最值得吐槽的產品！一個3000元卻充不飽的行動電源！,2021-07-25 19:15:01,2021-07-25,2021,19,643,長片,3C開箱評測,playlist,Joeman開箱去,【Joeman開箱去】,True,keyword,3.0,明確商業合作字樣,False,False,,496026,7224.0,1961.0,22,https://www.youtube.com/watch?v=YD3eQUwR-sE
FmT3XRyIhVE,【Joeman】一口氣開箱十幾款滑鼠！6190元的奢華電競滑鼠對決599元的平價文書滑鼠【Joe是要對決S2】Ep65 @yulihong22,2021-07-19 18:00:07,2021-07-19,2021,18,2883,長片,挑戰/企劃,playlist,Joe是要對決,【Joe是要對決】第二季,True,keyword,10.0,致謝贊助句型|影片合作聲明|直接提及贊助方|提及廠商,False,False,,930356,9114.0,1064.0,22,https://www.youtube.com/watch?v=FmT3XRyIhVE
yfYXcsM5S4c,【Joeman】台灣迷因測驗！竟然差點不及格？,2021-07-13 18:00:20,2021-07-13,2021,18,456,長片,未分類,none,,,False,none,0.0,,False,False,,299681,4602.0,538.0,22,https://www.youtube.com/watch?v=yfYXcsM5S4c
P8BeiHZ7fPQ,【Joeman】總價破萬的奢華便當！3988元的奢華日式便當對決650元的奢華日式便當！月夜岩、千壽、吉兆割烹壽司、謙安和、盛和屋【Joe是要對決S2】Ep64 @atotheda,2021-07-12 18:00:10,2021-07-12,2021,18,2348,長片,挑戰/企劃,playlist,Joe是要對決,【Joe是要對決】第二季,True,keyword,10.0,致謝贊助句型|影片合作聲明|直接提及贊助方|提及廠商,False,False,,1260890,13094.0,911.0,22,https://www.youtube.com/watch?v=P8BeiHZ7fPQ
CHwIOQC6meo,【Joeman】iPhone 13外流模型機開箱！你能接受大小眼的iPhone嗎？,2021-07-08 18:00:10,2021-07-08,2021,18,694,長片,3C開箱評測,playlist,Joeman開箱去,【Joeman開箱去】,False,none,0.0,,False,False,,303315,3469.0,770.0,22,https://www.youtube.com/watch?v=CHwIOQC6meo
IT1mWbw8KS4,【Joeman】上百尊動漫雕像！正版雕像收藏家！Joe是要收藏 ep.20,2021-07-07 18:00:07,2021-07-07,2021,18,2629,長片,玩具/收藏,playlist,Joe是要收藏,Joe是要收藏,False,none,0.0,,False,False,,609380,7586.0,440.0,22,https://www.youtube.com/watch?v=IT1mWbw8KS4
nBTOHF9c5Ls,【Joeman】總價破萬的外送火鍋！8250元的奢華火鍋對決1890元的奢華火鍋！黑毛屋、橘色【Joe是要對決S2】Ep63 @5499iamjojo,2021-07-05 18:00:21,2021-07-05,2021,18,1892,長片,挑戰/企劃,playlist,Joe是要對決,【Joe是要對決】第二季,True,keyword,3.0,影片合作聲明,False,False,,684915,7366.0,837.0,22,https://www.youtube.com/watch?v=nBTOHF9c5Ls
lGvaPEcFuNM,【Joeman】差一點點就完美！全新大改款Ｍ1 iMac開箱！,2021-06-29 18:00:32,2021-06-29,2021,18,802,長片,3C開箱評測,playlist,Joeman開箱去,【Joeman開箱去】,True,keyword,3.0,明確商業合作字樣,False,False,,451945,5739.0,529.0,22,https://www.youtube.com/watch?v=lGvaPEcFuNM
KHxKhTNjGvc,【Joeman】一口氣吃5家！3420元的奢華和牛便當對決169元的平價和牛便當！燒肉Smile、發肉燒肉餐酒、老乾杯、樂軒、大腕燒肉專門店【Joe是要對決S2】Ep62,2021-06-28 18:00:13,2021-06-28,2021,18,2056,長片,挑戰/企劃,playlist,Joe是要對決,【Joe是要對決】第二季,False,none,0.0,,False,False,,892497,9484.0,966.0,22,https://www.youtube.com/watch?v=KHxKhTNjGvc
ugpS8F2Xq2g,【Joeman】幫iPhone外接實體Home鍵！超無用配件開箱！,2021-06-27 18:00:22,2021-06-27,2021,18,408,長片,3C開箱評測,playlist,Joeman開箱去,【Joeman開箱去】,False,none,0.0,,False,False,,457402,6245.0,747.0,22,https://www.youtube.com/watch?v=ugpS8F2Xq2g
69YqG3ZidOo,【Joeman】一次開箱兩台奢華筆電！剪片、打電動要怎麼選？技嘉Aorus 17G、Aero 15 OLED intel i7-11800H,2021-06-26 18:00:03,2021-06-26,2021,18,941,長片,3C開箱評測,playlist,Joeman開箱去,【Joeman開箱去】,False,none,0.0,,False,False,,258556,2421.0,230.0,22,https://www.youtube.com/watch?v=69YqG3ZidOo
TwhDNSEuTRE,【Joeman】一萬元內最值得買的藍牙耳機！Sony WF-1000XM4 開箱體驗！,2021-06-25 18:00:25,2021-06-25,2021,18,687,長片,3C開箱評測,playlist,Joeman開箱去,【Joeman開箱去】,False,none,0.0,,False,False,,521100,6030.0,1083.0,22,https://www.youtube.com/watch?v=TwhDNSEuTRE
wCy1uZoCorw,【Joeman】一週年紀念！何時要拍酒店對決？公開回應來賓與價格的神祕連結！【Joe是要對決S2】Ep61,2021-06-21 18:00:22,2021-06-21,2021,18,3336,長片,挑戰/企劃,playlist,Joe是要對決,【Joe是要對決】第二季,False,none,0.0,,False,False,,332850,8049.0,1926.0,22,https://www.youtube.com/watch?v=wCy1uZoCorw
ZfWbVQy5qTo,【Joeman】自然進氣最速車！要價4000萬的大牛王Aventador SVJ台灣首批領牌車開箱！,2021-06-20 20:30:13,2021-06-20,2021,20,722,長片,3C開箱評測,playlist,Joeman開箱去,【Joeman開箱去】,False,none,0.0,,False,False,,579154,7498.0,535.0,22,https://www.youtube.com/watch?v=ZfWbVQy5qTo
h7qBg9cxmrk,【Joeman】要價4萬塊的頂級平板！iPad Pro 2021 m1開箱！,2021-06-19 13:30:04,2021-06-19,2021,13,1063,長片,3C開箱評測,playlist,Joeman開箱去,【Joeman開箱去】,True,keyword,3.0,明確商業合作字樣,False,False,,571119,6323.0,638.0,22,https://www.youtube.com/watch?v=h7qBg9cxmrk
OAhpLf8Cxzg,【Joeman】價值超過5億的車庫！超跑收藏家！Joe是要收藏 ep.19,2021-06-18 18:00:09,2021-06-18,2021,18,1600,長片,玩具/收藏,playlist,Joe是要收藏,Joe是要收藏,False,none,0.0,,False,False,,2377778,33793.0,3207.0,22,https://www.youtube.com/watch?v=OAhpLf8Cxzg
beuF_SMc0hU,【Joeman】1700元的奢華外送牛排對決1000元的奢華外送牛排！LE BLANC、Texas Roadhouse 【Joe是要對決S2】Ep60  ft.@XiaoKui,2021-06-14 18:00:30,2021-06-14,2021,18,1632,長片,挑戰/企劃,playlist,Joe是要對決,【Joe是要對決】第二季,False,none,0.0,,False,False,,627384,7349.0,682.0,22,https://www.youtube.com/watch?v=beuF_SMc0hU
yRHby2FgUTY,【Joeman】把塑膠變金屬！可以改變材質外觀的神奇馬克筆！Gundam marker ex xgm100,2021-06-12 18:00:27,2021-06-12,2021,18,497,長片,3C開箱評測,playlist,Joeman開箱去,【Joeman開箱去】,True,keyword,3.0,明確商業合作字樣,False,False,,286556,3956.0,331.0,22,https://www.youtube.com/watch?v=yRHby2FgUTY
53rIbdhjYms,【Joeman】1瓶4000元的皇家啤酒對決1瓶32元的平價啤酒！【Joe是要對決S2】Ep59  ft.台灣通勤第一品牌,2021-06-07 18:00:02,2021-06-07,2021,18,2496,長片,挑戰/企劃,playlist,Joe是要對決,【Joe是要對決】第二季,True,keyword,6.0,致謝贊助句型|導購區塊標題,False,False,,997272,12224.0,1299.0,22,https://www.youtube.com/watch?v=53rIbdhjYms
63n9zCbqKF0,【Joeman】去批發魚市買龍蝦回家料理！現場喊魚真的比較便宜嗎？@annie72127 @jimmywangchef,2021-06-06 12:00:04,2021-06-06,2021,12,786,長片,未分類,none,,,True,keyword,3.0,明確商業合作字樣,False,False,,535633,6478.0,502.0,22,https://www.youtube.com/watch?v=63n9zCbqKF0
YSVHfx3_CAE,【Joeman】追劇神器！幫你剝瓜子的自動嗑瓜子機！,2021-06-05 12:00:18,2021-06-05,2021,12,339,長片,3C開箱評測,playlist,Joeman開箱去,【Joeman開箱去】,True,keyword,3.0,明確商業合作字樣,False,False,,386540,5895.0,454.0,22,https://www.youtube.com/watch?v=YSVHfx3_CAE
gQu_ZdbzpzE,【Joeman】完成兒時的夢想！漫畫收藏家！Joe是要收藏 ep.18,2021-06-02 18:00:31,2021-06-02,2021,18,2575,長片,玩具/收藏,playlist,Joe是要收藏,Joe是要收藏,False,none,0.0,,False,False,,365548,5673.0,933.0,22,https://www.youtube.com/watch?v=gQu_ZdbzpzE
lEvEMg74pE4,【Joeman】1公斤10000元的頂級黑鮪魚對決一盤30元的平價鮪魚！【Joe是要對決S2】Ep58 @annie72127,2021-05-31 18:00:18,2021-05-31,2021,18,1929,長片,挑戰/企劃,playlist,Joe是要對決,【Joe是要對決】第二季,True,keyword,14.0,專屬導購代碼|專屬導購連結|結帳代碼指引|折扣導購用語|行銷活動用語|品牌官方導流,False,False,,1385412,14458.0,1089.0,22,https://www.youtube.com/watch?v=lEvEMg74pE4
A72d784WRfk,【Joeman】要花超過20萬？跟旅行社討論去美國打疫苗的可行性！,2021-05-27 12:00:08,2021-05-27,2021,12,704,長片,未分類,none,,,False,none,0.0,,False,False,,382319,5926.0,1494.0,22,https://www.youtube.com/watch?v=A72d784WRfk
VtvnzFxi2vc,【Joeman】平民美食對決！88元的鮑魚紅豆餅對決12元的平價紅豆餅！晴光紅豆餅、光華日式車輪餅、同心圓、有時候紅豆餅、 花輪東京今川燒、馬祖新村【Joe是要對決S2】Ep57 @haileyhsu,2021-05-24 18:00:09,2021-05-24,2021,18,2177,長片,挑戰/企劃,playlist,Joe是要對決,【Joe是要對決】第二季,True,keyword,4.0,致謝贊助句型|品牌官方導流,False,False,,727366,6883.0,1162.0,22,https://www.youtube.com/watch?v=VtvnzFxi2vc
Ckdll3aNpYQ,【Joeman】散熱冷到會出水！性價比最好的電競手機！,2021-05-20 18:00:06,2021-05-20,2021,18,1073,長片,電競賽事,keyword,,,True,keyword,3.0,導購區塊標題,False,False,,702511,9423.0,1369.0,22,https://www.youtube.com/watch?v=Ckdll3aNpYQ
TCd1SXwamEE,【Joeman】忍笑大挑戰！笑的穿一件！@helloiamhook,2021-05-19 18:00:23,2021-05-19,2021,18,1057,長片,挑戰/企劃,keyword,,,False,none,0.0,,False,False,,187120,3069.0,269.0,22,https://www.youtube.com/watch?v=TCd1SXwamEE
EaHYZXa46H4,【Joeman】一整張簽名要300萬？簽名收藏家！ Joe是要收藏 ep.17,2021-05-18 18:00:06,2021-05-18,2021,18,1229,長片,玩具/收藏,playlist,Joe是要收藏,Joe是要收藏,False,none,0.0,,False,False,,227236,4242.0,485.0,22,https://www.youtube.com/watch?v=EaHYZXa46H4
Q6mks64845g,【Joeman】6800元的和牛壽喜燒對決190元的平價壽喜燒！OMMA 壽喜燒、松阪亭【Joe是要對決S2】Ep56 @dollshin0324,2021-05-17 18:00:10,2021-05-17,2021,18,2281,長片,挑戰/企劃,playlist,Joe是要對決,【Joe是要對決】第二季,False,none,0.0,,False,False,,1223611,12274.0,868.0,22,https://www.youtube.com/watch?v=Q6mks64845g
drIHSOcf9tk,【Joeman】回到台南故鄉看房！超溫馨木質裝潢開箱～駅前千利修《Joe是要看房》ep.15,2021-05-16 12:00:23,2021-05-16,2021,12,1638,長片,看房/房產,title_series,Joe是要看房,,False,none,0.0,,False,False,,588841,7239.0,512.0,22,https://www.youtube.com/watch?v=drIHSOcf9tk
oYO_paloGr8,【Joeman】我印了一隻iPhone 13！iPhone13 Pro的謠言跟推測！,2021-05-13 18:00:27,2021-05-13,2021,18,786,長片,3C開箱評測,playlist,Joeman開箱去,【Joeman開箱去】,True,keyword,3.0,明確商業合作字樣,False,False,,215054,2958.0,460.0,22,https://www.youtube.com/watch?v=oYO_paloGr8
Wf_IOU9QTVo,【Joeman】一張餐桌超過300萬！義大利頂級手工傢俱開箱！ft. Poltrona Frau,2021-05-12 18:00:13,2021-05-12,2021,18,991,長片,3C開箱評測,playlist,Joeman開箱去,【Joeman開箱去】,False,none,0.0,,False,False,,273952,3667.0,287.0,22,https://www.youtube.com/watch?v=Wf_IOU9QTVo
yZc6iBhKIWw,【Joeman】精選11款市售雞胸肉大亂鬥！55元的平價雞胸肉對決149元的平價雞胸肉！健身控必看！【Joe是要對決S2】Ep55 ft.豪哥許家豪,2021-05-10 18:00:35,2021-05-10,2021,18,2126,長片,挑戰/企劃,playlist,Joe是要對決,【Joe是要對決】第二季,True,keyword,3.0,影片合作聲明,False,False,,788446,9733.0,1005.0,22,https://www.youtube.com/watch?v=yZc6iBhKIWw
VJRCzcB13Ek,【Joeman】我不用iPhone了！使用安卓手機三個月的心路歷程！Pixel 5優缺點分析,2021-05-09 12:00:06,2021-05-09,2021,12,1291,長片,3C開箱評測,playlist,Joeman開箱去,【Joeman開箱去】,True,keyword,3.0,明確商業合作字樣,False,False,,1370645,17723.0,4110.0,22,https://www.youtube.com/watch?v=VJRCzcB13Ek
-7nFDxxoEcU,【Joeman】紓壓玩具界的霸主？超無用小玩具開箱！,2021-05-07 18:00:00,2021-05-07,2021,18,353,長片,3C開箱評測,playlist,Joeman開箱去,【Joeman開箱去】,False,none,0.0,,False,False,,155834,2789.0,321.0,22,https://www.youtube.com/watch?v=-7nFDxxoEcU
omcr6-TGWdM,【Joeman】節目史上最貴收藏！珠寶收藏家！ft.廖文良老師 Joe是要收藏 ep.16,2021-05-04 18:00:21,2021-05-04,2021,18,1330,長片,玩具/收藏,title_series,Joe是要收藏,,False,none,0.0,,False,False,,378517,5442.0,478.0,22,https://www.youtube.com/watch?v=omcr6-TGWdM
FcqWRi8j9CY,【Joeman】5600元的奢華罐頭對決25元的平價罐頭！【Joe是要對決S2】Ep54@vivi0z1,2021-05-03 18:00:07,2021-05-03,2021,18,1630,長片,挑戰/企劃,playlist,Joe是要對決,【Joe是要對決】第二季,False,none,0.0,,False,False,,734444,7655.0,1162.0,22,https://www.youtube.com/watch?v=FcqWRi8j9CY
yIrgcb_UlH4,【Joeman】地表最帥休旅車！傳說中的休旅牛URUS！2021 Lamborghini Urus,2021-05-01 12:00:15,2021-05-01,2021,12,775,長片,汽車,keyword,,,False,none,0.0,,False,False,,595468,6959.0,780.0,22,https://www.youtube.com/watch?v=yIrgcb_UlH4
7nkU5WOW5XE,【Joeman】減肥神器～在家就能運動的健身鏡！健身魔鏡開箱！,2021-04-30 18:00:02,2021-04-30,2021,18,462,長片,3C開箱評測,playlist,Joeman開箱去,【Joeman開箱去】,False,none,0.0,,False,False,,156588,1633.0,119.0,22,https://www.youtube.com/watch?v=7nkU5WOW5XE
J1qUmNujAKg,【Joeman】不到50元的耳機開箱！性價比爆表？,2021-04-29 18:00:09,2021-04-29,2021,18,905,長片,3C開箱評測,keyword,,,False,none,0.0,,False,False,,171544,2850.0,533.0,22,https://www.youtube.com/watch?v=J1qUmNujAKg
V-qhbdJKD14,【Joeman】一週年企劃！一雙12600元的香奈兒絲襪對決一雙80元的平價絲襪！【Joe是要對決S2】Ep53 @Wannabeauty777、泥泥汝,2021-04-26 18:00:11,2021-04-26,2021,18,1550,長片,挑戰/企劃,playlist,Joe是要對決,【Joe是要對決】第二季,False,none,0.0,,False,False,,1206678,17644.0,1268.0,22,https://www.youtube.com/watch?v=V-qhbdJKD14
Ru2Xm0pTnaw,【Joeman】住在特斯拉一個晚上！花蓮自駕行！,2021-04-24 21:00:09,2021-04-24,2021,21,1050,長片,3C開箱評測,playlist,Joeman開箱去,【Joeman開箱去】,True,keyword,11.0,明確商業合作字樣|推薦或聯盟行銷連結|專屬導購指引|折扣導購用語,False,False,,541077,6914.0,565.0,22,https://www.youtube.com/watch?v=Ru2Xm0pTnaw
UzZp0LIwJu4,【Joeman】把鍵盤改裝成指尖陀螺！超炫炮鍵帽開箱！,2021-04-22 18:00:09,2021-04-22,2021,18,403,長片,3C開箱評測,playlist,Joeman開箱去,【Joeman開箱去】,False,none,0.0,,False,False,,219752,4339.0,347.0,22,https://www.youtube.com/watch?v=UzZp0LIwJu4
llTYjUeEDz0,【Joeman】10年翻漲3倍！最保值的勞力士！Joe是要收藏 ep.15,2021-04-21 18:00:17,2021-04-21,2021,18,2176,長片,玩具/收藏,playlist,Joe是要收藏,Joe是要收藏,False,none,0.0,,False,False,,1238255,10002.0,568.0,22,https://www.youtube.com/watch?v=llTYjUeEDz0
2upe3h1XeZc,【Joeman】一串500元的奢華串燒對決一串11元的平價串燒！一級棒、鳥心【Joe是要對決S2】Ep52@yuniko0720,2021-04-19 18:00:01,2021-04-19,2021,18,2314,長片,挑戰/企劃,playlist,Joe是要對決,【Joe是要對決】第二季,False,none,0.0,,False,False,,1462762,13500.0,1302.0,22,https://www.youtube.com/watch?v=2upe3h1XeZc
bGOG2YXFnK0,【Joeman】中國用語測驗！我竟然連90分都拿不到？,2021-04-18 14:00:10,2021-04-18,2021,14,1080,長片,3C開箱評測,playlist,Joeman開箱去,【Joeman開箱去】,False,none,0.0,,False,False,,423543,6572.0,2340.0,22,https://www.youtube.com/watch?v=bGOG2YXFnK0
o7p6KpjZfi8,【Joeman】肯德基新炸雞試吃！蜂蜜醬脆雞、檸檬蛋塔！,2021-04-17 12:00:27,2021-04-17,2021,12,250,長片,美食,playlist,帶你去吃各地美食,Joeman帶你去吃各地美食,False,none,0.0,,False,False,,332646,4904.0,281.0,22,https://www.youtube.com/watch?v=o7p6KpjZfi8
ZtvBqJ_Jy3I,【Joeman】男生要怎麼拍照？騎著Gogoro去街拍！四個台北拍照景點分享！Viva MIX試駕,2021-04-16 18:00:15,2021-04-16,2021,18,754,長片,汽車,keyword,,,False,none,0.0,,False,False,,221415,1546.0,149.0,22,https://www.youtube.com/watch?v=ZtvBqJ_Jy3I
DesVudIM7K0,【Joeman】花了500元買了一隻會嗆我的玩偶...憤怒鴨開箱,2021-04-14 18:00:05,2021-04-14,2021,18,562,長片,3C開箱評測,playlist,Joeman開箱去,【Joeman開箱去】,False,none,0.0,,False,False,,440728,9733.0,520.0,22,https://www.youtube.com/watch?v=DesVudIM7K0
i3z-2hH0OYc,【Joeman】蔡詩芸的香奈兒收藏！竟然有上萬美金的復古包！Joe是要收藏 ep.14 @DizzyDizzo,2021-04-13 18:00:15,2021-04-13,2021,18,1454,長片,玩具/收藏,playlist,Joe是要收藏,Joe是要收藏,False,none,0.0,,False,False,,435056,4869.0,255.0,22,https://www.youtube.com/watch?v=i3z-2hH0OYc
nKbbhOiodj0,【Joeman】750元的奢華冰淇淋對決35元的平價冰淇淋！永富、30 Ice Cream、雪王、小涼院霜淇淋、GODIVA、哈根達斯、、Venchi【Joe是要對決S2】Ep51@link8195,2021-04-12 18:00:26,2021-04-12,2021,18,2163,長片,挑戰/企劃,playlist,Joe是要對決,【Joe是要對決】第二季,False,none,0.0,,False,False,,593498,6177.0,593.0,22,https://www.youtube.com/watch?v=nKbbhOiodj0
iETX-0aXL9o,【Joeman】開箱全世界最黑的顏料！直接讓物體變隱形？,2021-04-11 18:00:32,2021-04-11,2021,18,515,長片,3C開箱評測,playlist,Joeman開箱去,【Joeman開箱去】,True,keyword,3.0,明確商業合作字樣,False,False,,437744,6087.0,725.0,22,https://www.youtube.com/watch?v=iETX-0aXL9o
lHO1MCSMiRA,【Joeman】買不到就自己捏！哥吉拉模型收藏家！Joe是要收藏 ep.13 @MRJOEHOBBYtv、許家豪、毛毛二,2021-04-06 18:30:10,2021-04-06,2021,18,1298,長片,玩具/收藏,playlist,Joe是要收藏,Joe是要收藏,False,none,0.0,,False,False,,480105,7518.0,465.0,22,https://www.youtube.com/watch?v=lHO1MCSMiRA
RMiQVFnd2Ts,【Joeman】10000元的米其林一星奢華燒肉對決198元的平價燒肉！鉄火燒肉、、大腕燒肉【Joe是要對決S2】Ep50@yuci0323,2021-04-05 18:00:08,2021-04-05,2021,18,2161,長片,挑戰/企劃,playlist,Joe是要對決,【Joe是要對決】第二季,True,keyword,12.0,專屬導購代碼|專屬導購連結|致謝贊助句型|社群導流指引,False,False,,1310383,11794.0,892.0,22,https://www.youtube.com/watch?v=RMiQVFnd2Ts
jN8-p-u6EpQ,【Joeman】跟著台灣健美冠軍一起練腿！差點沒崩潰！ft.許家豪、李天尹,2021-04-04 14:00:15,2021-04-04,2021,14,517,長片,人物/訪談,keyword,,,False,none,0.0,,False,False,,411887,4755.0,525.0,22,https://www.youtube.com/watch?v=jN8-p-u6EpQ
1R3EvJVuokE,【Joeman】6990元的Galaxy Buds Pro對決7990元的Airpods Pro！兩大無線藍芽抗噪耳機該怎麼選？,2021-04-03 12:00:01,2021-04-03,2021,12,1055,長片,3C開箱評測,playlist,Joeman開箱去,【Joeman開箱去】,False,none,0.0,,False,False,,342230,4619.0,868.0,22,https://www.youtube.com/watch?v=1R3EvJVuokE
cCD2TH2BEzM,【Joeman】RTX 3080+Ryzen9 筆電！香到不行旗艦電競筆電開箱！ROG Strix Scar 17,2021-03-31 18:00:30,2021-03-31,2021,18,1031,長片,電競賽事,keyword,,,True,keyword,3.0,產品導流連結,False,False,,324327,3428.0,406.0,22,https://www.youtube.com/watch?v=cCD2TH2BEzM
_rfLMFvqM_g,【Joeman】一口氣吃七家雞排！75元的平價雞排對決30元的平價雞排！三重牛乳大王、陳季炸雞、新莊香酥雞、雞排本色、協力香雞排、緯大雞排、天使雞排【Joe是要對決S2】Ep49,2021-03-29 18:00:25,2021-03-29,2021,18,1780,長片,挑戰/企劃,playlist,Joe是要對決,【Joe是要對決】第二季,False,none,0.0,,False,False,,1112883,11592.0,1744.0,22,https://www.youtube.com/watch?v=_rfLMFvqM_g
5WGPnS9Vefs,【Joeman】請職業賽車手教我用賽車模擬器！練完直接下真實賽道！@evanchen68,2021-03-28 18:00:04,2021-03-28,2021,18,968,長片,3C開箱評測,playlist,Joeman開箱去,【Joeman開箱去】,True,keyword,8.0,導購區塊標題|結帳代碼指引|折扣導購用語,False,False,,251401,2771.0,211.0,22,https://www.youtube.com/watch?v=5WGPnS9Vefs
W5RWAPoajtA,【Joeman】北海道機場貴賓室開箱！竟然有拉麵跟咖哩可以吃～,2021-03-27 18:00:07,2021-03-27,2021,18,367,長片,旅遊/航空,playlist,飛機餐與貴賓室,【Joeman】飛機餐與貴賓室,False,none,0.0,,False,False,,369037,4558.0,284.0,22,https://www.youtube.com/watch?v=W5RWAPoajtA
rqFTeQM3Kh0,【Joeman】地表最強安卓電競手機！白色背蓋超級美！ROG Phone 5 Ultimate！,2021-03-26 18:00:30,2021-03-26,2021,18,1214,長片,電競賽事,keyword,,,False,none,0.0,,False,False,,620696,5398.0,1128.0,22,https://www.youtube.com/watch?v=rqFTeQM3Kh0
9hyMJX6WZy4,【Joeman】一口氣開箱9台豪車！最貴的當年竟然超過3000萬！,2021-03-25 18:00:04,2021-03-25,2021,18,509,長片,3C開箱評測,keyword,,,True,keyword,3.0,明確商業合作字樣,False,False,,213498,4516.0,326.0,22,https://www.youtube.com/watch?v=9hyMJX6WZy4
ErxJ-2dZewg,【Joeman】穿了就會變巨乳的神奇T-Shirt！我自己試穿！,2021-03-24 18:00:08,2021-03-24,2021,18,264,長片,3C開箱評測,playlist,Joeman開箱去,【Joeman開箱去】,False,none,0.0,,False,False,,117153,1825.0,169.0,22,https://www.youtube.com/watch?v=ErxJ-2dZewg
BOcQwiN41sU,【Joeman】RTX 3080的電競筆電！神秘圖騰外型超帥氣！,2021-03-23 18:00:02,2021-03-23,2021,18,1068,長片,電競賽事,keyword,,,False,none,1.0,新品發表用語,False,False,,236540,3146.0,359.0,22,https://www.youtube.com/watch?v=BOcQwiN41sU
dpnXcw-8EfE,【Joeman】一個海膽握壽司成本超過3000元？11500元的奢華海膽對決520元的平價海膽！【Joe是要對決S2】Ep48  @haileyhsu,2021-03-22 18:00:31,2021-03-22,2021,18,1596,長片,挑戰/企劃,playlist,Joe是要對決,【Joe是要對決】第二季,False,none,0.0,,False,False,,926993,10222.0,816.0,22,https://www.youtube.com/watch?v=dpnXcw-8EfE
1OdYs6HSiFg,【Joeman】邀請偶像到婚禮唱歌！幫經紀人圓夢！ft. @diegodtk0909,2021-03-17 19:00:01,2021-03-17,2021,19,559,長片,人物/訪談,keyword,,,False,none,0.0,,False,False,,1064347,18906.0,1229.0,22,https://www.youtube.com/watch?v=1OdYs6HSiFg
oMYmXQo_niI,【Joeman】高鐵、捷運、商場、電影院、水族館！令人跌破眼鏡的青埔！宜誠世界極《Joe是要看房》ep.14,2021-03-16 18:00:14,2021-03-16,2021,18,1469,長片,看房/房產,title_series,Joe是要看房,,False,none,0.0,,False,False,,385235,3051.0,688.0,22,https://www.youtube.com/watch?v=oMYmXQo_niI
hDBLhQWX8v8,【Joeman】900元的奢華小籠包對決60元的平價小籠包！濟南鮮湯包、鼎泰豐、杭州小籠湯包、上海邵師傅湯包、正好鮮肉小籠湯包、明月湯包【Joe是要對決S2】Ep47 @zhenyi_yuna,2021-03-15 18:00:13,2021-03-15,2021,18,1980,長片,挑戰/企劃,playlist,Joe是要對決,【Joe是要對決】第二季,True,keyword,3.0,致謝贊助句型,False,False,,945911,8894.0,1033.0,22,https://www.youtube.com/watch?v=hDBLhQWX8v8
999AzbfM7kw,【Joeman】ROG Phone 5 Ultimate ASMR 純開箱,2021-03-10 20:00:07,2021-03-10,2021,20,282,長片,3C開箱評測,keyword,,,False,none,0.0,,False,False,,116924,2125.0,493.0,22,https://www.youtube.com/watch?v=999AzbfM7kw
7Z9is71Sx4M,【Joeman】1公克就超過100塊的超奢華食材！18800元的奢華魚子醬對決210元的平價魚子醬【Joe是要對決S2】Ep46 @illyandlean,2021-03-08 18:00:02,2021-03-08,2021,18,1439,長片,挑戰/企劃,playlist,Joe是要對決,【Joe是要對決】第二季,False,none,0.0,,False,False,,697199,9046.0,630.0,22,https://www.youtube.com/watch?v=7Z9is71Sx4M
EzvX6DhNpvE,【Joeman】一坪95萬？高雄最貴豪宅開箱！高雄HH《Joe是要看房》 ep.13,2021-03-06 18:00:12,2021-03-06,2021,18,2326,長片,看房/房產,title_series,Joe是要看房,,False,none,0.0,,False,False,,1468412,11025.0,1086.0,22,https://www.youtube.com/watch?v=EzvX6DhNpvE
V6Txn2cGHt8,【Joeman】總價17500元的奢華水果對決795元的平價水果！【Joe是要對決S2】Ep45 @XiaoKui,2021-03-01 18:00:18,2021-03-01,2021,18,2111,長片,挑戰/企劃,playlist,Joe是要對決,【Joe是要對決】第二季,False,none,0.0,,False,False,,735195,9280.0,977.0,22,https://www.youtube.com/watch?v=V6Txn2cGHt8
K-ht_Fk4Ewo,【Joeman】二手開價竟然要4688萬！保時捷蛙王開箱！Porsche Carrera GT,2021-02-26 18:00:07,2021-02-26,2021,18,865,長片,汽車,keyword,,,False,none,0.0,,False,False,,263559,3591.0,335.0,22,https://www.youtube.com/watch?v=K-ht_Fk4Ewo
A_G6UNFI9Ic,【Joeman】為了拍模型買了一個五萬塊的鏡頭！,2021-02-25 18:00:05,2021-02-25,2021,18,660,長片,玩具/收藏,keyword,,,False,none,0.0,,False,False,,189027,4520.0,384.0,22,https://www.youtube.com/watch?v=A_G6UNFI9Ic
gj53ZSshqzo,【Joeman】30000元的奢華皇帝蟹對決16000元的奢華帝王蟹！【Joe是要對決S2】Ep44 @annie72127 @niya0325,2021-02-22 18:00:10,2021-02-22,2021,18,1348,長片,挑戰/企劃,playlist,Joe是要對決,【Joe是要對決】第二季,False,none,0.0,,False,False,,1277941,11967.0,1115.0,22,https://www.youtube.com/watch?v=gj53ZSshqzo
wogACRFnBc4,【Joeman】造價上億的奢華健身房對決0元的平價健身房！【Joe是要對決S2】Ep43@GenghisKhan_3cm,2021-02-15 18:00:12,2021-02-15,2021,18,1535,長片,挑戰/企劃,playlist,Joe是要對決,【Joe是要對決】第二季,True,keyword,10.0,致謝贊助句型|影片合作聲明|直接提及贊助方|提及廠商,False,False,,1397084,18322.0,1302.0,22,https://www.youtube.com/watch?v=wogACRFnBc4
0px13Ek75Q0,【Joeman】給員工驚喜！請偶像在面前唱歌給她聽！ft.李友廷,2021-02-09 18:00:00,2021-02-09,2021,18,737,長片,人物/訪談,keyword,,,False,none,0.0,,False,False,,338316,6201.0,338.0,22,https://www.youtube.com/watch?v=0px13Ek75Q0
glWoWOYGksk,【Joeman】尾牙！春酒！年菜！三個願望一次滿足！36800元的奢華尾牙對決6000元的平價尾牙！海霸王、晶華軒【Joe是要對決S2】Ep42,2021-02-08 18:00:11,2021-02-08,2021,18,2255,長片,挑戰/企劃,playlist,Joe是要對決,【Joe是要對決】第二季,False,none,0.0,,False,False,,1292055,9095.0,1092.0,22,https://www.youtube.com/watch?v=glWoWOYGksk
1XBvKNHBgWo,【Joeman】S21 Ultra真心話開箱！今年的三星旗艦值4萬塊嗎？,2021-02-06 18:00:00,2021-02-06,2021,18,1504,長片,3C開箱評測,keyword,,,True,keyword,5.0,直接提及贊助方|品牌官方導流|提及廠商,False,False,,781957,7802.0,1204.0,22,https://www.youtube.com/watch?v=1XBvKNHBgWo
F5TTseXNxYs,【Joeman】要價16萬台幣！超頂級電競主機開箱！MSI Aegis Ti5 Unboxing(intel 10900K+ RTX 3080),2021-02-03 18:00:11,2021-02-03,2021,18,733,長片,3C開箱評測,playlist,Joeman開箱去,【Joeman開箱去】,False,none,1.0,品牌官方導流,False,False,,332592,4497.0,738.0,22,https://www.youtube.com/watch?v=F5TTseXNxYs
4iAPsAPPWQM,【Joeman】我開過最舒服的電動車！Audi e-tron實際體驗！2021 e-tron Sportback 50 quattro S line,2021-02-02 18:00:05,2021-02-02,2021,18,1500,長片,挑戰/企劃,keyword,,,True,keyword,6.0,影片合作聲明|預約導流,False,False,,403516,4218.0,575.0,22,https://www.youtube.com/watch?v=4iAPsAPPWQM
4oQtkXFMVco,【Joeman】絕對黃標！17800元的蕾絲內衣對決367元的平價內衣！高清無碼版【Joe是要對決S2】Ep41 @aries8248 @janie153 @user-ch9bb7em5d,2021-02-01 18:00:01,2021-02-01,2021,18,1759,長片,挑戰/企劃,playlist,Joe是要對決,【Joe是要對決】第二季,True,keyword,3.0,致謝贊助句型,False,False,,1254482,22430.0,1883.0,22,https://www.youtube.com/watch?v=4oQtkXFMVco
f8eGEK4Apzg,【Joeman】一台要價2700萬！超頂級雙門勞斯萊斯開箱！Rolls-royce wraith kryptos,2021-01-31 12:00:15,2021-01-31,2021,12,865,長片,3C開箱評測,keyword,,,False,none,0.0,,False,False,,1107120,10961.0,857.0,22,https://www.youtube.com/watch?v=f8eGEK4Apzg
m9jr18Jb6eE,【Joeman】很優秀但台灣買不到的小米11開箱！S888真的翻車嗎？,2021-01-29 18:00:14,2021-01-29,2021,18,1293,長片,3C開箱評測,playlist,Joeman開箱去,【Joeman開箱去】,False,none,1.0,新品發表用語,False,False,,430012,6051.0,1100.0,22,https://www.youtube.com/watch?v=m9jr18Jb6eE
A7FGqfN2A-U,【Joeman】破紀錄！最貴火鍋登場！1人10000元的奢華火鍋對決199元的火鍋吃到飽！火鍋對決第二彈！ 大味王火鍋吃到飽、海峽會【Joe是要對決S2】Ep40@beryl_lulu,2021-01-25 18:00:06,2021-01-25,2021,18,2310,長片,挑戰/企劃,playlist,Joe是要對決,【Joe是要對決】第二季,False,none,0.0,,False,False,,2330227,19012.0,1610.0,22,https://www.youtube.com/watch?v=A7FGqfN2A-U
0vEjblLx1oM,【Joeman】7-11牛年福袋搶先開箱！三種福袋今年又要搶到爆啦～,2021-01-24 18:00:02,2021-01-24,2021,18,2155,長片,3C開箱評測,playlist,Joeman開箱去,【Joeman開箱去】,True,keyword,3.0,購買行動用語|新品發表用語,False,False,,908660,13213.0,18486.0,22,https://www.youtube.com/watch?v=0vEjblLx1oM
U6gBVE-fy0k,【Joeman】第一次在台中騎車出去玩～！,2021-01-20 18:00:08,2021-01-20,2021,18,768,長片,未分類,none,,,False,none,1.0,品牌官方導流,False,False,,369943,3715.0,396.0,22,https://www.youtube.com/watch?v=U6gBVE-fy0k
KU6bE6ZVZb4,【Joeman】讓intel備感威脅的M1晶片！最新款Macbook Pro值得買嗎？,2021-01-19 18:00:04,2021-01-19,2021,18,1370,長片,3C開箱評測,keyword,,,False,none,1.0,新品發表用語,False,False,,612337,7368.0,766.0,22,https://www.youtube.com/watch?v=KU6bE6ZVZb4
HMMiB5oMd6k,【Joeman】一口氣吃六家！55元的平價臭豆腐對決45元的平價臭豆腐！大慶路無名臭豆腐、濃鄉臭豆腐、梁婆婆臭豆腐、一心素食、潭子臭豆腐、、林坊素食臭豆腐、老吳臭豆腐【Joe是要對決S2】Ep39,2021-01-18 18:00:05,2021-01-18,2021,18,1744,長片,挑戰/企劃,playlist,Joe是要對決,【Joe是要對決】第二季,True,keyword,6.0,致謝贊助句型|影片合作聲明,False,False,,869161,11243.0,1463.0,22,https://www.youtube.com/watch?v=HMMiB5oMd6k
4qGhBeetoqI,【Joeman】台灣Youtuber所面臨的困境！正在成為傳統媒體的新媒體！,2021-01-15 18:00:04,2021-01-15,2021,18,2985,長片,人物/訪談,playlist,網紅觀察室,Joeman網紅觀察室,False,none,0.0,,False,False,,835606,23719.0,2327.0,22,https://www.youtube.com/watch?v=4qGhBeetoqI
xSUntunUqdE,【Joeman】550元的奢華麵線對決30元的平價麵線！滿益手工麵線、精武路大腸蚵仔麵線、正老牌麵線糊、台中麻辣大腸麵線、麵香大腸麵線、【Joe是要對決S2】Ep38 @see-u1473,2021-01-11 18:00:30,2021-01-11,2021,18,1736,長片,挑戰/企劃,playlist,Joe是要對決,【Joe是要對決】第二季,True,keyword,12.0,致謝贊助句型|影片合作聲明|直接提及贊助方|行動呼籲句型|提及廠商,False,False,,689968,7121.0,2049.0,22,https://www.youtube.com/watch?v=xSUntunUqdE
_xNlwFckDyY,【Joeman】送員工一人一本2000元刮刮樂！今年有人可以退休嗎？2021版,2021-01-09 17:00:20,2021-01-09,2021,17,783,長片,未分類,none,,,False,none,0.0,,False,False,,946095,11858.0,772.0,22,https://www.youtube.com/watch?v=_xNlwFckDyY
CmjwCpcbLpM,【Joeman】把自己的車停在百貨公司一樓大廳！小牛新塗裝亮相！,2021-01-08 18:00:05,2021-01-08,2021,18,174,長片,未分類,none,,,False,none,0.0,,False,False,,546905,7655.0,549.0,22,https://www.youtube.com/watch?v=CmjwCpcbLpM
j_6KzZFJUxM,颱風天吃什麼泡麵？288元的奢華泡麵對決19元的平價泡麵！【Joe是要對決S2】Ep37  @helloiamhook,2021-01-04 18:00:10,2021-01-04,2021,18,1736,長片,挑戰/企劃,playlist,Joe是要對決,【Joe是要對決】第二季,False,none,0.0,,False,False,,2806199,26558.0,1790.0,22,https://www.youtube.com/watch?v=j_6KzZFJUxM
W5S-FT6XOsA,【Joeman】最保值的千萬超跑！保時捷 911 GT3RS,2021-01-03 18:00:07,2021-01-03,2021,18,609,長片,汽車,keyword,,,False,none,0.0,,False,False,,263617,4112.0,437.0,22,https://www.youtube.com/watch?v=W5S-FT6XOsA
Vi4PV3zyWoI,【Joeman】新年交換禮物！根本不敢開！ft.菜喳、魚乾、胡子、阿晋、梅伯,2020-12-31 20:00:25,2020-12-31,2020,20,663,長片,人物/訪談,keyword,,,False,none,0.0,,False,False,,592872,8747.0,221.0,22,https://www.youtube.com/watch?v=Vi4PV3zyWoI
JU6w5k8Lreg,【Joeman】兩天一夜在花蓮台東騎車之旅！吃吃喝喝超愜意,2020-12-30 18:00:05,2020-12-30,2020,18,1017,長片,旅遊/航空,keyword,,,False,none,0.0,,False,False,,200243,3277.0,299.0,22,https://www.youtube.com/watch?v=JU6w5k8Lreg
KYX_UCJZpAc,【Joeman】有創意但不成熟的Airpods Max！蘋果史上第一支耳罩式耳機！,2020-12-29 18:00:06,2020-12-29,2020,18,889,長片,3C開箱評測,playlist,Joeman開箱去,【Joeman開箱去】,False,none,1.0,新品發表用語,False,False,,545492,7605.0,1040.0,22,https://www.youtube.com/watch?v=KYX_UCJZpAc
Ve5YQUC-E4A,【Joeman】35000元的奢華溫泉對決40元的平價溫泉！北投公園露天溫泉浴池、北投麗禧溫泉酒店【Joe是要對決S2】Ep36  ft.啾啾,2020-12-28 18:00:18,2020-12-28,2020,18,1454,長片,挑戰/企劃,playlist,Joe是要對決,【Joe是要對決】第二季,True,keyword,14.0,專屬導購代碼|專屬導購指引|結帳代碼指引|折扣導購用語|行銷活動用語|品牌官方導流,False,False,,1148892,13588.0,1588.0,22,https://www.youtube.com/watch?v=Ve5YQUC-E4A
M1hDFPejDAo,【Joeman】傳說中的單攻玉山！一天之內爬上台灣最高峰！200萬訂閱特別企劃,2020-12-26 18:00:03,2020-12-26,2020,18,1537,長片,未分類,none,,,False,none,0.0,,False,False,,672033,17026.0,1044.0,22,https://www.youtube.com/watch?v=M1hDFPejDAo
ZbpQEoLIEYw,【Joeman】2021年最新款Model 3搶先開箱！竟然讓現任車主大崩潰？ft.Sobad @vickypan847,2020-12-23 18:00:24,2020-12-23,2020,18,675,長片,3C開箱評測,keyword,,,False,none,0.0,,False,False,,552053,5927.0,440.0,22,https://www.youtube.com/watch?v=ZbpQEoLIEYw
-KBFHzLttaA,【Joeman】一人3000元的奢華麻辣鍋對決175元的平價麻辣鍋！雲頂阿二麻辣食堂、、麻神、【Joe是要對決S2】Ep35 @atotheda,2020-12-21 18:00:00,2020-12-21,2020,18,1918,長片,挑戰/企劃,playlist,Joe是要對決,【Joe是要對決】第二季,False,none,0.0,,False,False,,2093264,16841.0,1182.0,22,https://www.youtube.com/watch?v=-KBFHzLttaA
BFFY_s38udE,【Joeman】高雄鳳山最高住宅！竟然比想像中便宜！永信鼎席《Joe是要看房》 ep.12,2020-12-20 18:00:02,2020-12-20,2020,18,1554,長片,看房/房產,title_series,Joe是要看房,,False,none,0.0,,False,True,買房課程,771084,6358.0,1125.0,22,https://www.youtube.com/watch?v=BFFY_s38udE
bUAQB2QIJjw,【Joeman】外觀時尚 效能實用的筆電開箱！ASUS VivoBooks！,2020-12-15 18:03:14,2020-12-15,2020,18,507,長片,3C開箱評測,keyword,,,False,none,0.0,,False,False,,248605,2727.0,438.0,22,https://www.youtube.com/watch?v=bUAQB2QIJjw
q6w4mxPvVeg,【Joeman】980元的奢華炒飯對決65元的平價炒飯！香香炒飯、艋舺阿龍、民生炒飯、蔚稻食堂 、、寒舍食譜【Joe是要對決S2】Ep34 @5499iamjojo,2020-12-14 18:00:30,2020-12-14,2020,18,1621,長片,挑戰/企劃,playlist,Joe是要對決,【Joe是要對決】第二季,False,none,0.0,,False,False,,1220425,12234.0,1462.0,22,https://www.youtube.com/watch?v=q6w4mxPvVeg
NHPcqPbbFBc,【Joeman】宅男的聖誕交換禮物！可以自動畫畫的機械手臂！ft.黑羽、瘋狂老爹、阿晋、35線上賞屋、湯瑪士,2020-12-13 17:00:10,2020-12-13,2020,17,1070,長片,3C開箱評測,playlist,Joeman開箱去,【Joeman開箱去】,False,none,0.0,,False,False,,376838,5784.0,298.0,22,https://www.youtube.com/watch?v=NHPcqPbbFBc
vYkCwHsk0iY,【Joeman】台灣唯一米其林三星餐廳！點了2萬塊還吃不飽？傳說中的頤宮@happyariel,2020-12-11 18:00:16,2020-12-11,2020,18,831,長片,美食,keyword,,,False,none,0.0,,False,False,,638141,6562.0,456.0,22,https://www.youtube.com/watch?v=vYkCwHsk0iY
eWaqwCJHMMg,【Joeman】送這個對方直接哭出來？十大男生最想收到的禮物！,2020-12-09 18:30:10,2020-12-09,2020,18,970,長片,未分類,none,,,True,keyword,8.0,折扣導購用語|購買行動用語|行動呼籲句型|新品發表用語|提及廠商,False,False,,661283,8142.0,919.0,22,https://www.youtube.com/watch?v=eWaqwCJHMMg
CMxFKATq2OI,【Joeman】我的一日女友體驗！,2020-12-08 18:00:03,2020-12-08,2020,18,1415,長片,挑戰/企劃,keyword,,,False,none,0.0,,False,False,,932577,11835.0,1723.0,22,https://www.youtube.com/watch?v=CMxFKATq2OI
EAA933VzHwc,【Joeman】700元的奢華剉冰對決10元的平價剉冰！全世界第二好吃綿綿冰、、阿斌芋圓、三角冰、六順豆花、奇維奇娃、九州純冰、冰花本舖【Joe是要對決S2】Ep33 @AshanKouki,2020-12-07 18:00:07,2020-12-07,2020,18,1559,長片,挑戰/企劃,playlist,Joe是要對決,【Joe是要對決】第二季,True,keyword,3.0,影片合作聲明,False,False,,1030890,15007.0,1399.0,22,https://www.youtube.com/watch?v=EAA933VzHwc
RJ44QO7fRvo,【Joeman】把自己的小牛貼成消光黑！改裝超跑花了上百萬？,2020-12-05 18:00:18,2020-12-05,2020,18,481,長片,汽車,keyword,,,True,keyword,3.0,致謝贊助句型,False,False,,846695,14645.0,1545.0,22,https://www.youtube.com/watch?v=RJ44QO7fRvo
T0ECukvHsF0,【Joeman】定價破萬的超奢華黑科技電動牙刷！Oral-B iO微磁電動牙刷開箱！,2020-12-03 18:00:13,2020-12-03,2020,18,533,長片,3C開箱評測,keyword,,,True,keyword,3.0,導購區塊標題,False,False,,445668,2353.0,235.0,22,https://www.youtube.com/watch?v=T0ECukvHsF0
hdnRXrETuMM,【Joeman】2020年台灣十大YouTube熱門影片榜單！第一名完全沒猜到阿...,2020-12-03 10:00:07,2020-12-03,2020,10,1167,長片,未分類,none,,,False,none,0.0,,False,False,,1102639,19587.0,2119.0,22,https://www.youtube.com/watch?v=hdnRXrETuMM
XN-om29--Bc,【Joeman】5500元的奢華雞湯對決170元的平價米其林雞湯！雙月、驥園川菜餐廳、【Joe是要對決S2】Ep32 @MIMOSAGO,2020-11-30 18:30:02,2020-11-30,2020,18,1570,長片,挑戰/企劃,playlist,Joe是要對決,【Joe是要對決】第二季,True,keyword,4.0,影片合作聲明|品牌官方導流,False,False,,835448,9032.0,681.0,22,https://www.youtube.com/watch?v=XN-om29--Bc
UCGIvN-Bdc4,【Joeman】今年最有特色的iPhone！iPhone 12 mini 開箱！,2020-11-24 18:00:12,2020-11-24,2020,18,540,長片,3C開箱評測,keyword,,,False,none,0.0,,False,False,,630188,8178.0,665.0,22,https://www.youtube.com/watch?v=UCGIvN-Bdc4
k3oZqkK8_fs,【Joeman】3980元的米其林烤鴨對決160元的平價烤鴨！君品酒店 - 頤宮【Joe是要對決S2】Ep31 @happyariel,2020-11-23 18:00:10,2020-11-23,2020,18,1338,長片,挑戰/企劃,playlist,Joe是要對決,【Joe是要對決】第二季,False,none,0.0,,False,False,,1023142,11103.0,696.0,22,https://www.youtube.com/watch?v=k3oZqkK8_fs
gGF0Kt5Z4HQ,【Joeman】滿心期待卻讓我失望的iPhone 12 Pro Max開箱！,2020-11-22 12:00:02,2020-11-22,2020,12,1390,長片,3C開箱評測,playlist,Joeman開箱去,【Joeman開箱去】,True,keyword,16.0,專屬導購代碼|影片合作聲明|專屬導購指引|結帳代碼指引|折扣導購用語|購買行動用語,False,False,,1208400,13447.0,2491.0,22,https://www.youtube.com/watch?v=gGF0Kt5Z4HQ
O2n9bS_wVAE,【Joeman】我換了5G門號！除了下載變快外有什麼好處？,2020-11-20 18:00:29,2020-11-20,2020,18,1148,長片,未分類,none,,,True,api,1.0,品牌官方導流,True,False,,375823,4610.0,817.0,22,https://www.youtube.com/watch?v=O2n9bS_wVAE
aOcm-wy8-eA,【Joeman】跟Selina一起去爬山！爬上硬漢嶺～ft.雪羊 @selinaselinarenofficialcha3589,2020-11-19 18:30:00,2020-11-19,2020,18,781,長片,人物/訪談,keyword,,,False,none,0.0,,False,False,,359646,7290.0,536.0,22,https://www.youtube.com/watch?v=aOcm-wy8-eA
OhSonbjjfCk,【Joeman】PS5詳細開箱！2021必須要擁有的高性價比遊戲主機！,2020-11-19 00:00:04,2020-11-19,2020,0,1141,長片,3C開箱評測,playlist,Joeman開箱去,【Joeman開箱去】,False,none,0.0,,False,False,,962636,12088.0,1273.0,22,https://www.youtube.com/watch?v=OhSonbjjfCk
bIyxX6VoeSk,【Joeman】3700元的奢華羊肉爐牆對決250元的平價羊肉爐！甩三小羊肉爐、豐光羊肉爐【Joe是要對決S2】Ep30 ft.Ted,2020-11-16 18:00:08,2020-11-16,2020,18,1616,長片,挑戰/企劃,playlist,Joe是要對決,【Joe是要對決】第二季,True,keyword,3.0,影片合作聲明,False,False,,827064,8249.0,773.0,22,https://www.youtube.com/watch?v=bIyxX6VoeSk
AWsojsqqbNA,【Joeman】人生首次挑戰跑酷！直接爬上三層樓！ft.螞蟻 @AntHanshunchuan,2020-11-13 18:00:05,2020-11-13,2020,18,992,長片,挑戰/企劃,keyword,,,True,keyword,4.0,影片合作聲明|新品發表用語,False,False,,366712,6384.0,445.0,22,https://www.youtube.com/watch?v=AWsojsqqbNA
bAR8XrGBKzg,【Joeman】你們要看的透天終於來啦！2.5億超豪華莊園開箱！家裡竟然有孔雀跟池塘？《Joe是要看房》 ep.11,2020-11-12 18:00:06,2020-11-12,2020,18,1043,長片,看房/房產,title_series,Joe是要看房,,False,none,0.0,,False,False,,1825845,15443.0,1166.0,22,https://www.youtube.com/watch?v=bAR8XrGBKzg
u3RDTxQuCs8,【Joeman】6000元的米其林佛跳牆對決80元的平價佛跳牆！明福台菜海產、華西街佛跳牆【Joe是要對決S2】Ep29 ft.天菜小姐 @honeyliciousss4448,2020-11-09 18:00:22,2020-11-09,2020,18,1336,長片,挑戰/企劃,playlist,Joe是要對決,【Joe是要對決】第二季,True,keyword,11.0,專屬導購代碼|結帳代碼指引|折扣導購用語|行銷活動用語|提及廠商,False,False,,670387,7843.0,917.0,22,https://www.youtube.com/watch?v=u3RDTxQuCs8
z1y6AUgZ7ig,【Joeman】人生第一次看預售屋！買預售屋真的有比較便宜嗎？要注意甚麼？林口立軒天善、旺洲逸品《Joe是要看房》,2020-11-05 19:00:28,2020-11-05,2020,19,1842,長片,看房/房產,title_series,Joe是要看房,,False,none,0.0,,False,False,,630158,5360.0,348.0,22,https://www.youtube.com/watch?v=z1y6AUgZ7ig
Je1V8eNWojk,【Joeman】台北市竟然有自動駕駛的公車？,2020-11-04 18:00:28,2020-11-04,2020,18,481,長片,未分類,none,,,False,none,0.0,,False,False,,282882,5590.0,526.0,22,https://www.youtube.com/watch?v=Je1V8eNWojk
BuYxygvFWsU,【Joeman】來聊聊我當Youtuber這十年來的挫折與成長～,2020-11-03 18:00:02,2020-11-03,2020,18,2924,長片,人物/訪談,playlist,網紅觀察室,Joeman網紅觀察室,False,none,0.0,,False,False,,1294169,32635.0,2726.0,22,https://www.youtube.com/watch?v=BuYxygvFWsU
qjDX7NNDMWM,【Joeman】150元的奢華保險套對決2元的平價保險套！【Joe是要對決S2】Ep28 ft.雞排妹@onedayili,2020-11-02 18:00:10,2020-11-02,2020,18,2178,長片,挑戰/企劃,playlist,Joe是要對決,【Joe是要對決】第二季,False,none,0.0,,False,False,,2170332,34415.0,2315.0,22,https://www.youtube.com/watch?v=qjDX7NNDMWM
UGgMyheufpo,【Joeman】iPhone 12詳細開箱！五種顏色直接包色！,2020-10-26 22:00:05,2020-10-26,2020,22,1219,長片,3C開箱評測,keyword,,,True,keyword,3.0,致謝贊助句型,False,False,,1289785,17288.0,1578.0,22,https://www.youtube.com/watch?v=UGgMyheufpo
mF585Jls4_k,Tommy來了！1800元的奢華鰻魚飯對決250元的平價鰻魚飯！肥前屋、濱松屋【Joe是要對決S2】Ep27 @tommytommyjapan,2020-10-26 18:00:13,2020-10-26,2020,18,1373,長片,挑戰/企劃,playlist,Joe是要對決,【Joe是要對決】第二季,False,none,0.0,,False,False,,1106868,12771.0,983.0,22,https://www.youtube.com/watch?v=mF585Jls4_k
hx-H9Ap2pes,【Joeman】我是靠著哪些運動減肥的？減重15公斤心得分享！,2020-10-23 18:00:24,2020-10-23,2020,18,618,長片,未分類,none,,,True,api,3.0,延伸導流連結,True,False,,326694,4001.0,357.0,22,https://www.youtube.com/watch?v=hx-H9Ap2pes
YXlmojPmcCs,【Joeman】我組了一台可以開的超跑水冷主機！,2020-10-20 18:00:08,2020-10-20,2020,18,1201,長片,汽車,keyword,,,False,none,0.0,,False,False,,946328,8260.0,903.0,22,https://www.youtube.com/watch?v=YXlmojPmcCs
9u603l1OruU,【Joeman】2490元的奢華口罩對決5元的平價口罩！【Joe是要對決S2】Ep26 @irisxiao_,2020-10-19 18:00:02,2020-10-19,2020,18,1454,長片,挑戰/企劃,playlist,Joe是要對決,【Joe是要對決】第二季,False,none,1.0,品牌官方導流,False,False,,526006,5919.0,906.0,22,https://www.youtube.com/watch?v=9u603l1OruU
Ry6HisoBajY,【Joeman】15000元的奢華按摩對決600元的平價按摩！按讚專業經絡按摩、君悅酒店oasis spa【Joe是要對決S2】Ep25,2020-10-12 18:00:07,2020-10-12,2020,18,1354,長片,挑戰/企劃,playlist,Joe是要對決,【Joe是要對決】第二季,False,none,0.0,,False,False,,733366,8087.0,879.0,22,https://www.youtube.com/watch?v=Ry6HisoBajY
PLTgzjcPGiY,【Joeman】開價七千萬！三重第一豪宅開箱！《Joe是要看房》 ep.10,2020-10-11 20:30:03,2020-10-11,2020,20,2066,長片,看房/房產,title_series,Joe是要看房,,False,none,0.0,,False,False,,800284,5572.0,1017.0,22,https://www.youtube.com/watch?v=PLTgzjcPGiY
EZFEkimPEHk,【Joeman】為了測試卡王RTX 3090！我們借了一台600萬的8K螢幕！,2020-10-07 18:00:03,2020-10-07,2020,18,1032,長片,3C開箱評測,keyword,,,False,none,0.0,,False,False,,1042409,10033.0,975.0,22,https://www.youtube.com/watch?v=EZFEkimPEHk
d0y2lJjHwV8,【Joeman】新北首購大熱門！林口新古屋開箱！裝潢現賺上百萬？九揚華峰 ft. Sobad、鳳梨妹《Joe是要看房》 ep.9,2020-10-06 18:00:07,2020-10-06,2020,18,1181,長片,看房/房產,title_series,Joe是要看房,,False,none,0.0,,False,False,,534162,4412.0,450.0,22,https://www.youtube.com/watch?v=d0y2lJjHwV8
x-WdnahVUFs,【Joeman】25000元的奢華KTV對決25元的平價KTV！Sing!Go【Joe是要對決S2】Ep24 ft.陳零九,2020-10-05 18:00:13,2020-10-05,2020,18,1216,長片,挑戰/企劃,playlist,Joe是要對決,【Joe是要對決】第二季,True,keyword,3.0,影片合作聲明,False,False,,503970,6821.0,434.0,22,https://www.youtube.com/watch?v=x-WdnahVUFs
uFx-BuMBZIA,【Joeman】為什麼iPhone 12沒發表？聊聊我的推論與iOS 14！,2020-09-29 18:00:17,2020-09-29,2020,18,780,長片,3C開箱評測,keyword,,,False,none,0.0,,False,False,,417980,5848.0,795.0,22,https://www.youtube.com/watch?v=uFx-BuMBZIA
mzhifxAJ3js,【Joeman】10000元的奢華烤肉對決1000元的平價烤肉！【Joe是要對決S2】Ep23 ft.玖壹壹,2020-09-28 18:00:18,2020-09-28,2020,18,1646,長片,挑戰/企劃,playlist,Joe是要對決,【Joe是要對決】第二季,False,none,0.0,,False,False,,1869656,16667.0,596.0,22,https://www.youtube.com/watch?v=mzhifxAJ3js
VDr2hYZDOYE,【Joeman】台中七期豪宅開箱！超跑、籃球場、熱帶水族箱！由鉅大謙《Joe是要看房》 ep.8,2020-09-27 13:00:03,2020-09-27,2020,13,2461,長片,看房/房產,title_series,Joe是要看房,,False,none,0.0,,False,False,,2695043,18073.0,1994.0,22,https://www.youtube.com/watch?v=VDr2hYZDOYE
-wSDbNopGOU,【Joeman】超神祕！一晚要價４８萬元！圓山大飯店總統套房開箱！,2020-09-25 18:00:00,2020-09-25,2020,18,857,長片,3C開箱評測,keyword,,,False,none,0.0,,False,False,,549368,8526.0,539.0,22,https://www.youtube.com/watch?v=-wSDbNopGOU
jsS3vMzddfw,【Joeman】開車去台北的三個夜市吃美食！,2020-09-24 18:00:23,2020-09-24,2020,18,845,長片,汽車,keyword,,,True,keyword,11.0,專屬導購代碼|專屬導購連結|結帳代碼指引|折扣導購用語,False,False,,440421,5535.0,461.0,22,https://www.youtube.com/watch?v=jsS3vMzddfw
LLCX3CMmNL0,【Joeman】很好但沒有很驚喜...Note 20 Ultra 開箱！,2020-09-23 19:00:05,2020-09-23,2020,19,946,長片,3C開箱評測,keyword,,,True,keyword,3.0,致謝贊助句型,False,False,,367134,4026.0,693.0,22,https://www.youtube.com/watch?v=LLCX3CMmNL0
hDy4Jz1seJE,【Joeman】21960元的奢華汽車旅館對決1676元的平價汽車旅館！紫禁城精品汽車旅館、水雲端旗艦概念旅館【Joe是要對決S2】Ep22 ft.妮妮,2020-09-22 18:00:17,2020-09-22,2020,18,1783,長片,挑戰/企劃,playlist,Joe是要對決,【Joe是要對決】第二季,True,keyword,9.0,致謝贊助句型|影片合作聲明|直接提及贊助方,False,False,,677905,7467.0,669.0,22,https://www.youtube.com/watch?v=hDy4Jz1seJE
0fpRHgpZTXg,【Joeman】今年下半年最值得買的3C產品！全新顯卡RTX3080開箱實測！,2020-09-20 12:00:00,2020-09-20,2020,12,682,長片,挑戰/企劃,keyword,,,False,none,0.0,,False,False,,229734,4395.0,516.0,22,https://www.youtube.com/watch?v=0fpRHgpZTXg
FRNGzjwrXys,【Joeman】帶媽媽去圓山大飯店住一晚！定價36000元的奢華套房！,2020-09-19 18:00:08,2020-09-19,2020,18,981,長片,日常Vlog,keyword,,,False,none,0.0,,False,False,,746733,11296.0,693.0,22,https://www.youtube.com/watch?v=FRNGzjwrXys
K-JBmDmBL1I,【Joeman】2500萬元的奢華休旅車對決129萬元的平價休旅車！【Joe是要對決S2】Ep21 Rolls-Royce Cullinan vs Toyota Rav4 ft.Rick、Jaly,2020-09-14 18:00:11,2020-09-14,2020,18,2601,長片,挑戰/企劃,playlist,Joe是要對決,【Joe是要對決】第二季,False,none,0.0,,False,False,,1144001,8722.0,1032.0,22,https://www.youtube.com/watch?v=K-JBmDmBL1I
GnSJWX1dipQ,【Joeman】Legion Phone Duel 超狂革命性電競手機開箱！,2020-09-10 19:15:01,2020-09-10,2020,19,887,長片,電競賽事,keyword,,,True,keyword,3.0,購買行動用語|品牌官方導流,False,False,,357884,4983.0,868.0,22,https://www.youtube.com/watch?v=GnSJWX1dipQ
Cto5NsBuR9k,【Joeman】495元的奢華滷肉飯對決40元的平價滷肉飯！金鋒滷肉飯、天天利、今大滷肉飯、黃記滷肉飯、國賓大飯店、君悅酒店、頂焰餐酒館【Joe是要對決S2】Ep20 ft.鐵牛,2020-09-07 18:00:03,2020-09-07,2020,18,1731,長片,挑戰/企劃,playlist,Joe是要對決,【Joe是要對決】第二季,True,keyword,17.0,致謝贊助句型|影片合作聲明|直接提及贊助方|電商賣場連結|購買行動用語|行動呼籲句型|提及廠商,False,False,,1384458,13733.0,1746.0,22,https://www.youtube.com/watch?v=Cto5NsBuR9k
WqLNBvffN8k,【Joeman】傳說中的東瀛戰神！Nissan GT-R！Ft.王陽明,2020-09-04 18:00:32,2020-09-04,2020,18,1250,長片,人物/訪談,keyword,,,False,none,0.0,,False,False,,1298006,15674.0,949.0,22,https://www.youtube.com/watch?v=WqLNBvffN8k
XNWEopen1Uo,【Joeman】如何煎牛排？讓牛排教父聲控我煎牛排！ft.鄧有癸師傅,2020-09-03 19:30:02,2020-09-03,2020,19,997,長片,美食,keyword,,,False,none,0.0,,False,False,,1989856,20758.0,818.0,22,https://www.youtube.com/watch?v=XNWEopen1Uo
kHc8Jc_7Xlg,【Joeman】一次品嘗30道米其林料理！ft.吃貨豪豪,2020-09-01 18:00:18,2020-09-01,2020,18,1246,長片,美食,keyword,,,True,keyword,10.0,專屬導購代碼|影片合作聲明|折扣導購用語|購買行動用語,False,False,,572558,7632.0,579.0,22,https://www.youtube.com/watch?v=kHc8Jc_7Xlg
fKXwGNzuf3Y,【Joeman】828000元的奢華床墊對決1999元的平價床墊！【Joe是要對決S2】Ep19 ft.滴妹,2020-08-31 18:00:30,2020-08-31,2020,18,1367,長片,挑戰/企劃,playlist,Joe是要對決,【Joe是要對決】第二季,True,keyword,3.0,影片合作聲明,False,False,,930265,10387.0,921.0,22,https://www.youtube.com/watch?v=fKXwGNzuf3Y
xkVX4uJrJ0w,【Joeman】買一台藍寶堅尼送自己當生日禮物！媽媽會有什麼反應??,2020-08-28 19:00:18,2020-08-28,2020,19,864,長片,汽車,keyword,,,False,none,0.0,,False,False,,1314997,34399.0,3861.0,22,https://www.youtube.com/watch?v=xkVX4uJrJ0w
WOm1uEdhcPg,【Joeman】笑出來就捐一千！慈善忍笑大挑戰！,2020-08-25 18:00:09,2020-08-25,2020,18,598,長片,挑戰/企劃,keyword,,,False,none,0.0,,False,False,,525405,13515.0,1184.0,22,https://www.youtube.com/watch?v=WOm1uEdhcPg
k19irwUABe0,【Joeman】800元的奢華電影院對決50元的平價電影院！【Joe是要對決S2】Ep18 ft.飽妮、部長,2020-08-24 18:00:13,2020-08-24,2020,18,1865,長片,挑戰/企劃,playlist,Joe是要對決,【Joe是要對決】第二季,False,none,0.0,,False,False,,885632,11585.0,1198.0,22,https://www.youtube.com/watch?v=k19irwUABe0
H5tki3IQqaI,【Joeman】今年必買的智慧抗噪耳機！Sony WH-1000XM4 開箱！,2020-08-23 18:00:07,2020-08-23,2020,18,586,長片,3C開箱評測,keyword,,,False,none,0.0,,False,False,,695245,5421.0,657.0,22,https://www.youtube.com/watch?v=H5tki3IQqaI
cPatcAQupHY,【Joeman】中國水貨小米手機送修實錄！竟然要重課一次關稅？到底要花多少錢？,2020-08-22 18:00:11,2020-08-22,2020,18,599,長片,3C開箱評測,keyword,,,False,none,0.0,,False,False,,296822,4393.0,781.0,22,https://www.youtube.com/watch?v=cPatcAQupHY
Pmz3ziooa_c,【Joeman】5000萬元的奢華塔位對決0元的平價塔位！【Joe是要對決S2】Ep17 ft.小冬瓜,2020-08-17 18:00:08,2020-08-17,2020,18,1615,長片,挑戰/企劃,playlist,Joe是要對決,【Joe是要對決】第二季,False,none,0.0,,False,False,,1025471,15545.0,1344.0,22,https://www.youtube.com/watch?v=Pmz3ziooa_c
fTWbhxA6mxg,【Joeman】不知為何長期失眠？直接到醫院住一晚！睡眠中心檢測體驗,2020-08-15 18:00:11,2020-08-15,2020,18,924,長片,挑戰/企劃,keyword,,,False,none,0.0,,False,False,,580689,9809.0,770.0,22,https://www.youtube.com/watch?v=fTWbhxA6mxg
TBp0OUwhJbw,【Joeman】會自動升起副螢幕的超狂筆電！ROG Zephyrus Duo 15！,2020-08-14 18:00:09,2020-08-14,2020,18,787,長片,3C開箱評測,keyword,,,True,keyword,2.0,購買行動用語,False,False,,478620,5840.0,555.0,22,https://www.youtube.com/watch?v=TBp0OUwhJbw
WQJ3X-qgPik,【Joeman】土城最高地標開箱！擁有超多公設的豪華事務所！皇翔Park《Joe是要看房》 ep.7,2020-08-12 18:00:09,2020-08-12,2020,18,1780,長片,看房/房產,title_series,Joe是要看房,,False,none,1.0,品牌官方導流,False,False,,627746,4878.0,704.0,22,https://www.youtube.com/watch?v=WQJ3X-qgPik
kx59DjsZ_2Q,【Joeman】300000元的奢華鍵盤對決219元的平價鍵盤！【Joe是要對決S2】Ep16 ft.老貓,2020-08-10 18:00:23,2020-08-10,2020,18,2654,長片,挑戰/企劃,playlist,Joe是要對決,【Joe是要對決】第二季,True,keyword,12.0,專屬導購代碼|致謝贊助句型|結帳代碼指引|折扣導購用語|活動檔期用語,False,False,,2037498,21531.0,1482.0,22,https://www.youtube.com/watch?v=kx59DjsZ_2Q
WAeDKj2oG7E,【Joeman】夏天吃冰有夠爽！一口氣吃五家台北冰店～,2020-08-09 18:30:02,2020-08-09,2020,18,509,長片,未分類,none,,,True,keyword,2.0,購買行動用語,False,False,,420412,5595.0,596.0,22,https://www.youtube.com/watch?v=WAeDKj2oG7E
Favgw7hbTtA,【Joeman】地表最強電競手機！ROG Phone3開箱！,2020-08-04 18:00:04,2020-08-04,2020,18,755,長片,電競賽事,keyword,,,True,keyword,2.0,購買行動用語,False,False,,525019,7808.0,1196.0,22,https://www.youtube.com/watch?v=Favgw7hbTtA
FCwpkLI5cwo,【Joeman】1045元的奢華漢堡對決40元的平價漢堡！女王漢堡、歐帝斯漢堡【Joe是要對決S2】Ep15 ft.瘦子E.SO,2020-08-03 18:00:07,2020-08-03,2020,18,1248,長片,挑戰/企劃,playlist,Joe是要對決,【Joe是要對決】第二季,False,none,0.0,,False,False,,1319795,17709.0,1072.0,22,https://www.youtube.com/watch?v=FCwpkLI5cwo
lqgZpChmZ-s,【Joeman】800萬在五股可以買怎樣的房子？祥潤峰邑、元佳意城、悠生活《Joe是要看房》 ep.6,2020-08-02 16:00:06,2020-08-02,2020,16,2039,長片,看房/房產,title_series,Joe是要看房,,False,none,0.0,,False,False,,960392,7378.0,1193.0,22,https://www.youtube.com/watch?v=lqgZpChmZ-s
xZcIFS0_XnE,【Joeman】言論限縮的Youtuber與正在崛起的Podcast！ft.百靈果 【網紅觀察室】,2020-07-28 18:00:14,2020-07-28,2020,18,1339,長片,人物/訪談,playlist,網紅觀察室,Joeman網紅觀察室,False,none,0.0,,False,False,,446085,9253.0,736.0,22,https://www.youtube.com/watch?v=xZcIFS0_XnE
qCjt-eM2L-A,【Joeman】265元的奢華珍奶對決55元的平價珍奶！COMEBUY、可不可、711、春水堂、天仁喫茶趣、再睡五分鐘、翰林茶館、迷客夏、50嵐、施房茶、【Joe是要對決S2】Ep14 ft.魚乾,2020-07-27 18:00:16,2020-07-27,2020,18,1163,長片,挑戰/企劃,playlist,Joe是要對決,【Joe是要對決】第二季,False,none,0.0,,False,False,,1864511,23218.0,2548.0,22,https://www.youtube.com/watch?v=qCjt-eM2L-A
LyMbNq3SUXA,【Joeman】買了卻從來沒背？擁有數千萬名牌包包的貴婦收藏家！Joe是要收藏 ep.12,2020-07-26 15:00:08,2020-07-26,2020,15,1202,長片,玩具/收藏,title_series,Joe是要收藏,,False,none,0.0,,False,False,,1901780,20979.0,2332.0,22,https://www.youtube.com/watch?v=LyMbNq3SUXA
qeX4_MEnLLo,【Joeman】開著特斯拉下墾丁！自動輔助駕駛真的值20萬嗎？,2020-07-23 18:00:24,2020-07-23,2020,18,874,長片,汽車,keyword,,,True,keyword,8.0,推薦或聯盟行銷連結|專屬導購指引|折扣導購用語,False,False,,1399446,15570.0,1861.0,22,https://www.youtube.com/watch?v=qeX4_MEnLLo
XxY-9w0yTcE,【Joeman】825元的奢華早餐吃到飽對決130元的平價早餐吃到飽！台北國軍英雄館、、台北萬豪酒店【Joe是要對決S2】Ep13 ft.林宣,2020-07-20 18:00:08,2020-07-20,2020,18,1370,長片,挑戰/企劃,playlist,Joe是要對決,【Joe是要對決】第二季,False,none,0.0,,False,False,,1563188,15803.0,1087.0,22,https://www.youtube.com/watch?v=XxY-9w0yTcE
6W6MvEMYN50,【Joeman】電信三雄5G訊號大PK！5G真的值得辦嗎？ft.@spideryue,2020-07-18 18:00:03,2020-07-18,2020,18,854,長片,人物/訪談,keyword,,,False,none,0.0,,False,False,,498918,7518.0,1122.0,22,https://www.youtube.com/watch?v=6W6MvEMYN50
Xf67MHSWZKk,【Joeman】家裡放一台按摩椅竟然這麼爽！,2020-07-17 18:00:12,2020-07-17,2020,18,775,長片,未分類,none,,,True,keyword,4.0,影片合作聲明|品牌官方導流,False,False,,450325,3720.0,348.0,22,https://www.youtube.com/watch?v=Xf67MHSWZKk
t5WZJGQZR40,【Joeman】終於開到小時候的夢幻車款！鋼鐵人座駕Audi R8 V10,2020-07-16 18:00:16,2020-07-16,2020,18,967,長片,未分類,none,,,False,none,0.0,,False,False,,575979,6591.0,721.0,22,https://www.youtube.com/watch?v=t5WZJGQZR40
HU0cvWlVUdk,【Joeman】可以自動旋轉的電視！瞬間讓手機螢幕變成55吋！TCL Xess A200Pro開箱,2020-07-14 21:00:04,2020-07-14,2020,21,734,長片,電競賽事,keyword,,,False,none,0.0,,False,False,,236836,3497.0,504.0,22,https://www.youtube.com/watch?v=HU0cvWlVUdk
p0vqEId3PCc,【Joeman】980元的奢華拉麵對決105元的平價拉麵！男子漢拉麵食堂、、魂麵、【Joe是要對決S2】Ep12 ft.心甜,2020-07-13 18:00:30,2020-07-13,2020,18,1133,長片,挑戰/企劃,playlist,Joe是要對決,【Joe是要對決】第二季,False,none,0.0,,False,False,,1101377,11987.0,1321.0,22,https://www.youtube.com/watch?v=p0vqEId3PCc
ZozbCbayo7g,【Joeman】頂級五星日式酒店體驗！台北大倉久和飯店！（音量調整重新上傳）,2020-07-11 16:00:06,2020-07-11,2020,16,818,長片,挑戰/企劃,keyword,,,False,none,0.0,,False,False,,338455,4691.0,336.0,22,https://www.youtube.com/watch?v=ZozbCbayo7g
nSWkHyRSRMs,【Joeman】iPhone 12 外流模型機開箱！重回超經典造型！,2020-07-08 23:30:03,2020-07-08,2020,23,686,長片,玩具/收藏,keyword,,,False,none,0.0,,False,False,,636608,6737.0,965.0,22,https://www.youtube.com/watch?v=nSWkHyRSRMs
KckPU8D6ebc,【Joeman】4998元的奢華素食對決80元的平價素食！騏麟素食自助餐、鈺善閣養生懷石、、【Joe是要對決S2】Ep11 ft.阿滴,2020-07-06 18:00:08,2020-07-06,2020,18,1701,長片,挑戰/企劃,playlist,Joe是要對決,【Joe是要對決】第二季,False,none,0.0,,False,False,,1705049,19030.0,1647.0,22,https://www.youtube.com/watch?v=KckPU8D6ebc
H-BcE5n-OzQ,【Joeman】一晚要價29萬？台中最貴的五星級總統套房體驗！林酒店開箱,2020-07-04 13:30:00,2020-07-04,2020,13,1122,長片,挑戰/企劃,keyword,,,False,none,0.0,,False,False,,1063838,13219.0,925.0,22,https://www.youtube.com/watch?v=H-BcE5n-OzQ
DrfZI-fU1Cw,【Joeman】挑戰全台最長的吊橋！竟然有342公尺～南投雙龍七彩吊橋ft.魚乾、瘋男,2020-07-02 18:00:04,2020-07-02,2020,18,538,長片,挑戰/企劃,keyword,,,False,none,0.0,,False,False,,239214,3899.0,285.0,22,https://www.youtube.com/watch?v=DrfZI-fU1Cw
cjIMSjNKXos,【Joeman】拉麵披薩！滷肉披薩！榴槤披薩！必勝客已經沒有極限了～,2020-07-01 18:30:03,2020-07-01,2020,18,614,長片,美食,keyword,,,False,none,1.0,新品發表用語,False,False,,652209,8912.0,1501.0,22,https://www.youtube.com/watch?v=cjIMSjNKXos
F99YrfCzJ7o,【Joeman】超級寬的32:9曲面螢幕開箱！閉嘴～快把我的錢拿走！Samsung Odyssey G9 Unboxing,2020-06-30 18:00:11,2020-06-30,2020,18,553,長片,3C開箱評測,keyword,,,False,none,0.0,,False,False,,529807,6413.0,741.0,22,https://www.youtube.com/watch?v=F99YrfCzJ7o
4Yg2CVSssfY,【Joeman】8500元的奢華鐵板燒對決150元的平價鐵板燒！大埔平價鐵堡燒、讚鐵板燒【Joe是要對決S2】Ep10 ft.陸子玄,2020-06-29 18:00:02,2020-06-29,2020,18,1543,長片,挑戰/企劃,playlist,Joe是要對決,【Joe是要對決】第二季,False,none,0.0,,False,False,,2875039,24662.0,1966.0,22,https://www.youtube.com/watch?v=4Yg2CVSssfY
W5hAIRbs_lk,【Joeman】最後生還者2同捆機與大禮包開箱！聊聊我的遊戲全破心得！,2020-06-28 12:00:12,2020-06-28,2020,12,1327,長片,3C開箱評測,keyword,,,False,none,0.0,,False,False,,220072,4580.0,1179.0,22,https://www.youtube.com/watch?v=W5hAIRbs_lk
fgBvEdppqyk,【Joeman】台北晶華酒店住宿體驗！竟被升等到超高樓層！五星級飯店體驗,2020-06-25 13:00:07,2020-06-25,2020,13,864,長片,挑戰/企劃,keyword,,,True,keyword,2.0,折扣導購用語,False,False,,545913,7695.0,472.0,22,https://www.youtube.com/watch?v=fgBvEdppqyk
b_B2cKsS-go,【Joeman】一坪100萬！開價上億的台北市豪宅！台北一號院《Joe是要看房》 ep.5,2020-06-23 18:00:14,2020-06-23,2020,18,1312,長片,看房/房產,title_series,Joe是要看房,,False,none,0.0,,False,False,,2177419,18479.0,1771.0,22,https://www.youtube.com/watch?v=b_B2cKsS-go
6SaUBsiBXsw,【Joeman】4300元的奢華保溫瓶對決150元的平價保溫瓶！【Joe是要對決S2】Ep9 ft.金魚腦,2020-06-22 18:00:07,2020-06-22,2020,18,1279,長片,挑戰/企劃,playlist,Joe是要對決,【Joe是要對決】第二季,False,none,0.0,,False,False,,579988,7198.0,595.0,22,https://www.youtube.com/watch?v=6SaUBsiBXsw
wB4CcBJe98Q,【Joeman】GeForce RTX光線追蹤顯卡+AMD處理器！ROG G14電競筆電開箱！,2020-06-16 18:00:25,2020-06-16,2020,18,687,長片,電競賽事,keyword,,,False,none,0.0,,False,False,,280043,3374.0,358.0,22,https://www.youtube.com/watch?v=wB4CcBJe98Q
ha8dwsIDgBA,【Joeman】1800元的奢華巧克力對決15元的平價巧克力！【Joe是要對決S2】Ep8 ft.籃籃,2020-06-15 18:00:26,2020-06-15,2020,18,1094,長片,挑戰/企劃,playlist,Joe是要對決,【Joe是要對決】第二季,False,none,0.0,,False,False,,712715,11162.0,728.0,22,https://www.youtube.com/watch?v=ha8dwsIDgBA
IHSSpPs7_rE,【Joeman】550匹的休旅車開起來是甚麼感受？Jaguar F-Pace SVR 2020,2020-06-14 12:00:09,2020-06-14,2020,12,757,長片,未分類,none,,,False,none,0.0,,False,False,,173080,2453.0,301.0,22,https://www.youtube.com/watch?v=IHSSpPs7_rE
kHEhNYm-3p8,【Joeman】不到一公斤的商務筆電開箱！ASUS ExpertBook B9450,2020-06-13 18:00:30,2020-06-13,2020,18,379,長片,3C開箱評測,keyword,,,False,none,1.0,品牌官方導流,False,False,,220007,3490.0,300.0,22,https://www.youtube.com/watch?v=kHEhNYm-3p8
lvYNWQEgwAA,【Joeman】1599元的奢華證件照對決200元的平價證件照！【Joe是要對決S2】Ep7 ft.阿圓,2020-06-08 18:00:19,2020-06-08,2020,18,1259,長片,挑戰/企劃,playlist,Joe是要對決,【Joe是要對決】第二季,False,none,0.0,,False,False,,596189,8211.0,685.0,22,https://www.youtube.com/watch?v=lvYNWQEgwAA
WrFzSd2TktQ,【Joeman】我決定開始戴牙套了！隱形牙套的優缺點分享,2020-06-05 18:00:13,2020-06-05,2020,18,807,長片,未分類,none,,,False,none,0.0,,False,False,,343459,4710.0,630.0,22,https://www.youtube.com/watch?v=WrFzSd2TktQ
_x-kKqaqZXE,颱風天哪把傘最能撐？7990元的奢華雨傘對決70元平價雨傘！【Joe是要對決S2】Ep6ft.艾瑞絲,2020-06-01 18:00:28,2020-06-01,2020,18,1079,長片,挑戰/企劃,playlist,Joe是要對決,【Joe是要對決】第二季,False,none,0.0,,False,False,,940102,21307.0,1730.0,22,https://www.youtube.com/watch?v=_x-kKqaqZXE
BQ-On-c-Yrk,【Joeman】超稀有的雙門敞篷賓士C200體驗！帥氣女車主天菜小姐,2020-05-31 12:00:02,2020-05-31,2020,12,643,長片,汽車,keyword,,,False,none,0.0,,False,False,,424514,5420.0,529.0,22,https://www.youtube.com/watch?v=BQ-On-c-Yrk
oigksFaA-J8,【Joeman】一個月不到2000元！超時尚學生宿舍開箱！交通大學十二舍《Joe是要看房》 ep.4,2020-05-30 18:00:23,2020-05-30,2020,18,1013,長片,看房/房產,title_series,Joe是要看房,,False,none,0.0,,False,False,,630338,10051.0,870.0,22,https://www.youtube.com/watch?v=oigksFaA-J8
yFIq6d4IhAk,【Joeman】空無一人的墾丁五星級飯店？福華渡假Villa開箱！,2020-05-29 18:00:25,2020-05-29,2020,18,1116,長片,3C開箱評測,keyword,,,False,none,0.0,,False,False,,699597,8365.0,976.0,22,https://www.youtube.com/watch?v=yFIq6d4IhAk
y0_KWZkxJ7k,颱風天就是要吃麥當勞！台灣速食店夢幻大滿貫套餐！麥當勞薯條+肯德基蛋塔+拿坡里炸雞+摩斯紅茶,2020-05-28 18:00:35,2020-05-28,2020,18,526,長片,未分類,none,,,False,none,0.0,,False,False,,912721,14372.0,3426.0,22,https://www.youtube.com/watch?v=y0_KWZkxJ7k
HKqOWlqVilA,【Joeman】新一代Youtuber神機開箱！Sony ZV-1 Unboxing,2020-05-27 18:00:08,2020-05-27,2020,18,417,長片,人物/訪談,keyword,,,False,none,1.0,提及廠商,False,False,,243687,3761.0,330.0,22,https://www.youtube.com/watch?v=HKqOWlqVilA
Q02Jq0VCP18,【Joeman】3800元的奢華咖啡 對決 45元平價咖啡 ！相思李舍【Joe是要對決S2】Ep5,2020-05-25 18:00:11,2020-05-25,2020,18,1179,長片,挑戰/企劃,playlist,Joe是要對決,【Joe是要對決】第二季,True,keyword,3.0,影片合作聲明,False,False,,934472,15677.0,1257.0,22,https://www.youtube.com/watch?v=Q02Jq0VCP18
vhoGaZ44bdQ,【Joeman】開價兩億的新莊豪宅！貧窮限制我的想像！遠雄九五《Joe是要看房》 ep.3,2020-05-22 18:00:28,2020-05-22,2020,18,1486,長片,看房/房產,title_series,Joe是要看房,,False,none,0.0,,False,False,,3736289,34937.0,3709.0,22,https://www.youtube.com/watch?v=vhoGaZ44bdQ
6xkvZZLmjZ4,【Joeman】DJI最新空拍機 Mavic Air 2開箱！ft.懷爸、攝視度,2020-05-21 18:00:04,2020-05-21,2020,18,428,長片,3C開箱評測,keyword,,,True,keyword,3.0,影片合作聲明,False,False,,169183,2710.0,209.0,22,https://www.youtube.com/watch?v=6xkvZZLmjZ4
wpHR7N_opwM,【Joeman】4980元的奢華牛排 對決 150元平價牛排 ！孫東寶、Smith & Wollensky【Joe是要對決S2】Ep4,2020-05-18 18:00:38,2020-05-18,2020,18,1403,長片,挑戰/企劃,playlist,Joe是要對決,【Joe是要對決】第二季,False,none,0.0,,False,False,,2402924,25803.0,2309.0,22,https://www.youtube.com/watch?v=wpHR7N_opwM
S7IfX8efLSs,【Joeman】新莊一坪竟要45萬！到底貴在哪？皇翔御花園W、日健駅、青之森《Joe是要看房》 ep.2,2020-05-17 12:00:09,2020-05-17,2020,12,1538,長片,看房/房產,title_series,Joe是要看房,,False,none,0.0,,False,False,,796089,7326.0,1216.0,22,https://www.youtube.com/watch?v=S7IfX8efLSs
aVvOl_EvYlM,【Joeman】人生第一台車就是雙B是甚麼感覺？M-Benz A180,2020-05-16 18:00:02,2020-05-16,2020,18,837,長片,未分類,none,,,False,none,0.0,,False,False,,432930,5922.0,778.0,22,https://www.youtube.com/watch?v=aVvOl_EvYlM
540GthDxyew,【Joeman】發燒影片到底有沒有黑箱？一個頻道竟然可以上三隻發燒！,2020-05-13 18:30:00,2020-05-13,2020,18,1042,長片,未分類,none,,,False,none,0.0,,False,False,,373647,6542.0,714.0,22,https://www.youtube.com/watch?v=540GthDxyew
myQyT_rHMkU,【Joeman】1000元的奢華麵包對決25元平價麵包 ！ft.Fred【Joe是要對決S2】Ep3,2020-05-11 18:00:24,2020-05-11,2020,18,1360,長片,挑戰/企劃,playlist,Joe是要對決,【Joe是要對決】第二季,False,none,0.0,,False,False,,1634949,17135.0,1025.0,22,https://www.youtube.com/watch?v=myQyT_rHMkU
TM-wkzUuX7w,【Joeman】挑戰台灣第二高峰！雪山我來了！ft.胡子、雪羊、林宣,2020-05-10 18:00:17,2020-05-10,2020,18,1144,長片,挑戰/企劃,keyword,,,False,none,0.0,,False,False,,401492,8248.0,581.0,22,https://www.youtube.com/watch?v=TM-wkzUuX7w
VQL_fNLKrFU,【Joeman】我如何靠著股票賺到人生第一個1000萬？致富過程大公開！,2020-05-05 18:00:16,2020-05-05,2020,18,697,長片,財經/投資,keyword,,,True,keyword,3.0,直接提及贊助方,False,False,,2333080,49186.0,4222.0,22,https://www.youtube.com/watch?v=VQL_fNLKrFU
L1vzoJdnAhA,【Joeman】500000元的奢華腳踏車對決20元/小時的平價腳踏車 ！ft.Jack【Joe是要對決S2】Ep2,2020-05-04 18:00:30,2020-05-04,2020,18,1229,長片,挑戰/企劃,playlist,Joe是要對決,【Joe是要對決】第二季,False,none,0.0,,False,False,,1583380,16645.0,1229.0,22,https://www.youtube.com/watch?v=L1vzoJdnAhA
ivfIKHRrrq8,【Joeman】跟著台南人吃台南美食！ft.微疼、Peeta葛格、BoboTV,2020-05-03 18:00:32,2020-05-03,2020,18,929,長片,美食,keyword,,,False,none,1.0,品牌官方導流,False,False,,820855,9768.0,1168.0,22,https://www.youtube.com/watch?v=ivfIKHRrrq8
Dn37H1eTRkU,【Joeman】8000元的頂級火鍋對決 88元平價火鍋！三多靚、合.shabu【Joe是要對決S2】ft.志祺 Ep1,2020-04-27 18:00:06,2020-04-27,2020,18,1245,長片,挑戰/企劃,playlist,Joe是要對決,【Joe是要對決】第二季,False,none,0.0,,False,False,,2969796,27028.0,1742.0,22,https://www.youtube.com/watch?v=Dn37H1eTRkU
DkTJpUE0WgE,【Joeman】史上最便宜的iPhone！真的可以虐殺中階安卓機嗎？iPhone SE 2020開箱,2020-04-26 18:00:06,2020-04-26,2020,18,632,長片,3C開箱評測,keyword,,,True,keyword,3.0,致謝贊助句型,False,False,,804373,11786.0,1688.0,22,https://www.youtube.com/watch?v=DkTJpUE0WgE
RPPqNsiZdkw,【Joeman】我在健身房被偷了兩萬塊！超崩潰Vlog...,2020-04-23 18:00:26,2020-04-23,2020,18,380,長片,日常Vlog,keyword,,,False,none,0.0,,False,False,,714558,13805.0,3028.0,22,https://www.youtube.com/watch?v=RPPqNsiZdkw
zbS30B7Oslc,【Joeman】走吧！我們去看房！淡水三房只要800萬？宏盛海都、宏普樂高、理想家、臥月《Joe是要看房》 ep.1,2020-04-21 18:00:36,2020-04-21,2020,18,2083,長片,看房/房產,title_series,Joe是要看房,,False,none,0.0,,False,False,,1778408,18477.0,3345.0,22,https://www.youtube.com/watch?v=zbS30B7Oslc
MFx37Fs5Q44,【Joeman】台幣四萬的安卓超旗艦真的值嗎？S20 Ultra開箱評測,2020-04-18 19:00:08,2020-04-18,2020,19,878,長片,3C開箱評測,keyword,,,True,keyword,21.0,專屬導購代碼|專屬導購連結|致謝贊助句型|影片合作聲明|專屬導購指引|結帳代碼指引|折扣導購用語|品牌官方導流,False,False,,493964,5928.0,882.0,22,https://www.youtube.com/watch?v=MFx37Fs5Q44
ijWKaN5spcU,【Joeman】完成小時候的夢想！在自己家裡打造電動間！Joe是要收藏 ep.11,2020-04-16 18:00:32,2020-04-16,2020,18,994,長片,玩具/收藏,title_series,Joe是要收藏,,False,none,0.0,,False,False,,706471,11014.0,1559.0,22,https://www.youtube.com/watch?v=ijWKaN5spcU
1h5hbDxKR_o,【Joeman】華碩一日員工體驗！員工餐廳根本美食街！,2020-04-14 18:00:02,2020-04-14,2020,18,1386,長片,美食,keyword,,,False,none,0.0,,False,False,,1426926,16685.0,2024.0,22,https://www.youtube.com/watch?v=1h5hbDxKR_o
8iuO7bSNnF8,【Joeman】穿著西裝的千萬超跑！Aston Martin Vantage 2020年式 ft.蕾菈,2020-04-10 18:00:09,2020-04-10,2020,18,1005,長片,汽車,keyword,,,False,none,0.0,,False,False,,778677,8304.0,760.0,22,https://www.youtube.com/watch?v=8iuO7bSNnF8
2kqANdtRAvg,【Joeman】豬血糕炸雞好吃嗎？最新肯德基花生炸雞試吃！,2020-04-08 18:00:00,2020-04-08,2020,18,375,長片,美食,keyword,,,False,none,0.0,,False,False,,325673,4905.0,562.0,22,https://www.youtube.com/watch?v=2kqANdtRAvg
9oFmAFWWJzE,【Joeman】台灣還沒上市的小米10 Pro開箱！1億像素相機+高通S865！,2020-04-03 18:30:00,2020-04-03,2020,18,857,長片,3C開箱評測,playlist,Joeman開箱去,【Joeman開箱去】,False,none,0.0,,False,False,,434077,5174.0,1135.0,22,https://www.youtube.com/watch?v=9oFmAFWWJzE
PXDAfvNuB_U,【Joeman】包著酥皮的威靈頓牛排！我與女神的第一人稱視角約會！ft.蕾菈,2020-03-30 18:02:00,2020-03-30,2020,18,641,長片,美食,keyword,,,False,none,0.0,,False,False,,424616,6672.0,719.0,22,https://www.youtube.com/watch?v=PXDAfvNuB_U
LIcDZYNt_ps,【Joeman】電競筆電 vs Macbook Pro！高階筆電要怎麼選？,2020-03-28 18:00:06,2020-03-28,2020,18,1078,長片,電競賽事,keyword,,,False,none,0.0,,False,False,,795221,9614.0,1591.0,22,https://www.youtube.com/watch?v=LIcDZYNt_ps
UTMBo9NTuqM,【Joeman】走鐘獎整人企劃！用舊的iPhone8騙朋友說是全新手機！ft.阿滴、反骨男孩、白癡公主、安啾、瘋男、黑羽,2020-03-21 21:00:14,2020-03-21,2020,21,515,長片,3C開箱評測,keyword,,,False,none,1.0,新品發表用語,False,False,,512289,7866.0,618.0,22,https://www.youtube.com/watch?v=UTMBo9NTuqM
leecaCYua9s,【Joeman】真的會好吃嗎？必勝客抹茶紅豆白玉披薩體驗！,2020-03-19 18:00:12,2020-03-19,2020,18,267,長片,美食,keyword,,,False,none,1.0,新品發表用語,False,False,,193564,3190.0,327.0,22,https://www.youtube.com/watch?v=leecaCYua9s
BhXWm1spQg8,【Joeman】火鍋界中的LV？台北必吃頂級刷刷鍋！ft.酷炫、瑀熙、艾瑞絲,2020-03-17 18:00:02,2020-03-17,2020,18,716,長片,美食,keyword,,,False,none,0.0,,False,False,,770880,7520.0,557.0,22,https://www.youtube.com/watch?v=BhXWm1spQg8
N8o81-h3crE,【Joeman】每個男孩都想擁有的超跑！藍寶堅尼Huracan 610-4 試駕！,2020-03-15 12:00:06,2020-03-15,2020,12,927,長片,汽車,keyword,,,False,none,0.0,,False,False,,533815,6182.0,760.0,22,https://www.youtube.com/watch?v=N8o81-h3crE
FTz7IyYhKQk,【Joeman】傳說中的撩妹神書竟然廢到笑！？,2020-03-14 12:00:00,2020-03-14,2020,12,890,長片,未分類,none,,,False,none,0.0,,False,False,,203600,3936.0,573.0,22,https://www.youtube.com/watch?v=FTz7IyYhKQk
MtsahMpXOls,【Joeman】一台20幾萬的相機好用嗎？傳說中的徠卡相機開箱！ft.Eric周興哲 Leica M10 Unboxing,2020-03-10 18:00:08,2020-03-10,2020,18,790,長片,3C開箱評測,keyword,,,False,none,0.0,,False,False,,279680,5104.0,418.0,22,https://www.youtube.com/watch?v=MtsahMpXOls
jVN2Qblo3iE,【Joeman】超暴力測試！經典神機Nokia 3310開箱！,2020-03-08 13:00:04,2020-03-08,2020,13,896,長片,3C開箱評測,keyword,,,False,none,0.0,,False,False,,636359,12560.0,1425.0,22,https://www.youtube.com/watch?v=jVN2Qblo3iE
MQZSzG8hjdA,【Joeman】時速狂飆破200！開著麥拉倫720S下賽道！ft.Crazy Man瘋男,2020-03-07 18:00:07,2020-03-07,2020,18,851,長片,汽車,keyword,,,True,keyword,3.0,致謝贊助句型,False,False,,622025,7484.0,480.0,22,https://www.youtube.com/watch?v=MQZSzG8hjdA
OJ8yhbqSRfQ,【Joeman】男生要怎麼挑選眼鏡？改變氣質就從眼鏡開始！ft.小吳、居妮,2020-03-05 18:00:03,2020-03-05,2020,18,677,長片,人物/訪談,keyword,,,False,none,1.0,品牌官方導流,False,False,,376024,4561.0,338.0,22,https://www.youtube.com/watch?v=OJ8yhbqSRfQ
0Bx5rJNoGkY,【Joeman】共享機車要怎麼選？GoShare、Wemo、iRent大比拚！,2020-03-04 18:00:01,2020-03-04,2020,18,748,長片,未分類,none,,,False,none,0.0,,False,False,,288591,4910.0,521.0,22,https://www.youtube.com/watch?v=0Bx5rJNoGkY
vQPfpyjV658,【Joeman】超畸形親子雨衣開箱！捧著遺照在騎車？ft.泥泥汝,2020-03-01 18:00:09,2020-03-01,2020,18,613,長片,3C開箱評測,keyword,,,False,none,0.0,,False,False,,382046,5107.0,1098.0,22,https://www.youtube.com/watch?v=vQPfpyjV658
2lz26bokLig,【Joeman】超逼真的盜版Airpods Pro開箱！價格只要三分之一！,2020-02-27 18:00:07,2020-02-27,2020,18,736,長片,3C開箱評測,keyword,,,True,keyword,4.0,購買行動用語|新品發表用語|提及廠商,False,False,,1073523,11126.0,1124.0,22,https://www.youtube.com/watch?v=2lz26bokLig
rLyymNzFyfU,【Joeman】在地人激推！台北五家燒臘名店試吃！鳳城、好味、老友記、家鴻、東門,2020-02-24 18:00:09,2020-02-24,2020,18,854,長片,未分類,none,,,False,none,0.0,,False,False,,521308,6476.0,1175.0,22,https://www.youtube.com/watch?v=rLyymNzFyfU
n62TlrmMNho,【Joeman】追劇平台要怎麼選？Netflix、愛奇藝、Apple TV+、Disney+四大平台分析,2020-02-21 18:00:11,2020-02-21,2020,18,997,長片,未分類,none,,,False,none,0.0,,False,False,,868074,14336.0,2037.0,22,https://www.youtube.com/watch?v=n62TlrmMNho
d8b2dzP8_qg,【Joeman】成功男士必買的超跑？法拉利敞篷458 Spider試駕！ft.阿滴,2020-02-18 18:00:16,2020-02-18,2020,18,1060,長片,汽車,keyword,,,False,none,0.0,,False,False,,984346,14200.0,1464.0,22,https://www.youtube.com/watch?v=d8b2dzP8_qg
dZdwdWd0kx0,【Joeman】我是如何成為妹妹的？女妝過程全紀錄！ft.麻希、關關,2020-02-14 18:00:16,2020-02-14,2020,18,445,長片,人物/訪談,keyword,,,False,none,0.0,,False,False,,200465,5593.0,609.0,22,https://www.youtube.com/watch?v=dZdwdWd0kx0
ibA1vL-JkdM,【Joeman】拍照分數世界第一，卻被美國封殺的中國手機！華為Mate 30 Pro開箱 Huawei,2020-02-11 18:00:07,2020-02-11,2020,18,892,長片,3C開箱評測,keyword,,,False,none,1.0,新品發表用語,False,False,,464545,6890.0,2648.0,22,https://www.youtube.com/watch?v=ibA1vL-JkdM
zqo0fFFgwQU,【Joeman】超炫炮的鋼鐵人按摩槍、頸部按摩器開箱！,2020-02-08 18:03:50,2020-02-08,2020,18,662,長片,3C開箱評測,keyword,,,False,none,0.0,,False,False,,194351,2266.0,259.0,22,https://www.youtube.com/watch?v=zqo0fFFgwQU
VfehP2h61lo,【Joeman】傳說中的北海道帝王蟹！札幌美食吃播！,2020-02-04 18:00:05,2020-02-04,2020,18,700,長片,美食,keyword,,,False,none,0.0,,False,False,,435113,4934.0,285.0,22,https://www.youtube.com/watch?v=VfehP2h61lo
p4JuVQSqGvE,【Joeman】檢驗自己的DNA基因！發現我竟然有韓國血統！？,2020-01-31 18:02:34,2020-01-31,2020,18,707,長片,未分類,none,,,False,none,0.0,,False,False,,685706,9340.0,1348.0,22,https://www.youtube.com/watch?v=p4JuVQSqGvE
TLMbSn-nmZw,【Joeman】零下12度的世界！走吧～我們去北海道滑雪！,2020-01-30 18:00:04,2020-01-30,2020,18,1316,長片,未分類,none,,,False,none,0.0,,False,False,,373933,5096.0,413.0,22,https://www.youtube.com/watch?v=TLMbSn-nmZw
eYp1EAM3c1U,【Joeman】擁有千萬超跑是甚麼感覺？一日麥拉倫車主體驗！ McLaren 650S Spider試駕,2020-01-24 15:00:03,2020-01-24,2020,15,1231,長片,汽車,keyword,,,True,keyword,3.0,致謝贊助句型,False,False,,905556,9081.0,1141.0,22,https://www.youtube.com/watch?v=eYp1EAM3c1U
Vh7yP4UWlnI,【Joeman】一秒鐘下載1Gbps是甚麼感覺？價值上千億的5G頻寬值得嗎？,2020-01-22 18:00:06,2020-01-22,2020,18,1029,長片,未分類,none,,,False,none,0.0,,False,False,,747828,6705.0,1237.0,22,https://www.youtube.com/watch?v=Vh7yP4UWlnI
UhwsCd8EsS8,【Joeman】尾牙吃頂級A5和牛吃到飽火鍋！結果吃到身上完全沒錢！,2020-01-21 18:00:05,2020-01-21,2020,18,1099,長片,美食,keyword,,,False,none,0.0,,False,False,,883321,10338.0,532.0,22,https://www.youtube.com/watch?v=UhwsCd8EsS8
sKfEoPr9CKM,【Joeman】挑戰一口氣喝45種清酒！結果一群人醉倒在北海道！ft.Sobad,2020-01-18 18:00:08,2020-01-18,2020,18,940,長片,挑戰/企劃,keyword,,,False,none,0.0,,False,False,,736629,11946.0,856.0,22,https://www.youtube.com/watch?v=sKfEoPr9CKM
8Ylqreer_1k,【Joeman】原來日本人不太能吃辣？邀請外國朋友來家裡聚餐！ft.芒果、上田甜甜圈,2020-01-17 18:00:00,2020-01-17,2020,18,812,長片,人物/訪談,keyword,,,False,none,0.0,,False,False,,142823,2107.0,192.0,22,https://www.youtube.com/watch?v=8Ylqreer_1k
U2v59sd_9IE,【Joeman】預算1萬到3萬的曲面螢幕要怎麼挑？聊聊我自身使用的經驗！,2020-01-14 18:00:06,2020-01-14,2020,18,795,長片,3C開箱評測,keyword,,,False,none,0.0,,False,False,,484577,5247.0,466.0,22,https://www.youtube.com/watch?v=U2v59sd_9IE
NsI6PyAGbNk,【Joeman】一抽入魂的男人回來了！重回秋葉原扭蛋！輕鬆轉到鬼滅之刃、一拳超人～ft.菜喳、泥泥汝,2020-01-12 13:00:03,2020-01-12,2020,13,633,長片,玩具/收藏,keyword,,,False,none,0.0,,False,False,,297960,5152.0,196.0,22,https://www.youtube.com/watch?v=NsI6PyAGbNk
efmlR9-r2H0,【Joeman】消光黑值得嗎？車子貼膜要花多少錢？,2020-01-10 18:00:07,2020-01-10,2020,18,1057,長片,未分類,none,,,True,keyword,3.0,行動導流連結,False,False,,742435,5685.0,475.0,22,https://www.youtube.com/watch?v=efmlR9-r2H0
LtRucA4hT_M,【Joeman】一個禮拜的東京戰利品開箱！竟然買了一雙7000元的潮鞋!,2020-01-09 18:00:02,2020-01-09,2020,18,1308,長片,3C開箱評測,keyword,,,False,none,0.0,,False,False,,495367,4697.0,569.0,22,https://www.youtube.com/watch?v=LtRucA4hT_M
ggkZcLn2m0I,【Joeman】送員工一人一本2000元刮刮樂！刮中多少直接帶走！,2020-01-05 19:00:06,2020-01-05,2020,19,690,長片,未分類,none,,,False,none,0.0,,False,False,,1355666,19013.0,1228.0,22,https://www.youtube.com/watch?v=ggkZcLn2m0I
k1WTInxNyxE,【Joeman】2020年最新7-11鼠年福袋開箱！今年竟然又漲價！值得買嗎？,2020-01-02 19:00:10,2020-01-02,2020,19,989,長片,3C開箱評測,keyword,,,False,none,0.0,,False,False,,844750,9387.0,738.0,22,https://www.youtube.com/watch?v=k1WTInxNyxE
6p7_j8ff9Cc,【Joeman】太爽了吧～跟一群妹子在東京吃吃喝喝！,2019-12-31 19:00:01,2019-12-31,2019,19,1390,長片,未分類,none,,,False,none,0.0,,False,False,,750980,10140.0,741.0,22,https://www.youtube.com/watch?v=6p7_j8ff9Cc
EodUiAMfpBM,【Joeman】熱量突破天際！肯德基甜甜圈咔啦雞腿堡好吃嗎？KFC x Krispy Kreme,2019-12-28 18:00:02,2019-12-28,2019,18,269,長片,美食,keyword,,,False,none,0.0,,False,False,,685300,9186.0,810.0,22,https://www.youtube.com/watch?v=EodUiAMfpBM
tUH_bDQL5bY,【Joeman】在家裡組一台投幣式網咖！完成學生時代的夢想！,2019-12-26 18:00:08,2019-12-26,2019,18,1061,長片,未分類,none,,,False,none,0.0,,False,False,,860032,10727.0,1887.0,22,https://www.youtube.com/watch?v=tUH_bDQL5bY
0cZqBDBW_XA,【Joeman】根本沒有用！安慰別人時會講的幹話！,2019-12-24 18:00:00,2019-12-24,2019,18,907,長片,未分類,none,,,False,none,0.0,,False,False,,297161,6524.0,1343.0,22,https://www.youtube.com/watch?v=0cZqBDBW_XA
6IKGq6Akd_A,【Joeman】一人要價4000台幣！超爽的日本和牛燒肉吃到飽！新宿六歌仙燒肉放題 ft.泥泥汝、心甜,2019-12-22 18:00:00,2019-12-22,2019,18,540,長片,美食,keyword,,,False,none,0.0,,False,False,,745592,7659.0,462.0,22,https://www.youtube.com/watch?v=6IKGq6Akd_A
sBZFk2CxYM4,【Joeman】史上最貴的聖誕交換禮物！竟然出現千萬名車！ft.酷炫、瘋男、瑀熙、蕾菈、艾瑞絲、奎丁、小吳、阿圓,2019-12-21 18:00:17,2019-12-21,2019,18,1139,長片,人物/訪談,keyword,,,False,none,0.0,,False,False,,1251832,17613.0,901.0,22,https://www.youtube.com/watch?v=sBZFk2CxYM4
Y_N-bH7ZDuc,【Joeman】一人烤串燒機開箱！還能同時煮鍋跟煎肉！,2019-12-17 18:00:06,2019-12-17,2019,18,765,長片,3C開箱評測,keyword,,,False,none,0.0,,False,False,,612055,6751.0,899.0,22,https://www.youtube.com/watch?v=Y_N-bH7ZDuc
xENw-PAG1jQ,【Joeman】燒了上百萬！開箱我全新的工作室！,2019-12-12 18:00:14,2019-12-12,2019,18,1691,長片,3C開箱評測,keyword,,,False,none,0.0,,False,False,,623965,10063.0,806.0,22,https://www.youtube.com/watch?v=xENw-PAG1jQ
iqk4vtXcdSU,【Joeman】超可愛！搶翻天的鬼滅之刃景品開箱！ft.黑羽 Qposket,2019-12-10 18:00:07,2019-12-10,2019,18,914,長片,3C開箱評測,keyword,,,False,none,0.0,,False,False,,245083,3648.0,343.0,22,https://www.youtube.com/watch?v=iqk4vtXcdSU
G3MbfnnlUlE,【Joeman】男人的交換禮物！竟然收到超崩潰生物！ft.黑羽、黃小潔、酷炫、賤葆、胡子、老爹、阿晋,2019-12-08 12:00:02,2019-12-08,2019,12,974,長片,人物/訪談,keyword,,,False,none,0.0,,False,False,,1063027,14145.0,876.0,22,https://www.youtube.com/watch?v=G3MbfnnlUlE
o2i8vD1Ab4E,【Joeman】深度訪談！讓Youtuber喪膽的黃標事件！ft.阿滴、酷炫、胡子、奎丁、妞爸,2019-12-07 18:00:13,2019-12-07,2019,18,2216,長片,人物/訪談,keyword,,,False,none,0.0,,False,False,,880212,14052.0,2043.0,22,https://www.youtube.com/watch?v=o2i8vD1Ab4E
Rpy4Rztmu1g,【Joeman】2019年台灣十大Youtube熱門影片榜單！出現了超乎預期的影片！,2019-12-04 19:00:08,2019-12-04,2019,19,988,長片,未分類,none,,,False,none,0.0,,False,False,,1197968,18575.0,1843.0,22,https://www.youtube.com/watch?v=Rpy4Rztmu1g
gHz0-eM2Q1w,【Joeman】深夜禁看！去Costco買肉配麻辣鍋底有比較省嗎？,2019-12-03 18:01:53,2019-12-03,2019,18,529,長片,未分類,none,,,False,none,0.0,,False,False,,970204,8057.0,727.0,22,https://www.youtube.com/watch?v=gHz0-eM2Q1w
BfQmqXLLs4k,【Joeman】流言破解！讓iPhone行事曆直接當掉的神祕Bug？消失的十月份！,2019-12-01 18:00:01,2019-12-01,2019,18,381,長片,3C開箱評測,keyword,,,False,none,0.0,,False,False,,171368,2976.0,420.0,22,https://www.youtube.com/watch?v=BfQmqXLLs4k
j60yWVGNeYU,【Joeman】帶著筆電在台中三天兩夜狂吃美食！蛋餅、大麵羹、炒麵、米糕、菜頭粿、豆花,2019-11-29 18:00:15,2019-11-29,2019,18,1190,長片,美食,keyword,,,True,keyword,3.0,影片合作聲明,False,False,,1206049,5120.0,838.0,22,https://www.youtube.com/watch?v=j60yWVGNeYU
_K3dcRWPAIg,【Joeman】真正的果粉！擁有上百台蘋果電腦的超狂收藏家！Joe是要收藏 ep.10,2019-11-26 21:30:03,2019-11-26,2019,21,1377,長片,玩具/收藏,title_series,Joe是要收藏,,False,none,0.0,,False,False,,823468,11510.0,777.0,22,https://www.youtube.com/watch?v=_K3dcRWPAIg
uqeu-lP5wJg,【Joeman】YAMAHA的第一台電動車開箱！真的只是換殼的Gogoro嗎？EC05試駕,2019-11-22 18:00:11,2019-11-22,2019,18,437,長片,汽車,keyword,,,False,none,0.0,,False,False,,340429,3572.0,449.0,22,https://www.youtube.com/watch?v=uqeu-lP5wJg
qllfii86tKQ,【Joeman】全台灣最高樓層的麻辣鍋店！邊吃邊看整個台北市！微風信義麻辣45,2019-11-20 18:00:20,2019-11-20,2019,18,489,長片,未分類,none,,,False,none,0.0,,False,False,,447854,4872.0,398.0,22,https://www.youtube.com/watch?v=qllfii86tKQ
ZUpNPdhCOWQ,【Joeman】謊稱舊手機換給媽媽用，但其實是iPhone 11 Pro！會被發現嗎？,2019-11-17 18:00:03,2019-11-17,2019,18,722,長片,3C開箱評測,keyword,,,False,none,0.0,,False,False,,928895,24358.0,1430.0,22,https://www.youtube.com/watch?v=ZUpNPdhCOWQ
uPTdpnRTBIE,【Joeman】要價台幣20萬！外觀跟戰艦一樣的超頂級筆電！ROG Mothership GZ700開箱,2019-11-15 21:00:15,2019-11-15,2019,21,990,長片,3C開箱評測,keyword,,,False,none,0.0,,False,False,,530350,6259.0,847.0,22,https://www.youtube.com/watch?v=uPTdpnRTBIE
gH7GuLRhHgs,【Joeman】這次真的可以買！全新AirPods Pro開箱體驗心得,2019-11-13 19:00:08,2019-11-13,2019,19,1043,長片,挑戰/企劃,keyword,,,False,none,0.0,,False,False,,1492786,15470.0,1342.0,22,https://www.youtube.com/watch?v=gH7GuLRhHgs
0iaoggmejcA,【Joeman】這個年代最後的掌上遊戲機？令人懷念但卻無法心動的 Switch Lite開箱,2019-11-11 18:00:01,2019-11-11,2019,18,477,長片,3C開箱評測,keyword,,,False,none,0.0,,False,False,,675947,7126.0,702.0,22,https://www.youtube.com/watch?v=0iaoggmejcA
utyYSlsmsMw,【Joeman】高級版的付費Youtube！Youtube Premium值得花錢嗎?,2019-11-09 12:00:04,2019-11-09,2019,12,463,長片,未分類,none,,,False,none,0.0,,False,False,,1081611,16017.0,2615.0,22,https://www.youtube.com/watch?v=utyYSlsmsMw
OrJ7c67dXuw,【Joeman Show Ep49】最終回！節目停播原因大公開！Youtuber拍片幕後的心路歷程 ft.痣作人,2019-11-02 18:00:07,2019-11-02,2019,18,2870,長片,人物/訪談,title_series,Joeman Show,,False,none,0.0,,False,False,,942443,17969.0,2000.0,22,https://www.youtube.com/watch?v=OrJ7c67dXuw
bk07JY0fggM,【Joeman】要價台幣13萬！外觀像文書機的頂級主機開箱！MSI P100開箱,2019-10-31 19:00:07,2019-10-31,2019,19,537,長片,3C開箱評測,keyword,,,False,none,0.0,,False,False,,382294,3417.0,478.0,22,https://www.youtube.com/watch?v=bk07JY0fggM
DP5r6jHluvo,【Joeman】把手機土炮魔改成iPhone 11 Pro外觀！只要350元！,2019-10-28 18:00:01,2019-10-28,2019,18,405,長片,3C開箱評測,keyword,,,False,none,0.0,,False,False,,585355,6488.0,494.0,22,https://www.youtube.com/watch?v=DP5r6jHluvo
mPWWiNHYxWs,【Joeman Show Ep48】情書怎麼寫才能得到正妹芳心？把妹心得大公開！ft.艾瑞絲、劉萱,2019-10-26 18:00:12,2019-10-26,2019,18,1539,長片,人物/訪談,title_series,Joeman Show,,False,none,0.0,,False,False,,221387,3608.0,354.0,22,https://www.youtube.com/watch?v=mPWWiNHYxWs
KufKb7hUCyI,【Joeman】開箱游否希的瑪莎拉蒂！買入門款真的是盤子嗎？Maserati  Ghibli車主心得 試乘體驗,2019-10-24 18:00:03,2019-10-24,2019,18,1004,長片,挑戰/企劃,keyword,,,False,none,0.0,,False,False,,1341360,10760.0,1101.0,22,https://www.youtube.com/watch?v=KufKb7hUCyI
Y-avnK_whrE,【Joeman】Pixel 4 XL開箱！安卓年度壓軸旗艦！,2019-10-23 18:00:09,2019-10-23,2019,18,917,長片,3C開箱評測,keyword,,,False,none,0.0,,False,False,,342112,4068.0,511.0,22,https://www.youtube.com/watch?v=Y-avnK_whrE
s9vTi2B7xVQ,【Joeman Show Ep47】正妹的私訊都有些什麼？飯局價碼直接曝光！？ft.飽妮、奎丁,2019-10-19 18:00:17,2019-10-19,2019,18,1379,長片,人物/訪談,title_series,Joeman Show,,False,none,0.0,,False,False,,486389,5070.0,447.0,22,https://www.youtube.com/watch?v=s9vTi2B7xVQ
13DxVgo13WM,【Joeman】如果讓觀眾許願，大家最想要收到的禮物是甚麼？,2019-10-18 18:00:00,2019-10-18,2019,18,911,長片,未分類,none,,,False,none,0.0,,False,False,,292063,6706.0,714.0,22,https://www.youtube.com/watch?v=13DxVgo13WM
vsf1Uxxog_Y,【Joeman】從體重100公斤到挑戰馬拉松！我的減肥日記,2019-10-17 18:00:17,2019-10-17,2019,18,1326,長片,挑戰/企劃,keyword,,,False,none,0.0,,False,False,,487692,13646.0,1499.0,22,https://www.youtube.com/watch?v=vsf1Uxxog_Y
R6C3ER-YltI,【Joeman Show Ep46】母校交大突擊！我是學弟妹心中的傑出校友嗎？ft.妮妮,2019-10-12 18:00:04,2019-10-12,2019,18,1598,長片,人物/訪談,playlist,Joeman Show,【Joeman Show】,False,none,0.0,,False,False,,345345,4127.0,450.0,22,https://www.youtube.com/watch?v=R6C3ER-YltI
CdX8PeCXYkI,【Joeman】iPhone 11 Pro Max使用心得！這一代值得買嗎？開箱,2019-10-11 18:00:02,2019-10-11,2019,18,716,長片,3C開箱評測,keyword,,,False,none,0.0,,False,False,,884640,8771.0,866.0,22,https://www.youtube.com/watch?v=CdX8PeCXYkI
XVJXEYMyYf8,【Joeman】擁有特斯拉一個禮拜！Tesla Model 3 體驗心得,2019-10-08 18:00:05,2019-10-08,2019,18,1229,長片,汽車,keyword,,,False,none,0.0,,False,False,,1363490,11241.0,1148.0,22,https://www.youtube.com/watch?v=XVJXEYMyYf8
Ys7UkQMrGeM,【Joeman】史上最高調！會自動跟著主人的行李箱！Cowarobot開箱,2019-10-06 18:00:10,2019-10-06,2019,18,750,長片,3C開箱評測,keyword,,,False,none,0.0,,False,False,,1149639,16931.0,2054.0,22,https://www.youtube.com/watch?v=Ys7UkQMrGeM
L69W_p8BYcQ,【Joeman Show Ep45】模王阿翰來了！超母湯新角色首次曝光～,2019-10-05 18:00:04,2019-10-05,2019,18,1615,長片,人物/訪談,playlist,Joeman Show,【Joeman Show】,True,keyword,3.0,影片合作聲明,False,False,,501047,8111.0,321.0,22,https://www.youtube.com/watch?v=L69W_p8BYcQ
GlxPyh4P878,【Joeman】iPhone 11 Pro vs  Note 10+ 超過五萬人票選的拍照盲測對決！,2019-10-04 18:00:05,2019-10-04,2019,18,1002,長片,挑戰/企劃,keyword,,,False,none,0.0,,False,False,,450920,6066.0,1032.0,22,https://www.youtube.com/watch?v=GlxPyh4P878
yEhMSeW5xkQ,【Joeman】一套270萬台幣的四庫全書開箱！華人的百科全書！,2019-10-03 18:00:12,2019-10-03,2019,18,1078,長片,3C開箱評測,keyword,,,False,none,0.0,,False,False,,306452,5619.0,773.0,22,https://www.youtube.com/watch?v=yEhMSeW5xkQ
gi02NaedFBE,【Joeman】在東京的網咖住一晚！,2019-09-30 19:00:07,2019-09-30,2019,19,979,長片,日常Vlog,keyword,,,False,none,0.0,,False,False,,972489,11342.0,894.0,22,https://www.youtube.com/watch?v=gi02NaedFBE
RNvetTpVK_w,【Joeman】只要4000塊的盜版Apple Watch！真的能用嗎？真的假不了Ep.2,2019-09-29 19:00:04,2019-09-29,2019,19,275,長片,未分類,none,,,False,none,0.0,,False,False,,487371,5693.0,399.0,22,https://www.youtube.com/watch?v=RNvetTpVK_w
bW-LkNCUgeg,【Joeman Show Ep44】炮仔聲幕後公開！台灣八點檔都怎麼拍？ft.炮仔聲、勇兔、璟宣,2019-09-28 18:00:12,2019-09-28,2019,18,1671,長片,人物/訪談,playlist,Joeman Show,【Joeman Show】,False,none,0.0,,False,False,,451133,6303.0,435.0,22,https://www.youtube.com/watch?v=bW-LkNCUgeg
5CuRmbMazVA,【Joeman】一尊要8萬？超級帥的鋼鐵人浩克毀滅者雕像開箱！,2019-09-24 18:00:00,2019-09-24,2019,18,636,長片,3C開箱評測,keyword,,,False,none,0.0,,False,False,,495047,7530.0,376.0,22,https://www.youtube.com/watch?v=5CuRmbMazVA
FZAwR75qoTU,【Joeman】受邀成為手機廣告男主角？Sharp AQUOS R3開箱,2019-09-23 18:30:00,2019-09-23,2019,18,439,長片,3C開箱評測,playlist,Joeman開箱去,【Joeman開箱去】,False,none,0.0,,False,False,,151850,2255.0,346.0,22,https://www.youtube.com/watch?v=FZAwR75qoTU
6-zhtnQJkG0,【Joeman Show Ep43】帶媽媽看豪宅！九妹爆哭的真相是？,2019-09-21 18:00:02,2019-09-21,2019,18,1822,長片,人物/訪談,playlist,Joeman Show,【Joeman Show】,False,none,0.0,,False,False,,1198798,20325.0,2100.0,22,https://www.youtube.com/watch?v=6-zhtnQJkG0
bQbD4zDi3DI,【Joeman】偷跑入手！iPhone 11 Pro Max 外觀簡單開箱！,2019-09-20 05:17:27,2019-09-20,2019,5,471,長片,3C開箱評測,keyword,,,False,none,0.0,,False,False,,568219,10515.0,2860.0,22,https://www.youtube.com/watch?v=bQbD4zDi3DI
t6lYzvjOLtg,【Joeman】既然借不到，我們就直接買一台！三星旗艦Note 10+開箱！,2019-09-19 18:00:15,2019-09-19,2019,18,1083,長片,3C開箱評測,keyword,,,False,none,0.0,,False,False,,659751,7353.0,999.0,22,https://www.youtube.com/watch?v=t6lYzvjOLtg
UiBa7j8eL-s,【Joeman】花蓮五大必去景點分享！三天兩夜要怎麼規劃？,2019-09-18 18:00:05,2019-09-18,2019,18,859,長片,未分類,none,,,False,none,0.0,,False,False,,913198,6825.0,458.0,22,https://www.youtube.com/watch?v=UiBa7j8eL-s
xM-SL-cR0cQ,【Joeman Show Ep42】說走就走～隨機美食！小黃運將的深夜時堂！,2019-09-14 18:00:10,2019-09-14,2019,18,1713,長片,人物/訪談,playlist,Joeman Show,【Joeman Show】,False,none,0.0,,False,False,,1342472,16400.0,1951.0,22,https://www.youtube.com/watch?v=xM-SL-cR0cQ
DGOY2HnlMi0,跨界合作！Joeman出現在炮仔聲的完整片段！,2019-09-13 14:59:11,2019-09-13,2019,14,354,長片,未分類,none,,,False,none,0.0,,False,False,,1021339,22243.0,2707.0,22,https://www.youtube.com/watch?v=DGOY2HnlMi0
IZzFknrU0II,【Joeman】挑戰在東京100元台幣吃三餐！省錢大作戰！,2019-09-12 18:00:05,2019-09-12,2019,18,868,長片,挑戰/企劃,keyword,,,False,none,0.0,,False,False,,506956,6753.0,796.0,22,https://www.youtube.com/watch?v=IZzFknrU0II
hiK_eOEHbAc,【Joeman】一顆雞蛋不到四塊錢？日本必逛的超便宜超市！業務超市體驗,2019-09-10 18:00:09,2019-09-10,2019,18,295,長片,挑戰/企劃,keyword,,,False,none,0.0,,False,False,,414703,6134.0,486.0,22,https://www.youtube.com/watch?v=hiK_eOEHbAc
b3XQm398kuM,【Joeman Show Ep41】超奢華中秋節烤肉！花台幣五萬請人來家裡烤A5和牛！,2019-09-07 18:00:10,2019-09-07,2019,18,1507,長片,人物/訪談,playlist,Joeman Show,【Joeman Show】,False,none,0.0,,False,False,,1305020,12909.0,1326.0,22,https://www.youtube.com/watch?v=b3XQm398kuM
sZc-TrOpNno,【Joeman】在飛機上吃烤鰻魚！中國東方航空商務艙體驗 China Eastern Airline 777 Business Class,2019-09-02 21:30:03,2019-09-02,2019,21,885,長片,旅遊/航空,keyword,,,False,none,0.0,,False,False,,2488063,25534.0,1750.0,22,https://www.youtube.com/watch?v=sZc-TrOpNno
v4LK3iNQN2s,【Joeman】價值十萬元的雙螢幕筆電！Asus Zenbook Pro Duo開箱！,2019-09-01 18:00:14,2019-09-01,2019,18,700,長片,3C開箱評測,keyword,,,True,keyword,3.0,延伸導流連結,False,False,,1617260,6201.0,608.0,22,https://www.youtube.com/watch?v=v4LK3iNQN2s
-JAnQov4oGs,【Joeman Show Ep40】創業好賺嗎？Youtuber老闆取暖大會！ft.呱吉、酷炫,2019-08-31 18:00:00,2019-08-31,2019,18,3434,長片,人物/訪談,playlist,Joeman Show,【Joeman Show】,False,none,0.0,,False,False,,1449520,19314.0,1470.0,22,https://www.youtube.com/watch?v=-JAnQov4oGs
haJjvg0UMqg,【Joeman】最新旗艦電競手機！ASUS ROG Phone 2開箱！,2019-08-30 22:00:12,2019-08-30,2019,22,843,長片,電競賽事,keyword,,,False,none,0.0,,False,False,,864768,10584.0,1567.0,22,https://www.youtube.com/watch?v=haJjvg0UMqg
bb_tLpJoy3E,【Joeman】我到底開甚麼車？價值300萬的豪車開箱！賓士Mercedes-Benz E 300 Coupé ft.Andy老爹,2019-08-28 18:00:05,2019-08-28,2019,18,1040,長片,汽車,keyword,,,False,none,0.0,,False,False,,1290969,11168.0,1808.0,22,https://www.youtube.com/watch?v=bb_tLpJoy3E
L0-ntbMEhDI,【Joeman】Youtuber界中的神機！卡片機王者Sony RX100M7開箱！,2019-08-28 12:00:00,2019-08-28,2019,12,857,長片,人物/訪談,keyword,,,False,none,0.0,,False,False,,386744,4601.0,422.0,22,https://www.youtube.com/watch?v=L0-ntbMEhDI
cLrTcsC6crc,【Joeman】把Airpods當陀螺轉！超奇葩指尖陀螺保護殼開箱！,2019-08-25 18:00:12,2019-08-25,2019,18,485,長片,3C開箱評測,keyword,,,False,none,0.0,,False,False,,328953,4847.0,314.0,22,https://www.youtube.com/watch?v=cLrTcsC6crc
3PCZvMlPj2Q,【Joeman Show Ep39】鬼月企劃！最毛骨悚然的撞鬼經驗！ft.澎恰恰、王狗、峮峮,2019-08-24 18:00:01,2019-08-24,2019,18,1453,長片,人物/訪談,playlist,Joeman Show,【Joeman Show】,False,none,0.0,,False,False,,441319,8213.0,1382.0,22,https://www.youtube.com/watch?v=3PCZvMlPj2Q
rPuZRQMWfck,【Joeman】東京超高分飯店體驗！一晚一萬台幣真的值嗎？ft.愛莉莎莎,2019-08-23 18:00:12,2019-08-23,2019,18,696,長片,挑戰/企劃,keyword,,,False,none,0.0,,False,False,,710545,9612.0,758.0,22,https://www.youtube.com/watch?v=rPuZRQMWfck
sYYV1uo62V0,【Joeman】挑戰在台北鬧區快閃跳舞！ft.桂格大燕麥片,2019-08-22 18:00:15,2019-08-22,2019,18,354,長片,挑戰/企劃,keyword,,,False,none,0.0,,False,False,,110778,2077.0,261.0,22,https://www.youtube.com/watch?v=sYYV1uo62V0
_Df4yhV1LLQ,【Joeman】人生第一次挑戰吃生的馬肉！富士山下的必吃料理 ft.YJ、胡子、雪羊,2019-08-19 18:00:06,2019-08-19,2019,18,397,長片,挑戰/企劃,keyword,,,False,none,0.0,,False,False,,378009,4500.0,387.0,22,https://www.youtube.com/watch?v=_Df4yhV1LLQ
ACjRbuSjQps,【Joeman Show Ep38】挑戰日本最高峰！富士山登頂之旅！ft.胡子、雪羊、YJ,2019-08-17 17:57:50,2019-08-17,2019,17,1462,長片,人物/訪談,playlist,Joeman Show,【Joeman Show】,False,none,0.0,,False,False,,585085,9577.0,665.0,22,https://www.youtube.com/watch?v=ACjRbuSjQps
FmVXdKwOAYM,【Joeman】超級酷的日幣收納盒零錢包開箱！實用嗎？,2019-08-15 18:00:02,2019-08-15,2019,18,355,長片,3C開箱評測,keyword,,,False,none,0.0,,False,False,,439023,6044.0,756.0,22,https://www.youtube.com/watch?v=FmVXdKwOAYM
Q2r8OO4tGbk,【Joeman】深度訪談！看蔡阿嘎與異鄉人如何勇敢突破內心小世界,2019-08-14 18:00:05,2019-08-14,2019,18,843,長片,人物/訪談,keyword,,,False,none,0.0,,False,False,,105736,1600.0,99.0,22,https://www.youtube.com/watch?v=Q2r8OO4tGbk
UQiGXNIU_g0,【Joeman Show Ep37】被兵變又扛千萬父債，草爺的谷底反彈奮鬥史！ft.含羞草,2019-08-10 17:58:16,2019-08-10,2019,17,2384,長片,人物/訪談,playlist,Joeman Show,【Joeman Show】,False,none,0.0,,False,False,,1030558,12311.0,702.0,22,https://www.youtube.com/watch?v=UQiGXNIU_g0
aZ9VW4nNJz0,【Joeman】電視盒要怎麼買？三台主流電視盒大PK！小米盒子、Apple TV、安博盒子,2019-08-07 18:00:00,2019-08-07,2019,18,570,長片,未分類,none,,,False,none,0.0,,False,False,,2269352,15209.0,1976.0,22,https://www.youtube.com/watch?v=aZ9VW4nNJz0
fhntc2Lopic,【Joeman】再也不怕老師罰寫了！寫字機器人開箱！,2019-08-04 12:00:02,2019-08-04,2019,12,611,長片,3C開箱評測,keyword,,,False,none,0.0,,False,False,,928815,12274.0,1888.0,22,https://www.youtube.com/watch?v=fhntc2Lopic
sIvS3ov5P78,【Joeman Show Ep36】流言終結！拾荒真的很好賺嗎？一天到底能賺多少錢？ft.瑋哥、許瑜,2019-08-03 17:57:47,2019-08-03,2019,17,2094,長片,人物/訪談,playlist,Joeman Show,【Joeman Show】,False,none,0.0,,False,False,,420014,5804.0,824.0,22,https://www.youtube.com/watch?v=sIvS3ov5P78
wqrBHM4YpQI,【Joeman】可以在水中孵化的恐龍蛋！玩具開箱！,2019-08-02 18:00:13,2019-08-02,2019,18,260,長片,3C開箱評測,keyword,,,False,none,0.0,,False,False,,239973,3840.0,326.0,22,https://www.youtube.com/watch?v=wqrBHM4YpQI
ug-Fk8Ol07k,【Joeman】超怪異水冷手機殼開箱！真的有用嗎？,2019-07-31 18:00:08,2019-07-31,2019,18,340,長片,3C開箱評測,keyword,,,False,none,0.0,,False,False,,664752,7783.0,950.0,22,https://www.youtube.com/watch?v=ug-Fk8Ol07k
h76QTiQ1FwE,【Joeman】大胃王挑戰！兩個人吃完13道泰式料理！ft.丁丁,2019-07-28 18:00:05,2019-07-28,2019,18,1000,長片,挑戰/企劃,keyword,,,False,none,0.0,,False,False,,906497,10329.0,917.0,22,https://www.youtube.com/watch?v=h76QTiQ1FwE
PTIBpwUDwO0,【Joeman Show Ep35】這群人竟然考慮過刪掉主頻道？ft.這群人,2019-07-27 17:58:43,2019-07-27,2019,17,2136,長片,人物/訪談,playlist,Joeman Show,【Joeman Show】,False,none,0.0,,False,False,,888009,15186.0,893.0,22,https://www.youtube.com/watch?v=PTIBpwUDwO0
V33iV8NObZ0,【Joeman】廢到笑！可以把聲音變噪音的胖虎喇叭開箱！,2019-07-26 18:00:20,2019-07-26,2019,18,667,長片,3C開箱評測,keyword,,,False,none,0.0,,False,False,,578828,7629.0,1167.0,22,https://www.youtube.com/watch?v=V33iV8NObZ0
lBS9YC3HYPE,【Joeman】街訪路人甚麼叫做敢？竟然出現韓國粉絲！,2019-07-25 18:00:04,2019-07-25,2019,18,602,長片,未分類,none,,,False,none,0.0,,False,False,,175229,2966.0,515.0,22,https://www.youtube.com/watch?v=lBS9YC3HYPE
MelnpjQPHaE,【Joeman】竟然瘦超過10公斤！我是怎麼瘦下來的？減肥日記ep2,2019-07-24 18:00:03,2019-07-24,2019,18,557,長片,未分類,none,,,False,none,0.0,,False,False,,654524,10493.0,1426.0,22,https://www.youtube.com/watch?v=MelnpjQPHaE
JZ_PkLAZAXQ,【Joeman】募資超過700萬！專為MAC設計的無線藍芽機械鍵盤Vinpok Taptek開箱,2019-07-22 18:00:09,2019-07-22,2019,18,368,長片,3C開箱評測,keyword,,,False,none,0.0,,False,False,,219806,2677.0,246.0,22,https://www.youtube.com/watch?v=JZ_PkLAZAXQ
-FkR-uajc9I,【Joeman】一日手搖店員體驗！比想像中難超多！,2019-07-21 18:00:00,2019-07-21,2019,18,1224,長片,挑戰/企劃,keyword,,,False,none,0.0,,False,False,,443033,5965.0,1270.0,22,https://www.youtube.com/watch?v=-FkR-uajc9I
M3YA4WiKTfA,【Joeman】搶先直擊！最新iPhone 11模型機外流！這個外觀你能接受嗎？,2019-07-21 12:00:01,2019-07-21,2019,12,640,長片,玩具/收藏,keyword,,,False,none,0.0,,False,False,,595220,7781.0,1849.0,22,https://www.youtube.com/watch?v=M3YA4WiKTfA
lrSZy7sbzQ0,【Joeman Show Ep34】酒測實驗！到底喝多少酒才算酒駕？ft.恩熙俊 MC Jeng,2019-07-20 17:57:42,2019-07-20,2019,17,1796,長片,人物/訪談,playlist,Joeman Show,【Joeman Show】,False,none,0.0,,False,False,,761311,8676.0,536.0,22,https://www.youtube.com/watch?v=lrSZy7sbzQ0
JCub653FBqg,【Joeman】被邀請去中華職棒開球！中信兄弟VIP貴賓室開箱體驗！,2019-07-19 18:00:08,2019-07-19,2019,18,484,長片,旅遊/航空,title_series,飛機餐與貴賓室,,False,none,0.0,,False,False,,227002,3467.0,551.0,22,https://www.youtube.com/watch?v=JCub653FBqg
uQGnPa_MIbA,【Joeman】超過六十萬元的頂級電視開箱！LG C9 4K 77吋電視,2019-07-18 18:00:09,2019-07-18,2019,18,599,長片,3C開箱評測,keyword,,,False,none,0.0,,False,False,,297696,3673.0,490.0,22,https://www.youtube.com/watch?v=uQGnPa_MIbA
GnZ4RA7DwUU,【Joeman】實測五種水果搭配炸雞！竟然有榴槤？ft.阿樂,2019-07-15 18:00:05,2019-07-15,2019,18,654,長片,挑戰/企劃,keyword,,,True,keyword,3.0,影片合作聲明,False,False,,223927,3301.0,548.0,22,https://www.youtube.com/watch?v=GnZ4RA7DwUU
1RtogAfIiQQ,【Joeman Show Ep33】超猛企劃！誰才是最像Joeman的人？總決賽！ft.阿滴、九媽、痣作人,2019-07-13 17:57:45,2019-07-13,2019,17,1898,長片,人物/訪談,playlist,Joeman Show,【Joeman Show】,False,none,0.0,,False,False,,659730,10772.0,1027.0,22,https://www.youtube.com/watch?v=1RtogAfIiQQ
E2HESXpT1HY,【Joeman】實測！網路上徵打字賺外快的廣告原來是詐騙？,2019-07-11 17:57:49,2019-07-11,2019,17,991,長片,挑戰/企劃,keyword,,,False,none,0.0,,False,False,,3357125,123913.0,13251.0,22,https://www.youtube.com/watch?v=E2HESXpT1HY
DZSTQ61t0hQ,【Joeman】最便宜的S855手機！紅米K20 Pro (小米9T Pro) 開箱！Unboxing,2019-07-09 18:00:00,2019-07-09,2019,18,816,長片,3C開箱評測,keyword,,,False,none,0.0,,False,False,,435880,5709.0,1222.0,22,https://www.youtube.com/watch?v=DZSTQ61t0hQ
A7Lzpv3ZSsU,【Joeman】體驗超方便遠端控制功能！一日賓士產品專家！,2019-07-08 18:00:02,2019-07-08,2019,18,973,長片,汽車,keyword,,,False,none,0.0,,False,False,,557920,6007.0,567.0,22,https://www.youtube.com/watch?v=A7Lzpv3ZSsU
8oHES2X-5qI,【Joeman Show Ep32】驚爆！中國新說唱真的有內定嗎？ft.MC HotDog 熱狗,2019-07-06 17:57:48,2019-07-06,2019,17,2056,長片,人物/訪談,playlist,Joeman Show,【Joeman Show】,False,none,0.0,,False,False,,1805508,23868.0,1685.0,22,https://www.youtube.com/watch?v=8oHES2X-5qI
egb2LK4a-ng,【Joeman】我的片頭動畫竟然價值50萬？淺談台灣動畫設計生態 ft.志祺七七X圖文不符,2019-07-04 18:00:11,2019-07-04,2019,18,992,長片,人物/訪談,keyword,,,False,none,0.0,,False,False,,431346,9007.0,480.0,22,https://www.youtube.com/watch?v=egb2LK4a-ng
AluxyaxmaAA,【Joeman】13吋時尚輕薄商務筆電開箱！HP Envy 13 Unboxing,2019-06-30 18:00:04,2019-06-30,2019,18,414,長片,3C開箱評測,keyword,,,False,none,0.0,,False,False,,737274,2952.0,312.0,22,https://www.youtube.com/watch?v=AluxyaxmaAA
kj3H47naUpM,【Joeman Show Ep31】街頭突擊路人的搜尋紀錄！居然有人在成人網站搜尋皮卡丘？ft.泥泥汝,2019-06-29 18:00:17,2019-06-29,2019,18,1213,長片,人物/訪談,playlist,Joeman Show,【Joeman Show】,False,none,0.0,,False,False,,1011520,14311.0,1784.0,22,https://www.youtube.com/watch?v=kj3H47naUpM
s5M5aKi-8ZA,【Joeman】忍笑大挑戰！超母湯的地獄梗影片！忍得住嗎？ft.含羞草,2019-06-28 18:00:18,2019-06-28,2019,18,861,長片,挑戰/企劃,keyword,,,False,none,0.0,,False,False,,3158276,31806.0,1632.0,22,https://www.youtube.com/watch?v=s5M5aKi-8ZA
AHPTpO_EOTQ,【Joeman】超過三百萬台幣的魔法風雲會！傳說中最強的九張卡都出現了！Joe是要收藏 ep.9,2019-06-27 18:00:04,2019-06-27,2019,18,1774,長片,玩具/收藏,title_series,Joe是要收藏,,False,none,0.0,,False,False,,336734,3137.0,480.0,22,https://www.youtube.com/watch?v=AHPTpO_EOTQ
Fh_haJQbSe8,【Joeman Show Ep30】流言終結實測！跪主機板真的很痛嗎？ft.游否希,2019-06-22 17:57:46,2019-06-22,2019,17,1382,長片,人物/訪談,playlist,Joeman Show,【Joeman Show】,False,none,0.0,,False,False,,729959,7618.0,856.0,22,https://www.youtube.com/watch?v=Fh_haJQbSe8
hf5Jm6Th4u4,【Joeman】超瘋狂測試！自製殭屍影集裡的狼牙棒！ft.末日希望,2019-06-21 18:00:08,2019-06-21,2019,18,880,長片,人物/訪談,keyword,,,False,none,0.0,,False,False,,347031,4007.0,1086.0,22,https://www.youtube.com/watch?v=hf5Jm6Th4u4
mOBaKwe5t8M,【Joeman】一次開箱試吃五種香蕉！到底差別在哪？ft.吳怡霈、楊子儀,2019-06-20 18:00:08,2019-06-20,2019,18,566,長片,3C開箱評測,keyword,,,True,keyword,3.0,影片合作聲明,False,False,,216838,3150.0,249.0,22,https://www.youtube.com/watch?v=mOBaKwe5t8M
RZ9KNVU8704,【Joeman】GoPro的最強敵手！Osmo Action開箱！,2019-06-18 18:30:01,2019-06-18,2019,18,646,長片,3C開箱評測,keyword,,,False,none,0.0,,False,False,,280861,3449.0,379.0,22,https://www.youtube.com/watch?v=RZ9KNVU8704
9DJRkGtj1Cc,【Joeman】超酷的翻轉鏡頭！Asus Zenfone 6開箱！,2019-06-16 18:00:01,2019-06-16,2019,18,629,長片,3C開箱評測,keyword,,,False,none,0.0,,False,False,,523725,6869.0,1114.0,22,https://www.youtube.com/watch?v=9DJRkGtj1Cc
IBbDIpEixrU,【Joeman Show Ep29】史上最貴！開箱台灣首富郭台銘的家！,2019-06-15 17:58:48,2019-06-15,2019,17,1771,長片,人物/訪談,playlist,Joeman Show,【Joeman Show】,False,none,0.0,,False,False,,9901859,107312.0,11863.0,22,https://www.youtube.com/watch?v=IBbDIpEixrU
waP15uXl2eQ,【Joeman Show SP】影帝駕到！ 梁家輝與Youtuber的第一次合作！,2019-06-14 20:00:17,2019-06-14,2019,20,696,長片,人物/訪談,playlist,Joeman Show,【Joeman Show】,False,none,0.0,,False,False,,563057,12263.0,1086.0,22,https://www.youtube.com/watch?v=waP15uXl2eQ
p1L1W3nW__M,【Joeman】一日國中輔導老師體驗！下鄉幫體育班裝冷氣！ft.日立冷氣,2019-06-13 18:00:07,2019-06-13,2019,18,967,長片,挑戰/企劃,keyword,,,False,none,1.0,品牌官方導流,False,False,,444948,10287.0,920.0,22,https://www.youtube.com/watch?v=p1L1W3nW__M
duq7YdlwY8Y,【Joeman】以全馬拉松為目標的減肥日記！首次挑戰慢跑十公里！ft. Garmin forerunner 245,2019-06-09 12:00:02,2019-06-09,2019,12,949,長片,挑戰/企劃,keyword,,,True,keyword,3.0,產品導流連結,False,False,,420088,8972.0,1541.0,22,https://www.youtube.com/watch?v=duq7YdlwY8Y
TicLlMu_urA,【Joeman Show Ep28】熊仔豹子膽上身！激發Joeman饒舌潛能？ft.熊仔,2019-06-08 17:58:16,2019-06-08,2019,17,1532,長片,人物/訪談,playlist,Joeman Show,【Joeman Show】,False,none,0.0,,False,False,,322444,5757.0,405.0,22,https://www.youtube.com/watch?v=TicLlMu_urA
I3STO7HbCcE,【Joeman】台幣一萬五可以買到的最強拍照手機？Pixel 3a開箱！,2019-06-07 18:00:02,2019-06-07,2019,18,612,長片,3C開箱評測,keyword,,,False,none,0.0,,False,False,,271450,3390.0,417.0,22,https://www.youtube.com/watch?v=I3STO7HbCcE
b1VPVFGVfRA,【Joeman Show Ep27】大胃王挑戰一口氣吃完一萬塊的粽子！重達五公斤ft.丁丁,2019-06-01 17:58:16,2019-06-01,2019,17,1517,長片,人物/訪談,playlist,Joeman Show,【Joeman Show】,False,none,0.0,,False,False,,2221899,19764.0,1481.0,22,https://www.youtube.com/watch?v=b1VPVFGVfRA
SK3rhTUG6eY,【Joeman】課金超過兩百萬台幣的手遊玩家！全角色蒐集滿的FGO收藏家！Joe是要收藏 ep.8 ft.懶貓,2019-05-30 17:58:47,2019-05-30,2019,17,1074,長片,玩具/收藏,title_series,Joe是要收藏,,False,none,0.0,,False,False,,1590885,17467.0,2341.0,22,https://www.youtube.com/watch?v=SK3rhTUG6eY
BUJ9MWAq5Wo,【Joeman Show Ep26】作品被嫌醜！爆紅圖文作家心路歷程ft.洋蔥、蓋彼,2019-05-25 17:57:45,2019-05-25,2019,17,1473,長片,人物/訪談,playlist,Joeman Show,【Joeman Show】,False,none,0.0,,False,False,,889542,12915.0,1179.0,22,https://www.youtube.com/watch?v=BUJ9MWAq5Wo
HS7ErGM7p3k,【Joeman】一口氣開箱100公斤夜市超熱賣的盲包！竟然有名牌包包？ft.草爺、吃貨二哥,2019-05-24 18:00:03,2019-05-24,2019,18,1166,長片,美食,keyword,,,False,none,0.0,,False,False,,1510566,12182.0,1149.0,22,https://www.youtube.com/watch?v=HS7ErGM7p3k
RByRvtl2N94,【Joeman】滿漢大餐配關東煮要怎麼選？100元配餐挑戰指南！,2019-05-21 18:00:10,2019-05-21,2019,18,654,長片,挑戰/企劃,keyword,,,True,keyword,3.0,影片合作聲明,False,False,,993308,10285.0,1079.0,22,https://www.youtube.com/watch?v=RByRvtl2N94
49aSAc17WeU,【Joeman Show Ep25】老司機的另一面！蕾菈自爆重度憂鬱曾數次自殺！ft.反骨男孩蕾菈 Lyla,2019-05-18 17:58:13,2019-05-18,2019,17,2048,長片,人物/訪談,playlist,Joeman Show,【Joeman Show】,False,none,0.0,,False,False,,1044867,17389.0,977.0,22,https://www.youtube.com/watch?v=49aSAc17WeU
7ct1dY8y9f0,【Joeman】在空中飛是甚麼感覺？100公斤竟然也能飛得起來！ft.咪妃,2019-05-17 18:00:02,2019-05-17,2019,18,316,長片,寵物,keyword,,,False,none,0.0,,False,False,,294239,4258.0,339.0,22,https://www.youtube.com/watch?v=7ct1dY8y9f0
nBMfBFXGc20,【Joeman】超過一萬台的Tomica小車收藏！充滿童年回憶的火柴盒小汽車《Joe是要收藏》ep7,2019-05-12 12:58:18,2019-05-12,2019,12,1635,長片,玩具/收藏,playlist,Joe是要收藏,Joe是要收藏,False,none,0.0,,False,False,,1032080,11990.0,963.0,22,https://www.youtube.com/watch?v=nBMfBFXGc20
7RLrz2gycU8,【Joeman Show Ep24】跟一群女生住在一起是什麼感覺？ft.球球、YJ、菱形、柔伊、海恩奶油、巴逼、寒、黑羽,2019-05-11 17:58:47,2019-05-11,2019,17,2002,長片,人物/訪談,playlist,Joeman Show,【Joeman Show】,False,none,0.0,,False,False,,1820726,17913.0,1757.0,22,https://www.youtube.com/watch?v=7RLrz2gycU8
Hq_Kr8mSiEI,【Joeman】7-11最新限定商品！鋒味冷麵、鋒味海鮮干貝炒飯開箱試吃,2019-05-07 20:00:02,2019-05-07,2019,20,668,長片,3C開箱評測,keyword,,,False,none,0.0,,False,False,,583768,6803.0,1217.0,22,https://www.youtube.com/watch?v=Hq_Kr8mSiEI
HUZki1tTB0A,【Joeman】一整面牆的七龍珠收藏！為了蒐集周邊一直飛日本的蔡阿嘎！《Joe是要收藏》ep6,2019-05-05 12:00:02,2019-05-05,2019,12,1469,長片,玩具/收藏,playlist,Joe是要收藏,Joe是要收藏,False,none,0.0,,False,False,,1623953,17583.0,1101.0,22,https://www.youtube.com/watch?v=HUZki1tTB0A
4BMRPkX5my4,【Joeman Show Ep23】真心話時間！吐露低潮淚灑攝影棚！ft.阿滴,2019-05-04 17:58:16,2019-05-04,2019,17,3107,長片,人物/訪談,playlist,Joeman Show,【Joeman Show】,False,none,0.0,,False,False,,1306008,24947.0,1525.0,22,https://www.youtube.com/watch?v=4BMRPkX5my4
TrdYVMCGSQ4,【Joeman Show Ep22】說走就走挑戰！在東京不訂位能吃到米其林餐廳嗎？ft.安啾,2019-04-27 17:58:16,2019-04-27,2019,17,2166,長片,人物/訪談,playlist,Joeman Show,【Joeman Show】,False,none,0.0,,False,False,,1285046,12939.0,1105.0,22,https://www.youtube.com/watch?v=TrdYVMCGSQ4
V6VZxtfetJA,【Joeman】四萬元的超旗艦掃地機器人開箱 iRobot Roomba i7+ Unboxing,2019-04-26 18:00:05,2019-04-26,2019,18,849,長片,3C開箱評測,keyword,,,False,none,0.0,,False,False,,411226,4258.0,593.0,22,https://www.youtube.com/watch?v=V6VZxtfetJA
IRwUXabFAWE,【Joeman】擁有超過300把鍵盤的收藏家！超狂鍵盤達人 《Joe是要收藏》ep5,2019-04-24 18:00:01,2019-04-24,2019,18,1628,長片,玩具/收藏,playlist,Joe是要收藏,Joe是要收藏,False,none,0.0,,False,False,,1235464,11902.0,788.0,22,https://www.youtube.com/watch?v=IRwUXabFAWE
gIgGUSyItQk,【Joeman】網拍超熱賣的北一女筆記開箱！學霸都是怎麼念書的？ft.阿滴,2019-04-21 12:00:02,2019-04-21,2019,12,884,長片,3C開箱評測,keyword,,,False,none,0.0,,False,False,,2038213,26550.0,2857.0,22,https://www.youtube.com/watch?v=gIgGUSyItQk
XND8GC7SpDw,【Joeman Show Ep21】不再拍大胃王影片的真正原因？ft.千千,2019-04-20 17:58:15,2019-04-20,2019,17,1428,長片,人物/訪談,playlist,Joeman Show,【Joeman Show】,False,none,0.0,,False,False,,2653784,28157.0,1409.0,22,https://www.youtube.com/watch?v=XND8GC7SpDw
-3fm2P9wNDs,【Joeman】全自動化牛肉麵店體驗！機器人煮牛肉麵好吃嗎？,2019-04-15 18:00:00,2019-04-15,2019,18,297,長片,美食,keyword,,,False,none,0.0,,False,False,,689511,7793.0,596.0,22,https://www.youtube.com/watch?v=-3fm2P9wNDs
g8Q69gVN5mc,【Joeman Show Ep20】運氣大對決！娶妻前VS生子後！ft.蔡阿嘎、HOWHOW,2019-04-13 17:57:47,2019-04-13,2019,17,1681,長片,人物/訪談,playlist,Joeman Show,【Joeman Show】,False,none,0.0,,False,False,,829602,10794.0,634.0,22,https://www.youtube.com/watch?v=g8Q69gVN5mc
7O5ptq0RSB8,【Joeman】一整面牆的鋼鐵人模型！漫威公仔收藏家  《Joe是要收藏》ep4  (English substitle),2019-04-11 18:00:00,2019-04-11,2019,18,1266,長片,玩具/收藏,playlist,Joe是要收藏,Joe是要收藏,False,none,0.0,,False,False,,1287564,21406.0,1256.0,22,https://www.youtube.com/watch?v=7O5ptq0RSB8
SXMHmhtilV4,【Joeman Show Ep19】大馬通緝犯！ 一年竟被逮捕七十次！ft.黃明志 Namewee,2019-04-06 17:58:48,2019-04-06,2019,17,1300,長片,人物/訪談,playlist,Joeman Show,【Joeman Show】,False,none,0.0,,False,False,,3021808,44408.0,1467.0,22,https://www.youtube.com/watch?v=SXMHmhtilV4
Qnoy24aCTDk,【Joeman】花300元被稱讚5分鐘值得嗎？淘寶誇誇群實際體驗！,2019-04-05 12:00:02,2019-04-05,2019,12,484,長片,挑戰/企劃,keyword,,,False,none,0.0,,False,False,,988033,15472.0,1553.0,22,https://www.youtube.com/watch?v=Qnoy24aCTDk
OhB73K2iDO0,【Joeman】一次吃4家台北的平價米其林！最便宜只要20元？必比登推薦2019 Taipei Michelin (English substitle),2019-04-01 18:00:02,2019-04-01,2019,18,1000,長片,未分類,none,,,False,none,0.0,,False,False,,1070183,11336.0,827.0,22,https://www.youtube.com/watch?v=OhB73K2iDO0
mp20RqlJwbo,【Joeman Show Ep18】獨家揭密！老高與小茉的愛情故事！ft.老高 Kuaizero,2019-03-30 17:58:19,2019-03-30,2019,17,1954,長片,人物/訪談,playlist,Joeman Show,【Joeman Show】,False,none,0.0,,False,False,,10589707,168365.0,11104.0,22,https://www.youtube.com/watch?v=mp20RqlJwbo
DX3nt8_flQQ,【Joeman】為何Joeman Show至今都沒贊助？燒了一百多萬是為了甚麼？,2019-03-29 18:00:00,2019-03-29,2019,18,879,長片,人物/訪談,title_series,Joeman Show,,False,none,0.0,,False,False,,710563,13930.0,1458.0,22,https://www.youtube.com/watch?v=DX3nt8_flQQ
g6SwFXwkBhM,【Joeman】全世界最大的星巴克旗艦店！排隊竟然要3小時？超多限量商品！ft.可可酒精 Starbucks Reserve Roastery Tokyo 東京,2019-03-28 17:58:45,2019-03-28,2019,17,978,長片,人物/訪談,keyword,,,False,none,0.0,,False,False,,493635,5771.0,669.0,22,https://www.youtube.com/watch?v=g6SwFXwkBhM
DNsVx83c0fQ,【Joeman】超迷你的相機竟然還有前翻螢幕？Sony這次也太誇張了吧！RX0第二代開箱 RX0M2 RX0 II Unboxing,2019-03-26 17:58:42,2019-03-26,2019,17,614,長片,3C開箱評測,keyword,,,False,none,0.0,,False,False,,425350,5502.0,473.0,22,https://www.youtube.com/watch?v=DNsVx83c0fQ
It8A4pPrKkw,放到2026漲超多的噴火龍寶可夢卡牌！PTCG收藏家！ft.老爹  Joe是要收藏 ep3 (English substitles),2019-03-25 18:57:46,2019-03-25,2019,18,1223,長片,玩具/收藏,playlist,Joe是要收藏,Joe是要收藏,False,none,0.0,,False,False,,742582,6615.0,494.0,22,https://www.youtube.com/watch?v=It8A4pPrKkw
tTgjy7REHhM,【Joeman Show Ep17】直接不爽！高屏區幹話系偶像團體來襲！ft.狠愛演,2019-03-23 17:58:16,2019-03-23,2019,17,1119,長片,人物/訪談,playlist,Joeman Show,【Joeman Show】,False,none,0.0,,False,False,,1923075,24456.0,1108.0,22,https://www.youtube.com/watch?v=tTgjy7REHhM
KO9kP8SJFq4,【Joeman】竟然被說是白嫖？B站網友對我的評論2019年版 ft.Bilibili,2019-03-21 17:57:42,2019-03-21,2019,17,859,長片,人物/訪談,keyword,,,False,none,0.0,,False,False,,797284,13120.0,3388.0,22,https://www.youtube.com/watch?v=KO9kP8SJFq4
kKx4hKZWR5U,【Joeman】家裡有一座圖書館！連故宮都要跟他借書的藏書家！Joe是要收藏 ep.2 ft活水來冊房,2019-03-19 17:58:11,2019-03-19,2019,17,1422,長片,玩具/收藏,playlist,Joe是要收藏,Joe是要收藏,False,none,0.0,,False,False,,598281,10557.0,811.0,22,https://www.youtube.com/watch?v=kKx4hKZWR5U
moJVYyvsy30,【Joeman Show Ep16】外國人是否能理解台灣國中生用語？ft.芒果、酷、小貝,2019-03-16 17:57:43,2019-03-16,2019,17,1313,長片,人物/訪談,playlist,Joeman Show,【Joeman Show】,False,none,0.0,,False,False,,456681,7797.0,736.0,22,https://www.youtube.com/watch?v=moJVYyvsy30
cDVFG2n2EU8,【Joeman】首次挑戰快問快答！兩個人的幻想對象竟然是他？ft.咪妃,2019-03-15 17:58:41,2019-03-15,2019,17,606,長片,寵物,keyword,,,False,none,0.0,,False,False,,829816,11290.0,1105.0,22,https://www.youtube.com/watch?v=cDVFG2n2EU8
6oUIxtbCERw,【Joeman】一天之內開車去7個城市吃美食！ft.林辰Buchi,2019-03-14 19:33:52,2019-03-14,2019,19,1078,長片,汽車,keyword,,,True,keyword,5.0,影片合作聲明|行銷活動用語,False,False,,456393,5003.0,443.0,22,https://www.youtube.com/watch?v=6oUIxtbCERw
RAVecQNdqdw,【Joeman】情人節特別企劃！讓各大Youtuber嘗試100%巧克力 ft.千千、酷炫、呱吉、安啾、博恩、鐵牛、安安邊緣子、蕾菈,2019-03-13 18:00:05,2019-03-13,2019,18,681,長片,美食,keyword,,,False,none,0.0,,False,False,,601044,8240.0,771.0,22,https://www.youtube.com/watch?v=RAVecQNdqdw
d-aqQ0C_9MM,【Joeman Show Ep15】經典再現！鹹濕配音重出江湖！ft.白癡公主,2019-03-09 17:58:11,2019-03-09,2019,17,1305,長片,人物/訪談,playlist,Joeman Show,【Joeman Show】,False,none,0.0,,False,False,,809962,12689.0,642.0,22,https://www.youtube.com/watch?v=d-aqQ0C_9MM
GnjhzA8oXyY,【Joeman】價值超過100萬元的黑魔導女孩！超狂遊戲王卡收藏家！Joe是要收藏 ep.1 ft.阿布雷 (English substitles),2019-03-06 17:58:16,2019-03-06,2019,17,1702,長片,玩具/收藏,playlist,Joe是要收藏,Joe是要收藏,False,none,0.0,,False,False,,2271782,23579.0,2393.0,22,https://www.youtube.com/watch?v=GnjhzA8oXyY
-DzCX7cGcGU,【Joeman Show Ep14】情路坎坷！自曝被同一個男生甩五次！ft.愛莉莎莎、SKimmy,2019-03-02 17:58:19,2019-03-02,2019,17,1247,長片,人物/訪談,playlist,Joeman Show,【Joeman Show】,False,none,0.0,,False,False,,816270,9835.0,1272.0,22,https://www.youtube.com/watch?v=-DzCX7cGcGU
vQXqxXUS6S4,【Joeman】25000元的Rimowa行李箱對決2000元的盜版貨！價差十倍到底差在哪？真的假不了Ep.1,2019-03-01 17:57:46,2019-03-01,2019,17,635,長片,挑戰/企劃,keyword,,,False,none,0.0,,False,False,,1075177,8951.0,1888.0,22,https://www.youtube.com/watch?v=vQXqxXUS6S4
m-rTJGpBFAE,【Joeman】老梗？5種Youtuber最常見的影片套路！題材跟攝影機要怎麼選？網紅觀察室,2019-02-28 17:58:41,2019-02-28,2019,17,602,長片,人物/訪談,title_series,網紅觀察室,,False,none,1.0,新品發表用語,False,False,,339374,4601.0,388.0,22,https://www.youtube.com/watch?v=m-rTJGpBFAE
fA-6kNf5su4,【Joeman】把RTX2080塞進超薄筆電！MSI GS75開箱體驗！,2019-02-27 17:58:13,2019-02-27,2019,17,493,長片,挑戰/企劃,keyword,,,True,keyword,3.0,導購區塊標題,False,False,,245712,3022.0,330.0,22,https://www.youtube.com/watch?v=fA-6kNf5su4
hXjrqKrd5Vo,【Joeman】宜蘭羅東夜市有甚麼好吃？臭豆腐薯條、龍鳳腿、羊肉湯、包心粉圓、港式薄餅、東山鴨頭,2019-02-24 17:57:43,2019-02-24,2019,17,495,長片,美食,keyword,,,False,none,0.0,,False,False,,726044,8046.0,1066.0,22,https://www.youtube.com/watch?v=hXjrqKrd5Vo
fV0svoJpsMg,【Joeman Show Ep13】一日巨乳體驗！大奶的內衣有多難買？ft.球球,2019-02-23 17:57:47,2019-02-23,2019,17,1345,長片,人物/訪談,playlist,Joeman Show,【Joeman Show】,False,none,0.0,,False,False,,2439893,20689.0,2209.0,22,https://www.youtube.com/watch?v=fV0svoJpsMg
uu_7yI9exgk,【Joeman】在飛機上吃鴨胸！華航A350-900商務艙體驗！China Airlines A350 Business Class,2019-02-17 17:58:15,2019-02-17,2019,17,964,長片,旅遊/航空,playlist,飛機餐與貴賓室,【Joeman】飛機餐與貴賓室,False,none,0.0,,False,False,,3274343,33570.0,1745.0,22,https://www.youtube.com/watch?v=uu_7yI9exgk
vbTQuWo8n90,【Joeman Show Ep12】離開台灣居然是因為酸民的建議？！ft.安啾,2019-02-16 17:58:45,2019-02-16,2019,17,1076,長片,人物/訪談,playlist,Joeman Show,【Joeman Show】,False,none,0.0,,False,False,,851349,12666.0,1031.0,22,https://www.youtube.com/watch?v=vbTQuWo8n90
B6QBNQkIQnc,【Joeman】統計台灣的Youtuber們花多少錢在刮刮樂上？誰賺最多？網紅觀察室,2019-02-10 17:58:13,2019-02-10,2019,17,932,長片,人物/訪談,playlist,網紅觀察室,Joeman網紅觀察室,False,none,0.0,,False,False,,1038831,23096.0,1849.0,22,https://www.youtube.com/watch?v=B6QBNQkIQnc
tGgbVgtq6Lc,【Joeman Show Ep11】肥宅VS叛徒！誰才是真正的幹話王？ft.HowHow,2019-02-09 17:58:16,2019-02-09,2019,17,1153,長片,人物/訪談,playlist,Joeman Show,【Joeman Show】,False,none,0.0,,False,False,,945684,11640.0,792.0,22,https://www.youtube.com/watch?v=tGgbVgtq6Lc
QRDLa_T42D4,【Joeman】一萬日圓值得嗎？人生首次挑戰河豚料理！ft.咪妃 (English subtitles),2019-02-04 18:00:04,2019-02-04,2019,18,586,長片,寵物,keyword,,,False,none,0.0,,False,False,,1024200,9872.0,992.0,22,https://www.youtube.com/watch?v=QRDLa_T42D4
lLkOEZdlbtQ,【Joeman Show Ep10】不帶行李！不訂機票！說走就走的出國旅行會花多少錢？ft.咪妃,2019-02-02 17:58:46,2019-02-02,2019,17,1393,長片,人物/訪談,playlist,Joeman Show,【Joeman Show】,False,none,0.0,,False,False,,2735085,35878.0,4338.0,22,https://www.youtube.com/watch?v=lLkOEZdlbtQ
KjuSAnjyr0M,【Joeman】我組了一台20萬的水冷電腦！Intel i9-9900K+RTX2080Ti Water Cooled PC Build (English Subtitle),2019-01-31 17:58:18,2019-01-31,2019,17,867,長片,3C開箱評測,keyword,,,True,keyword,3.0,致謝贊助句型,False,False,,1545683,14180.0,1794.0,22,https://www.youtube.com/watch?v=KjuSAnjyr0M
_Lf9wj4LE7c,【Joeman】實測整本的2000元刮刮樂會中多少！2019年賓士刮刮樂！ft.咪妃,2019-01-30 17:57:45,2019-01-30,2019,17,1008,長片,汽車,keyword,,,False,none,0.0,,False,False,,1690040,24290.0,1171.0,22,https://www.youtube.com/watch?v=_Lf9wj4LE7c
96MpMPaKaHE,【Joeman Show Ep9】把草爺打扮得跟九妹一樣！竟連親生媽媽都認錯？ft.含羞草,2019-01-26 18:00:00,2019-01-26,2019,18,1323,長片,人物/訪談,playlist,Joeman Show,【Joeman Show】,False,none,0.0,,False,False,,1625608,22982.0,1965.0,22,https://www.youtube.com/watch?v=96MpMPaKaHE
6_xPoxL-4bQ,【Joeman】我借了一台86！在甩尾的車子上甩尾！,2019-01-25 18:00:00,2019-01-25,2019,18,445,長片,未分類,none,,,False,none,0.0,,False,False,,457978,5880.0,809.0,22,https://www.youtube.com/watch?v=6_xPoxL-4bQ
1d_9iAb0ZMA,【Joeman Show Ep8】實測！拿雞排妹的寫真集給龍山寺老人看？ft 鄭家純ILI,2019-01-19 18:00:00,2019-01-19,2019,18,1136,長片,人物/訪談,playlist,Joeman Show,【Joeman Show】,False,none,0.0,,False,False,,1000282,8956.0,767.0,22,https://www.youtube.com/watch?v=1d_9iAb0ZMA
rpkwbRi21pA,【Joeman】淘寶山寨手機殼開箱！直接變成遊戲掌機！還可以玩魂斗羅？(English substitles),2019-01-18 18:00:12,2019-01-18,2019,18,523,長片,3C開箱評測,keyword,,,False,none,0.0,,False,False,,506126,5860.0,711.0,22,https://www.youtube.com/watch?v=rpkwbRi21pA
fLs7Gg_VJ10,【Joeman】7-11與太和殿麻辣鍋新品試吃！吃到全身冒汗！,2019-01-15 18:00:03,2019-01-15,2019,18,641,長片,未分類,none,,,True,keyword,3.0,影片合作聲明,False,False,,646397,6628.0,750.0,22,https://www.youtube.com/watch?v=fLs7Gg_VJ10
j6ivBI8zDNM,【Joeman】馬來西亞必買的零食與飲料！竟然有榴槤餅乾？ft.Cody、彤彤 (English subtitles),2019-01-13 18:00:03,2019-01-13,2019,18,1215,長片,人物/訪談,keyword,,,False,none,0.0,,False,False,,455355,6556.0,884.0,22,https://www.youtube.com/watch?v=j6ivBI8zDNM
WKTJTnRUXMw,【Joeman Show Ep7】最萌實測！主人裝死毛孩反應傻爆眼！ft.焦凡凡、阿楞、Sandy,2019-01-12 18:00:03,2019-01-12,2019,18,1234,長片,人物/訪談,playlist,Joeman Show,【Joeman Show】,False,none,0.0,,False,False,,377061,4698.0,298.0,22,https://www.youtube.com/watch?v=WKTJTnRUXMw
w-XYOQQF6BY,【Joeman】超狂雙螢幕手機開箱！Vivo NEX雙螢幕版 Vivo NEX dual display unboxing,2019-01-11 18:00:11,2019-01-11,2019,18,676,長片,3C開箱評測,playlist,Joeman開箱去,【Joeman開箱去】,False,none,1.0,提及廠商,False,False,,548493,6460.0,886.0,22,https://www.youtube.com/watch?v=w-XYOQQF6BY
cBTgxDvTMxw,【Joeman】影分身之術的特效都怎麼做出來的？ft.Joeman Show首席片師Leo (English substitles),2019-01-08 18:00:06,2019-01-08,2019,18,601,長片,人物/訪談,title_series,Joeman Show,,True,keyword,3.0,影片合作聲明,False,False,,771750,6753.0,545.0,22,https://www.youtube.com/watch?v=cBTgxDvTMxw
fGvMf0OehHw,【Joeman】7-11豬年福袋搶先開箱！一次開箱9包！,2019-01-06 18:00:05,2019-01-06,2019,18,982,長片,3C開箱評測,keyword,,,False,none,0.0,,False,False,,1121064,16352.0,1280.0,22,https://www.youtube.com/watch?v=fGvMf0OehHw
lha9oHsu2ag,【Joeman Show Ep6】理科太太自爆老公婚前性暗示！ft.理科太太,2019-01-05 18:00:06,2019-01-05,2019,18,978,長片,人物/訪談,playlist,Joeman Show,【Joeman Show】,False,none,0.0,,False,False,,2012504,23813.0,1122.0,22,https://www.youtube.com/watch?v=lha9oHsu2ag
q4JitO4t2bo,【Joeman】馬來西亞必吃傳統美食體驗！ft.蔡恩雨,2019-01-04 18:00:12,2019-01-04,2019,18,877,長片,美食,keyword,,,False,none,0.0,,False,False,,492797,7383.0,1182.0,22,https://www.youtube.com/watch?v=q4JitO4t2bo
FWEoR4Fgk_Y,【Joeman】超崩潰的辣椒噴霧槍開箱！新年交換禮物ft.菜喳、路路、魚乾、胡子、阿晋、梅伯、羅伊,2018-12-31 18:00:04,2018-12-31,2018,18,522,長片,3C開箱評測,keyword,,,False,none,0.0,,False,False,,901264,12201.0,946.0,22,https://www.youtube.com/watch?v=FWEoR4Fgk_Y
Z3I0vVdqJ7k,【Joeman Show Ep5】市議員月薪大公開！九妹傻爆眼！ft.呱吉,2018-12-29 18:00:07,2018-12-29,2018,18,1441,長片,人物/訪談,playlist,Joeman Show,【Joeman Show】,False,none,0.0,,False,False,,2070951,21704.0,1092.0,22,https://www.youtube.com/watch?v=Z3I0vVdqJ7k
KR_88YodpRY,【Joeman】Intel送了我一台七萬元的筆電！MSI P65開箱 Unboxing,2018-12-28 18:00:01,2018-12-28,2018,18,413,長片,3C開箱評測,keyword,,,False,none,0.0,,False,False,,495165,4211.0,401.0,22,https://www.youtube.com/watch?v=KR_88YodpRY
Bwe26hmEhW0,【Joeman】典當獎牌！百萬Youtube金獎牌有含黃金嗎？ft秦嗣林老闆 (English substitles),2018-12-27 18:00:04,2018-12-27,2018,18,490,長片,未分類,none,,,False,none,0.0,,False,False,,1340920,24151.0,1185.0,22,https://www.youtube.com/watch?v=Bwe26hmEhW0
IowzQAi5Xno,【Joeman】為什麼我們的標題越來越聳動？2019年Youtuber的困境！網紅觀察室,2018-12-26 18:00:06,2018-12-26,2018,18,611,長片,人物/訪談,title_series,網紅觀察室,,False,none,0.0,,False,False,,374864,9317.0,1296.0,22,https://www.youtube.com/watch?v=IowzQAi5Xno
ZaenA101S-M,【Joeman】新一代萬元機之王！Nokia 8.1開箱體驗！Unboxing,2018-12-24 18:00:03,2018-12-24,2018,18,415,長片,挑戰/企劃,keyword,,,False,none,0.0,,False,False,,372421,4625.0,720.0,22,https://www.youtube.com/watch?v=ZaenA101S-M
ihpfkmtqulU,【Joeman】濃度100%的巧克力吃起來竟然跟土一樣？ft.咪妃,2018-12-23 18:00:09,2018-12-23,2018,18,758,長片,美食,keyword,,,False,none,0.0,,False,False,,622578,8404.0,2003.0,22,https://www.youtube.com/watch?v=ihpfkmtqulU
T100und5zIk,【Joeman Show Ep4】矛盾對決！吃不飽的大胃王vs吃到飽的高級牛排店！ft.路路,2018-12-22 18:00:06,2018-12-22,2018,18,1216,長片,人物/訪談,playlist,Joeman Show,【Joeman Show】,False,none,0.0,,False,False,,7325763,56899.0,5799.0,22,https://www.youtube.com/watch?v=T100und5zIk
MIc6WINmW0w,【Joeman】25萬頂級電視對決2萬5淘寶電視！ft.大魚【Joe是要對決】SP特別企劃,2018-12-21 18:00:03,2018-12-21,2018,18,1052,長片,挑戰/企劃,playlist,Joe是要對決,【Joe是要對決】第一季,False,none,0.0,,False,False,,587403,4682.0,1335.0,22,https://www.youtube.com/watch?v=MIc6WINmW0w
3k1z4M2cc1E,【Joeman】全世界最好吃的軍糧？跟法國人一起開箱法國軍糧！ft.Ku酷,2018-12-16 18:00:01,2018-12-16,2018,18,1173,長片,美食,keyword,,,False,none,0.0,,False,False,,2008637,25373.0,2584.0,22,https://www.youtube.com/watch?v=3k1z4M2cc1E
U0WJVifUnJQ,【Joeman Show Ep3】三個女神一次滿足！ft.三上悠亞、櫻萌子、松田美子,2018-12-15 18:00:03,2018-12-15,2018,18,1077,長片,人物/訪談,playlist,Joeman Show,【Joeman Show】,False,none,0.0,,False,False,,929470,11179.0,1372.0,22,https://www.youtube.com/watch?v=U0WJVifUnJQ
A2FTFoy8PV8,【Joeman】韓國科技業的一天？受邀到LG總部的上班體驗！,2018-12-14 18:00:01,2018-12-14,2018,18,1095,長片,挑戰/企劃,keyword,,,False,none,0.0,,False,False,,1278050,12225.0,807.0,22,https://www.youtube.com/watch?v=A2FTFoy8PV8
kxIpQ_ORXUg,【Joeman】被棄養的藏獒！前往動物收容所與下鄉結紮活動,2018-12-13 18:00:05,2018-12-13,2018,18,602,長片,未分類,none,,,False,none,0.0,,False,False,,684628,16030.0,1676.0,22,https://www.youtube.com/watch?v=kxIpQ_ORXUg
IiTSI9-q0ps,【Joeman】可以取代文書筆電的旗艦平板！Samsung Galaxy Tab S4開箱Unboxing,2018-12-12 18:00:03,2018-12-12,2018,18,535,長片,3C開箱評測,keyword,,,False,none,1.0,品牌官方導流,False,False,,219666,2575.0,399.0,22,https://www.youtube.com/watch?v=IiTSI9-q0ps
pSZ7FnZI8_c,【Joeman】實測！飛機上的食物真的比平地難吃嗎？,2018-12-11 18:00:08,2018-12-11,2018,18,420,長片,挑戰/企劃,keyword,,,False,none,0.0,,False,False,,473986,6902.0,853.0,22,https://www.youtube.com/watch?v=pSZ7FnZI8_c
rRVNfBuGClA,【Joeman】今年最強的夜拍手機！Google Pixel 3 XL開箱！Unboxing,2018-12-09 18:00:05,2018-12-09,2018,18,856,長片,3C開箱評測,keyword,,,False,none,0.0,,False,False,,311342,5694.0,898.0,22,https://www.youtube.com/watch?v=rRVNfBuGClA
ddJUu5Hw9cU,【Joeman Show Ep2】博恩Diss不手軟！九妹當場變臉？,2018-12-08 18:00:03,2018-12-08,2018,18,1239,長片,人物/訪談,playlist,Joeman Show,【Joeman Show】,False,none,0.0,,False,False,,2196016,29700.0,1367.0,22,https://www.youtube.com/watch?v=ddJUu5Hw9cU
jL87hgzO7vA,【Joeman】我的影片都是如何剪接出來的？ft. Intel Optane Memory,2018-12-07 18:00:07,2018-12-07,2018,18,558,長片,人物/訪談,keyword,,,False,none,0.0,,False,False,,990765,6014.0,482.0,22,https://www.youtube.com/watch?v=jL87hgzO7vA
X87MG5lv1W0,【Joeman】重回核災後的福島！,2018-12-06 18:00:03,2018-12-06,2018,18,609,長片,未分類,none,,,False,none,0.0,,False,False,,783026,25011.0,2516.0,22,https://www.youtube.com/watch?v=X87MG5lv1W0
2w-iWVqf0oM,【Joeman】能讓硬碟讀取速度大幅增加的外掛！Optane Memory,2018-12-04 18:00:01,2018-12-04,2018,18,395,長片,未分類,none,,,False,none,0.0,,False,False,,882239,3574.0,426.0,22,https://www.youtube.com/watch?v=2w-iWVqf0oM
4R62pP2X9aE,【Joeman】2018年台灣10大Youtube熱門影片！(官方榜單),2018-12-03 18:00:00,2018-12-03,2018,18,558,長片,未分類,none,,,True,keyword,3.0,致謝贊助句型,False,False,,886116,14068.0,1097.0,22,https://www.youtube.com/watch?v=4R62pP2X9aE
KQxYWsW6z-U,【Joeman】女生的電腦裡都放些甚麼？是否真的很亂？ft.可可酒精,2018-12-02 18:00:02,2018-12-02,2018,18,882,長片,3C開箱評測,keyword,,,False,none,0.0,,False,False,,1505858,13711.0,1181.0,22,https://www.youtube.com/watch?v=KQxYWsW6z-U
oXmyb_QJUFk,【Joeman Show Ep1】九妹的性功能...瑋哥掛保證？ft.反骨男孩,2018-12-01 18:00:05,2018-12-01,2018,18,1549,長片,人物/訪談,playlist,Joeman Show,【Joeman Show】,False,none,0.0,,False,False,,1951933,24763.0,1608.0,22,https://www.youtube.com/watch?v=oXmyb_QJUFk
aLviHKgeJOY,在日本就醫的慘痛經驗！醫院掛急診比機票還貴！,2018-11-30 18:00:02,2018-11-30,2018,18,560,長片,未分類,none,,,False,none,0.0,,False,False,,455452,6146.0,1056.0,22,https://www.youtube.com/watch?v=aLviHKgeJOY
IYwG8EtimJE,【Joeman】電競手機再進化！Razer Phone 2開箱！Unboxing,2018-11-27 18:00:02,2018-11-27,2018,18,634,長片,電競賽事,keyword,,,False,none,0.0,,False,False,,349432,4978.0,751.0,22,https://www.youtube.com/watch?v=IYwG8EtimJE
DzI8ssstKcQ,【Joeman】2018年最特別的手機！ROG Phone大全配開箱！Unboxing,2018-11-25 18:00:04,2018-11-25,2018,18,892,長片,3C開箱評測,keyword,,,False,none,0.0,,False,False,,649873,9863.0,1487.0,22,https://www.youtube.com/watch?v=DzI8ssstKcQ
wZEIhXXM3xk,【Joeman】我心目中的年度台灣10大Youtube頻道！,2018-11-24 18:00:15,2018-11-24,2018,18,747,長片,人物/訪談,playlist,網紅觀察室,Joeman網紅觀察室,False,none,0.0,,False,False,,1155558,18377.0,3925.0,22,https://www.youtube.com/watch?v=wZEIhXXM3xk
Wb4ZCxbSlQ8,【Joeman】美國軍糧開箱！一般人登山帶戰鬥口糧實用嗎？ft.胡子、雪羊,2018-11-18 18:00:05,2018-11-18,2018,18,885,長片,3C開箱評測,playlist,Joeman開箱去,【Joeman開箱去】,True,keyword,3.0,致謝贊助句型,False,False,,1243907,12577.0,1380.0,22,https://www.youtube.com/watch?v=Wb4ZCxbSlQ8
id3xxfgQvjI,【Joeman】爬到差點崩潰！人生首次挑戰百岳！Garmin Fenix 5X Plus體驗 ft.胡子、雪羊,2018-11-17 18:00:03,2018-11-17,2018,18,880,長片,挑戰/企劃,keyword,,,True,keyword,3.0,致謝贊助句型,False,False,,555345,13161.0,1037.0,22,https://www.youtube.com/watch?v=id3xxfgQvjI
8Jnwg3Wn1MQ,【Joeman】150元的手工魚翅水餃對決2元的平價豬肉水餃！ft.容祖兒【Joe是要對決】SP特別企劃,2018-11-16 18:00:01,2018-11-16,2018,18,1203,長片,挑戰/企劃,playlist,Joe是要對決,【Joe是要對決】第一季,True,keyword,3.0,影片合作聲明,False,False,,959019,11932.0,1141.0,22,https://www.youtube.com/watch?v=8Jnwg3Wn1MQ
F5Mwkl5DgJg,【Joeman】在海拔2800公尺的山上吃海底撈！ft.胡子、雪羊,2018-11-15 18:00:00,2018-11-15,2018,18,194,長片,美食,keyword,,,False,none,0.0,,False,False,,822921,11777.0,461.0,22,https://www.youtube.com/watch?v=F5Mwkl5DgJg
w6iPA9_CuwA,【Joeman】挑食的恐懼!一口氣吃七種納豆料理! ft.咪妃,2018-11-10 18:00:05,2018-11-10,2018,18,733,長片,美食,playlist,帶你去吃各地美食,Joeman帶你去吃各地美食,False,none,0.0,,False,False,,462126,5326.0,582.0,22,https://www.youtube.com/watch?v=w6iPA9_CuwA
VaXb0g4G4Ug,【Joeman】超過台幣7000元的手機殼？一口氣開箱9款手機殼！[淘寶開箱][淘寶天貓雙十一],2018-11-09 19:00:06,2018-11-09,2018,19,1528,長片,3C開箱評測,keyword,,,True,keyword,4.0,折扣導購用語|購買行動用語,False,False,,1015673,8396.0,943.0,22,https://www.youtube.com/watch?v=VaXb0g4G4Ug
QA-ywcfbiMA,【Joeman】怎樣才能考上明星高中？ft.Howhow、呱吉、啾啾鞋、星培、黃大謙、林辰、蔡哥,2018-11-08 18:00:04,2018-11-08,2018,18,838,長片,人物/訪談,keyword,,,False,none,0.0,,False,False,,2372445,26489.0,2664.0,22,https://www.youtube.com/watch?v=QA-ywcfbiMA
Rh4aR4Wukug,【Joeman】高雄新崛江商圈美食體驗！Linepay一卡通好用嗎？,2018-11-07 18:00:08,2018-11-07,2018,18,543,長片,美食,keyword,,,True,keyword,4.0,行銷活動用語|行動呼籲句型,False,False,,477308,5904.0,615.0,22,https://www.youtube.com/watch?v=Rh4aR4Wukug
aeXo1Uz8FDU,【Joeman】第一次挑戰在日本自駕遊開車！茨城之旅(English Substitles),2018-11-03 18:00:00,2018-11-03,2018,18,657,長片,汽車,keyword,,,False,none,0.0,,False,False,,334339,4700.0,613.0,22,https://www.youtube.com/watch?v=aeXo1Uz8FDU
4wB4iGPdPXw,【Joeman】北高單程2000元！高鐵商務艙值得嗎？,2018-11-02 18:00:00,2018-11-02,2018,18,393,長片,旅遊/航空,keyword,,,False,none,0.0,,False,False,,1649014,12345.0,1272.0,22,https://www.youtube.com/watch?v=4wB4iGPdPXw
e-56mOkILms,【Joeman】超巨大SUBWAY！一口氣吃20人份的潛艇堡！ft.大胃王路路Lulu,2018-10-27 18:00:07,2018-10-27,2018,18,641,長片,人物/訪談,keyword,,,False,none,0.0,,False,False,,1481194,15198.0,1262.0,22,https://www.youtube.com/watch?v=e-56mOkILms
BCYrb8BmM1k,【Joeman】受到日本政府邀請！入住超美的海景旅館！ft.咪妃,2018-10-26 18:00:03,2018-10-26,2018,18,549,長片,寵物,keyword,,,False,none,0.0,,False,False,,504318,6856.0,996.0,22,https://www.youtube.com/watch?v=BCYrb8BmM1k
SZ1a_v1TsI4,【Joeman】重返榮耀之作！Sony XZ3旗艦手機開箱Unboxing,2018-10-24 18:00:03,2018-10-24,2018,18,490,長片,3C開箱評測,playlist,Joeman開箱去,【Joeman開箱去】,False,none,0.0,,False,False,,698173,5117.0,879.0,22,https://www.youtube.com/watch?v=SZ1a_v1TsI4
oQYPgD3cIP0,【Joeman】矛盾對決！最臭的鯡魚罐頭vs超強的空氣清淨機！,2018-10-22 18:00:07,2018-10-22,2018,18,800,長片,挑戰/企劃,keyword,,,False,none,0.0,,False,False,,1163315,13363.0,1755.0,22,https://www.youtube.com/watch?v=oQYPgD3cIP0
GcHTXEYCXNg,【Joeman】尷尬癌大爆發！觀看自己8年前的影片！,2018-10-21 18:00:01,2018-10-21,2018,18,760,長片,未分類,none,,,False,none,0.0,,False,False,,1087876,18071.0,1984.0,22,https://www.youtube.com/watch?v=GcHTXEYCXNg
93pLN-LUqV4,【Joeman】傳說中的怪獸級相機！Sony XZ2 Premium超旗艦手機開箱Unboxing,2018-10-20 19:00:01,2018-10-20,2018,19,660,長片,3C開箱評測,playlist,Joeman開箱去,【Joeman開箱去】,False,none,0.0,,False,False,,355476,5152.0,956.0,22,https://www.youtube.com/watch?v=93pLN-LUqV4
6gf9egw2DJA,【Joeman】日本秋葉原的憂鬱福袋！內容物一點都不憂鬱嘛！,2018-10-19 18:00:01,2018-10-19,2018,18,853,長片,3C開箱評測,playlist,Joeman開箱去,【Joeman開箱去】,False,none,0.0,,False,False,,505353,5566.0,600.0,22,https://www.youtube.com/watch?v=6gf9egw2DJA
DkmzHrUYs2w,【Joeman】高雄四個超紅的打卡景點！ft.咪妃、彩虹教堂、旋轉木馬、高雄車站、崗山之眼,2018-10-15 18:02:56,2018-10-15,2018,18,319,長片,寵物,keyword,,,False,none,0.0,,False,False,,301144,5458.0,860.0,22,https://www.youtube.com/watch?v=DkmzHrUYs2w
CPrTegO9aSA,【Joeman】電影裡的武打戲是怎麼拍出來的？ft.吳慷仁、林哲熹,2018-10-14 18:00:01,2018-10-14,2018,18,345,長片,人物/訪談,keyword,,,True,keyword,3.0,影片合作聲明,False,False,,202127,4973.0,344.0,22,https://www.youtube.com/watch?v=CPrTegO9aSA
gr9MVXkXuxs,【Joeman】體驗日本的尊榮Uber！竟然比台灣貴3倍！,2018-10-10 18:00:07,2018-10-10,2018,18,609,長片,挑戰/企劃,keyword,,,False,none,0.0,,False,False,,668203,7906.0,594.0,22,https://www.youtube.com/watch?v=gr9MVXkXuxs
BazRmtH26g4,【Joeman】450000元的頂級手工吉他對決3500元的平價吉他！ft.黃奕儒、開水小姐【Joe是要對決】SP特別企劃,2018-10-06 18:00:04,2018-10-06,2018,18,1179,長片,挑戰/企劃,playlist,Joe是要對決,【Joe是要對決】第一季,False,none,0.0,,False,False,,492629,6038.0,868.0,22,https://www.youtube.com/watch?v=BazRmtH26g4
fGD6qE0i__4,【Joeman】一個人1000元的頭等艙影廳！可以躺著看的電影院！台中文心秀泰,2018-10-05 18:00:07,2018-10-05,2018,18,281,長片,旅遊/航空,keyword,,,False,none,0.0,,False,False,,631302,8284.0,856.0,22,https://www.youtube.com/watch?v=fGD6qE0i__4
3IeYYN0Kz2c,【Joeman】一個人10000日圓的和牛吃到飽餐廳！東京銀座牛排Ginza Steak,2018-09-30 12:00:01,2018-09-30,2018,12,544,長片,美食,keyword,,,False,none,1.0,品牌官方導流,False,False,,2150669,20533.0,1481.0,22,https://www.youtube.com/watch?v=3IeYYN0Kz2c
XdaZyOjUjF8,【Joeman】一隻5萬元的手機值得買嗎？iPhone Xs Max開箱！,2018-09-29 18:00:04,2018-09-29,2018,18,655,長片,3C開箱評測,keyword,,,False,none,0.0,,False,False,,1737397,19412.0,2768.0,22,https://www.youtube.com/watch?v=XdaZyOjUjF8
9lYDS3_oV64,【Joeman】新一代運動相機王者？Gopro Hero 7 Black 開箱！,2018-09-28 18:00:00,2018-09-28,2018,18,501,長片,3C開箱評測,playlist,Joeman開箱去,【Joeman開箱去】,False,none,0.0,,False,False,,407758,5109.0,334.0,22,https://www.youtube.com/watch?v=9lYDS3_oV64
3hThHvQAZro,【Joeman】一口氣喝10種迷客夏飲料！ft.魚乾,2018-09-27 18:00:00,2018-09-27,2018,18,885,長片,人物/訪談,keyword,,,True,keyword,3.0,影片合作聲明,False,False,,863316,10156.0,1100.0,22,https://www.youtube.com/watch?v=3hThHvQAZro
00AxXFbgvgE,【Joeman】重回高雄夢時代轉蛋！這次手氣依舊超旺～ft.咪妃,2018-09-26 18:00:02,2018-09-26,2018,18,478,長片,玩具/收藏,playlist,一起轉蛋去,【Joeman一起轉蛋去】,False,none,0.0,,False,False,,328452,3905.0,526.0,22,https://www.youtube.com/watch?v=00AxXFbgvgE
E2MD_21MNwU,【Joeman】跟世界頂尖的翻糖蛋糕師傅學習作蛋糕！,2018-09-23 18:00:03,2018-09-23,2018,18,617,長片,美食,keyword,,,True,keyword,2.0,行動呼籲句型,False,False,,212593,4072.0,411.0,22,https://www.youtube.com/watch?v=E2MD_21MNwU
HiGuvsUiCNI,【Joeman】高雄瑞豐夜市有甚麼好吃？直接問路人！ft.咪妃,2018-09-22 18:00:01,2018-09-22,2018,18,521,長片,美食,keyword,,,False,none,0.0,,False,False,,1003996,9063.0,1652.0,22,https://www.youtube.com/watch?v=HiGuvsUiCNI
Yx_vpgtHN_U,【Joeman】一張4萬的顯示卡值得買嗎？Nvidia Geforce RTX 2080 Ti公版開箱測試Unboxing,2018-09-21 18:00:08,2018-09-21,2018,18,613,長片,3C開箱評測,keyword,,,False,none,0.0,,False,False,,507517,5396.0,855.0,22,https://www.youtube.com/watch?v=Yx_vpgtHN_U
TseYUQKrMZs,【Joeman】直接把照片印在拉花上！四間超酷的高雄飲料店！ft.咪妃,2018-09-18 18:00:04,2018-09-18,2018,18,658,長片,美食,playlist,帶你去吃各地美食,Joeman帶你去吃各地美食,False,none,0.0,,False,False,,487704,6582.0,973.0,22,https://www.youtube.com/watch?v=TseYUQKrMZs
l6Roq91gYj0,【Joeman】不到8000元的高性價比手機！Nokia 6.1 Plus開箱體驗 Unboxing,2018-09-15 18:00:07,2018-09-15,2018,18,451,長片,挑戰/企劃,keyword,,,False,none,0.0,,False,False,,475194,5233.0,897.0,22,https://www.youtube.com/watch?v=l6Roq91gYj0
wfIpOtgJ2iw,【Joeman】實測台北的尊榮Uber能叫到甚麼車！竟然出現400萬的頂級休旅？,2018-09-13 18:01:31,2018-09-13,2018,18,691,長片,挑戰/企劃,keyword,,,False,none,0.0,,False,False,,1489129,35261.0,1374.0,22,https://www.youtube.com/watch?v=wfIpOtgJ2iw
g52Beas26lQ,【Joeman】錯誤資訊更正，我跟華康開會確定了字體版權細節,2018-09-11 18:00:12,2018-09-11,2018,18,538,長片,未分類,none,,,False,none,0.0,,False,False,,539895,12853.0,1513.0,22,https://www.youtube.com/watch?v=g52Beas26lQ
okFrYeZb96o,【Joeman】15萬的頂級單眼CANON 5D4對決2萬多的旗艦手機HTC U12+！ft.小葵【Joe是要對決】SP特別企劃,2018-09-08 18:00:16,2018-09-08,2018,18,1132,長片,挑戰/企劃,playlist,Joe是要對決,【Joe是要對決】第一季,False,none,0.0,,False,False,,519288,6708.0,1392.0,22,https://www.youtube.com/watch?v=okFrYeZb96o
SMpf3Uc0JrU,【Joeman】一天一萬步企劃！開箱體驗AMAZFIT智慧運動手錶 2與小米手環 3,2018-09-06 18:00:09,2018-09-06,2018,18,744,長片,3C開箱評測,playlist,Joeman開箱去,【Joeman開箱去】,False,none,0.0,,False,False,,446498,5223.0,561.0,22,https://www.youtube.com/watch?v=SMpf3Uc0JrU
ZAegVqPa3EA,【Joeman】在德國買了超大的任天堂福袋！內容物竟然超展開,2018-09-01 18:00:04,2018-09-01,2018,18,783,長片,未分類,none,,,False,none,0.0,,False,False,,600726,7589.0,856.0,22,https://www.youtube.com/watch?v=ZAegVqPa3EA
HX1WLSHI-LA,【Joeman】我的30歲生日！ft.咪妃、魚乾、菜喳、阿晋、阿滴、含羞草、恩熙俊、Sandy、大天神、可可酒精、痔作人,2018-08-31 18:00:05,2018-08-31,2018,18,453,長片,寵物,keyword,,,False,none,0.0,,False,False,,818253,15519.0,2055.0,22,https://www.youtube.com/watch?v=HX1WLSHI-LA
wtlXnpZAnOo,【Joeman】滿滿的咖哩！7-11與Coco壹番屋聯名款商品試吃！,2018-08-28 18:00:15,2018-08-28,2018,18,662,長片,未分類,none,,,False,none,0.0,,False,False,,633089,7352.0,810.0,22,https://www.youtube.com/watch?v=wtlXnpZAnOo
U8h0m7s7V5s,【Joeman】日本環球影城戰利品開箱！滿滿的都是小小兵～,2018-08-26 18:00:13,2018-08-26,2018,18,813,長片,3C開箱評測,keyword,,,False,none,0.0,,False,False,,273474,5063.0,569.0,22,https://www.youtube.com/watch?v=U8h0m7s7V5s
QJ02NHju5oY,【Joeman】號稱全台灣最好吃的丼飯？地表最強開丼試吃！ft.展瑞展榮,2018-08-25 18:00:05,2018-08-25,2018,18,815,長片,美食,keyword,,,False,none,1.0,新品發表用語,False,False,,780293,9039.0,640.0,22,https://www.youtube.com/watch?v=QJ02NHju5oY
WNdCY-HDm0Y,【Joeman】台中豐原廟東夜市！必吃的三種美食：排骨酥麵、菱角酥、鳳梨冰 ft.咪妃、阿晋,2018-08-22 18:00:11,2018-08-22,2018,18,560,長片,美食,keyword,,,False,none,0.0,,False,False,,642482,6954.0,1353.0,22,https://www.youtube.com/watch?v=WNdCY-HDm0Y
sDBpEOAPvOw,【Joeman】我們終於超越宋七力了！,2018-08-20 18:00:17,2018-08-20,2018,18,27,長片,未分類,none,,,False,none,0.0,,False,False,,946550,15157.0,1443.0,22,https://www.youtube.com/watch?v=sDBpEOAPvOw
_T0dQYbJMAU,【Joeman】一群人去吃頂級鐵板燒！竟然花超過三萬元？犇鐵板燒,2018-08-19 18:00:07,2018-08-19,2018,18,669,長片,未分類,none,,,False,none,0.0,,False,False,,1747124,17992.0,1249.0,22,https://www.youtube.com/watch?v=_T0dQYbJMAU
cUMX4wminc4,【Joeman】挑戰台中最大的夾娃娃機店！竟然瘋狂出貨？ft.含羞草、阿晋、本燙,2018-08-18 18:00:06,2018-08-18,2018,18,742,長片,玩具/收藏,title_series,Joeman夾娃娃,,False,none,0.0,,False,False,,2061467,17298.0,1661.0,22,https://www.youtube.com/watch?v=cUMX4wminc4
h-jiw3kY-sI,【Joeman】為了後宮！穿越到古代當王爺！ft.咪妃、瑋哥、本燙,2018-08-17 18:00:16,2018-08-17,2018,18,266,長片,寵物,keyword,,,False,none,0.0,,False,False,,222691,3021.0,347.0,22,https://www.youtube.com/watch?v=h-jiw3kY-sI
bhnMtEHHYiY,【Joeman】超狂實驗！在交友軟體上約跑真的會成功嗎？,2018-08-16 18:00:41,2018-08-16,2018,18,659,長片,挑戰/企劃,keyword,,,True,keyword,2.0,行動呼籲句型,False,False,,591043,5931.0,1033.0,22,https://www.youtube.com/watch?v=bhnMtEHHYiY
IrJ8TUsjRh8,【Joeman】全自動無人旅館？竟然有機器人送餐！台中鵲絲窩客飯店體驗,2018-08-15 18:00:04,2018-08-15,2018,18,523,長片,挑戰/企劃,keyword,,,False,none,0.0,,False,False,,890348,10330.0,954.0,22,https://www.youtube.com/watch?v=IrJ8TUsjRh8
DYZ7IaLmiTw,【Joeman】你能忍受嗎？10種女生可能有的公主病跡象！ft.咪妃,2018-08-14 18:00:02,2018-08-14,2018,18,778,長片,寵物,keyword,,,False,none,0.0,,False,False,,592592,8600.0,1198.0,22,https://www.youtube.com/watch?v=DYZ7IaLmiTw
iIUPwXr0eBg,【Joeman】超宅企劃！三餐都在家叫外送美食！ft.foodpanda、阿晋、胡子、老婆,2018-08-12 18:00:06,2018-08-12,2018,18,811,長片,美食,playlist,帶你去吃各地美食,Joeman帶你去吃各地美食,True,keyword,8.0,專屬導購代碼|結帳代碼指引|折扣導購用語,False,False,,842506,7517.0,980.0,22,https://www.youtube.com/watch?v=iIUPwXr0eBg
pJAuyAgKCF8,【Joeman】泰國曼谷必吃的兩家海南雞飯！粉紅色vs綠色,2018-08-11 18:00:11,2018-08-11,2018,18,282,長片,美食,playlist,帶你去吃各地美食,Joeman帶你去吃各地美食,False,none,0.0,,False,False,,346996,4870.0,474.0,22,https://www.youtube.com/watch?v=pJAuyAgKCF8
VBRgy3Wao30,【Joeman】Youtuber收入到底好不好？5個你可能不知道的迷思！網紅觀察室,2018-08-10 18:00:04,2018-08-10,2018,18,568,長片,人物/訪談,playlist,網紅觀察室,Joeman網紅觀察室,False,none,1.0,新品發表用語,False,False,,832787,17086.0,1486.0,22,https://www.youtube.com/watch?v=VBRgy3Wao30
15Sg28kI_G4,【Joeman】全世界第一隻沒有瀏海的全面屏手機！Vivo NEX開箱,2018-08-08 18:00:00,2018-08-08,2018,18,492,長片,3C開箱評測,playlist,Joeman開箱去,【Joeman開箱去】,False,none,0.0,,False,False,,570254,10802.0,1878.0,22,https://www.youtube.com/watch?v=15Sg28kI_G4
zaKT4RDGpqI,【Joeman】實測！一個人去遊樂園是否真的很孤單？日本環球影城體驗,2018-08-05 18:00:31,2018-08-05,2018,18,649,長片,挑戰/企劃,keyword,,,False,none,0.0,,False,False,,898520,15732.0,1730.0,22,https://www.youtube.com/watch?v=zaKT4RDGpqI
yJglsCBPnV4,【Joeman】從500元的白葡萄酒到5000元的XO白蘭地,2018-08-04 18:00:07,2018-08-04,2018,18,694,長片,3C開箱評測,playlist,Joeman開箱去,【Joeman開箱去】,True,keyword,4.0,影片合作聲明|新品發表用語,False,False,,340399,4658.0,463.0,22,https://www.youtube.com/watch?v=yJglsCBPnV4
gpJrZdVLfHU,【Joeman】從代購網站購買日本桌遊與樂高！ft.MYDAY,2018-08-03 18:00:06,2018-08-03,2018,18,767,長片,玩具/收藏,keyword,,,True,keyword,2.0,折扣導購用語,False,False,,275453,3659.0,379.0,22,https://www.youtube.com/watch?v=gpJrZdVLfHU
N_SBd9wm4Ys,【Joeman】一次試吃11種便利商店的飯糰！ft.阿晋,2018-08-01 18:00:05,2018-08-01,2018,18,741,長片,人物/訪談,keyword,,,False,none,0.0,,False,False,,526702,6993.0,1461.0,22,https://www.youtube.com/watch?v=N_SBd9wm4Ys
95fbfWQRKA4,【Joeman】在飛機上達成一百萬訂閱！！！,2018-07-30 18:00:03,2018-07-30,2018,18,259,長片,未分類,none,,,False,none,0.0,,False,False,,590409,24074.0,3733.0,22,https://www.youtube.com/watch?v=95fbfWQRKA4
S8_OH3Ey7ko,【Joeman】全日本最高的五星級飯店！大阪萬豪酒店體驗！（阿倍野大樓）,2018-07-29 18:00:07,2018-07-29,2018,18,512,長片,挑戰/企劃,keyword,,,False,none,0.0,,False,False,,465969,6174.0,1626.0,22,https://www.youtube.com/watch?v=S8_OH3Ey7ko
NHH6ng7612o,【Joeman】回到我的母校交大演講！念大學到底有沒有用？,2018-07-28 18:00:03,2018-07-28,2018,18,2618,長片,未分類,none,,,False,none,0.0,,False,False,,1986732,33214.0,2282.0,22,https://www.youtube.com/watch?v=NHH6ng7612o
0xexSuj1s3g,【Joeman】一口氣吃12碗烏龍麵！丸亀製麵全餐大挑戰！ft.阿滴,2018-07-27 18:00:01,2018-07-27,2018,18,1004,長片,3C開箱評測,playlist,Joeman開箱去,Joeman帶你去吃各地美食|【Joeman開箱去】,False,none,0.0,,False,False,,1296561,16258.0,1230.0,22,https://www.youtube.com/watch?v=0xexSuj1s3g
WHAIO6lxe9M,【Joeman】興隆公宅開箱！2100元就能住到12坪的台北市大套房？ft.柯文哲,2018-07-25 18:00:02,2018-07-25,2018,18,637,長片,3C開箱評測,playlist,Joeman開箱去,【Joeman開箱去】,False,none,0.0,,False,False,,1314985,33699.0,4584.0,22,https://www.youtube.com/watch?v=WHAIO6lxe9M
ljgoKjMvMWM,【Joeman】夾娃娃機產業真的會泡沫化嗎？西門町的台一個月竟然要4萬！ft.含羞草,2018-07-24 18:00:07,2018-07-24,2018,18,765,長片,玩具/收藏,title_series,Joeman夾娃娃,,True,keyword,3.0,影片合作聲明,False,False,,468987,5166.0,528.0,22,https://www.youtube.com/watch?v=ljgoKjMvMWM
551Sj3w0Avk,【Joeman】用哩程兌換了韓國美食之旅與首爾的五星級飯店！,2018-07-23 18:00:01,2018-07-23,2018,18,584,長片,美食,playlist,帶你去吃各地美食,Joeman帶你去吃各地美食,False,none,0.0,,False,False,,379060,5853.0,488.0,22,https://www.youtube.com/watch?v=551Sj3w0Avk
LsmwR2meu4Y,【Joeman】一次開箱五種夾娃娃機裡的藍芽喇叭！ft.含羞草 (美好2025、金冠K55、K99、K5S、小蠻腰),2018-07-22 18:00:03,2018-07-22,2018,18,712,長片,3C開箱評測,playlist,Joeman開箱去,【Joeman開箱去】,True,keyword,3.0,影片合作聲明,False,False,,822093,7444.0,987.0,22,https://www.youtube.com/watch?v=LsmwR2meu4Y
0WLoZOAZWzk,【Joeman】麻醬乾麵的五種吃法！竟然有龍蝦？ft.巷口乾麵,2018-07-21 18:00:00,2018-07-21,2018,18,762,長片,3C開箱評測,playlist,Joeman開箱去,【Joeman開箱去】,False,none,0.0,,False,False,,556867,6899.0,1006.0,22,https://www.youtube.com/watch?v=0WLoZOAZWzk
k5StMNkZNJE,【Joeman】1000元的頂級便當對決50元的平價便當！ft.柯文哲【Joe是要對決】SP特別企劃,2018-07-20 18:00:05,2018-07-20,2018,18,1032,長片,挑戰/企劃,playlist,Joe是要對決,【Joe是要對決】第一季,False,none,0.0,,False,False,,5592916,64073.0,4216.0,22,https://www.youtube.com/watch?v=k5StMNkZNJE
vjOsO2yMv7Y,【Joeman】價格貴兩倍？在上海的台灣手搖飲料店體驗！一芳、迷客夏、Coco,2018-07-16 18:00:10,2018-07-16,2018,18,388,長片,3C開箱評測,playlist,Joeman開箱去,【Joeman開箱去】,False,none,0.0,,False,False,,349273,4703.0,1252.0,22,https://www.youtube.com/watch?v=vjOsO2yMv7Y
fJaV3XpMRmk,【Joeman】帶著老司機出遊！2018 Nissan X-Trail 4WD試駕 ft.咪妃,2018-07-15 18:00:03,2018-07-15,2018,18,601,長片,3C開箱評測,playlist,Joeman開箱去,【Joeman開箱去】,False,none,0.0,,False,False,,323582,3684.0,687.0,22,https://www.youtube.com/watch?v=fJaV3XpMRmk
Ej03Bq99xj0,【Joeman】一口氣開箱五種新東陽肉乾！哪一種最好吃？,2018-07-14 18:00:04,2018-07-14,2018,18,539,長片,3C開箱評測,playlist,Joeman開箱去,【Joeman開箱去】,False,none,0.0,,False,False,,224680,3137.0,365.0,22,https://www.youtube.com/watch?v=Ej03Bq99xj0
Sl3j14jdnE0,【Joeman】上海麥當勞與肯德基體驗！竟然有珍珠奶茶？,2018-07-13 18:00:02,2018-07-13,2018,18,669,長片,美食,keyword,,,False,none,0.0,,False,False,,1322786,10973.0,3365.0,22,https://www.youtube.com/watch?v=Sl3j14jdnE0
aRvDnZMz6j4,【Joeman】除了保險套外還有啥好買？日本藥妝店必買的五種商品推薦！ft.咪妃,2018-07-11 19:14:18,2018-07-11,2018,19,576,長片,3C開箱評測,playlist,Joeman開箱去,【Joeman開箱去】,False,none,0.0,,False,False,,525268,6256.0,1142.0,22,https://www.youtube.com/watch?v=aRvDnZMz6j4
FFc-Ot356I8,【Joeman】鼎泰豐最貴的料理？一盤1200元的松露炒飯！,2018-07-10 18:00:03,2018-07-10,2018,18,182,長片,3C開箱評測,playlist,Joeman開箱去,【Joeman開箱去】,False,none,0.0,,False,False,,663987,6828.0,832.0,22,https://www.youtube.com/watch?v=FFc-Ot356I8
vUMcKiUvOOk,【Joeman】一晚一萬台幣！上海頂級五星級飯店體驗！上海萬達瑞華,2018-07-09 18:00:15,2018-07-09,2018,18,662,長片,挑戰/企劃,keyword,,,False,none,0.0,,False,False,,972829,12303.0,2940.0,22,https://www.youtube.com/watch?v=vUMcKiUvOOk
NvNKtZo3Lvc,【Joeman】邊吃超辣的手扒雞邊開箱會怎樣？PUBG絕地求生空投箱開箱！ft.咪妃,2018-07-08 18:00:01,2018-07-08,2018,18,1055,長片,3C開箱評測,playlist,Joeman開箱去,【Joeman開箱去】,False,none,0.0,,False,False,,453380,5605.0,740.0,22,https://www.youtube.com/watch?v=NvNKtZo3Lvc
Rx-K760ugxA,【Joeman】150000元的奢華婚紗對決9999元的平價婚紗！ft.咪妃【Joe是要對決】Ep12(完),2018-07-07 18:00:03,2018-07-07,2018,18,1783,長片,挑戰/企劃,playlist,Joe是要對決,【Joe是要對決】第一季,False,none,0.0,,False,False,,1901058,25661.0,4133.0,22,https://www.youtube.com/watch?v=Rx-K760ugxA
23x3sU35l28,【Joeman】型男大改造！挑戰把自己化妝成孔劉！ft.咪妃,2018-07-06 19:00:01,2018-07-06,2018,19,345,長片,寵物,keyword,,,False,none,0.0,,False,False,,241539,3139.0,716.0,22,https://www.youtube.com/watch?v=23x3sU35l28
-Fd63ME1imw,【Joeman】台灣手搖飲料的正常甜度真的正常嗎？ft.展瑞展榮,2018-07-05 18:00:00,2018-07-05,2018,18,731,長片,3C開箱評測,playlist,Joeman開箱去,【Joeman開箱去】,False,none,0.0,,False,False,,885748,10962.0,1760.0,22,https://www.youtube.com/watch?v=-Fd63ME1imw
nNvLfteovls,【Joeman】台北捷運美食商圈！永康商圈的牛肉麵、蔥抓餅、芒果冰 ｜用行動支付friDay錢包搭捷運逛商圈超便利！,2018-07-04 18:30:01,2018-07-04,2018,18,405,長片,美食,keyword,,,True,keyword,4.0,購買行動用語|行動呼籲句型,False,False,,390569,4898.0,706.0,22,https://www.youtube.com/watch?v=nNvLfteovls
zfvULDMKWF8,【Joeman】一頓晚餐3萬台幣？24小時米其林馬拉松挑戰！ft.咪妃,2018-07-03 18:00:45,2018-07-03,2018,18,1114,長片,寵物,keyword,,,True,keyword,2.0,購買行動用語,False,False,,1454970,13104.0,1594.0,22,https://www.youtube.com/watch?v=zfvULDMKWF8
OShWitxiqM4,【Joeman】可以自動變色的水銀眼鏡？在雪梨開箱最新的全視線鏡片！,2018-07-01 18:00:03,2018-07-01,2018,18,368,長片,3C開箱評測,playlist,Joeman開箱去,【Joeman開箱去】,False,none,0.0,,False,False,,243142,3402.0,429.0,22,https://www.youtube.com/watch?v=OShWitxiqM4
k29O2xAezeo,【Joeman】58000元的奢華喜宴對決8000元的傳統辦桌！ft.上班不要看、鐵牛【Joe是要對決】Ep11,2018-06-30 18:00:05,2018-06-30,2018,18,1625,長片,挑戰/企劃,playlist,Joe是要對決,【Joe是要對決】第一季,False,none,0.0,,False,False,,2394397,18992.0,2470.0,22,https://www.youtube.com/watch?v=k29O2xAezeo
FcpP9eObRYk,颱風天吃什麼泡麵最飽？新版双響泡泡麵試吃,2018-06-29 18:00:03,2018-06-29,2018,18,555,長片,未分類,none,,,False,none,1.0,提及廠商,False,False,,389429,5265.0,907.0,22,https://www.youtube.com/watch?v=FcpP9eObRYk
iSeklNYXoTU,【Joeman】一口氣喝九種沒喝過的啤酒！ft.恩熙俊,2018-06-24 18:00:07,2018-06-24,2018,18,692,長片,3C開箱評測,playlist,Joeman開箱去,【Joeman開箱去】,False,none,0.0,,False,False,,537359,7567.0,562.0,22,https://www.youtube.com/watch?v=iSeklNYXoTU
C_MSqj7B5p8,【Joeman】2300元的奢華肉粽對決60元的傳統肉粽！ft.反骨男孩酷炫、焦凡凡【Joe是要對決】Ep10,2018-06-23 18:00:01,2018-06-23,2018,18,1438,長片,挑戰/企劃,playlist,Joe是要對決,【Joe是要對決】第一季,False,none,0.0,,False,False,,1531795,13616.0,1146.0,22,https://www.youtube.com/watch?v=C_MSqj7B5p8
ciqEWfLktLE,【Joeman】第三屆黑暗火鍋！出現了超詭異的醃製物？ft.咪妃、頑Game、眾量級、反骨男孩、老皮、裴薇、屎萊姆,2018-06-22 19:00:07,2018-06-22,2018,19,757,長片,美食,keyword,,,False,none,0.0,,False,False,,965285,7538.0,713.0,22,https://www.youtube.com/watch?v=ciqEWfLktLE
Vke0KSOmCUw,【Joeman】香港迪士尼戰利品開箱！竟然買了一條上萬的手鍊！ft.咪妃,2018-06-20 18:00:07,2018-06-20,2018,18,1142,長片,3C開箱評測,playlist,Joeman開箱去,【Joeman開箱去】,False,none,0.0,,False,False,,838985,7866.0,835.0,22,https://www.youtube.com/watch?v=Vke0KSOmCUw
QLf_cBZl-2Y,【Joeman】一次開箱三款不到台幣1000塊的無線藍芽耳機！淘寶開箱,2018-06-18 18:00:03,2018-06-18,2018,18,794,長片,3C開箱評測,playlist,Joeman開箱去,【Joeman開箱去】,False,none,0.0,,False,False,,868317,7229.0,783.0,22,https://www.youtube.com/watch?v=QLf_cBZl-2Y
brI00_-KBCg,【Joeman】曾經的王者回歸？Nokia 7 plus開箱！萬元機中的佼佼者 Unboxing,2018-06-17 18:00:04,2018-06-17,2018,18,361,長片,3C開箱評測,playlist,Joeman開箱去,【Joeman開箱去】,False,none,0.0,,False,False,,487766,5728.0,895.0,22,https://www.youtube.com/watch?v=brI00_-KBCg
8SWyHMXKL68,【Joeman】40000元的頂級茶葉對決160元的平價茶葉！ft.呱吉邱威傑【Joe是要對決】Ep9,2018-06-16 18:00:00,2018-06-16,2018,18,1326,長片,挑戰/企劃,playlist,Joe是要對決,【Joe是要對決】第一季,False,none,0.0,,False,False,,1002702,11517.0,795.0,22,https://www.youtube.com/watch?v=8SWyHMXKL68
9hKHC32aYE0,【Joeman】你有沒有想過！為什麼華語影片都要上字幕？網紅觀察室,2018-06-15 17:18:13,2018-06-15,2018,17,602,長片,人物/訪談,playlist,網紅觀察室,Joeman網紅觀察室,False,none,0.0,,False,False,,635381,12063.0,2319.0,22,https://www.youtube.com/watch?v=9hKHC32aYE0
VQ66rU_MHV0,【Joeman】地表最強的筆電CPU實測！i9-8950HK開箱！ft.MSI GT75 VR Benchmark,2018-06-13 18:00:05,2018-06-13,2018,18,366,長片,挑戰/企劃,keyword,,,False,none,0.0,,False,False,,343877,4181.0,502.0,22,https://www.youtube.com/watch?v=VQ66rU_MHV0
CHtJHfUGBIM,【Joeman】我得了一種不小心就會買CPU的病！內有抽獎～,2018-06-10 18:00:01,2018-06-10,2018,18,218,長片,日常Vlog,keyword,,,False,none,0.0,,False,False,,256190,4375.0,387.0,22,https://www.youtube.com/watch?v=CHtJHfUGBIM
V96hV1Jysp8,【Joeman】12000元的專櫃高級化妝品對決900元的平價開架化妝品！ft.荔枝兒、奇奇蒂蒂【Joe是要對決】Ep8,2018-06-09 18:00:05,2018-06-09,2018,18,1097,長片,挑戰/企劃,playlist,Joe是要對決,【Joe是要對決】第一季,True,keyword,3.0,影片合作聲明,False,False,,403073,4744.0,375.0,22,https://www.youtube.com/watch?v=V96hV1Jysp8
JWToEtJI4Qw,【Joeman】全台唯一的米其林三星餐廳!一頓飯超過五千塊的頤宮 ft.咪妃,2018-06-08 18:00:02,2018-06-08,2018,18,618,長片,美食,keyword,,,False,none,0.0,,False,False,,1462451,10846.0,1434.0,22,https://www.youtube.com/watch?v=JWToEtJI4Qw
hfnuU3IH6gQ,【Joeman】為了吃到一萬塊的牛肉麵！邊腳底按摩邊玩電動超崩潰！ft.小葵,2018-06-05 23:23:10,2018-06-05,2018,23,861,長片,人物/訪談,keyword,,,False,none,0.0,,False,False,,967795,8464.0,648.0,22,https://www.youtube.com/watch?v=hfnuU3IH6gQ
evEqnPKMO5M,【Joeman】可以取代桌上型電腦的輕薄電競筆電～西風之神M開箱！ROG Zephyrus M Unboxing,2018-06-03 18:00:05,2018-06-03,2018,18,453,長片,3C開箱評測,playlist,,【Joeman】筆電開箱,False,none,0.0,,False,False,,399190,4793.0,560.0,22,https://www.youtube.com/watch?v=evEqnPKMO5M
CxkYRi-BGjA,【Joeman】55000元的頂級人體工學椅對決3000元的平價電腦椅！ft.三個字、Sandy【Joe是要對決】Ep7,2018-06-02 18:00:02,2018-06-02,2018,18,1320,長片,挑戰/企劃,playlist,Joe是要對決,【Joe是要對決】第一季,True,keyword,3.0,影片合作聲明,False,False,,1213525,9401.0,792.0,22,https://www.youtube.com/watch?v=CxkYRi-BGjA
3Do7nNCDP2g,【Joeman】咪妃的XX都沒洗...最後終於順利長出香菇！,2018-06-01 18:00:00,2018-06-01,2018,18,109,長片,寵物,keyword,,,False,none,0.0,,False,False,,406834,9252.0,616.0,22,https://www.youtube.com/watch?v=3Do7nNCDP2g
zZANIjocxUo,【Joeman】一口氣爬46層樓！挑戰新光摩天大樓登高大賽！,2018-05-31 18:00:46,2018-05-31,2018,18,573,長片,挑戰/企劃,keyword,,,False,none,0.0,,False,False,,393689,7115.0,841.0,22,https://www.youtube.com/watch?v=zZANIjocxUo
qJVKaXuQ98E,【Joeman】一晚一萬台幣的澳洲五星級飯店！窗外就是雪梨歌劇院的四季酒店住宿體驗！,2018-05-30 18:00:11,2018-05-30,2018,18,726,長片,挑戰/企劃,keyword,,,False,none,0.0,,False,False,,692440,7330.0,777.0,22,https://www.youtube.com/watch?v=qJVKaXuQ98E
q0MbI31R4UE,【Joeman】被邀請到雪梨看比賽！體驗南半球的電競賽事～觀眾超熱情！,2018-05-27 18:00:06,2018-05-27,2018,18,255,長片,電競賽事,keyword,,,True,keyword,6.0,致謝贊助句型|影片合作聲明,False,False,,234082,3842.0,337.0,22,https://www.youtube.com/watch?v=q0MbI31R4UE
0LayfKCcz0w,【Joeman】一個月100萬元的天王月子中心對決一個月16萬元的平價月子中心！ft.優格、飛口【Joe是要對決】Ep6,2018-05-26 18:00:00,2018-05-26,2018,18,1177,長片,挑戰/企劃,playlist,Joe是要對決,【Joe是要對決】第一季,False,none,0.0,,False,False,,893749,8248.0,608.0,22,https://www.youtube.com/watch?v=0LayfKCcz0w
KfTgmSIS1uE,【Joeman】為了自己家的貓訂做沙發！防貓抓沙發開箱！,2018-05-25 18:00:02,2018-05-25,2018,18,401,長片,3C開箱評測,playlist,Joeman開箱去,【Joeman開箱去】,True,keyword,6.0,致謝贊助句型|影片合作聲明,False,False,,611222,7514.0,421.0,22,https://www.youtube.com/watch?v=KfTgmSIS1uE
mnFC_xvfK2U,【Joeman】一份套餐300台幣！體驗澳洲的麥當勞與肯德基！Australia McDonald's and KFC,2018-05-23 18:00:05,2018-05-23,2018,18,656,長片,美食,playlist,帶你去吃各地美食,Joeman帶你去吃各地美食,False,none,0.0,,False,False,,800166,6575.0,757.0,22,https://www.youtube.com/watch?v=mnFC_xvfK2U
rr5p7H11CxA,【Joeman】一小時竟然要台幣150塊！帶台灣電競冠軍選手去雪梨網咖！,2018-05-20 18:00:06,2018-05-20,2018,18,411,長片,日常Vlog,playlist,全世界的網咖體驗,【Joeman】全世界的網咖體驗,False,none,0.0,,False,False,,588263,5188.0,568.0,22,https://www.youtube.com/watch?v=rr5p7H11CxA
uKIN3Rvn8aA,【Joeman】3000元的奢華甜點對決25元的平價甜點！ft.滴妹【Joe是要對決】Ep5,2018-05-19 18:00:09,2018-05-19,2018,18,1014,長片,挑戰/企劃,playlist,Joe是要對決,【Joe是要對決】第一季,False,none,0.0,,False,False,,2223995,22622.0,1271.0,22,https://www.youtube.com/watch?v=uKIN3Rvn8aA
Vnbkl1Lla04,【Joeman】真的實用嗎？掛在脖子上的藍芽喇叭！Bose Soundwear Companion 開箱 Unboxing,2018-05-18 18:00:04,2018-05-18,2018,18,415,長片,3C開箱評測,playlist,Joeman開箱去,【Joeman開箱去】,False,none,0.0,,False,False,,442834,7500.0,593.0,22,https://www.youtube.com/watch?v=Vnbkl1Lla04
qA32IGVuODE,【Joeman】今年最吸引人的輕薄商務筆電！LG Gram暴力測試開箱！2018 LG Gram unboxing,2018-05-16 18:00:07,2018-05-16,2018,18,438,長片,3C開箱評測,keyword,,,False,none,0.0,,False,False,,1154609,5369.0,529.0,22,https://www.youtube.com/watch?v=qA32IGVuODE
XSzfXoYx0Xg,【Joeman】唯一的五星級日系航空！ANA全日空商務艙體驗 767-300 Business Class,2018-05-13 18:00:55,2018-05-13,2018,18,474,長片,旅遊/航空,playlist,飛機餐與貴賓室,【Joeman】飛機餐與貴賓室,False,none,0.0,,False,False,,2721820,18325.0,811.0,22,https://www.youtube.com/watch?v=XSzfXoYx0Xg
Ypw2XVpz4a4,【Joeman】220000元的總統套房對決700元的青年旅社！ft.聖結石【Joe是要對決】Ep4,2018-05-12 18:00:05,2018-05-12,2018,18,1370,長片,挑戰/企劃,playlist,Joe是要對決,【Joe是要對決】第一季,False,none,0.0,,False,False,,2735101,27594.0,3712.0,22,https://www.youtube.com/watch?v=Ypw2XVpz4a4
N14t_U0GIAI,【Joeman】24小時都可以租車！租一台休旅車去買家具！ft.iRent,2018-05-11 18:00:04,2018-05-11,2018,18,367,長片,挑戰/企劃,keyword,,,False,none,1.0,品牌官方導流,False,False,,427155,4391.0,475.0,22,https://www.youtube.com/watch?v=N14t_U0GIAI
u4sRWXu87ks,【Joeman】揭曉Youtuber小時候的長相！到底有沒有整型？ft.一堆超紅Youtuber的懷舊星期四,2018-05-10 20:00:09,2018-05-10,2018,20,604,長片,人物/訪談,keyword,,,False,none,0.0,,False,False,,863304,12612.0,625.0,22,https://www.youtube.com/watch?v=u4sRWXu87ks
qOxYKLOG_nA,【Joeman】10000元的虎牌電子鍋 對決2500元的大同電鍋ft.菜喳、瑀熙、郭主義【Joe是要對決】Ep3,2018-05-05 18:00:11,2018-05-05,2018,18,882,長片,挑戰/企劃,playlist,Joe是要對決,【Joe是要對決】第一季,False,none,0.0,,False,False,,889160,15933.0,943.0,22,https://www.youtube.com/watch?v=qOxYKLOG_nA
AYZED_Zx6Hc,【Joeman】超特別的關東煮販賣機！竟然還有榴槤口味的汽水？ft.Ayasa,2018-05-04 18:00:06,2018-05-04,2018,18,649,長片,玩具/收藏,keyword,,,False,none,0.0,,False,False,,333112,3476.0,326.0,22,https://www.youtube.com/watch?v=AYZED_Zx6Hc
Ly0IMZCMG6s,【Joeman】超多A片！一小時400台幣的SOD個人包廂體驗！ft.肯伊斯古德,2018-04-29 18:00:06,2018-04-29,2018,18,686,長片,挑戰/企劃,keyword,,,False,none,0.0,,False,False,,1142773,10998.0,1348.0,22,https://www.youtube.com/watch?v=Ly0IMZCMG6s
iyStz9bZHnY,【Joeman】70000元的藍寶堅尼超跑出租 對決2000元的Toyota平價租車！ft.Andy老爹【Joe是要對決】Ep2,2018-04-28 18:00:08,2018-04-28,2018,18,949,長片,挑戰/企劃,playlist,Joe是要對決,【Joe是要對決】第一季,False,none,0.0,,False,False,,1809332,18588.0,1108.0,22,https://www.youtube.com/watch?v=iyStz9bZHnY
dA0ttQ6lnP4,【Joeman】秋葉原轉蛋！竟然約到日本知名女Youtuber！ft.Ayasa,2018-04-27 18:26:47,2018-04-27,2018,18,608,長片,玩具/收藏,playlist,一起轉蛋去,【Joeman一起轉蛋去】,False,none,0.0,,False,False,,452203,5521.0,545.0,22,https://www.youtube.com/watch?v=dA0ttQ6lnP4
8C_I8pJhfbk,【Joeman】5000元的頂級日本神戶和牛 對決 300元的大賣場肋眼牛排！ft.魚乾、明聰【Joe是要對決】Ep1,2018-04-21 18:03:01,2018-04-21,2018,18,959,長片,挑戰/企劃,playlist,Joe是要對決,【Joe是要對決】第一季,False,none,0.0,,False,False,,2694093,26809.0,1495.0,22,https://www.youtube.com/watch?v=8C_I8pJhfbk
hWe1DAp8GV4,【Joeman】體驗超私密的一對一交友服務！第一次約會就帶回家？,2018-04-20 18:00:06,2018-04-20,2018,18,687,長片,挑戰/企劃,keyword,,,False,none,0.0,,False,False,,877238,9257.0,1520.0,22,https://www.youtube.com/watch?v=hWe1DAp8GV4
3fUgTV6VKDY,【Joeman】這把鍵盤竟然要8000塊！美到令人窒息的Azio復古鍵盤 Retro Classic開箱 Unboxing,2018-04-18 18:00:00,2018-04-18,2018,18,696,長片,3C開箱評測,playlist,Joeman開箱去,【Joeman開箱去】,False,none,0.0,,False,False,,911470,13060.0,985.0,22,https://www.youtube.com/watch?v=3fUgTV6VKDY
3_8ef7xJaaU,【Joeman】這間網咖竟然有4萬台幣的顯卡Titan Xp！還有包廂可以過夜～ROG電競聯盟,2018-04-15 18:00:00,2018-04-15,2018,18,806,長片,日常Vlog,playlist,全世界的網咖體驗,【Joeman】全世界的網咖體驗,False,none,0.0,,False,False,,2314384,23292.0,2418.0,22,https://www.youtube.com/watch?v=3_8ef7xJaaU
bvCQnu2mnfY,【Joeman】來聊聊我的影片類型！為什麼我不乖乖拍開箱就好？網紅觀察室,2018-04-14 18:00:09,2018-04-14,2018,18,739,長片,人物/訪談,playlist,網紅觀察室,Joeman網紅觀察室,False,none,0.0,,False,False,,449877,13894.0,1539.0,22,https://www.youtube.com/watch?v=bvCQnu2mnfY
1CUq9Lq5UEY,【Joeman】24小時來回日本！一日來回東京只為了吃拉麵！,2018-04-13 18:00:00,2018-04-13,2018,18,908,長片,美食,playlist,帶你去吃各地美食,Joeman帶你去吃各地美食,False,none,0.0,,False,False,,2453209,31422.0,3340.0,22,https://www.youtube.com/watch?v=1CUq9Lq5UEY
HIjCZL8BiAo,【Joeman】混入麵店當店員！到底會不會被認出來？ft.丸亀製麵,2018-04-08 18:00:02,2018-04-08,2018,18,795,長片,人物/訪談,keyword,,,False,none,1.0,新品發表用語,False,False,,1146949,14805.0,1128.0,22,https://www.youtube.com/watch?v=HIjCZL8BiAo
aFqfOkXGg58,【Joeman】一個要500台幣的頂級漢堡？來自紐約的超奢華龍蝦堡！ft.咪妃 Luke's lobster,2018-04-05 18:00:01,2018-04-05,2018,18,490,長片,美食,playlist,帶你去吃各地美食,Joeman帶你去吃各地美食,False,none,0.0,,False,False,,664037,6435.0,801.0,22,https://www.youtube.com/watch?v=aFqfOkXGg58
Bog8P_smKlA,【Joeman】Intel第8代處理器大顯神威！超強性能筆電GIGABYTE AERO 15X開箱！(i7-8750H + GTX1070),2018-04-04 12:00:01,2018-04-04,2018,12,637,長片,3C開箱評測,playlist,,【Joeman】筆電開箱,False,none,0.0,,False,False,,362873,4856.0,493.0,22,https://www.youtube.com/watch?v=Bog8P_smKlA
d1PCw1yp4Xc,【Joeman】從沒吃過的超高檔比薩！必勝客海皇干貝鳳梨蝦Pizza試吃！ft.咪妃,2018-04-02 18:00:11,2018-04-02,2018,18,579,長片,美食,playlist,帶你去吃各地美食,Joeman帶你去吃各地美食,False,none,0.0,,False,False,,681102,6296.0,798.0,22,https://www.youtube.com/watch?v=d1PCw1yp4Xc
7Y57gnHTUno,【Joeman】臉紅了～又噴又爽的初體驗！無碼步兵盒子開箱！,2018-04-01 18:00:04,2018-04-01,2018,18,673,長片,3C開箱評測,playlist,Joeman開箱去,【Joeman開箱去】,True,keyword,3.0,電商賣場連結,False,False,,824847,8943.0,1266.0,22,https://www.youtube.com/watch?v=7Y57gnHTUno
35Hj9MAzdPQ,【Joeman】超崩潰企劃！挑戰10倍辣度的一蘭拉麵！ft.咪妃,2018-03-31 18:00:00,2018-03-31,2018,18,354,長片,美食,playlist,帶你去吃各地美食,Joeman帶你去吃各地美食,False,none,0.0,,False,False,,1178179,9332.0,930.0,22,https://www.youtube.com/watch?v=35Hj9MAzdPQ
uvtcxKXU_9k,【Joeman】為了心愛的她！每個晚上都要製造5億！ft.咪妃、阿樂,2018-03-30 19:00:04,2018-03-30,2018,19,194,長片,寵物,keyword,,,False,none,0.0,,False,False,,435088,4806.0,583.0,22,https://www.youtube.com/watch?v=uvtcxKXU_9k
ZGZj3zv5RK8,【Joeman】可以直接穿進海裡的鞋子！Sperry 7Seas挑戰衝浪！ft.Men’s Game,2018-03-28 18:41:20,2018-03-28,2018,18,427,長片,3C開箱評測,playlist,Joeman開箱去,【Joeman開箱去】,False,none,0.0,,False,False,,377076,4758.0,470.0,22,https://www.youtube.com/watch?v=ZGZj3zv5RK8
biDuhz-5ESo,【Joeman】我跟咪妃到底會不會在一起？50萬訂閱Q&A問答企劃！,2018-03-24 18:00:05,2018-03-24,2018,18,767,長片,寵物,keyword,,,False,none,0.0,,False,False,,1578444,18290.0,1717.0,22,https://www.youtube.com/watch?v=biDuhz-5ESo
CEmkNCx5ruA,【Joeman】超酷的椰子汁販賣機！竟然直接整顆椰子在機器裡！ft.可可酒精,2018-03-23 18:00:01,2018-03-23,2018,18,395,長片,3C開箱評測,playlist,Joeman開箱去,【Joeman開箱去】,False,none,0.0,,False,False,,705356,6467.0,366.0,22,https://www.youtube.com/watch?v=CEmkNCx5ruA
w-63QNeJoKM,【Joeman】一罐380元的綠茶真的有比較好喝嗎？伊藤園玉露綠茶開箱！,2018-03-22 18:01:37,2018-03-22,2018,18,389,長片,3C開箱評測,playlist,Joeman開箱去,【Joeman開箱去】,False,none,0.0,,False,False,,640923,6137.0,910.0,22,https://www.youtube.com/watch?v=w-63QNeJoKM
gL4svcBDI0Y,【Joeman】買到盜版的海賊王跟FGO福袋？這個內容物未免也太多了吧！ft.咪妃,2018-03-21 18:00:08,2018-03-21,2018,18,639,長片,3C開箱評測,playlist,,【Joeman】偉哉淘寶！最狂網拍開箱,False,none,0.0,,False,False,,587393,5079.0,591.0,22,https://www.youtube.com/watch?v=gL4svcBDI0Y
uYcmx5Vqu0g,【Joeman】一段沉痛的告白！臉書你可不可以溫柔一點？網紅觀察室,2018-03-18 18:00:21,2018-03-18,2018,18,887,長片,人物/訪談,playlist,網紅觀察室,Joeman網紅觀察室,False,none,0.0,,False,False,,493028,12718.0,1490.0,22,https://www.youtube.com/watch?v=uYcmx5Vqu0g
h0jagPStHlU,【Joeman】超狂惡整！在妹妹房間偷放超害羞的情趣用品！ft.咪妃、阿樂,2018-03-16 18:00:09,2018-03-16,2018,18,831,長片,寵物,keyword,,,False,none,0.0,,False,False,,2995330,21980.0,1710.0,22,https://www.youtube.com/watch?v=h0jagPStHlU
LFY2D-U6XwE,【Joeman】這是廢片！為了全家便利商店的韓式炸雞排隊排到崩潰Q_Q ft.咪妃,2018-03-15 18:00:09,2018-03-15,2018,18,169,長片,寵物,keyword,,,False,none,0.0,,False,False,,402244,4699.0,414.0,22,https://www.youtube.com/watch?v=LFY2D-U6XwE
Xaq04iOJqjY,【Joeman】幫助你走出失戀？超好笑的綠色情人節禮包開箱！ft.咪妃,2018-03-14 18:00:06,2018-03-14,2018,18,632,長片,3C開箱評測,playlist,,【Joeman】偉哉淘寶！最狂網拍開箱,False,none,0.0,,False,False,,685526,7731.0,711.0,22,https://www.youtube.com/watch?v=Xaq04iOJqjY
Y0WUW8UUkLs,【Joeman】超羞恥企劃：如果董卓穿越到台北？,2018-03-12 18:00:05,2018-03-12,2018,18,271,長片,未分類,none,,,False,none,0.0,,False,False,,154430,2291.0,417.0,22,https://www.youtube.com/watch?v=Y0WUW8UUkLs
vPzx9kHeQAs,【Joeman】大陸觀眾對我的評價？竟然出現超傻眼冒牌貨！ft.Bilibili B站,2018-03-10 18:00:04,2018-03-10,2018,18,616,長片,人物/訪談,keyword,,,False,none,0.0,,False,False,,1143040,21522.0,6126.0,22,https://www.youtube.com/watch?v=vPzx9kHeQAs
kgDafQZMuP0,【Joeman】超實用！可以自由改變高度的電動升降桌開箱！FUNTE人體電動工學升降桌,2018-03-09 18:00:04,2018-03-09,2018,18,471,長片,3C開箱評測,playlist,Joeman開箱去,【Joeman開箱去】,False,none,0.0,,False,False,,384070,4361.0,330.0,22,https://www.youtube.com/watch?v=kgDafQZMuP0
AvoS2G9WMP8,【Joeman】超狂整人！喬裝成計程車司機完成超羞恥指令！ft.林辰、博恩,2018-03-08 18:00:03,2018-03-08,2018,18,394,長片,人物/訪談,keyword,,,False,none,0.0,,False,False,,416982,4860.0,330.0,22,https://www.youtube.com/watch?v=AvoS2G9WMP8
JjT3sZmWCHs,【Joeman】台南聖母廟土地公轉蛋！這個出口位置也太害羞了吧～,2018-03-04 18:00:01,2018-03-04,2018,18,269,長片,玩具/收藏,playlist,一起轉蛋去,【Joeman一起轉蛋去】,False,none,0.0,,False,False,,248701,2983.0,333.0,22,https://www.youtube.com/watch?v=JjT3sZmWCHs
cuVnXayR4wc,【Joeman】兩倍速舞蹈挑戰！令人崩潰的國民健康操！,2018-03-03 18:00:02,2018-03-03,2018,18,363,長片,挑戰/企劃,keyword,,,False,none,0.0,,False,False,,223170,4280.0,1330.0,22,https://www.youtube.com/watch?v=cuVnXayR4wc
gC-gzoPD6Is,【Joeman】極度邪惡！台中必吃的三家魯肉飯消夜！ft.魚乾、菜喳、阿晋、咪妃,2018-03-02 18:00:05,2018-03-02,2018,18,604,長片,美食,playlist,帶你去吃各地美食,Joeman帶你去吃各地美食,False,none,0.0,,False,False,,2365853,18421.0,1323.0,22,https://www.youtube.com/watch?v=gC-gzoPD6Is
QC6sOJ032h8,【Joeman】懶人救星！全自動清潔電動刮鬍刀！Braun百靈三系列3090cc開箱,2018-02-28 18:07:14,2018-02-28,2018,18,507,長片,3C開箱評測,playlist,Joeman開箱去,【Joeman開箱去】,False,none,0.0,,False,False,,332486,2432.0,252.0,22,https://www.youtube.com/watch?v=QC6sOJ032h8
Hdh4V_Uk5as,【Joeman】2018最新空拍機！DJI Mavic Air開箱！ft.Men's Game,2018-02-26 18:30:21,2018-02-26,2018,18,604,長片,3C開箱評測,playlist,Joeman開箱去,【Joeman開箱去】,False,none,0.0,,False,False,,494119,4577.0,269.0,22,https://www.youtube.com/watch?v=Hdh4V_Uk5as
fIgncRfM9KE,【Joeman】嘗試把認識不到三天的網婆約出來！結局竟然超展開！,2018-02-24 18:00:03,2018-02-24,2018,18,531,長片,未分類,none,,,False,none,1.0,提及廠商,False,False,,1050116,12997.0,2983.0,22,https://www.youtube.com/watch?v=fIgncRfM9KE
gLwBYTShzB4,【Joeman】都是Youtuber的夾娃娃機店！打扮成貓咪夾娃娃？ft.Ryo、含羞草日記,2018-02-23 18:00:02,2018-02-23,2018,18,415,長片,玩具/收藏,playlist,一起轉蛋去,【Joeman一起轉蛋去】,False,none,0.0,,False,False,,275025,2854.0,151.0,22,https://www.youtube.com/watch?v=gLwBYTShzB4
3l1CIX23mrI,【Joeman】台中逢甲夜市必吃美食！好吃到現場開始調情？ft.咪妃、阿晋,2018-02-19 18:00:00,2018-02-19,2018,18,764,長片,美食,playlist,帶你去吃各地美食,Joeman帶你去吃各地美食,False,none,0.0,,False,False,,1199773,9596.0,785.0,22,https://www.youtube.com/watch?v=3l1CIX23mrI
0smKHQMDCNM,【Joeman】一起轉蛋去！超生火的樂高扭蛋！ft.Ryo,2018-02-18 18:00:00,2018-02-18,2018,18,659,長片,玩具/收藏,playlist,一起轉蛋去,【Joeman一起轉蛋去】,False,none,0.0,,False,False,,314030,2983.0,243.0,22,https://www.youtube.com/watch?v=0smKHQMDCNM
-WEqFzyrbbs,【Joeman】巨大化料理！超爆笑的巨型小豬流沙包！ft.阿晋、魚乾、菜喳、羅伊,2018-02-17 18:00:00,2018-02-17,2018,18,618,長片,人物/訪談,keyword,,,False,none,0.0,,False,False,,387019,4307.0,275.0,22,https://www.youtube.com/watch?v=-WEqFzyrbbs
4Oq2zjt_wTU,【Joeman】幫對方簽注樂透，到底會中多少？ft.咪妃、Neko嗚喵、黑仔熊、黑羽、謙桑,2018-02-16 18:00:00,2018-02-16,2018,18,496,長片,寵物,keyword,,,False,none,0.0,,False,False,,225694,2072.0,163.0,22,https://www.youtube.com/watch?v=4Oq2zjt_wTU
DC7Joo94BAM,【Joeman】40萬訂閱特別企劃！我背後的神秘人物大公開！,2018-02-15 18:00:00,2018-02-15,2018,18,453,長片,未分類,none,,,False,none,0.0,,False,False,,278560,5212.0,381.0,22,https://www.youtube.com/watch?v=DC7Joo94BAM
WziVdoonTCw,【Joeman】偉哉淘寶！閃暴單身狗的情人節小物！ft.咪妃,2018-02-14 18:00:03,2018-02-14,2018,18,337,長片,3C開箱評測,playlist,,【Joeman】偉哉淘寶！最狂網拍開箱,False,none,0.0,,False,False,,358823,4116.0,442.0,22,https://www.youtube.com/watch?v=WziVdoonTCw
aT0k1R2D1-0,【Joeman】百貨公司的門口居然可以撿到紅包！,2018-02-13 18:00:00,2018-02-13,2018,18,425,長片,未分類,none,,,False,none,0.0,,False,False,,300422,4203.0,378.0,22,https://www.youtube.com/watch?v=aT0k1R2D1-0
_BUepsKPoFw,【Joeman】2018面額最大刮刮樂！買了整本的2000元刮刮樂！ft.咪妃,2018-02-10 18:00:02,2018-02-10,2018,18,716,長片,寵物,keyword,,,False,none,0.0,,False,False,,929976,7227.0,839.0,22,https://www.youtube.com/watch?v=_BUepsKPoFw
Djhya5G3BSk,【Joeman】直逼頭等艙的豪華配置！大韓航空商務艙體驗！Korean Air A380 B747 Business Class,2018-02-09 18:00:01,2018-02-09,2018,18,609,長片,旅遊/航空,playlist,飛機餐與貴賓室,【Joeman】飛機餐與貴賓室,False,none,0.0,,False,False,,3597270,27888.0,1070.0,22,https://www.youtube.com/watch?v=Djhya5G3BSk
vdN-Eii2fOw,【Joeman】偉哉淘寶！擁有一切解答的書？答案之書開箱！ft.咪妃、Ryo,2018-02-07 18:00:04,2018-02-07,2018,18,536,長片,3C開箱評測,playlist,,【Joeman】偉哉淘寶！最狂網拍開箱,False,none,0.0,,False,False,,784734,8632.0,623.0,22,https://www.youtube.com/watch?v=vdN-Eii2fOw
7rk7LBAoqzU,【Joeman】超級搶手的7-11福袋開箱！竟然有20包！,2018-02-05 18:13:22,2018-02-05,2018,18,765,長片,3C開箱評測,playlist,Joeman開箱去,【Joeman開箱去】,False,none,0.0,,False,False,,1081688,14072.0,1028.0,22,https://www.youtube.com/watch?v=7rk7LBAoqzU
h2kzp_C9Z6E,【Joeman】幫妹妹回覆粉絲頁私訊！竟然出現超鹹濕對話！ft.咪妃,2018-02-04 18:00:04,2018-02-04,2018,18,825,長片,寵物,keyword,,,True,keyword,3.0,購買行動用語|新品發表用語,False,False,,1686499,14032.0,1018.0,22,https://www.youtube.com/watch?v=h2kzp_C9Z6E
N6cZXZktnO4,【Joeman】萊爾富跟全家福袋大對決！便利商店福袋20包開箱！,2018-02-03 18:00:02,2018-02-03,2018,18,763,長片,3C開箱評測,playlist,Joeman開箱去,【Joeman開箱去】,False,none,0.0,,False,False,,765014,7246.0,932.0,22,https://www.youtube.com/watch?v=N6cZXZktnO4
yxU6xkVSNrc,【Joeman】肥宅大變身！修圖修成這樣可以直接出道了吧？韓國沙龍照體驗！,2018-02-02 18:00:04,2018-02-02,2018,18,563,長片,挑戰/企劃,keyword,,,False,none,0.0,,False,False,,339421,4794.0,392.0,22,https://www.youtube.com/watch?v=yxU6xkVSNrc
fBraVQd5T7k,【Joeman】偉哉淘寶！看起來是杯子，實際用途卻有點害羞...ft.咪妃,2018-01-31 18:00:07,2018-01-31,2018,18,450,長片,3C開箱評測,playlist,,【Joeman】偉哉淘寶！最狂網拍開箱,False,none,0.0,,False,False,,734673,5929.0,408.0,22,https://www.youtube.com/watch?v=fBraVQd5T7k
q2s47_57U1k,【Joeman】一起組電腦！台幣2萬到8萬元的電腦菜單！,2018-01-30 18:00:02,2018-01-30,2018,18,1367,長片,3C開箱評測,playlist,Joeman開箱去,【Joeman開箱去】,False,none,0.0,,False,False,,1108051,13303.0,2956.0,22,https://www.youtube.com/watch?v=q2s47_57U1k
bPJ3Fzd_T-U,【Joeman】給妹妹3000元在萬年大樓隨便花！結果竟然買了一堆色情書刊？ft.咪妃、Ryo,2018-01-28 18:00:02,2018-01-28,2018,18,480,長片,寵物,keyword,,,False,none,0.0,,False,False,,1365045,12878.0,891.0,22,https://www.youtube.com/watch?v=bPJ3Fzd_T-U
vU6glnBBXqE,【Joeman】性價比最好的全面屏手機！只要$3999的紅米5開箱！,2018-01-27 18:00:03,2018-01-27,2018,18,561,長片,3C開箱評測,playlist,Joeman開箱去,【Joeman開箱去】,False,none,0.0,,False,False,,593925,5198.0,1489.0,22,https://www.youtube.com/watch?v=vU6glnBBXqE
L44FI_1y7RQ,【Joeman】根本買不完？一次開箱四個超可愛的動物立體拼圖！Jigzle 3D木拼圖,2018-01-26 18:00:01,2018-01-26,2018,18,470,長片,3C開箱評測,playlist,Joeman開箱去,【Joeman開箱去】,True,keyword,6.0,致謝贊助句型|直接提及贊助方,False,False,,142472,2635.0,166.0,22,https://www.youtube.com/watch?v=L44FI_1y7RQ
O0Wj0mzq9VE,【Joeman】能隨時監控喝水狀態的保溫瓶！DrinKup智慧保溫瓶開箱,2018-01-25 18:00:01,2018-01-25,2018,18,404,長片,3C開箱評測,playlist,Joeman開箱去,【Joeman開箱去】,False,none,0.0,,False,False,,279105,3666.0,324.0,22,https://www.youtube.com/watch?v=O0Wj0mzq9VE
qG2ZiOnls1M,【Joeman】偉哉淘寶！皇帝穿的龍袍竟然只要500塊? ft.咪妃、Ryo,2018-01-24 18:00:02,2018-01-24,2018,18,631,長片,3C開箱評測,playlist,Joeman開箱去,【Joeman】偉哉淘寶！最狂網拍開箱|【Joeman開箱去】,False,none,0.0,,False,False,,622655,7285.0,793.0,22,https://www.youtube.com/watch?v=qG2ZiOnls1M
GmpeliHmNhQ,【Joeman】在機場坐高爾夫球車！完全不用排隊的禮遇通關體驗！,2018-01-22 18:00:01,2018-01-22,2018,18,370,長片,旅遊/航空,playlist,飛機餐與貴賓室,【Joeman】飛機餐與貴賓室,False,none,0.0,,False,False,,688578,7454.0,350.0,22,https://www.youtube.com/watch?v=GmpeliHmNhQ
vTVwIhJoejk,【Joeman】台南布丁大對決！到底哪家最好吃？ft.咪妃 (依蕾特、紅磚、吃麵吧、櫻波),2018-01-21 18:00:05,2018-01-21,2018,18,652,長片,美食,playlist,帶你去吃各地美食,Joeman帶你去吃各地美食,False,none,0.0,,False,False,,559998,4583.0,571.0,22,https://www.youtube.com/watch?v=vTVwIhJoejk
vaWKlwOrgts,【Joeman】信仰值滿點的PUBG吃雞特仕機！一次開箱超多ROG產品！,2018-01-20 18:00:07,2018-01-20,2018,18,741,長片,3C開箱評測,playlist,Joeman開箱去,【Joeman開箱去】,False,none,0.0,,False,False,,522864,5023.0,544.0,22,https://www.youtube.com/watch?v=vaWKlwOrgts
SNhua9p8QGk,【Joeman】好吃到可以勾引少女回房間？韓國必買零食推薦！ft.愛莉莎莎,2018-01-19 18:00:02,2018-01-19,2018,18,826,長片,3C開箱評測,playlist,Joeman開箱去,Joeman帶你去吃各地美食|【Joeman開箱去】,False,none,0.0,,False,False,,680238,7236.0,538.0,22,https://www.youtube.com/watch?v=SNhua9p8QGk
BmQ5l042_78,【Joeman】世界前50名的個人電腦？超頂級顯卡Titan Xp星際大戰典藏版開箱！,2018-01-17 18:00:01,2018-01-17,2018,18,478,長片,3C開箱評測,playlist,Joeman開箱去,【Joeman開箱去】,False,none,0.0,,False,False,,582473,5810.0,461.0,22,https://www.youtube.com/watch?v=BmQ5l042_78
mffCD2M5rtM,【Joeman】韓國明洞夜市小吃體驗！竟然有焗烤龍蝦！,2018-01-14 18:00:06,2018-01-14,2018,18,607,長片,美食,keyword,,,False,none,0.0,,False,False,,1592055,11133.0,944.0,22,https://www.youtube.com/watch?v=mffCD2M5rtM
fpbJNx3u8DA,【Joeman】在韓國體驗神級大頭照！竟然連西裝都可以合成上去！,2018-01-13 18:00:03,2018-01-13,2018,18,298,長片,挑戰/企劃,keyword,,,False,none,0.0,,False,False,,259736,3903.0,450.0,22,https://www.youtube.com/watch?v=fpbJNx3u8DA
_Ppxac4LAzQ,【Joeman】流言破解！交友販賣機到底能不能約妹出來？ft.咪妃,2018-01-10 19:58:21,2018-01-10,2018,19,819,長片,玩具/收藏,keyword,,,False,none,0.0,,False,False,,1786007,15513.0,1390.0,22,https://www.youtube.com/watch?v=_Ppxac4LAzQ
HpY2A3CM0WI,【Joeman】四層樓高的巨型扭蛋機？淡水超大轉蛋體驗！ft.咪妃,2018-01-08 18:00:00,2018-01-08,2018,18,539,長片,玩具/收藏,playlist,一起轉蛋去,【Joeman一起轉蛋去】,False,none,0.0,,False,False,,613125,5335.0,446.0,22,https://www.youtube.com/watch?v=HpY2A3CM0WI
MeAplifMdRU,【Joeman】上課偷玩再也不會被抓？要價1000塊的紓壓筆開箱！ft.黑仔熊,2018-01-07 18:00:02,2018-01-07,2018,18,351,長片,3C開箱評測,keyword,,,False,none,0.0,,False,False,,463975,4668.0,423.0,22,https://www.youtube.com/watch?v=MeAplifMdRU
85SVBp0KkYk,【Joeman】載片神器！高達12TB的硬碟開箱！Seagate那嘶狼硬碟開箱 AKiTiO 鐵甲武士 ft.黑仔熊,2018-01-06 18:12:48,2018-01-06,2018,18,610,長片,3C開箱評測,playlist,Joeman開箱去,【Joeman開箱去】,False,none,0.0,,False,False,,313195,4301.0,347.0,22,https://www.youtube.com/watch?v=85SVBp0KkYk
SDynekmtAKA,颱風天吃麥當勞！最頂級的漢堡？BLT安格斯黑牛堡試吃！,2018-01-03 18:00:02,2018-01-03,2018,18,185,長片,美食,keyword,,,False,none,0.0,,False,False,,297363,3415.0,484.0,22,https://www.youtube.com/watch?v=SDynekmtAKA
t5MhdpIIULw,【Joeman】超可愛～幫家裡的貓打造專屬移動床鋪！,2018-01-02 18:00:07,2018-01-02,2018,18,601,長片,寵物,playlist,,【Joeman】我的貓咪小公主,False,none,0.0,,False,False,,478583,8130.0,477.0,22,https://www.youtube.com/watch?v=t5MhdpIIULw
rejP68_1VcI,【Joeman】重回地下街轉蛋！竟露出變態本性？ft.瑀熙,2018-01-01 18:00:08,2018-01-01,2018,18,731,長片,玩具/收藏,title_series,一起轉蛋去,,False,none,0.0,,False,False,,707059,5477.0,305.0,22,https://www.youtube.com/watch?v=rejP68_1VcI
fGSiSRhPkyA,【Joeman】收入暴增兩三倍？放棄醫生職位的直播主！77老大專訪,2017-12-31 18:00:02,2017-12-31,2017,18,293,長片,人物/訪談,playlist,九件事,【Joeman九件事】第二季精華,False,none,0.0,,False,False,,474569,5779.0,290.0,22,https://www.youtube.com/watch?v=fGSiSRhPkyA
nsWuy9DflLE,【Joeman】在飛機上吃米其林懷石料理！長榮蛋黃哥商務艙體驗 Eva Air Gudetama  Business Class Kaiseki,2017-12-30 18:59:56,2017-12-30,2017,18,351,長片,旅遊/航空,playlist,飛機餐與貴賓室,【Joeman】飛機餐與貴賓室,False,none,0.0,,False,False,,1904304,15331.0,365.0,22,https://www.youtube.com/watch?v=nsWuy9DflLE
Bcrpn7tkoy0,【Joeman】在妹妹的建議下終於脫魯了！成為陽光男孩的方法！ft.咪妃,2017-12-29 18:00:00,2017-12-29,2017,18,146,長片,寵物,keyword,,,False,none,0.0,,False,False,,267682,3295.0,581.0,22,https://www.youtube.com/watch?v=Bcrpn7tkoy0
d7U0By1Fi4k,【Joeman】三星寄了一台超夢幻螢幕給我！全世界最寬的曲面螢幕開箱！Samsung CHG90 32:9 Super Ultra-wide monitor unboxing,2017-12-28 18:00:03,2017-12-28,2017,18,533,長片,3C開箱評測,playlist,Joeman開箱去,【Joeman開箱去】,False,none,0.0,,False,False,,1250269,15864.0,1159.0,22,https://www.youtube.com/watch?v=d7U0By1Fi4k
O4fFZH6Uczw,【Joeman】最薄的雙GTX1070筆電？技嘉AORUS X9電競筆電開箱！Gigabyte X9 Unboxing,2017-12-24 18:07:53,2017-12-24,2017,18,701,長片,3C開箱評測,playlist,,【Joeman】筆電開箱,False,none,0.0,,False,False,,329855,3149.0,401.0,22,https://www.youtube.com/watch?v=O4fFZH6Uczw
A22tHrQKL3s,【Joeman】聖誕節交換禮物差點把頻道毀了！？ft.解婕翎、屎萊姆、凱洛、黑羽、頑game、裴薇、黑仔熊、星培,2017-12-23 17:01:40,2017-12-23,2017,17,417,長片,3C開箱評測,playlist,Joeman開箱去,【Joeman開箱去】,False,none,0.0,,False,False,,781917,5999.0,227.0,22,https://www.youtube.com/watch?v=A22tHrQKL3s
tEkapo_gcUU,【Joeman】超崩潰！跟正妹聊天到一半竟然變成偽娘！ft.咪妃,2017-12-22 18:05:16,2017-12-22,2017,18,643,長片,寵物,keyword,,,False,none,0.0,,False,False,,442477,6454.0,560.0,22,https://www.youtube.com/watch?v=tEkapo_gcUU
OAA1WNJ67PA,【Joeman】四萬塊的手機真的值得嗎？iPhone X 心得分享開箱,2017-12-18 18:30:39,2017-12-18,2017,18,677,長片,3C開箱評測,playlist,Joeman開箱去,【Joeman開箱去】,False,none,0.0,,False,False,,1323421,13338.0,2465.0,22,https://www.youtube.com/watch?v=OAA1WNJ67PA
HVaUSn4wBM0,【Joeman】獨樹一格的巫毒電競風！HP OMEN 15 開箱！,2017-12-17 18:00:04,2017-12-17,2017,18,657,長片,3C開箱評測,playlist,,【Joeman】筆電開箱,False,none,0.0,,False,False,,250612,2495.0,330.0,22,https://www.youtube.com/watch?v=HVaUSn4wBM0
MaLhp45w_Pg,【Joeman】花台幣15000在線上夾娃娃機店上到底能夾多少？抓樂霸APP,2017-12-16 18:00:01,2017-12-16,2017,18,894,長片,玩具/收藏,playlist,Joeman夾娃娃,【Joeman夾娃娃】,False,none,0.0,,False,False,,1122205,10385.0,833.0,22,https://www.youtube.com/watch?v=MaLhp45w_Pg
rS2mdMF6zSI,【Joeman】多年前的超經典滑鼠終於有續作！微軟經典閃靈鯊開箱,2017-12-15 18:00:03,2017-12-15,2017,18,284,長片,3C開箱評測,playlist,Joeman開箱去,【Joeman開箱去】,False,none,0.0,,False,False,,183538,2869.0,245.0,22,https://www.youtube.com/watch?v=rS2mdMF6zSI
aDwuUoimcIo,【Joeman】寵物飲水機與智慧型餵貓盆開箱！Petkit小佩,2017-12-10 18:00:01,2017-12-10,2017,18,650,長片,寵物,playlist,,【Joeman】我的貓咪小公主,False,none,0.0,,False,False,,425675,4282.0,297.0,22,https://www.youtube.com/watch?v=aDwuUoimcIo
JfCAKrJdUzk,【Joeman】台灣百萬Youtuber星光大道訪談！(ft.蔡阿嘎、阿神、阿滴、魚乾、菜喳、放火、安啾、眾量級、小玉、白癡公主、尊),2017-12-09 15:05:43,2017-12-09,2017,15,633,長片,人物/訪談,playlist,九件事,【Joeman九件事】第二季精華,False,none,0.0,,False,False,,1577056,21831.0,1740.0,22,https://www.youtube.com/watch?v=JfCAKrJdUzk
4_SrVvL6EWE,【Joeman】超大型倫敦巴士扭蛋機！一口氣轉30顆! ft.瑀熙,2017-12-08 20:18:16,2017-12-08,2017,20,670,長片,玩具/收藏,playlist,一起轉蛋去,【Joeman一起轉蛋去】,False,none,0.0,,False,False,,855587,8282.0,525.0,22,https://www.youtube.com/watch?v=4_SrVvL6EWE
OQd2uzgKhrg,【Joeman】整杯都是料!台南熱門人氣飲料店：第一站、東洲、甜又鮮 ft.瑀熙,2017-12-03 18:12:36,2017-12-03,2017,18,606,長片,人物/訪談,keyword,,,False,none,0.0,,False,False,,759889,6881.0,1140.0,22,https://www.youtube.com/watch?v=OQd2uzgKhrg
_eX0EUe-meU,【Joeman】兩張GTX1070雙顯卡與機械鍵盤的夢幻結合！GT75VR Titan開箱,2017-12-02 18:00:05,2017-12-02,2017,18,806,長片,3C開箱評測,playlist,,【Joeman】筆電開箱,False,none,0.0,,False,False,,361840,3385.0,472.0,22,https://www.youtube.com/watch?v=_eX0EUe-meU
qrRyKwR7REI,【Joeman】台北必吃的三家拉麵店：一幻、Nagi、屯京 (ft.咪妃、瑀熙),2017-12-01 18:00:07,2017-12-01,2017,18,713,長片,美食,playlist,帶你去吃各地美食,Joeman帶你去吃各地美食,False,none,0.0,,False,False,,886609,5820.0,769.0,22,https://www.youtube.com/watch?v=qrRyKwR7REI
ewJIgpFRrw8,【Joeman】用貓臉來解鎖iPhoneX？賓士貓能否被Face ID記住？,2017-11-28 18:00:01,2017-11-28,2017,18,168,長片,3C開箱評測,playlist,Joeman開箱去,【Joeman】我的貓咪小公主|【Joeman開箱去】,False,none,0.0,,False,False,,251531,3095.0,282.0,22,https://www.youtube.com/watch?v=ewJIgpFRrw8
BROyQTDpMjI,【Joeman】專為遊戲打造的頂級手機！雷蛇手機 Razer Phone 開箱！ft.懶貓、小葵,2017-11-27 18:00:00,2017-11-27,2017,18,953,長片,3C開箱評測,playlist,Joeman開箱去,【Joeman開箱去】,False,none,0.0,,False,False,,2047666,18912.0,3241.0,22,https://www.youtube.com/watch?v=BROyQTDpMjI
n_6a9K-6-Ak,【Joeman】幫廣播劇進行配音！內容超有病！ft.Ryo,2017-11-26 18:00:03,2017-11-26,2017,18,493,長片,人物/訪談,keyword,,,False,none,0.0,,False,False,,111761,1569.0,145.0,22,https://www.youtube.com/watch?v=n_6a9K-6-Ak
VwQjFOAH-7g,【Joeman】超療癒的立體拼圖！手工還原迷你倫敦～Jigzle城市系列,2017-11-25 18:00:02,2017-11-25,2017,18,530,長片,3C開箱評測,playlist,Joeman開箱去,【Joeman開箱去】,False,none,0.0,,False,False,,196246,2670.0,127.0,22,https://www.youtube.com/watch?v=VwQjFOAH-7g
7ytD2mi2NhI,【Joeman】幫妹妹刮毛！妹妹竟然毫無感覺？ft.咪妃,2017-11-24 18:00:01,2017-11-24,2017,18,432,長片,寵物,keyword,,,True,keyword,3.0,電商賣場連結,False,False,,838866,5518.0,587.0,22,https://www.youtube.com/watch?v=7ytD2mi2NhI
MgPq9HpZj3Y,【Joeman】NVIDIA Wirforce 2017武力展示！直擊全世界最強卡王！,2017-11-24 13:16:48,2017-11-24,2017,13,200,長片,3C開箱評測,playlist,Joeman開箱去,【Joeman開箱去】,False,none,0.0,,False,False,,160826,2122.0,625.0,22,https://www.youtube.com/watch?v=MgPq9HpZj3Y
GRd6LLt20Ew,【Joeman】土耳其航空經濟艙飛機餐！竟然出現一堆泥狀物料理？,2017-11-22 18:00:02,2017-11-22,2017,18,204,長片,旅遊/航空,playlist,飛機餐與貴賓室,【Joeman】飛機餐與貴賓室,False,none,0.0,,False,False,,1159958,8296.0,311.0,22,https://www.youtube.com/watch?v=GRd6LLt20Ew
cabzUqnj_-o,【Joeman】這些零食根本在報復社會！香菜零食大開箱！ft.解婕翎、瑀熙,2017-11-21 18:00:02,2017-11-21,2017,18,645,長片,3C開箱評測,playlist,Joeman開箱去,【Joeman開箱去】,False,none,0.0,,False,False,,256439,2127.0,291.0,22,https://www.youtube.com/watch?v=cabzUqnj_-o
kpfdr4lcbss,【Joeman】高性價比輕薄筆電！Acer Spin5開箱！(第八代Intel i5 + GTX1050),2017-11-20 18:04:56,2017-11-20,2017,18,668,長片,3C開箱評測,playlist,Joeman開箱去,【Joeman】筆電開箱|【Joeman開箱去】,False,none,0.0,,False,False,,339311,3151.0,460.0,22,https://www.youtube.com/watch?v=kpfdr4lcbss
ZRaaSouGxWo,【Joeman】買到信用卡被鎖起來！暴雪嘉年華戰利品開箱！ft.咪妃,2017-11-19 18:00:05,2017-11-19,2017,18,879,長片,3C開箱評測,playlist,Joeman開箱去,【Joeman開箱去】,False,none,0.0,,False,False,,760461,8834.0,497.0,22,https://www.youtube.com/watch?v=ZRaaSouGxWo
0P5M0JFuRE0,【Joeman】一生中必定要來一次的暴雪嘉年華Blizzcon！,2017-11-18 18:00:01,2017-11-18,2017,18,435,長片,電競賽事,keyword,,,False,none,0.0,,False,False,,161709,2091.0,203.0,22,https://www.youtube.com/watch?v=0P5M0JFuRE0
CRXm8J2JS5g,【Joeman】挑戰美國夾娃娃！超佛心機臺一道就出貨！ft.解婕翎,2017-11-17 18:12:31,2017-11-17,2017,18,665,長片,玩具/收藏,playlist,Joeman夾娃娃,【Joeman夾娃娃】,False,none,0.0,,False,False,,1311213,6322.0,280.0,22,https://www.youtube.com/watch?v=CRXm8J2JS5g
xZLLa3lMxlE,【Joeman】美國三家必吃的漢堡店！(father's office、Umami Burger、Carl's Jr) ft.解婕翎,2017-11-16 18:00:08,2017-11-16,2017,18,823,長片,美食,playlist,帶你去吃各地美食,Joeman帶你去吃各地美食,False,none,0.0,,False,False,,495878,4800.0,392.0,22,https://www.youtube.com/watch?v=xZLLa3lMxlE
EDjwSZOr4rA,【Joeman】許多人不知道的隱藏服務！在桃園機場免費兌換千元大餐！,2017-11-15 18:00:00,2017-11-15,2017,18,224,長片,旅遊/航空,playlist,飛機餐與貴賓室,【Joeman】飛機餐與貴賓室,False,none,0.0,,False,False,,876473,6827.0,189.0,22,https://www.youtube.com/watch?v=EDjwSZOr4rA
2oMf5H7hSM8,【Joeman】用酷碼H500P機殼改裝成超帥的源式造型主機！ft.劉萱,2017-11-14 18:00:00,2017-11-14,2017,18,664,長片,3C開箱評測,playlist,Joeman開箱去,【Joeman開箱去】,False,none,0.0,,False,False,,438374,3238.0,416.0,22,https://www.youtube.com/watch?v=2oMf5H7hSM8
5yCJSF9U60o,【Joeman】超寬49吋螢幕加超佛價格！這間網咖到底要逼死誰？,2017-11-13 18:00:00,2017-11-13,2017,18,651,長片,日常Vlog,playlist,全世界的網咖體驗,【Joeman】全世界的網咖體驗,False,none,0.0,,False,False,,964879,10645.0,1130.0,22,https://www.youtube.com/watch?v=5yCJSF9U60o
d4rt1NdWazw,【Joeman】被超多女高中生包圍！超青春的臺中國際踩舞祭,2017-11-12 18:00:01,2017-11-12,2017,18,580,長片,未分類,none,,,False,none,0.0,,False,False,,225283,3629.0,429.0,22,https://www.youtube.com/watch?v=d4rt1NdWazw
m-xUa-J5Njc,【Joeman】超羞恥！把百元販賣機抽到的東西現場賣給路人！ft.盛夏微涼、可可酒精、黑羽,2017-11-11 18:00:03,2017-11-11,2017,18,704,長片,玩具/收藏,playlist,百元販賣機,【Joeman百元販賣機】,False,none,0.0,,False,False,,257162,2160.0,234.0,22,https://www.youtube.com/watch?v=m-xUa-J5Njc
wVE-hSewOq0,【Joeman九件事】聖結石退團後的心路歷程！頑Game專訪,2017-11-10 18:00:04,2017-11-10,2017,18,1224,長片,人物/訪談,playlist,九件事,【Joeman九件事】第二季精華,False,none,0.0,,False,False,,461010,6575.0,811.0,22,https://www.youtube.com/watch?v=wVE-hSewOq0
NdCJ15dkh-Y,【Joeman】淘寶天貓超好買！實用小物超便宜～我的背景終於有顏色了,2017-11-09 18:35:05,2017-11-09,2017,18,332,長片,3C開箱評測,playlist,Joeman開箱去,【Joeman開箱去】,True,keyword,3.0,產品導流連結,False,False,,217058,2240.0,286.0,22,https://www.youtube.com/watch?v=NdCJ15dkh-Y
sZRCiezYKLM,【Joeman】在日本買了女高中生的原味內褲，打開後超震驚！ft.解婕翎,2017-11-08 18:00:03,2017-11-08,2017,18,621,長片,玩具/收藏,playlist,一起轉蛋去,【Joeman一起轉蛋去】,False,none,0.0,,False,False,,1209722,8290.0,1066.0,22,https://www.youtube.com/watch?v=sZRCiezYKLM
0gYTNN7RAjY,【Joeman】日本秋葉原超大型轉蛋店！竟然出現滯銷10幾年的扭蛋？ft.肯伊斯古德,2017-11-07 18:00:00,2017-11-07,2017,18,808,長片,玩具/收藏,playlist,一起轉蛋去,【Joeman一起轉蛋去】,False,none,0.0,,False,False,,782838,7145.0,470.0,22,https://www.youtube.com/watch?v=0gYTNN7RAjY
1eSZLvbHekA,【Joeman】體驗日本最擠的電車路線！一不小心就變癡漢？ft.肯伊斯古德,2017-11-06 18:00:01,2017-11-06,2017,18,626,長片,挑戰/企劃,keyword,,,False,none,0.0,,False,False,,669101,6128.0,634.0,22,https://www.youtube.com/watch?v=1eSZLvbHekA
NZgAEQjxI0w,【Joeman】體驗東京超美景五星級飯店！竟然住在天皇隔壁？,2017-11-05 18:00:06,2017-11-05,2017,18,759,長片,挑戰/企劃,keyword,,,False,none,0.0,,False,False,,914580,9378.0,657.0,22,https://www.youtube.com/watch?v=NZgAEQjxI0w
x3NoBHvaowQ,【Joeman】全世界最大夾娃娃機店！100日圓就出貨！？ (ft.肯伊斯古德),2017-11-04 18:00:05,2017-11-04,2017,18,761,長片,玩具/收藏,playlist,Joeman夾娃娃,【Joeman夾娃娃】,False,none,0.0,,False,False,,1077313,5903.0,276.0,22,https://www.youtube.com/watch?v=x3NoBHvaowQ
69k24LCaVkg,【Joeman九件事】他竟然擁有六成的女性觀眾！林辰專訪,2017-11-03 18:16:14,2017-11-03,2017,18,1090,長片,人物/訪談,playlist,九件事,【Joeman九件事】第二季精華,False,none,0.0,,False,False,,141692,2326.0,210.0,22,https://www.youtube.com/watch?v=69k24LCaVkg
YX230Pq7T1w,【Joeman】東京租車體驗！過路費比租車還貴？(ft.肯伊斯古德),2017-11-02 18:00:01,2017-11-02,2017,18,775,長片,挑戰/企劃,keyword,,,False,none,0.0,,False,False,,346303,3066.0,320.0,22,https://www.youtube.com/watch?v=YX230Pq7T1w
gDihfbThVOA,【Joeman】幫正妹試穿衣服配音！Wirforce衣服開箱！(ft.Sandy),2017-10-29 18:00:03,2017-10-29,2017,18,407,長片,3C開箱評測,playlist,Joeman開箱去,【Joeman開箱去】,True,keyword,2.0,購買行動用語,False,False,,198771,2166.0,219.0,22,https://www.youtube.com/watch?v=gDihfbThVOA
rWxwFpJcFFk,【Joeman】夾娃娃機裡的藍芽喇叭大評比！一次開箱五顆藍芽喇叭！(ft. BoboTV),2017-10-28 18:00:04,2017-10-28,2017,18,941,長片,3C開箱評測,playlist,Joeman開箱去,【Joeman夾娃娃】|【Joeman開箱去】,False,none,0.0,,False,False,,751510,5065.0,643.0,22,https://www.youtube.com/watch?v=rWxwFpJcFFk
VsEwYQl1EQQ,【Joeman九件事】菜喳終於說出真心話？魚乾專訪,2017-10-27 22:20:15,2017-10-27,2017,22,1316,長片,人物/訪談,playlist,九件事,【Joeman九件事】第二季精華,False,none,0.0,,False,False,,865577,13129.0,686.0,22,https://www.youtube.com/watch?v=VsEwYQl1EQQ
A5TQxgxBqsU,【Joeman】深夜禁止！美國必吃的三家連鎖速食店！(In & Out、Jack in the box、Taco Bell),2017-10-26 18:00:01,2017-10-26,2017,18,671,長片,美食,playlist,帶你去吃各地美食,Joeman帶你去吃各地美食|Joeman帶你去吃各地美食,False,none,0.0,,False,False,,1046643,8185.0,946.0,22,https://www.youtube.com/watch?v=A5TQxgxBqsU
5exKZ2QZqwg,【Joeman】台灣史上最大鋼彈展！竟然出現要價24萬的鋼彈！,2017-10-24 18:00:00,2017-10-24,2017,18,263,長片,未分類,none,,,False,none,1.0,品牌官方導流,False,False,,205223,2345.0,225.0,22,https://www.youtube.com/watch?v=5exKZ2QZqwg
VawTdGA2jE4,【Joeman】夾娃娃機新手入門攻略！台北的機台真的比較難嗎？(ft. BoboTV),2017-10-23 18:00:02,2017-10-23,2017,18,919,長片,玩具/收藏,playlist,Joeman夾娃娃,【Joeman夾娃娃】,False,none,0.0,,False,False,,1263108,8373.0,442.0,22,https://www.youtube.com/watch?v=VawTdGA2jE4
jEjRFBpQ9EA,【Joeman】性價比與舒適性兼具！HyperX Cloud Silver電競耳機開箱！ft.妮妮 Niniko,2017-10-22 18:00:07,2017-10-22,2017,18,558,長片,電競賽事,keyword,,,True,keyword,2.0,購買行動用語,False,False,,261278,2535.0,422.0,22,https://www.youtube.com/watch?v=jEjRFBpQ9EA
Z2y80Y8aFIw,【Joeman】把家中網路升級300M跟MOD電影體驗！下載GTA5只要30分鐘？,2017-10-21 18:00:05,2017-10-21,2017,18,602,長片,挑戰/企劃,keyword,,,False,none,0.0,,False,False,,544535,4991.0,1199.0,22,https://www.youtube.com/watch?v=Z2y80Y8aFIw
bsdTMJbgJ6k,【Joeman九件事】台灣網路第一說書人 囧星人專訪,2017-10-20 18:51:17,2017-10-20,2017,18,1221,長片,人物/訪談,playlist,九件事,【Joeman九件事】第二季精華,False,none,0.0,,False,False,,129723,2782.0,274.0,22,https://www.youtube.com/watch?v=bsdTMJbgJ6k
M6CPdl__m84,【Joeman】美國洛杉磯網咖體驗！網路速度慢到難以置信！,2017-10-18 18:00:03,2017-10-18,2017,18,393,長片,日常Vlog,playlist,全世界的網咖體驗,【Joeman】全世界的網咖體驗,False,none,0.0,,False,False,,559847,4493.0,970.0,22,https://www.youtube.com/watch?v=M6CPdl__m84
QJPmI0YP3Ag,【Joeman】在飛機上吃燭光晚餐！土耳其航空商務艙體驗！(English subtitles),2017-10-16 00:23:00,2017-10-16,2017,0,601,長片,旅遊/航空,playlist,飛機餐與貴賓室,【Joeman】飛機餐與貴賓室,False,none,0.0,,False,False,,3081549,22144.0,733.0,22,https://www.youtube.com/watch?v=QJPmI0YP3Ag
30fg_vgQvD4,【Joeman】超美的全彩德國Cherry軸鍵盤！芝奇KM780 RGB茶軸開箱！,2017-10-14 18:00:01,2017-10-14,2017,18,817,長片,3C開箱評測,playlist,Joeman開箱去,【Joeman開箱去】,False,none,0.0,,False,False,,626992,5603.0,601.0,22,https://www.youtube.com/watch?v=30fg_vgQvD4
bxidkpUBVIU,【Joeman九件事】19歲就爆紅的實況主！超負荷專訪,2017-10-13 19:51:27,2017-10-13,2017,19,971,長片,人物/訪談,playlist,九件事,【Joeman九件事】第二季精華,False,none,0.0,,False,False,,311951,3557.0,614.0,22,https://www.youtube.com/watch?v=bxidkpUBVIU
fgJEzUwG_0c,【Joeman】超狂鮪魚肚腰包!西門町街頭羞恥開箱! （ft.黑羽、可可酒精、ryo）,2017-10-12 18:00:07,2017-10-12,2017,18,181,長片,3C開箱評測,playlist,Joeman開箱去,【Joeman開箱去】,False,none,0.0,,False,False,,274318,2970.0,179.0,22,https://www.youtube.com/watch?v=fgJEzUwG_0c
s-wrBC0CbDw,【Joeman】極度機密！要怎麼樣才能上Youtube發燒影片？網紅觀察室,2017-10-09 21:20:41,2017-10-09,2017,21,917,長片,人物/訪談,playlist,網紅觀察室,Joeman網紅觀察室,False,none,0.0,,False,False,,353466,6925.0,959.0,22,https://www.youtube.com/watch?v=s-wrBC0CbDw
PFuV00ybEjc,【Joeman】超大型電腦支架！Wirforce機甲堡壘開箱！,2017-10-08 18:04:28,2017-10-08,2017,18,522,長片,3C開箱評測,playlist,Joeman開箱去,【Joeman開箱去】,False,none,1.0,品牌官方導流,False,False,,318663,3404.0,470.0,22,https://www.youtube.com/watch?v=PFuV00ybEjc
MRaJ47qFVXE,【Joeman】出國前吃碗現做的牛肉麵！華航貴賓室體驗！,2017-10-07 18:00:01,2017-10-07,2017,18,204,長片,旅遊/航空,playlist,飛機餐與貴賓室,【Joeman】飛機餐與貴賓室,False,none,0.0,,False,False,,1182765,8628.0,294.0,22,https://www.youtube.com/watch?v=MRaJ47qFVXE
7My-sdXv__w,【Joeman九件事】尺度最大的搞笑團體！反骨男孩Wackyboys專訪,2017-10-06 18:09:53,2017-10-06,2017,18,961,長片,人物/訪談,playlist,九件事,【Joeman九件事】第二季精華,False,none,0.0,,False,False,,1127262,9886.0,393.0,22,https://www.youtube.com/watch?v=7My-sdXv__w
cOF6N4Ut8Z0,【Joeman】義美厚奶茶真的值得搶購嗎？市售奶茶大評比！,2017-10-05 18:00:05,2017-10-05,2017,18,522,長片,3C開箱評測,playlist,Joeman開箱去,【Joeman開箱去】,False,none,0.0,,False,False,,833644,7458.0,1362.0,22,https://www.youtube.com/watch?v=cOF6N4Ut8Z0
o_NujHwIkW4,【Joeman】長榮皇璽桂冠艙體驗！在飛機上吃龍蝦！(商務艙),2017-10-04 12:00:01,2017-10-04,2017,12,621,長片,旅遊/航空,playlist,飛機餐與貴賓室,【Joeman】飛機餐與貴賓室,False,none,0.0,,False,False,,5472517,43893.0,1477.0,22,https://www.youtube.com/watch?v=o_NujHwIkW4
KvoqlA_-h5g,【Joeman】在土耳其被丟包的荒謬故事！竟免費住到溫泉會館！,2017-10-01 18:00:01,2017-10-01,2017,18,655,長片,未分類,none,,,False,none,0.0,,False,False,,891921,8769.0,767.0,22,https://www.youtube.com/watch?v=KvoqlA_-h5g
0kFCq_sdzgw,【Joeman】整罐養樂多丟進綠茶裡？超狂飲料店多多茶坊！(ft.Aries 艾瑞絲),2017-09-30 18:00:01,2017-09-30,2017,18,455,長片,3C開箱評測,playlist,Joeman開箱去,【Joeman開箱去】,False,none,0.0,,False,False,,1290483,10442.0,1315.0,22,https://www.youtube.com/watch?v=0kFCq_sdzgw
VEe2zrygZ80,【Joeman九件事】丁特Dinter專訪精華版 (附註追加女方回應),2017-09-29 18:00:03,2017-09-29,2017,18,1498,長片,人物/訪談,playlist,九件事,【Joeman九件事】第二季精華,False,none,0.0,,False,False,,1050995,19703.0,5227.0,22,https://www.youtube.com/watch?v=VEe2zrygZ80
X2O6Jf_AR6s,【Joeman】全世界最薄的GTX1080筆電！ASUS ROG GX501西風之神開箱！,2017-09-28 18:00:03,2017-09-28,2017,18,1037,長片,3C開箱評測,playlist,Joeman開箱去,【Joeman】筆電開箱|【Joeman開箱去】,False,none,0.0,,False,False,,683364,6138.0,820.0,22,https://www.youtube.com/watch?v=X2O6Jf_AR6s
zlHHufsT3XI,【Joeman】人生第一套手工訂製西裝開箱！竟然出現10幾萬的西裝？,2017-09-27 18:00:05,2017-09-27,2017,18,995,長片,3C開箱評測,playlist,Joeman開箱去,【Joeman開箱去】,True,keyword,3.0,致謝贊助句型,False,False,,1193231,14586.0,1538.0,22,https://www.youtube.com/watch?v=zlHHufsT3XI
Lz7U_TJ6bwY,【Joeman】超酷的球形鋼珠迷宮開箱！竟然讓人玩到崩潰？(ft.咪妃),2017-09-24 18:00:01,2017-09-24,2017,18,848,長片,3C開箱評測,playlist,Joeman開箱去,【Joeman開箱去】,False,none,0.0,,False,False,,537651,5067.0,713.0,22,https://www.youtube.com/watch?v=Lz7U_TJ6bwY
CKX3E9-pXyY,【Joeman】知名Youtuber募集開箱！竟被慫恿混入妙禪？(ft.解婕翎、阿神、呱吉、鐵牛、華森、Sandy、Ryo、亢品心),2017-09-23 18:00:00,2017-09-23,2017,18,623,長片,人物/訪談,keyword,,,False,none,0.0,,False,False,,282609,3068.0,464.0,22,https://www.youtube.com/watch?v=CKX3E9-pXyY
rNT7MR0UMBM,【Joeman九件事】放棄千萬翻譯流量 知識型創作者 啾啾鞋專訪,2017-09-22 18:00:02,2017-09-22,2017,18,930,長片,人物/訪談,playlist,九件事,【Joeman九件事】第二季精華,False,none,0.0,,False,False,,534010,10519.0,408.0,22,https://www.youtube.com/watch?v=rNT7MR0UMBM
5ukXQn4jXxI,【Joeman】根本是禿頭救星！超神奇植髮神器開箱！(ft.咪妃),2017-09-17 18:00:00,2017-09-17,2017,18,469,長片,3C開箱評測,playlist,Joeman開箱去,【Joeman開箱去】,False,none,0.0,,False,False,,747496,6293.0,539.0,22,https://www.youtube.com/watch?v=5ukXQn4jXxI
7YQijKljKYU,【Joeman】把自己的電腦改裝全水冷系統！價值六位數的華麗主機開箱！,2017-09-16 18:00:01,2017-09-16,2017,18,873,長片,3C開箱評測,playlist,Joeman開箱去,【Joeman開箱去】,False,none,0.0,,False,False,,1370962,9919.0,929.0,22,https://www.youtube.com/watch?v=7YQijKljKYU
xvGvAJrmL9g,【Joeman九件事】想要成為台灣偶像的日本人！三原慧悟專訪,2017-09-15 18:21:16,2017-09-15,2017,18,736,長片,人物/訪談,playlist,九件事,【Joeman九件事】第二季精華,False,none,0.0,,False,False,,91365,1825.0,155.0,22,https://www.youtube.com/watch?v=xvGvAJrmL9g
xkm-oSOgE_U,【Joeman】電影裡演的是真的嗎？手槍真的可以拿來開鎖嗎？流言終結！,2017-09-14 18:12:48,2017-09-14,2017,18,679,長片,挑戰/企劃,playlist,一起打槍去,Joeman【一起打槍去】,False,none,0.0,,False,False,,1330637,11912.0,1133.0,22,https://www.youtube.com/watch?v=xkm-oSOgE_U
VItB7Aw5tNg,【Joeman】全世界加速最快的量產車！特斯拉 Tesla Model S P100D 試駕！,2017-09-13 18:00:02,2017-09-13,2017,18,587,長片,3C開箱評測,playlist,Joeman開箱去,【Joeman開箱去】,False,none,0.0,,False,False,,1063839,9612.0,705.0,22,https://www.youtube.com/watch?v=VItB7Aw5tNg
eeN5wQopy0g,【Joeman】穿著古裝在韓國首爾拍片！花絮MV (ft.鳳梨妹),2017-09-12 18:00:05,2017-09-12,2017,18,232,長片,人物/訪談,keyword,,,False,none,0.0,,False,False,,49224,690.0,127.0,22,https://www.youtube.com/watch?v=eeN5wQopy0g
Hc6gcrQ9Gy0,【Joeman】讓女神顏面癱瘓！超級酸的整人糖果 (Ft. 解婕翎 魚乾 開水),2017-09-11 18:05:49,2017-09-11,2017,18,313,長片,3C開箱評測,playlist,Joeman開箱去,【Joeman開箱去】,False,none,0.0,,False,False,,268916,1964.0,137.0,22,https://www.youtube.com/watch?v=Hc6gcrQ9Gy0
1Bi1NxJD-os,【Joeman】有雙人床的超奢華網咖？亞洲第一間電競旅館iHotel超狂體驗！,2017-09-10 18:00:00,2017-09-10,2017,18,974,長片,3C開箱評測,playlist,Joeman開箱去,【Joeman】全世界的網咖體驗|【Joeman開箱去】,False,none,0.0,,False,False,,2713804,31263.0,2681.0,22,https://www.youtube.com/watch?v=1Bi1NxJD-os
k_HnFP7cPbU,【Joeman】可以帶著洗澡的耳機！超方便的藍芽無線耳機開箱！(YoungFly er03),2017-09-09 18:00:07,2017-09-09,2017,18,538,長片,3C開箱評測,playlist,Joeman開箱去,【Joeman開箱去】,False,none,0.0,,False,False,,993024,9472.0,1174.0,22,https://www.youtube.com/watch?v=k_HnFP7cPbU
tZ0vQrWbx7s,【Joeman九件事】呱吉專訪：負債八千萬的勵志故事,2017-09-08 18:00:04,2017-09-08,2017,18,1197,長片,人物/訪談,playlist,九件事,【Joeman九件事】第二季精華,False,none,0.0,,False,False,,1108120,10623.0,572.0,22,https://www.youtube.com/watch?v=tZ0vQrWbx7s
u4xQHdZhod0,【Joeman】肯德基也出雞排了？上校薄脆無骨雞腿排試吃！(ft.莎莉),2017-09-07 18:00:06,2017-09-07,2017,18,185,長片,3C開箱評測,playlist,Joeman開箱去,【Joeman開箱去】,False,none,0.0,,False,False,,286047,3039.0,309.0,22,https://www.youtube.com/watch?v=u4xQHdZhod0
BoqZT1N6Z14,【Joeman】超羞恥企劃！用百元販賣機來好友互整！(ft.咪妃),2017-09-06 18:00:00,2017-09-06,2017,18,829,長片,玩具/收藏,playlist,百元販賣機,【Joeman百元販賣機】,False,none,0.0,,False,False,,603307,4474.0,308.0,22,https://www.youtube.com/watch?v=BoqZT1N6Z14
o54tUwTAr34,【Joeman】Bose經典款藍芽喇叭SoundLink Mini開箱！超好用的旅行神器,2017-09-05 18:04:43,2017-09-05,2017,18,426,長片,3C開箱評測,keyword,,,False,none,0.0,,False,False,,675532,4561.0,579.0,22,https://www.youtube.com/watch?v=o54tUwTAr34
oAOYg_2v9ok,【Joeman】大排長龍的珍珠手搖店！珍煮丹試喝！(ft.咪妃、凱琪),2017-09-04 18:00:04,2017-09-04,2017,18,441,長片,美食,playlist,帶你去吃各地美食,Joeman帶你去吃各地美食,False,none,0.0,,False,False,,429826,3628.0,410.0,22,https://www.youtube.com/watch?v=oAOYg_2v9ok
w5HPy1af6OY,【Joeman】兄妹首次翻唱！還出國拍MV？ft.咪妃【旅行的意義】,2017-09-03 17:58:46,2017-09-03,2017,17,257,長片,寵物,keyword,,,False,none,0.0,,False,False,,225666,2806.0,544.0,22,https://www.youtube.com/watch?v=w5HPy1af6OY
2pCra_ARWb8,【Joeman】全世界最辣的棒棒糖？挑戰900萬辣度開箱！(ft.懶貓、貝莉莓),2017-09-02 18:00:01,2017-09-02,2017,18,527,長片,3C開箱評測,playlist,Joeman開箱去,【Joeman開箱去】,False,none,0.0,,False,False,,673204,6106.0,554.0,22,https://www.youtube.com/watch?v=2pCra_ARWb8
nqPNSD99GMc,【Joeman九件事】黃大謙專訪！花蓮榜首為何成為Youtuber？,2017-09-01 18:00:06,2017-09-01,2017,18,808,長片,人物/訪談,playlist,九件事,【Joeman九件事】第二季精華,False,none,0.0,,False,False,,525881,9328.0,363.0,22,https://www.youtube.com/watch?v=nqPNSD99GMc
wtEclq9XZBI,【Joeman】以為要吃大便...結局竟然溫馨超展開！(ft.解婕翎、咪妃、開水、天菜、Sandy、鳳梨妹、Sobad、Hui、懶貓一大堆人）,2017-08-28 19:17:39,2017-08-28,2017,19,454,長片,寵物,keyword,,,False,none,0.0,,False,False,,96785,1699.0,240.0,22,https://www.youtube.com/watch?v=wtEclq9XZBI
SvB55au-wXk,【Joeman】德國麥當勞體驗！豬肋排漢堡！(ft.Dinter),2017-08-27 17:00:02,2017-08-27,2017,17,461,長片,美食,playlist,帶你去吃各地美食,Joeman帶你去吃各地美食,True,keyword,6.0,致謝贊助句型|影片合作聲明,False,False,,588714,5190.0,737.0,22,https://www.youtube.com/watch?v=SvB55au-wXk
1CVmfXfR_Qs,【Joeman】德國的科隆大教堂與科隆電玩展！《決勝時刻：二戰》搶先試玩！,2017-08-26 18:02:04,2017-08-26,2017,18,305,長片,遊戲實況,keyword,,,False,none,0.0,,False,False,,62358,818.0,79.0,22,https://www.youtube.com/watch?v=1CVmfXfR_Qs
pGeTwrU1xzA,【Joeman九件事】 歐雷的真心話讓小雲寶寶淚灑攝影棚！,2017-08-25 18:00:04,2017-08-25,2017,18,661,長片,人物/訪談,playlist,九件事,【Joeman九件事】第二季精華,False,none,0.0,,False,False,,786076,5837.0,634.0,22,https://www.youtube.com/watch?v=pGeTwrU1xzA
WibB7xBimfM,【Joeman】長槍到底可以打穿幾罐水瓶？ 超狂實測！,2017-08-20 18:00:03,2017-08-20,2017,18,310,長片,挑戰/企劃,playlist,一起打槍去,Joeman【一起打槍去】,False,none,0.0,,False,False,,547448,4828.0,631.0,22,https://www.youtube.com/watch?v=WibB7xBimfM
BELhyPVFvZc,【Joeman】超巨大小熊軟糖開箱！丟進真空室會怎樣？實驗！,2017-08-19 17:59:57,2017-08-19,2017,17,278,長片,3C開箱評測,playlist,Joeman開箱去,【Joeman開箱去】,False,none,0.0,,False,False,,261464,2262.0,168.0,22,https://www.youtube.com/watch?v=BELhyPVFvZc
Oe8PTYvRlz4,【Joeman九件事】跟館長聊魔獸回憶、協會把持、立委參選,2017-08-18 17:58:38,2017-08-18,2017,17,660,長片,人物/訪談,playlist,九件事,【Joeman九件事】第二季精華,False,none,0.0,,False,False,,587175,11584.0,704.0,22,https://www.youtube.com/watch?v=Oe8PTYvRlz4
ePaNUKwNoJc,【Joeman】又有新的紓壓神器！？紓壓方塊無限魔方開箱！,2017-08-14 18:02:11,2017-08-14,2017,18,278,長片,3C開箱評測,playlist,Joeman開箱去,【Joeman開箱去】,False,none,0.0,,False,False,,408364,3095.0,242.0,22,https://www.youtube.com/watch?v=ePaNUKwNoJc
NHkcli4Z8j4,【Joeman】用交友軟體Goodnight完成超羞恥的指令！超爆笑！ (ft.小葵),2017-08-13 18:00:21,2017-08-13,2017,18,747,長片,人物/訪談,keyword,,,True,keyword,3.0,影片合作聲明,False,False,,510021,6135.0,403.0,22,https://www.youtube.com/watch?v=NHkcli4Z8j4
RrDjgBSnNsM,【Joeman】在機場洗澡超舒爽！超豪華洛杉磯星盟貴賓室體驗！,2017-08-12 14:12:09,2017-08-12,2017,14,273,長片,旅遊/航空,playlist,飛機餐與貴賓室,【Joeman】飛機餐與貴賓室,False,none,0.0,,False,False,,620296,5925.0,271.0,22,https://www.youtube.com/watch?v=RrDjgBSnNsM
34SyuNAoC_w,Joeman九件事第二季預告！全新陣容、強勢回歸！,2017-08-11 18:00:00,2017-08-11,2017,18,39,長片,人物/訪談,title_series,九件事,,False,none,0.0,,False,False,,45133,833.0,126.0,22,https://www.youtube.com/watch?v=34SyuNAoC_w
7Ig9uPUskzk,【Joeman】試玩日本玩家一致好評的《黑騎士與白魔王》,2017-08-08 18:02:40,2017-08-08,2017,18,682,長片,未分類,none,,,False,none,0.0,,False,False,,97909,637.0,123.0,22,https://www.youtube.com/watch?v=7Ig9uPUskzk
Eti46UfgF04,【Joeman】如果人生24小時都被17直播監視！？(ft.咪妃),2017-08-06 17:59:28,2017-08-06,2017,17,265,長片,寵物,keyword,,,False,none,0.0,,False,False,,8107319,19274.0,1672.0,22,https://www.youtube.com/watch?v=Eti46UfgF04
DjZgOco3P48,【Joeman】空空如也的貴賓室？長榮航空貴賓室體驗！,2017-08-05 18:37:01,2017-08-05,2017,18,187,長片,旅遊/航空,playlist,飛機餐與貴賓室,【Joeman】飛機餐與貴賓室,False,none,0.0,,False,False,,760263,5172.0,262.0,22,https://www.youtube.com/watch?v=DjZgOco3P48
goVREpjdI2A,【Joeman】日本大廠竟然邀請我擔任廣告代言人！？,2017-08-04 17:57:17,2017-08-04,2017,17,189,長片,未分類,none,,,False,none,0.0,,False,False,,114044,1985.0,271.0,22,https://www.youtube.com/watch?v=goVREpjdI2A
cyj_NdjSMBU,【Joeman】書本真的可以防彈嗎？都市傳說破解實測！,2017-07-30 15:42:19,2017-07-30,2017,15,301,長片,挑戰/企劃,playlist,一起打槍去,Joeman【一起打槍去】,False,none,0.0,,False,False,,576464,6393.0,832.0,22,https://www.youtube.com/watch?v=cyj_NdjSMBU
ql2yQz5NkoA,【Joeman】7-11飲料抽抽樂？100連抽中獎率實測！超狂！,2017-07-29 18:00:07,2017-07-29,2017,18,309,長片,挑戰/企劃,keyword,,,False,none,0.0,,False,False,,1011996,12649.0,1990.0,22,https://www.youtube.com/watch?v=ql2yQz5NkoA
nlDpdyNLFKk,【Joeman】在地下街收服神獸？一起轉蛋去！(ft.解婕翎),2017-07-28 18:00:05,2017-07-28,2017,18,553,長片,玩具/收藏,playlist,一起轉蛋去,【Joeman一起轉蛋去】,False,none,0.0,,False,False,,709283,4725.0,352.0,22,https://www.youtube.com/watch?v=nlDpdyNLFKk
NC1gN-ZE1uQ,【Joeman】什麼！我的妹妹進化了？(ft.咪妃),2017-07-27 18:08:29,2017-07-27,2017,18,148,長片,寵物,keyword,,,False,none,0.0,,False,False,,332592,2944.0,396.0,22,https://www.youtube.com/watch?v=NC1gN-ZE1uQ
mczpIo6GiM0,【Joeman】軍武迷的夢幻逸品？經典槍枝真實開箱！AUG、M4、PS90、MP5,2017-07-24 21:32:19,2017-07-24,2017,21,684,長片,挑戰/企劃,playlist,一起打槍去,Joeman【一起打槍去】,False,none,0.0,,False,False,,814501,7144.0,1476.0,22,https://www.youtube.com/watch?v=mczpIo6GiM0
Wam0_dQ8pAc,【Joeman】可以保護眼睛的螢幕？BenQ EW2770QZ開箱！,2017-07-22 18:00:03,2017-07-22,2017,18,265,長片,3C開箱評測,keyword,,,False,none,0.0,,False,False,,128191,1507.0,132.0,22,https://www.youtube.com/watch?v=Wam0_dQ8pAc
W_KXknv61Sw,【Joeman】在美國公然打手槍？經典名槍真實開箱！Glock、USP、P22、P99,2017-07-21 17:58:44,2017-07-21,2017,17,656,長片,挑戰/企劃,playlist,一起打槍去,Joeman【一起打槍去】,False,none,0.0,,False,False,,632799,6349.0,922.0,22,https://www.youtube.com/watch?v=W_KXknv61Sw
4UmIAzX8JUU,【Joeman】超酷！製作自己專屬的Jordan球衣！(ft.黑羽、黑仔熊、希兒),2017-07-15 18:14:00,2017-07-15,2017,18,294,長片,3C開箱評測,playlist,Joeman開箱去,【Joeman開箱去】,False,none,0.0,,False,False,,123982,1919.0,176.0,22,https://www.youtube.com/watch?v=4UmIAzX8JUU
52QqfG-vXr8,【Joeman】豪華經濟艙？長榮菁英艙體驗,2017-07-14 18:01:16,2017-07-14,2017,18,223,長片,旅遊/航空,playlist,飛機餐與貴賓室,【Joeman】飛機餐與貴賓室,False,none,0.0,,False,False,,1736030,10505.0,385.0,22,https://www.youtube.com/watch?v=52QqfG-vXr8
UkE-iEzCeDU,【Joeman】我竟然是Youtuber運動會隊長！(ft.解婕翎、舞秋風、嬸嬸、Sorryboner、康妮、雪兔、裴薇、邦妮),2017-07-12 18:23:02,2017-07-12,2017,18,785,長片,人物/訪談,keyword,,,False,none,0.0,,False,False,,663836,5506.0,612.0,22,https://www.youtube.com/watch?v=UkE-iEzCeDU
MbFCKEbRUKs,【Joeman】台灣的一蘭拉麵真的是給凱子吃的嗎？,2017-07-11 18:15:47,2017-07-11,2017,18,354,長片,美食,keyword,,,False,none,0.0,,False,False,,1975187,13478.0,1683.0,22,https://www.youtube.com/watch?v=MbFCKEbRUKs
DSJzyTM3VtQ,【Joeman】開箱！在美國買了價值200元的屁！(ft.解婕翎、NL),2017-07-10 18:00:01,2017-07-10,2017,18,281,長片,3C開箱評測,playlist,Joeman開箱去,【Joeman開箱去】,False,none,0.0,,False,False,,227541,1785.0,161.0,22,https://www.youtube.com/watch?v=DSJzyTM3VtQ
0fKNV5I7v18,【Joeman】不要因為不喜歡你的人，而放棄你喜歡的事！,2017-07-09 12:00:00,2017-07-09,2017,12,455,長片,未分類,none,,,True,keyword,2.0,行銷活動用語,False,False,,60166,3182.0,370.0,22,https://www.youtube.com/watch?v=0fKNV5I7v18
QafuMMK6TVg,【Joeman】七年級生與八年級生的世代差異！超狂！(ft.可可酒精),2017-07-08 12:00:01,2017-07-08,2017,12,176,長片,人物/訪談,keyword,,,False,none,1.0,品牌官方導流,False,False,,138593,1603.0,340.0,22,https://www.youtube.com/watch?v=QafuMMK6TVg
1IDgid_sLW8,【Joeman】自由控制百元販賣機裡的獎品！台南找樂黑盒子,2017-07-07 18:00:01,2017-07-07,2017,18,700,長片,玩具/收藏,playlist,百元販賣機,【Joeman百元販賣機】,False,none,0.0,,False,False,,1059093,10948.0,674.0,22,https://www.youtube.com/watch?v=1IDgid_sLW8
Hww-Xzxklz8,【Joeman】在美國的台灣珍奶好喝嗎？50嵐、CoCo、天仁茗茶體驗！,2017-07-03 18:26:51,2017-07-03,2017,18,627,長片,美食,keyword,,,False,none,0.0,,False,False,,765486,6098.0,617.0,22,https://www.youtube.com/watch?v=Hww-Xzxklz8
SYEOykw__f4,【Joeman】20萬訂閱Q&A！為什麼我要從科技業離職？,2017-07-02 16:28:21,2017-07-02,2017,16,421,長片,未分類,none,,,False,none,0.0,,False,False,,724176,13088.0,653.0,22,https://www.youtube.com/watch?v=SYEOykw__f4
giBzqkzRb4g,【Joeman】超簡單～用夜神模擬器玩天堂M、天堂2！,2017-07-01 17:57:02,2017-07-01,2017,17,536,長片,未分類,none,,,False,none,0.0,,False,False,,159366,678.0,145.0,22,https://www.youtube.com/watch?v=giBzqkzRb4g
OiaiXV7_WPQ,【Joeman】正妹的私訊到底長怎樣？絕對18禁！(ft.小葵、Sandy),2017-06-30 18:00:03,2017-06-30,2017,18,748,長片,人物/訪談,keyword,,,False,none,0.0,,False,False,,1140021,9268.0,1011.0,22,https://www.youtube.com/watch?v=OiaiXV7_WPQ
WkA2Kvsum2o,【Joeman】史上最敷衍的前菜？華航經濟艙飛機餐！,2017-06-29 18:00:05,2017-06-29,2017,18,232,長片,旅遊/航空,playlist,飛機餐與貴賓室,【Joeman】飛機餐與貴賓室,False,none,0.0,,False,False,,2598628,12132.0,1194.0,22,https://www.youtube.com/watch?v=WkA2Kvsum2o
nG_q3lkLyJg,【Joeman】超酷的GTX隨身碟！繼續介紹E3新遊戲 (ft.阿神、謙桑),2017-06-28 17:36:26,2017-06-28,2017,17,395,長片,遊戲實況,keyword,,,False,none,0.0,,False,False,,260114,4905.0,7521.0,22,https://www.youtube.com/watch?v=nG_q3lkLyJg
EO55c_AKr-U,【Joeman】要價三萬韓元的韓國網咖竟然出現了GTX1080！,2017-06-25 15:34:27,2017-06-25,2017,15,452,長片,日常Vlog,playlist,全世界的網咖體驗,【Joeman】全世界的網咖體驗|【Joeman的首爾之旅】,False,none,0.0,,False,False,,526675,3346.0,531.0,22,https://www.youtube.com/watch?v=EO55c_AKr-U
RF2nU7KjF-A,【Joeman】都市傳說！在美國飯店放100美金的小費會有驚喜發生？,2017-06-23 18:39:39,2017-06-23,2017,18,363,長片,未分類,none,,,False,none,0.0,,False,False,,934064,11256.0,848.0,22,https://www.youtube.com/watch?v=RF2nU7KjF-A
xI1HorgQP3k,【Joeman】深夜禁看！韓國必吃的韓式炸雞！ft.鳳梨妹 (Okkudak & KyoChun),2017-06-22 18:00:05,2017-06-22,2017,18,467,長片,美食,playlist,帶你去吃各地美食,Joeman帶你去吃各地美食,False,none,0.0,,False,False,,653540,4439.0,424.0,22,https://www.youtube.com/watch?v=xI1HorgQP3k
0wlLVfFgDQg,【Joeman】用AMD Ryzen 1800X組了一台全新電腦！開箱～,2017-06-21 18:10:12,2017-06-21,2017,18,324,長片,3C開箱評測,playlist,Joeman開箱去,【Joeman開箱去】,False,none,0.0,,False,False,,756695,6154.0,1010.0,22,https://www.youtube.com/watch?v=0wlLVfFgDQg
qNRtpBSqQxM,【Joeman】搶先全台！《刺客教條：起源》實機試玩、評測 Assassin's Creed Origin,2017-06-19 18:09:59,2017-06-19,2017,18,427,長片,3C開箱評測,keyword,,,False,none,0.0,,False,False,,57148,711.0,248.0,22,https://www.youtube.com/watch?v=qNRtpBSqQxM
_Gr0M9GH3nU,【Joeman】獨家！《瑪莉歐：王國戰爭》《天命2》試玩心得 (ft.老皮 雪兔 小M 黑羽 皮弟 喜天),2017-06-18 17:41:06,2017-06-18,2017,17,580,長片,3C開箱評測,playlist,Joeman開箱去,【Joeman開箱去】,False,none,0.0,,False,False,,66106,1049.0,1179.0,22,https://www.youtube.com/watch?v=_Gr0M9GH3nU
nPYpxYerSxA,【Joeman】韓國麥當勞體驗！吃到超辣的雞柳條 (feat.鳳梨妹),2017-06-17 14:26:49,2017-06-17,2017,14,628,長片,美食,playlist,帶你去吃各地美食,Joeman帶你去吃各地美食|【Joeman的首爾之旅】,False,none,0.0,,False,False,,381804,2421.0,441.0,22,https://www.youtube.com/watch?v=nPYpxYerSxA
AsWnubXWaJ4,【Joeman】韓國首爾扭蛋體驗！一起轉蛋去 (feat.鳳梨妹),2017-06-16 16:23:02,2017-06-16,2017,16,525,長片,日常Vlog,playlist,Joeman出來玩,【Joeman一起轉蛋去】|【Joeman的首爾之旅】|【Joeman出來玩】,False,none,0.0,,False,False,,330706,2092.0,174.0,22,https://www.youtube.com/watch?v=AsWnubXWaJ4
io-wS1A3ZE8,【Joeman】8分鐘看完8款2018年值得期待的遊戲！(ft.舞秋風),2017-06-15 17:02:21,2017-06-15,2017,17,510,長片,3C開箱評測,playlist,Joeman開箱去,【Joeman開箱去】,False,none,0.0,,False,False,,337734,2396.0,647.0,22,https://www.youtube.com/watch?v=io-wS1A3ZE8
GIkbCDmLUHI,【Joeman】超便宜的牛奶販賣機！莫斯科量販店體驗 (feat.咪妃、奶綠),2017-06-11 18:52:17,2017-06-11,2017,18,155,長片,日常Vlog,playlist,Joeman出來玩,【Joeman的莫斯科之旅】|【Joeman出來玩】|【Joeman出來玩】,False,none,0.0,,False,False,,408431,3106.0,241.0,22,https://www.youtube.com/watch?v=GIkbCDmLUHI
XjNo8Pt_zxM,【Joeman】超美的莫斯科地鐵與戰車世界 (feat.咪妃),2017-06-10 18:20:17,2017-06-10,2017,18,585,長片,日常Vlog,playlist,Joeman出來玩,【Joeman的莫斯科之旅】|【Joeman出來玩】,True,keyword,3.0,致謝贊助句型,False,False,,156262,1098.0,156.0,22,https://www.youtube.com/watch?v=XjNo8Pt_zxM
Tl-bcZvkF4k,【Joeman】紓壓骰子造型的指尖陀螺！超奇葩的異種結合？開箱！,2017-06-09 18:02:00,2017-06-09,2017,18,260,長片,3C開箱評測,playlist,Joeman開箱去,【Joeman開箱去】,False,none,0.0,,False,False,,206843,1859.0,95.0,22,https://www.youtube.com/watch?v=Tl-bcZvkF4k
OPuY-T9QXEY,【Joeman】只要台幣10元？莫斯科扭蛋機！轉蛋去,2017-06-08 18:05:01,2017-06-08,2017,18,187,長片,玩具/收藏,playlist,一起轉蛋去,【Joeman一起轉蛋去】|【Joeman的莫斯科之旅】,False,none,0.0,,False,False,,406096,3713.0,143.0,22,https://www.youtube.com/watch?v=OPuY-T9QXEY
LuOJ8DGm64Q,【Joeman】邂逅首爾的流浪貓！完全不會怕人的貓 (feat.鳳梨妹),2017-06-06 18:00:01,2017-06-06,2017,18,80,長片,寵物,playlist,,【Joeman】我的貓咪小公主|【Joeman的首爾之旅】,False,none,0.0,,False,False,,86024,1119.0,139.0,22,https://www.youtube.com/watch?v=LuOJ8DGm64Q
_zfqmyKOz9M,【Joeman】一起來玩貓咪大戰爭！漂浮系列轉蛋！(feat.Neko),2017-06-04 19:02:12,2017-06-04,2017,19,1094,長片,玩具/收藏,title_series,一起轉蛋去,,False,none,0.0,,False,False,,279379,1851.0,444.0,22,https://www.youtube.com/watch?v=_zfqmyKOz9M
C4iaybr2dng,【Joeman】8分鐘看完今年最值得期待的7款電競筆電！Computex 2017導覽,2017-06-03 17:02:15,2017-06-03,2017,17,486,長片,3C開箱評測,playlist,Joeman開箱去,【Joeman】筆電開箱|【Joeman開箱去】,False,none,0.0,,False,False,,422847,3671.0,569.0,22,https://www.youtube.com/watch?v=C4iaybr2dng
3Cb30HTvyHE,【Joeman】都市傳說！俄羅斯買不到棒球？流言破解？,2017-06-02 18:11:18,2017-06-02,2017,18,385,長片,旅遊/航空,playlist,,【Joeman的莫斯科之旅】,True,keyword,3.0,致謝贊助句型,False,False,,512320,4632.0,659.0,22,https://www.youtube.com/watch?v=3Cb30HTvyHE
oFavSHIOqM0,【Joeman】開箱！用環形燈錄影超夢幻？feat.咪妃,2017-05-30 13:22:16,2017-05-30,2017,13,304,長片,3C開箱評測,playlist,Joeman開箱去,【Joeman開箱去】,False,none,0.0,,False,False,,157456,1605.0,152.0,22,https://www.youtube.com/watch?v=oFavSHIOqM0
kL0vmk7sGlI,【Joeman】帶著闊嘴器講笑話！Feat.Dinter、解婕翎,2017-05-29 18:18:18,2017-05-29,2017,18,209,長片,3C開箱評測,playlist,Joeman開箱去,【Joeman開箱去】,False,none,0.0,,False,False,,123745,1386.0,150.0,22,https://www.youtube.com/watch?v=kL0vmk7sGlI
E529JRmNUWM,【Joeman】俄羅斯的網咖體驗！超越韓國的神級網咖？,2017-05-28 19:50:21,2017-05-28,2017,19,485,長片,日常Vlog,playlist,Joeman出來玩,【Joeman】全世界的網咖體驗|【Joeman的莫斯科之旅】|【Joeman出來玩】,False,none,0.0,,False,False,,804992,11118.0,1423.0,22,https://www.youtube.com/watch?v=E529JRmNUWM
kxdP4k1AmgE,【Joeman】真空實驗！可口可樂在真空中會怎樣？,2017-05-27 18:04:42,2017-05-27,2017,18,485,長片,3C開箱評測,playlist,Joeman開箱去,【Joeman開箱去】,False,none,0.0,,False,False,,781423,4210.0,551.0,22,https://www.youtube.com/watch?v=kxdP4k1AmgE
Y0iiZVxieBI,珍貴歷史畫面！俄羅斯的麥當勞體驗！（現已撤出俄羅斯）,2017-05-26 18:00:02,2017-05-26,2017,18,586,長片,美食,playlist,帶你去吃各地美食,Joeman帶你去吃各地美食|【Joeman的莫斯科之旅】|【Joeman出來玩】,False,none,0.0,,False,False,,1269055,6226.0,581.0,22,https://www.youtube.com/watch?v=Y0iiZVxieBI
er65lweGy3c,【Joeman】戰鬥民族的故鄉！莫斯科之旅#1(feat.戰車世界、咪妃),2017-05-25 18:01:03,2017-05-25,2017,18,931,長片,日常Vlog,playlist,Joeman出來玩,【Joeman的莫斯科之旅】|【Joeman出來玩】,False,none,0.0,,False,False,,450685,2930.0,328.0,22,https://www.youtube.com/watch?v=er65lweGy3c
RsYxBN_LwgY,【Joeman】在飛機上吃三餐！新航經濟艙竟然有哈根達斯？,2017-05-23 18:00:02,2017-05-23,2017,18,384,長片,3C開箱評測,playlist,Joeman開箱去,【Joeman】飛機餐與貴賓室|【Joeman的莫斯科之旅】|【Joeman開箱去】,False,none,0.0,,False,False,,2239940,11484.0,885.0,22,https://www.youtube.com/watch?v=RsYxBN_LwgY
jtn-IOiDyJM,【Joeman】真空實驗！樂事洋芋片跟可樂果在真空中會怎樣？,2017-05-21 12:00:03,2017-05-21,2017,12,215,長片,挑戰/企劃,keyword,,,False,none,0.0,,False,False,,244960,1881.0,370.0,22,https://www.youtube.com/watch?v=jtn-IOiDyJM
bZ3gFqhOqRM,【Joeman】可以當投影機的手機？模組化手機Moto Z開箱！,2017-05-20 22:36:19,2017-05-20,2017,22,877,長片,3C開箱評測,playlist,Joeman開箱去,【Joeman開箱去】,False,none,0.0,,False,False,,270378,3285.0,334.0,22,https://www.youtube.com/watch?v=bZ3gFqhOqRM
6FjAL_WBR7A,【Joeman】超高難度Cosplay！尼爾：自動人形 (feat.咪妃),2017-05-19 18:00:00,2017-05-19,2017,18,776,長片,電競賽事,keyword,,,False,none,0.0,,False,False,,616845,6314.0,643.0,22,https://www.youtube.com/watch?v=6FjAL_WBR7A
uDA5-v3qoE0,【Joeman】真空實驗！小熊軟糖跟棉花糖在真空中會怎樣？,2017-05-18 18:00:04,2017-05-18,2017,18,364,長片,3C開箱評測,playlist,Joeman開箱去,【Joeman開箱去】,False,none,0.0,,False,False,,479826,3792.0,489.0,22,https://www.youtube.com/watch?v=uDA5-v3qoE0
vn3VvyKp12I,【Joeman】女人月經的滋味？模擬電療體驗！(feat. 解婕翎 Xargon),2017-05-14 18:00:27,2017-05-14,2017,18,760,長片,3C開箱評測,playlist,Joeman開箱去,【Joeman開箱去】,False,none,0.0,,False,False,,611967,6381.0,759.0,22,https://www.youtube.com/watch?v=vn3VvyKp12I
MDSiSlIWIN0,【Joeman】真空實驗第二彈！最強八卦指尖陀螺參戰！  Fidget Spinner Spin In a Vacuum Chamber,2017-05-13 20:48:28,2017-05-13,2017,20,695,長片,3C開箱評測,playlist,Joeman開箱去,【Joeman開箱去】,False,none,0.0,,False,False,,511888,3652.0,327.0,22,https://www.youtube.com/watch?v=MDSiSlIWIN0
Qgy3qL70wEQ,【Joeman】DIY打造指尖陀螺測試平台！9種指尖陀螺大PK！開箱,2017-05-12 18:00:05,2017-05-12,2017,18,621,長片,3C開箱評測,playlist,Joeman開箱去,【Joeman開箱去】,False,none,0.0,,False,False,,139220,1519.0,166.0,22,https://www.youtube.com/watch?v=Qgy3qL70wEQ
Xs08DUcaGnw,【Joeman】宅男vs女神？百元料理大挑戰Vlog (feat.解婕翎、Sobad、Vivi),2017-05-09 18:00:01,2017-05-09,2017,18,653,長片,日常Vlog,playlist,Joeman出來玩,【Joeman出來玩】,False,none,0.0,,False,False,,556675,3173.0,261.0,22,https://www.youtube.com/watch?v=Xs08DUcaGnw
nQd79HXdWoU,【Joeman】肯德基也開始賣飯？黑椒醬匯雞米飯 試吃！,2017-05-07 12:00:01,2017-05-07,2017,12,254,長片,美食,playlist,帶你去吃各地美食,Joeman帶你去吃各地美食|【Joeman出來玩】,False,none,0.0,,False,False,,606821,4081.0,397.0,22,https://www.youtube.com/watch?v=nQd79HXdWoU
YSwXdYoN0fM,【Joeman】超狂交換禮物！幫腳踏車裝上四根排氣管？(feat.英雄日常),2017-05-05 17:29:19,2017-05-05,2017,17,480,長片,3C開箱評測,playlist,Joeman開箱去,【Joeman開箱去】,False,none,0.0,,False,False,,899171,8398.0,674.0,22,https://www.youtube.com/watch?v=YSwXdYoN0fM
xd85fqk6ih0,【Joeman】可以認識超多正妹的夢幻工作？節目主持人的一天Vlog！,2017-05-04 18:00:05,2017-05-04,2017,18,489,長片,日常Vlog,playlist,Joeman出來玩,【Joeman出來玩】,False,none,0.0,,False,False,,324001,3339.0,262.0,22,https://www.youtube.com/watch?v=xd85fqk6ih0
toh-dFf5mpk,【Joeman】迷彩塗裝電競筆電開箱！MSI GE62 GTX1050Ti Camo Squad,2017-05-03 18:00:04,2017-05-03,2017,18,621,長片,3C開箱評測,playlist,Joeman開箱去,【Joeman】筆電開箱|【Joeman開箱去】,False,none,0.0,,False,False,,226217,1713.0,245.0,22,https://www.youtube.com/watch?v=toh-dFf5mpk
gvIuMknWlH8,【Joeman】台北地下街扭蛋、一番賞體驗！(feat.咪妃娘娘),2017-05-02 18:00:02,2017-05-02,2017,18,766,長片,3C開箱評測,playlist,Joeman開箱去,【Joeman開箱去】,False,none,0.0,,False,False,,725127,4796.0,381.0,22,https://www.youtube.com/watch?v=gvIuMknWlH8
rgVUTgyHy6A,【Joeman】全世界最貴的筆電！曲面電競筆電Predator 21X開箱！,2017-05-01 18:00:05,2017-05-01,2017,18,550,長片,3C開箱評測,playlist,Joeman開箱去,【Joeman】筆電開箱|【Joeman開箱去】,False,none,0.0,,False,False,,1921905,16307.0,1581.0,22,https://www.youtube.com/watch?v=rgVUTgyHy6A
pO9sQdWBqMQ,【Joeman】不會酸的藍莓？Costco藍莓千層蛋糕試吃 (feat.解婕翎),2017-04-22 18:00:06,2017-04-22,2017,18,286,長片,美食,keyword,,,False,none,0.0,,False,False,,406525,2515.0,174.0,22,https://www.youtube.com/watch?v=pO9sQdWBqMQ
wZhvUGNl90c,【Joeman】四大錄影神機大PK！(feat.謙桑、黑仔熊)GoPro 5、iphone7+、RX100、G7X,2017-04-21 18:00:04,2017-04-21,2017,18,528,長片,3C開箱評測,keyword,,,False,none,0.0,,False,False,,198399,2471.0,240.0,22,https://www.youtube.com/watch?v=wZhvUGNl90c
jDsSPWeOXL0,【Joeman】超酷！用積木拼出自己的照片？開箱,2017-04-19 18:00:03,2017-04-19,2017,18,314,長片,3C開箱評測,playlist,Joeman開箱去,【Joeman開箱去】,False,none,0.0,,False,False,,86820,1260.0,80.0,22,https://www.youtube.com/watch?v=jDsSPWeOXL0
ITjceNkI3Kw,【Joeman】一起轉蛋去！西門町萬年大樓扭蛋記(feat. Ryo、黑仔熊),2017-04-16 18:11:43,2017-04-16,2017,18,619,長片,3C開箱評測,playlist,Joeman開箱去,【Joeman一起轉蛋去】|【Joeman開箱去】,False,none,0.0,,False,False,,642356,4430.0,375.0,22,https://www.youtube.com/watch?v=ITjceNkI3Kw
I3g4-hX76D0,【Joeman】實驗！在真空環境中指尖陀螺可以轉多久？ Fidget Spinner Spin In a Vacuum Chamber,2017-04-14 18:00:02,2017-04-14,2017,18,471,長片,3C開箱評測,playlist,Joeman開箱去,【Joeman開箱去】,False,none,0.0,,False,False,,576656,4172.0,383.0,22,https://www.youtube.com/watch?v=I3g4-hX76D0
S7ipqvNQfLY,【Joeman】百元販賣機清台！竟然出現PS4？高雄貓囍百貨,2017-04-09 18:00:01,2017-04-09,2017,18,755,長片,3C開箱評測,playlist,Joeman開箱去,【Joeman百元販賣機】|【Joeman開箱去】,False,none,0.0,,False,False,,1878039,16845.0,3063.0,22,https://www.youtube.com/watch?v=S7ipqvNQfLY
3FMEcyfNUc0,【Joeman】超強大安卓模擬器BlueStacks！遊戲熱鍵、多線把妹、安卓多開、瞬間移動,2017-04-08 18:03:01,2017-04-08,2017,18,501,長片,3C開箱評測,keyword,,,False,none,0.0,,False,False,,193111,2116.0,281.0,22,https://www.youtube.com/watch?v=3FMEcyfNUc0
Y5BSWm2x4k4,【Joeman】南部扭蛋聖地！高雄夢時代轉蛋記,2017-04-07 18:00:02,2017-04-07,2017,18,363,長片,3C開箱評測,playlist,Joeman開箱去,【Joeman一起轉蛋去】|【Joeman開箱去】,False,none,0.0,,False,False,,290187,2297.0,200.0,22,https://www.youtube.com/watch?v=Y5BSWm2x4k4
kSYJ-0Dza-k,【Joeman】挑戰三國最帥角色？低成本Cosplay！,2017-04-06 17:45:21,2017-04-06,2017,17,353,長片,電競賽事,keyword,,,True,keyword,2.0,行銷活動用語,False,False,,24093,593.0,125.0,22,https://www.youtube.com/watch?v=kSYJ-0Dza-k
xTLfIWdaugE,【Joeman碎碎念】10萬訂閱！我經營Youtube的心路歷程 (留言QA募集),2017-04-01 16:30:03,2017-04-01,2017,16,647,長片,未分類,none,,,False,none,0.0,,False,False,,36734,1605.0,423.0,22,https://www.youtube.com/watch?v=xTLfIWdaugE
WMBcaqKjBrA,【Joeman】7-11 櫻桃小丸子 X Hello Kitty 聯名串飾28款全套開箱！,2017-03-31 18:00:02,2017-03-31,2017,18,613,長片,3C開箱評測,playlist,Joeman開箱去,【Joeman開箱去】,False,none,0.0,,False,False,,83816,1326.0,90.0,22,https://www.youtube.com/watch?v=WMBcaqKjBrA
1-xV8Ay-59E,【Joeman】體驗用Apple Pay付錢，真的超簡單！(feat.陳寗),2017-03-29 12:19:05,2017-03-29,2017,12,130,長片,3C開箱評測,playlist,Joeman開箱去,【Joeman開箱去】,False,none,0.0,,False,False,,319701,1438.0,158.0,22,https://www.youtube.com/watch?v=1-xV8Ay-59E
6I_476IjM1k,【Joeman】超有層次！Costco白玉紅豆抹茶冰淇淋開箱！,2017-03-28 18:19:44,2017-03-28,2017,18,224,長片,3C開箱評測,playlist,Joeman開箱去,【Joeman開箱去】,False,none,0.0,,False,False,,91211,1022.0,70.0,22,https://www.youtube.com/watch?v=6I_476IjM1k
g2MblLYAZyI,【Joeman】市售指尖陀螺評比！誰能轉最久？ (手指陀螺、紓壓陀螺),2017-03-27 18:03:31,2017-03-27,2017,18,562,長片,3C開箱評測,playlist,Joeman開箱去,【Joeman開箱去】,False,none,0.0,,False,False,,1814627,7853.0,896.0,22,https://www.youtube.com/watch?v=g2MblLYAZyI
2IB_AVC-lTI,【Joeman】哪種飲料沒氣後最好喝？超音波泡沫製造機開箱實驗！,2017-03-21 19:09:18,2017-03-21,2017,19,955,長片,3C開箱評測,playlist,Joeman開箱去,【Joeman開箱去】,False,none,0.0,,False,False,,403458,2847.0,303.0,22,https://www.youtube.com/watch?v=2IB_AVC-lTI
xHaaC5tTGYo,【Joeman】超夢幻水果千層派！日本Harbs蛋糕店介紹 同場加映草莓季商品,2017-03-20 18:00:05,2017-03-20,2017,18,239,長片,日常Vlog,playlist,Joeman出來玩,【Joeman出來玩】,False,none,0.0,,False,False,,110680,1019.0,70.0,22,https://www.youtube.com/watch?v=xHaaC5tTGYo
LAGRFgJJ6pc,【Joeman】最高等級的Pocky！？Bâton d'or開箱試吃！,2017-03-19 18:00:01,2017-03-19,2017,18,275,長片,3C開箱評測,playlist,Joeman開箱去,【Joeman開箱去】,False,none,0.0,,False,False,,51961,506.0,40.0,22,https://www.youtube.com/watch?v=LAGRFgJJ6pc
dYtXNGTQk0o,【Joeman】超療癒的皮卡丘存錢筒開箱！Pokemon Pikachu Piggy Bank Unboxing,2017-03-18 18:00:04,2017-03-18,2017,18,549,長片,3C開箱評測,keyword,,,False,none,0.0,,False,False,,792704,5550.0,339.0,22,https://www.youtube.com/watch?v=dYtXNGTQk0o
MTU7EOqTLq4,【Joeman】體驗大阪的夾娃娃機！搶救雷姆大作戰！,2017-03-17 18:00:03,2017-03-17,2017,18,327,長片,3C開箱評測,playlist,Joeman開箱去,【Joeman夾娃娃】|【Joeman開箱去】,False,none,0.0,,False,False,,260802,2463.0,240.0,22,https://www.youtube.com/watch?v=MTU7EOqTLq4
5-Rc9fohxt8,【Joeman】連情趣用品都轉得到？大阪日本橋扭蛋探險！,2017-03-15 18:00:00,2017-03-15,2017,18,449,長片,3C開箱評測,playlist,Joeman開箱去,【Joeman開箱去】,False,none,0.0,,False,False,,560467,3512.0,196.0,22,https://www.youtube.com/watch?v=5-Rc9fohxt8
uJdAXOkjQeU,【Joeman】輸了就去桃園機場逆向慢跑？創世破曉世紀賭局！,2017-03-14 21:38:01,2017-03-14,2017,21,653,長片,旅遊/航空,keyword,,,False,none,0.0,,False,False,,97528,745.0,75.0,22,https://www.youtube.com/watch?v=uJdAXOkjQeU
6WbtomYQScE,【Joeman】單點台幣800塊？日本京都神級蛋包飯！(ザ・洋食屋キチキチ),2017-03-13 18:57:21,2017-03-13,2017,18,165,長片,日常Vlog,playlist,Joeman出來玩,【Joeman出來玩】,False,none,0.0,,False,False,,1740374,11202.0,463.0,22,https://www.youtube.com/watch?v=6WbtomYQScE
0y_L_ToZjk4,【Joeman】旅費就靠這次了？挑戰日本超紅的小丸子刮刮樂！,2017-03-12 18:00:00,2017-03-12,2017,18,172,長片,3C開箱評測,playlist,Joeman開箱去,【Joeman開箱去】,False,none,0.0,,False,False,,112784,1125.0,37.0,22,https://www.youtube.com/watch?v=0y_L_ToZjk4
PkUH4erhyLY,【Joeman】超爽～吃到飽再上飛機！機場貴賓室到底長甚麼樣子？,2017-03-11 18:00:02,2017-03-11,2017,18,243,長片,日常Vlog,playlist,Joeman出來玩,【Joeman】飛機餐與貴賓室|【Joeman出來玩】,False,none,0.0,,False,False,,1320975,7070.0,192.0,22,https://www.youtube.com/watch?v=PkUH4erhyLY
qmQcizLAEog,【Joeman】透明撲克牌？超酷的X光撲克牌開箱！,2017-03-05 18:00:03,2017-03-05,2017,18,266,長片,3C開箱評測,playlist,Joeman開箱去,【Joeman開箱去】,False,none,0.0,,False,False,,80541,742.0,50.0,22,https://www.youtube.com/watch?v=qmQcizLAEog
CVPtEKtffXo,【Joeman】實測！一口氣吃20顆Airwaves後再喝冰水會怎樣？(feat.懶貓),2017-03-04 18:00:00,2017-03-04,2017,18,190,長片,挑戰/企劃,keyword,,,False,none,0.0,,False,False,,699853,4250.0,335.0,22,https://www.youtube.com/watch?v=CVPtEKtffXo
dW6WjAzMGFc,【Joeman】是創意還是噱頭？任天堂Nintendo Switch開箱！(feat.聶寶),2017-03-03 18:38:43,2017-03-03,2017,18,563,長片,3C開箱評測,playlist,Joeman開箱去,【Joeman開箱去】,False,none,0.0,,False,False,,1054244,4606.0,480.0,22,https://www.youtube.com/watch?v=dW6WjAzMGFc
vtwltBfAUT4,【Joeman】定價超過4萬的頂級曲面螢幕？LG 34UC98開箱！,2017-03-02 18:00:04,2017-03-02,2017,18,426,長片,3C開箱評測,playlist,Joeman開箱去,【Joeman開箱去】,False,none,0.0,,False,False,,243891,1377.0,154.0,22,https://www.youtube.com/watch?v=vtwltBfAUT4
aLYn2DTEycs,【Joeman九件事】亞洲統神 專訪 (沒剪到的最後一小段),2017-03-02 02:18:14,2017-03-02,2017,2,207,長片,人物/訪談,title_series,九件事,,False,none,0.0,,False,False,,15756,77.0,8.0,22,https://www.youtube.com/watch?v=aLYn2DTEycs
3ijUQ3-uVXE,【Joeman九件事】立志從政改變台灣 亞洲統神 專訪 (第一季最終集),2017-03-01 13:54:38,2017-03-01,2017,13,4955,長片,人物/訪談,playlist,九件事,【Joeman九件事】網路人物誌,False,none,0.0,,False,False,,184118,791.0,119.0,22,https://www.youtube.com/watch?v=3ijUQ3-uVXE
dcr4Z8Wb91A,【Joeman九件事】台灣，我回來了！大魚專訪,2017-02-23 13:45:56,2017-02-23,2017,13,5345,長片,人物/訪談,playlist,九件事,【Joeman九件事】網路人物誌,False,none,0.0,,False,False,,90293,435.0,70.0,22,https://www.youtube.com/watch?v=dcr4Z8Wb91A
rtHEwnyi8RM,【Joeman】國棟對統神的真心話時間 國動比Toyz還紅？,2017-02-22 00:07:12,2017-02-22,2017,0,567,長片,未分類,none,,,False,none,0.0,,False,False,,213922,1740.0,338.0,22,https://www.youtube.com/watch?v=rtHEwnyi8RM
VHZF7CSgvss,【Joeman九件事】憶母淚崩 近鄉情怯 張立蓁專訪,2017-02-17 09:55:16,2017-02-17,2017,9,4738,長片,人物/訪談,playlist,九件事,【Joeman九件事】網路人物誌,False,none,0.0,,False,False,,37625,335.0,43.0,22,https://www.youtube.com/watch?v=VHZF7CSgvss
w5edgmMxKG4,【Joeman】超療癒！寶可夢神奇寶貝皮卡丘扭蛋機開箱！,2017-02-15 18:00:02,2017-02-15,2017,18,342,長片,3C開箱評測,playlist,Joeman開箱去,【Joeman開箱去】,False,none,0.0,,False,False,,215868,1863.0,79.0,22,https://www.youtube.com/watch?v=w5edgmMxKG4
hyO53EvdskY,【Joeman】情人節特別企劃？自製玫瑰造型冰塊！,2017-02-14 18:00:03,2017-02-14,2017,18,367,長片,3C開箱評測,playlist,Joeman開箱去,【Joeman開箱去】,False,none,0.0,,False,False,,184477,1640.0,79.0,22,https://www.youtube.com/watch?v=hyO53EvdskY
bZuDPk_e8Rk,【Joeman九件事】挺身走過流言蜚語 瑀熙Yuci專訪,2017-02-13 09:38:30,2017-02-13,2017,9,3530,長片,人物/訪談,playlist,九件事,【Joeman九件事】網路人物誌,False,none,0.0,,False,False,,316409,823.0,131.0,22,https://www.youtube.com/watch?v=bZuDPk_e8Rk
74L6pJKpqpQ,【Joeman】西門町百元販賣機！結果裡面都是...？,2017-02-12 18:00:01,2017-02-12,2017,18,416,長片,3C開箱評測,playlist,Joeman開箱去,【Joeman百元販賣機】|【Joeman開箱去】,False,none,0.0,,False,False,,570895,4951.0,459.0,22,https://www.youtube.com/watch?v=74L6pJKpqpQ
0kUE7e2LSDU,【Joeman】刮刮樂大對決！誰是今年最幸運的人？(feat.Sobad、可可、樊兒、鬼鬼),2017-02-09 14:00:00,2017-02-09,2017,14,461,長片,3C開箱評測,playlist,Joeman開箱去,【Joeman開箱去】,False,none,0.0,,False,False,,71433,468.0,28.0,22,https://www.youtube.com/watch?v=0kUE7e2LSDU
CjuCrer7iIo,【Joeman九件事】身價十位數的男人 鍾培生專訪,2017-02-08 10:15:40,2017-02-08,2017,10,4468,長片,人物/訪談,playlist,九件事,【Joeman九件事】網路人物誌,False,none,0.0,,False,False,,194263,644.0,123.0,22,https://www.youtube.com/watch?v=CjuCrer7iIo
1qACG4nOohA,【Joeman】跑錯棚的盟主？《艾瓦貝爾聖境》介紹！,2017-02-07 19:33:50,2017-02-07,2017,19,280,長片,未分類,none,,,False,none,0.0,,False,False,,17753,191.0,37.0,22,https://www.youtube.com/watch?v=1qACG4nOohA
dC61VNpT6s4,【Joeman九件事】沒去大學報到卻在世界舞台報到 Ahq羅杰專訪,2017-02-06 00:46:14,2017-02-06,2017,0,3630,長片,人物/訪談,playlist,九件事,【Joeman九件事】網路人物誌,False,none,0.0,,False,False,,71483,337.0,75.0,22,https://www.youtube.com/watch?v=dC61VNpT6s4
Ib7Ijg4vcBw,【Joeman】超級VIP才有的禮物？暴雪寄來的神祕包裹！開箱,2017-02-01 14:00:00,2017-02-01,2017,14,210,長片,3C開箱評測,playlist,Joeman開箱去,【Joeman開箱去】,False,none,0.0,,False,False,,312187,2081.0,103.0,22,https://www.youtube.com/watch?v=Ib7Ijg4vcBw
QksEwOPwSIg,【Joeman】買了一萬塊的刮刮樂！刮中2000萬就退出實況圈！,2017-01-31 14:00:00,2017-01-31,2017,14,403,長片,3C開箱評測,playlist,Joeman開箱去,【Joeman開箱去】,False,none,0.0,,False,False,,927701,9826.0,460.0,22,https://www.youtube.com/watch?v=QksEwOPwSIg
SgF1RdEvSlc,【Joeman九件事】從啃老族到超紅實況主 國動專訪,2017-01-20 08:05:29,2017-01-20,2017,8,4110,長片,人物/訪談,playlist,九件事,【Joeman九件事】網路人物誌,False,none,0.0,,False,False,,208056,1013.0,182.0,22,https://www.youtube.com/watch?v=SgF1RdEvSlc
0WKKtUknW34,【Joeman九件事】鳳梨妹對國動的真心話時間,2017-01-18 00:49:13,2017-01-18,2017,0,160,長片,人物/訪談,playlist,九件事,【Joeman九件事】網路人物誌,False,none,0.0,,False,False,,136250,487.0,103.0,22,https://www.youtube.com/watch?v=0WKKtUknW34
YQmXOCRcQB8,【Joeman九件事】從工讀生到台灣隊長 聶寶專訪,2017-01-13 05:15:25,2017-01-13,2017,5,5482,長片,人物/訪談,playlist,九件事,【Joeman九件事】網路人物誌,False,none,0.0,,False,False,,20338,131.0,15.0,22,https://www.youtube.com/watch?v=YQmXOCRcQB8
yLCvxL3TJVE,【Joeman】第二代紓壓骰子？12面超狂設計！開箱,2017-01-07 11:40:06,2017-01-07,2017,11,413,長片,3C開箱評測,playlist,Joeman開箱去,【Joeman開箱去】,False,none,0.0,,False,False,,1443304,10138.0,825.0,20,https://www.youtube.com/watch?v=yLCvxL3TJVE
_L651B-DiOg,【Joeman九件事】逆流而行重返電競 Winds陳鵬年專訪,2017-01-06 18:52:03,2017-01-06,2017,18,3908,長片,人物/訪談,playlist,九件事,【Joeman九件事】網路人物誌,False,none,0.0,,False,False,,37516,193.0,23.0,20,https://www.youtube.com/watch?v=_L651B-DiOg
gNXU7TuJ1Mc,【Joeman】自己組裝黑膠唱片機！Spinbox傻瓜唱機開箱,2017-01-04 13:25:00,2017-01-04,2017,13,861,長片,3C開箱評測,playlist,Joeman開箱去,【Joeman開箱去】,False,none,0.0,,False,False,,193902,2150.0,196.0,20,https://www.youtube.com/watch?v=gNXU7TuJ1Mc
Wft92kUUJkM,【Joeman】價值兩百萬的夢幻耳機！Sennheiser大奧HE1 開箱試聽,2017-01-01 16:00:02,2017-01-01,2017,16,456,長片,3C開箱評測,playlist,Joeman開箱去,【Joeman開箱去】,False,none,0.0,,False,False,,1164325,9054.0,845.0,20,https://www.youtube.com/watch?v=Wft92kUUJkM
zXryG3UWDHk,【Joeman】超美味韓國雞湯店！陳玉華奶奶一隻雞,2016-12-30 17:39:08,2016-12-30,2016,17,149,長片,3C開箱評測,playlist,Joeman開箱去,【Joeman開箱去】,False,none,0.0,,False,False,,105178,842.0,34.0,20,https://www.youtube.com/watch?v=zXryG3UWDHk
1I5Fgkxc6jM,【Joeman九件事】為了夢想離家出走 專業Coser貝莉莓專訪,2016-12-30 05:48:34,2016-12-30,2016,5,4520,長片,人物/訪談,playlist,九件事,【Joeman九件事】網路人物誌,False,none,0.0,,False,False,,83426,364.0,40.0,20,https://www.youtube.com/watch?v=1I5Fgkxc6jM
2GFtnC5WZKo,【Joeman FFBE】在寵物店買到有特異功能的巨型烏龜！？,2016-12-27 20:00:46,2016-12-27,2016,20,234,長片,遊戲實況,keyword,,,False,none,0.0,,False,False,,344517,2324.0,237.0,20,https://www.youtube.com/watch?v=2GFtnC5WZKo
-hjrIyU7Zak,【Joeman九件事】從電競主播到Twitch員工 吉祥GShan專訪,2016-12-26 04:44:36,2016-12-26,2016,4,3877,長片,人物/訪談,playlist,九件事,【Joeman九件事】網路人物誌,False,none,0.0,,False,False,,36771,229.0,33.0,20,https://www.youtube.com/watch?v=-hjrIyU7Zak
-NvptE-Lybc,【Joeman九件事】被媽媽誤會色情視訊 實況主Mita專訪,2016-12-26 01:24:22,2016-12-26,2016,1,3398,長片,人物/訪談,playlist,九件事,【Joeman九件事】網路人物誌,False,none,0.0,,False,False,,606489,1553.0,184.0,20,https://www.youtube.com/watch?v=-NvptE-Lybc
XVeJs2qCAVA,【Joeman】韓國網咖遊記！超狂的網路速度與配備！,2016-12-22 16:33:42,2016-12-22,2016,16,304,長片,日常Vlog,playlist,Joeman出來玩,【Joeman】全世界的網咖體驗|【Joeman出來玩】,False,none,0.0,,False,False,,557180,3198.0,813.0,20,https://www.youtube.com/watch?v=XVeJs2qCAVA
AvZbrq4tZco,【Joeman】聽說是人中之龍6最難發動出的一招必殺技！(音量注意),2016-12-20 23:58:09,2016-12-20,2016,23,17,長片,遊戲實況,keyword,,,False,none,0.0,,False,False,,35918,160.0,16.0,20,https://www.youtube.com/watch?v=AvZbrq4tZco
Kmlolv9GqVw,【Joeman九件事】不露臉也能吸引上萬觀眾 GoDJJ王永傑專訪,2016-12-14 03:29:17,2016-12-14,2016,3,2718,長片,人物/訪談,playlist,九件事,【Joeman九件事】網路人物誌,False,none,0.0,,False,False,,116634,543.0,72.0,20,https://www.youtube.com/watch?v=Kmlolv9GqVw
OXB-73Fy42k,【Joeman】麥當勞明太子海陸雙星堡！開箱試吃,2016-12-11 20:25:20,2016-12-11,2016,20,140,長片,3C開箱評測,playlist,Joeman開箱去,【Joeman開箱去】,False,none,0.0,,False,False,,74135,613.0,44.0,20,https://www.youtube.com/watch?v=OXB-73Fy42k
kBGiN1YQGJA,【Joeman九件事】高中念7年只為電競夢 Uzra汪澈專訪,2016-12-07 14:30:37,2016-12-07,2016,14,4578,長片,人物/訪談,playlist,九件事,【Joeman九件事】網路人物誌,False,none,0.0,,False,False,,90108,572.0,62.0,20,https://www.youtube.com/watch?v=kBGiN1YQGJA
3ou0EqpgNn4,【Joeman】FidgetCube紓壓骰子 募資兩億台幣無用小物開箱！,2016-12-03 21:44:43,2016-12-03,2016,21,285,長片,3C開箱評測,playlist,Joeman開箱去,【Joeman開箱去】,False,none,0.0,,False,False,,616587,5401.0,523.0,20,https://www.youtube.com/watch?v=3ou0EqpgNn4
R09808z1Gvg,【Joeman九件事】十年資歷的專業Coser 咪妃娘娘專訪,2016-11-30 11:24:07,2016-11-30,2016,11,4081,長片,人物/訪談,playlist,九件事,【Joeman九件事】網路人物誌,False,none,0.0,,False,False,,198755,1032.0,107.0,20,https://www.youtube.com/watch?v=R09808z1Gvg
fmKMTnavskc,【Joeman】波霸抹茶拿鐵！50嵐、水巷茶弄誰好喝？開箱,2016-11-27 12:40:26,2016-11-27,2016,12,193,長片,3C開箱評測,playlist,Joeman開箱去,【Joeman開箱去】,False,none,0.0,,False,False,,130412,1053.0,78.0,20,https://www.youtube.com/watch?v=fmKMTnavskc
dzbuWnTlT-w,【Joeman九件事】從LMS王牌到LPL新人獎 記得Remember專訪,2016-11-24 06:56:18,2016-11-24,2016,6,7546,長片,人物/訪談,playlist,九件事,【Joeman九件事】網路人物誌,False,none,0.0,,False,False,,50486,291.0,65.0,20,https://www.youtube.com/watch?v=dzbuWnTlT-w
2NAiVtAHFKk,【Joeman】一萬塊的電競耳機！Sennheiser聲海Game Zero開箱,2016-11-21 18:38:08,2016-11-21,2016,18,403,長片,3C開箱評測,playlist,Joeman開箱去,【Joeman開箱去】,False,none,0.0,,False,False,,226409,1529.0,166.0,20,https://www.youtube.com/watch?v=2NAiVtAHFKk
IGQueStDVFE,【Joeman九件事】實況界歌后 蛋捲專訪,2016-11-16 16:52:45,2016-11-16,2016,16,3745,長片,人物/訪談,playlist,九件事,【Joeman九件事】網路人物誌,False,none,0.0,,False,False,,64139,327.0,52.0,20,https://www.youtube.com/watch?v=IGQueStDVFE
0q1qc6LvxeU,【Joeman】麥當勞韓式炸雞堡！開箱試吃,2016-11-10 18:00:00,2016-11-10,2016,18,149,長片,3C開箱評測,playlist,Joeman開箱去,【Joeman開箱去】,False,none,0.0,,False,False,,96694,641.0,64.0,20,https://www.youtube.com/watch?v=0q1qc6LvxeU
bKdNvgzg4VQ,【Joeman】看片神器！LG 21:9超寬螢幕開箱實測 (29UM58),2016-11-10 13:10:47,2016-11-10,2016,13,417,長片,3C開箱評測,playlist,Joeman開箱去,【Joeman開箱去】,False,none,0.0,,False,False,,337352,1528.0,159.0,20,https://www.youtube.com/watch?v=bKdNvgzg4VQ
A8jruM0jyvs,【Joeman九件事】被Twitch封殺後的心路歷程 郭紹安專訪,2016-11-08 20:13:45,2016-11-08,2016,20,3092,長片,人物/訪談,playlist,九件事,【Joeman九件事】網路人物誌,False,none,0.0,,False,False,,107506,597.0,129.0,20,https://www.youtube.com/watch?v=A8jruM0jyvs
GTNlhJJ87Rw,【Joeman九件事】主持棒的另一端 小熊Yuniko專訪,2016-11-02 17:02:36,2016-11-02,2016,17,4568,長片,人物/訪談,playlist,九件事,【Joeman九件事】網路人物誌,False,none,0.0,,False,False,,74481,520.0,30.0,20,https://www.youtube.com/watch?v=GTNlhJJ87Rw
CSMe2IFwh7M,【Joeman FFBE】關於魔王的那些困擾！,2016-10-28 15:00:25,2016-10-28,2016,15,106,長片,遊戲實況,keyword,,,False,none,0.0,,False,False,,12624,80.0,8.0,20,https://www.youtube.com/watch?v=CSMe2IFwh7M
7Ym3lUFDhds,【Joeman九件事】最勇敢的女實況主 鳳梨妹專訪,2016-10-26 03:36:27,2016-10-26,2016,3,3814,長片,人物/訪談,playlist,九件事,【Joeman九件事】網路人物誌,False,none,0.0,,False,False,,50634,295.0,31.0,20,https://www.youtube.com/watch?v=7Ym3lUFDhds
eOAsGd-8YCk,【Joeman九件事】擾頻抱歉、人數告急！頭哥專訪,2016-10-19 19:17:39,2016-10-19,2016,19,4361,長片,人物/訪談,playlist,九件事,【Joeman九件事】網路人物誌,False,none,0.0,,False,False,,15196,76.0,38.0,20,https://www.youtube.com/watch?v=eOAsGd-8YCk
q_XDFvi-B0s,【Joeman】河洛工作室專訪：俠客風雲傳前傳秘辛與J2的野心,2016-10-18 18:37:40,2016-10-18,2016,18,716,長片,3C開箱評測,playlist,Joeman開箱去,【Joeman開箱去】,False,none,0.0,,False,False,,47967,676.0,83.0,20,https://www.youtube.com/watch?v=q_XDFvi-B0s
pOUcPUDGz0s,【Joeman】石器時代20連抽，來個傳說拜託你！,2016-10-15 18:48:27,2016-10-15,2016,18,203,長片,3C開箱評測,playlist,Joeman開箱去,【Joeman開箱去】,False,none,0.0,,False,False,,18698,36.0,10.0,20,https://www.youtube.com/watch?v=pOUcPUDGz0s
mjWHR01sO7s,【Joeman】石器時代－巴朵蘭恩紙模型開箱！,2016-10-14 19:14:43,2016-10-14,2016,19,170,長片,3C開箱評測,playlist,Joeman開箱去,【Joeman開箱去】,False,none,0.0,,False,False,,12304,126.0,3.0,20,https://www.youtube.com/watch?v=mjWHR01sO7s
Pubb9YV9Gjg,【Joeman九件事】跑跑卡丁車傳奇車手，小草Yue專訪,2016-10-12 19:11:47,2016-10-12,2016,19,4040,長片,人物/訪談,playlist,九件事,【Joeman九件事】網路人物誌,False,none,0.0,,False,False,,105667,892.0,63.0,20,https://www.youtube.com/watch?v=Pubb9YV9Gjg
xyw0nQx0IV0,【Joeman】這遊戲的雜魚專門出神裝！,2016-10-06 17:40:32,2016-10-06,2016,17,115,長片,遊戲實況,keyword,,,False,none,0.0,,False,False,,8965,62.0,14.0,20,https://www.youtube.com/watch?v=xyw0nQx0IV0
4PKFiVSf5cE,【Joeman九件事】超熱血的寶可夢戶外實況主！兔頭專訪,2016-10-05 12:01:44,2016-10-05,2016,12,4678,長片,人物/訪談,playlist,九件事,【Joeman九件事】網路人物誌,False,none,0.0,,False,False,,10955,68.0,9.0,20,https://www.youtube.com/watch?v=4PKFiVSf5cE
URuu7n4JKf4,【Joeman】兩天就賣完？俠客風雲傳前傳典藏版開箱！,2016-10-01 11:15:58,2016-10-01,2016,11,343,長片,3C開箱評測,playlist,Joeman開箱去,【Joeman開箱去】,False,none,0.0,,False,False,,14418,223.0,16.0,20,https://www.youtube.com/watch?v=URuu7n4JKf4
QvTp6y1JqYU,【Joeman】難度爆表？3D立體鋼珠迷宮開箱！(feat. Hui、阿吉),2016-09-28 18:48:51,2016-09-28,2016,18,641,長片,3C開箱評測,playlist,Joeman開箱去,【Joeman開箱去】,False,none,0.0,,False,False,,308056,1021.0,78.0,20,https://www.youtube.com/watch?v=QvTp6y1JqYU
AztWbH3NDaM,【Joeman九件事】台灣Youtube界男神降臨！阿神Kouki專訪,2016-09-22 00:11:18,2016-09-22,2016,0,5073,長片,人物/訪談,playlist,九件事,【Joeman九件事】網路人物誌,False,none,0.0,,False,False,,371534,4269.0,261.0,20,https://www.youtube.com/watch?v=AztWbH3NDaM
lnvOPizyMU4,【Joeman九件事】從偽娘走向變性!網路紅人愛里專訪,2016-09-19 00:33:13,2016-09-19,2016,0,4814,長片,人物/訪談,playlist,九件事,【Joeman九件事】網路人物誌,False,none,0.0,,False,False,,272938,1326.0,258.0,20,https://www.youtube.com/watch?v=lnvOPizyMU4
GCKiFdNClmQ,【Joeman】能快速把妹的鍵盤？AZIO 全彩背光機械鍵盤開箱！ (AZIO MGK L80 RGB),2016-09-18 02:46:06,2016-09-18,2016,2,642,長片,3C開箱評測,playlist,Joeman開箱去,【Joeman開箱去】,False,none,0.0,,False,False,,513141,2772.0,309.0,20,https://www.youtube.com/watch?v=GCKiFdNClmQ
IxN36uJsaAk,【Joeman】Cosplay 星海爭霸 泰克斯,2016-09-14 18:34:39,2016-09-14,2016,18,20,長片,電競賽事,keyword,,,False,none,0.0,,False,False,,10014,203.0,34.0,20,https://www.youtube.com/watch?v=IxN36uJsaAk
a1YbR37eCeI,【Joeman九件事】最純的宅男女神？解婕翎J0專訪！,2016-09-09 08:31:41,2016-09-09,2016,8,4005,長片,人物/訪談,playlist,九件事,【Joeman九件事】網路人物誌,False,none,0.0,,False,False,,127911,732.0,51.0,20,https://www.youtube.com/watch?v=a1YbR37eCeI
-k5ScuZG41U,【Joeman】麥當勞雞排、派克雞排、流氓雞排 誰最好吃？,2016-09-08 05:39:39,2016-09-08,2016,5,211,長片,3C開箱評測,playlist,Joeman開箱去,【Joeman開箱去】,False,none,0.0,,False,False,,685645,3737.0,511.0,20,https://www.youtube.com/watch?v=-k5ScuZG41U
Hj3cRwMqEmQ,【Joeman】爸爸去哪兒？快樂輪子3D！(Happy Wheels Guts and Glory),2016-09-02 20:20:31,2016-09-02,2016,20,306,長片,未分類,none,,,False,none,0.0,,False,False,,21850,216.0,26.0,20,https://www.youtube.com/watch?v=Hj3cRwMqEmQ
CpcrvHYQXkg,【Joeman九件事】是魯蛇還是叛徒？網路紅人Howhow陳孜昊專訪！,2016-08-30 02:01:31,2016-08-30,2016,2,3948,長片,人物/訪談,playlist,九件事,【Joeman九件事】網路人物誌,False,none,0.0,,False,False,,274406,2046.0,106.0,20,https://www.youtube.com/watch?v=CpcrvHYQXkg
HkzlhOBX_fY,【Joeman】扭蛋開箱！寶可夢拉霸機  (神奇寶貝XY&Z劇場版),2016-08-29 08:01:05,2016-08-29,2016,8,329,長片,3C開箱評測,playlist,Joeman開箱去,【Joeman開箱去】,False,none,0.0,,False,False,,290523,1841.0,158.0,20,https://www.youtube.com/watch?v=HkzlhOBX_fY
qS4YIPbNmFE,【Joeman】極機密？高科技動態瘦臉！,2016-08-25 02:19:32,2016-08-25,2016,2,172,長片,3C開箱評測,playlist,Joeman開箱去,【Joeman開箱去】,False,none,0.0,,False,False,,14874,259.0,36.0,20,https://www.youtube.com/watch?v=qS4YIPbNmFE
PRtPrULxO_g,【Joeman】實體版爐石戰記？開箱實測！　(feat. Sobad),2016-08-22 03:00:31,2016-08-22,2016,3,922,長片,3C開箱評測,playlist,Joeman開箱去,【Joeman開箱去】,False,none,0.0,,False,False,,278772,1924.0,271.0,20,https://www.youtube.com/watch?v=PRtPrULxO_g
MFJbEReQiow,【Joeman】在北投公園孵出超級巨獸！Pokemon Go,2016-08-20 12:31:20,2016-08-20,2016,12,104,長片,3C開箱評測,playlist,Joeman開箱去,【Joeman開箱去】,False,none,0.0,,False,False,,425206,859.0,238.0,20,https://www.youtube.com/watch?v=MFJbEReQiow
rR9Ndh0Qfc4,【Joeman】雪恥！5顆5公里蛋孵化　Pokemon Go！,2016-08-16 17:32:37,2016-08-16,2016,17,86,長片,3C開箱評測,playlist,Joeman開箱去,【Joeman開箱去】,False,none,0.0,,False,False,,79157,197.0,71.0,20,https://www.youtube.com/watch?v=rR9Ndh0Qfc4
jVHR5nK5_Jw,【Joeman】第一顆10公里蛋會孵出甚麼？　Pokemon Go!,2016-08-15 10:14:32,2016-08-15,2016,10,40,長片,3C開箱評測,playlist,Joeman開箱去,【Joeman開箱去】,False,none,0.0,,False,False,,67148,227.0,118.0,20,https://www.youtube.com/watch?v=jVHR5nK5_Jw
DNjao1uS878,【Joeman九件事】超粒方專訪！影評背後的辛酸血淚？,2016-08-12 09:42:24,2016-08-12,2016,9,2392,長片,人物/訪談,playlist,九件事,【Joeman九件事】網路人物誌,False,none,0.0,,False,False,,79774,733.0,57.0,20,https://www.youtube.com/watch?v=DNjao1uS878
Ii5LR3vKknY,十年前我就在搭307拍片了！公車食刻表前傳ep0,2016-08-09 01:34:00,2016-08-09,2016,1,727,長片,3C開箱評測,playlist,Joeman開箱去,【Joeman開箱去】,False,none,0.0,,False,False,,157691,1145.0,219.0,20,https://www.youtube.com/watch?v=Ii5LR3vKknY
f5MKx71pN_M,【Joeman】甚麼都能黏？反重力手機殼開箱實測！,2016-08-06 04:05:17,2016-08-06,2016,4,274,長片,3C開箱評測,playlist,Joeman開箱去,【Joeman開箱去】,False,none,0.0,,False,False,,394112,2094.0,138.0,20,https://www.youtube.com/watch?v=f5MKx71pN_M
dS6o-dQGfWU,【Joeman】用迷你撲克牌玩心臟病！(feat. Hui、Haz),2016-07-31 07:01:17,2016-07-31,2016,7,604,長片,3C開箱評測,playlist,Joeman開箱去,【Joeman開箱去】,False,none,0.0,,False,False,,159960,988.0,110.0,20,https://www.youtube.com/watch?v=dS6o-dQGfWU
ykBPOh6BmZg,【Joeman】隨身攜帶的驗鈔法寶？手機顯微鏡開箱！,2016-07-27 15:45:20,2016-07-27,2016,15,343,長片,3C開箱評測,playlist,Joeman開箱去,【Joeman開箱去】,False,none,0.0,,False,False,,253137,2230.0,237.0,20,https://www.youtube.com/watch?v=ykBPOh6BmZg
LTKJVyvRWLI,【Joeman】提升情緒控制能力？遙控鋼珠迷宮！開箱,2016-07-25 18:01:00,2016-07-25,2016,18,388,長片,3C開箱評測,playlist,Joeman開箱去,【Joeman開箱去】,False,none,0.0,,False,False,,819910,4247.0,254.0,20,https://www.youtube.com/watch?v=LTKJVyvRWLI
hkClHbGf5wo,【Joeman】平衡感大挑戰！桌遊「船轉企鵝」開箱試玩　(feat.蕎蕎、可可),2016-07-23 03:06:38,2016-07-23,2016,3,613,長片,3C開箱評測,playlist,Joeman開箱去,【Joeman開箱去】,False,none,0.0,,False,False,,153052,805.0,79.0,20,https://www.youtube.com/watch?v=hkClHbGf5wo
EbQ4kPpChrc,【Joeman】香港祕密警察 第二集 18銅人來啦! Sleeping Dogs Ep2,2016-07-21 17:05:10,2016-07-21,2016,17,2710,長片,未分類,none,,,False,none,0.0,,False,False,,4330,14.0,2.0,20,https://www.youtube.com/watch?v=EbQ4kPpChrc
vxVN1s-WiXE,【Joeman】香港祕密警察 第一集 粵語版GTA? Sleeping Dogs Ep1,2016-07-21 17:05:10,2016-07-21,2016,17,3150,長片,遊戲實況,keyword,,,False,none,0.0,,False,False,,9126,49.0,10.0,20,https://www.youtube.com/watch?v=vxVN1s-WiXE
Llc4iipJtLk,【Joeman】 實況主人生 第九集 愛情第二春! Youtubers Life Ep9,2016-07-20 20:09:10,2016-07-20,2016,20,899,長片,人物/訪談,keyword,,,False,none,0.0,,False,False,,5640,32.0,7.0,20,https://www.youtube.com/watch?v=Llc4iipJtLk
XRYgEKaTHbA,【Joeman】 實況主人生 第八集 頂樓加蓋豪宅 Youtubers Life Ep8,2016-07-20 20:08:32,2016-07-20,2016,20,1025,長片,看房/房產,keyword,,,False,none,0.0,,False,False,,7721,30.0,5.0,20,https://www.youtube.com/watch?v=XRYgEKaTHbA
N_VONZfduqU,【Joeman】 實況主人生 第七集 邀請第一名當室友 Youtubers Life Ep7,2016-07-20 20:07:58,2016-07-20,2016,20,994,長片,人物/訪談,keyword,,,False,none,0.0,,False,False,,4903,27.0,1.0,20,https://www.youtube.com/watch?v=N_VONZfduqU
8mGaKOcUoU4,【Joeman】藍寶堅尼 Avantador LP700 遙控跑車開箱！,2016-07-19 18:40:58,2016-07-19,2016,18,391,長片,3C開箱評測,playlist,Joeman開箱去,【Joeman開箱去】,False,none,0.0,,False,False,,544622,2673.0,331.0,20,https://www.youtube.com/watch?v=8mGaKOcUoU4
O0nApAme3hg,【Joeman】總統萬歲5 第十集 航母艦隊出動! Tropico 5 Ep10,2016-07-18 20:10:59,2016-07-18,2016,20,1759,長片,遊戲實況,keyword,,,False,none,0.0,,False,False,,26836,54.0,12.0,20,https://www.youtube.com/watch?v=O0nApAme3hg
JvCxwTmFbP8,【Joeman】總統萬歲5 第九集 肥宅科學園區 Tropico 5 Ep9,2016-07-18 20:10:12,2016-07-18,2016,20,1809,長片,遊戲實況,keyword,,,False,none,0.0,,False,False,,8414,17.0,6.0,20,https://www.youtube.com/watch?v=JvCxwTmFbP8
jXhdRYMKq3M,【Joeman】總統萬歲5 第八集 拜託不要再罷工了 Tropico 5 Ep8,2016-07-18 20:07:28,2016-07-18,2016,20,2024,長片,遊戲實況,keyword,,,False,none,0.0,,False,False,,8221,24.0,4.0,20,https://www.youtube.com/watch?v=jXhdRYMKq3M
oQNEdEjpgl8,【Joeman】喝酒神器？不鏽鋼冰塊 開箱實測！,2016-07-14 17:16:19,2016-07-14,2016,17,521,長片,3C開箱評測,playlist,Joeman開箱去,【Joeman開箱去】,False,none,-4.0,明確聲明非業配,False,False,,1513611,7313.0,1209.0,20,https://www.youtube.com/watch?v=oQNEdEjpgl8
5DUXRU9x47Y,【Joeman】一款虐殺小男孩的恐怖遊戲！《Inside》死亡精華,2016-07-10 13:06:35,2016-07-10,2016,13,229,長片,遊戲實況,keyword,,,False,none,0.0,,False,False,,5659,42.0,4.0,20,https://www.youtube.com/watch?v=5DUXRU9x47Y
ixndIZzghI8,【Joeman】Inside 裏世界 第四集 肉球大冒險 (完) ep4,2016-07-09 13:10:09,2016-07-09,2016,13,1620,長片,未分類,none,,,False,none,0.0,,False,False,,3973,12.0,0.0,20,https://www.youtube.com/watch?v=ixndIZzghI8
DDDsz3Ym0Qc,【Joeman】Inside 裏世界 第三集 恐怖實驗室 ep3,2016-07-09 13:09:16,2016-07-09,2016,13,2508,長片,挑戰/企劃,keyword,,,False,none,0.0,,False,False,,4088,12.0,2.0,20,https://www.youtube.com/watch?v=DDDsz3Ym0Qc
giTVvgj-mu4,【Joeman】Inside 裏世界 第二集 終於不是邊緣人了 ep2,2016-07-09 13:04:09,2016-07-09,2016,13,3288,長片,未分類,none,,,False,none,0.0,,False,False,,4420,26.0,2.0,20,https://www.youtube.com/watch?v=giTVvgj-mu4
oeEDltA9l-Q,【Joeman】Inside 裏世界 第一集 這個遊戲有點變態 ep1,2016-07-09 13:04:04,2016-07-09,2016,13,2840,長片,遊戲實況,keyword,,,False,none,0.0,,False,False,,11465,57.0,3.0,20,https://www.youtube.com/watch?v=oeEDltA9l-Q
46DebIWqZiw,【Joeman】總統萬歲5 第七集 砍掉重練QQ Tropico 5 Ep7,2016-07-08 21:01:18,2016-07-08,2016,21,2072,長片,遊戲實況,keyword,,,False,none,0.0,,False,False,,8953,25.0,5.0,20,https://www.youtube.com/watch?v=46DebIWqZiw
HiTNQQECxZU,【Joeman】總統萬歲5 第六集 發展核子計畫 Tropico 5 Ep6,2016-07-08 21:00:41,2016-07-08,2016,21,1669,長片,遊戲實況,keyword,,,False,none,0.0,,False,False,,8744,22.0,1.0,20,https://www.youtube.com/watch?v=HiTNQQECxZU
UDPN8kAFw1M,【Joeman】總統萬歲5 第五集 觀光型總統 Tropico 5 Ep5,2016-07-07 21:53:29,2016-07-07,2016,21,1901,長片,遊戲實況,keyword,,,False,none,0.0,,False,False,,8657,24.0,1.0,20,https://www.youtube.com/watch?v=UDPN8kAFw1M
b_qdMy6__Z8,【Joeman】總統萬歲5 第四集 全面宣戰 Tropico 5 Ep4,2016-07-07 21:52:34,2016-07-07,2016,21,1836,長片,遊戲實況,keyword,,,False,none,0.0,,False,False,,11708,31.0,1.0,20,https://www.youtube.com/watch?v=b_qdMy6__Z8
pPqfkxFxDAA,【Joeman】總統萬歲5 第三集 獨立的下場 Tropico 5 Ep3,2016-07-05 08:57:14,2016-07-05,2016,8,2511,長片,遊戲實況,keyword,,,False,none,0.0,,False,False,,18103,37.0,4.0,20,https://www.youtube.com/watch?v=pPqfkxFxDAA
C0-Ot3BE3LY,【Joeman】總統萬歲5 第二集 最窮的政府 Tropico 5 Ep2,2016-07-05 08:56:03,2016-07-05,2016,8,2037,長片,遊戲實況,keyword,,,False,none,0.0,,False,False,,13318,29.0,1.0,20,https://www.youtube.com/watch?v=C0-Ot3BE3LY
OC39uCwyLhA,【Joeman】總統萬歲5 第一集 獨裁者的第一步 Tropico 5 Ep1,2016-07-05 08:54:40,2016-07-05,2016,8,1859,長片,遊戲實況,keyword,,,False,none,0.0,,False,False,,41157,119.0,32.0,20,https://www.youtube.com/watch?v=OC39uCwyLhA
bFS3qN20tG8,【Joeman】總統萬歲5 Steam V1.1 繁體漢化 教學  Tropico5,2016-07-05 02:02:41,2016-07-05,2016,2,182,長片,遊戲實況,keyword,,,False,none,0.0,,False,False,,18082,136.0,35.0,20,https://www.youtube.com/watch?v=bFS3qN20tG8
u1jrLvi_X58,【Joeman】法國行Vlog-南法篇 (蔚藍海岸、尼斯、艾日、薰衣草、摩納哥),2016-06-29 22:01:35,2016-06-29,2016,22,587,長片,日常Vlog,playlist,Joeman出來玩,【Joeman出來玩】,False,none,0.0,,False,False,,43729,372.0,28.0,20,https://www.youtube.com/watch?v=u1jrLvi_X58
QY33o2vBjvU,【Joeman】 黎明死線 精華第一集 (Sobad 懶貓 Iris 猴子) Dead By Daylight,2016-06-28 22:33:11,2016-06-28,2016,22,1438,長片,未分類,none,,,False,none,0.0,,False,False,,2028,8.0,1.0,20,https://www.youtube.com/watch?v=QY33o2vBjvU
XYv1mnaVg7A,【Joeman】羽翼的祈願 第三集 真相,2016-06-24 04:46:32,2016-06-24,2016,4,3723,長片,未分類,none,,,False,none,0.0,,False,False,,1055,5.0,2.0,20,https://www.youtube.com/watch?v=XYv1mnaVg7A
7bpW5kGStO4,【Joeman】羽翼的祈願 第二集 機關重重,2016-06-24 04:46:22,2016-06-24,2016,4,3268,長片,未分類,none,,,False,none,0.0,,False,False,,982,5.0,2.0,20,https://www.youtube.com/watch?v=7bpW5kGStO4
Y7j0NlFWEds,【Joeman】羽翼的祈願 第一集 恐怖的豪宅,2016-06-24 04:46:09,2016-06-24,2016,4,3662,長片,看房/房產,keyword,,,False,none,0.0,,False,False,,2333,12.0,1.0,20,https://www.youtube.com/watch?v=Y7j0NlFWEds
LlecuEIyiGo,【Joeman】超猛的三軸穩定器測試! (feat 婕翎、蕎蕎),2016-06-22 15:21:38,2016-06-22,2016,15,41,長片,3C開箱評測,playlist,Joeman開箱去,【Joeman開箱去】,False,none,0.0,,False,False,,12420,52.0,7.0,20,https://www.youtube.com/watch?v=LlecuEIyiGo
_4lAeYP4DO4,【Joeman】StarWars 星際大戰 BB-8 遙控機器人開箱！,2016-06-21 16:35:44,2016-06-21,2016,16,626,長片,3C開箱評測,playlist,Joeman開箱去,【Joeman開箱去】,False,none,0.0,,False,False,,86490,655.0,47.0,20,https://www.youtube.com/watch?v=_4lAeYP4DO4
4x7v5wujs64,【Joeman】2016 E3 照片閒聊 為什麼蔣中正在這裡?,2016-06-21 09:00:55,2016-06-21,2016,9,623,長片,日常Vlog,playlist,Joeman出來玩,【Joeman出來玩】,False,none,0.0,,False,False,,5462,32.0,3.0,20,https://www.youtube.com/watch?v=4x7v5wujs64
tVEJNwK857I,【Joeman】 饑荒 精華-這個遊戲核心是大便 (貓咪老師 Iris 猴子 JJ) Don't Starve Together,2016-06-19 20:55:25,2016-06-19,2016,20,2010,長片,寵物,keyword,,,False,none,0.0,,False,False,,4191,21.0,2.0,20,https://www.youtube.com/watch?v=tVEJNwK857I
Zj69VeaU6EA,【Joeman】2016 E3 第四天：《榮耀戰魂》、《火線獵殺:野境》試玩心得,2016-06-16 23:07:37,2016-06-16,2016,23,659,長片,日常Vlog,playlist,Joeman出來玩,【Joeman出來玩】,False,none,0.0,,False,False,,11978,54.0,4.0,20,https://www.youtube.com/watch?v=Zj69VeaU6EA
N3822ySCWhM,【Joeman】2016 E3 第三天：死亡復甦4、狙擊菁英4、ReCore試玩,2016-06-16 00:28:31,2016-06-16,2016,0,711,長片,日常Vlog,playlist,Joeman出來玩,【Joeman出來玩】,False,none,0.0,,False,False,,16040,54.0,5.0,20,https://www.youtube.com/watch?v=N3822ySCWhM
UBAZLz7ZZM8,【Joeman】2016 E3 第二天：試玩7000美金的賽車椅！,2016-06-15 00:25:31,2016-06-15,2016,0,745,長片,日常Vlog,playlist,Joeman出來玩,【Joeman出來玩】,False,none,0.0,,False,False,,43592,176.0,9.0,20,https://www.youtube.com/watch?v=UBAZLz7ZZM8
MWPX7KYiGu8,【Joeman】2016 E3 第一天：XBOX限量福袋開箱！,2016-06-13 17:27:06,2016-06-13,2016,17,477,長片,日常Vlog,playlist,Joeman出來玩,【Joeman出來玩】,False,none,0.0,,False,False,,16071,105.0,8.0,20,https://www.youtube.com/watch?v=MWPX7KYiGu8
66eVooFV3wA,【Joeman】 實況主人生 第六集 合作拍片賺大錢 Youtubers Life Ep6,2016-06-12 05:34:32,2016-06-12,2016,5,767,長片,人物/訪談,keyword,,,False,none,0.0,,False,False,,6647,37.0,3.0,20,https://www.youtube.com/watch?v=66eVooFV3wA
nxXG_-VEQME,【Joeman】 實況主人生 第五集 陷入負債地獄 Youtubers Life Ep5,2016-06-12 05:33:40,2016-06-12,2016,5,699,長片,人物/訪談,keyword,,,False,none,0.0,,False,False,,5943,26.0,2.0,20,https://www.youtube.com/watch?v=nxXG_-VEQME
Z4DjTZTh4xk,【Joeman】 實況主人生 第四集 魯蛇也能結婚 Youtubers Life Ep4,2016-06-12 05:33:01,2016-06-12,2016,5,722,長片,人物/訪談,keyword,,,False,none,0.0,,False,False,,6496,44.0,1.0,20,https://www.youtube.com/watch?v=Z4DjTZTh4xk
HVSnm-QAtKI,【Joeman】 模擬樂園建築師 第三集 G-lock洗錢大法 Parkitect EP3,2016-06-11 03:46:50,2016-06-11,2016,3,888,長片,未分類,none,,,False,none,0.0,,False,False,,26240,118.0,19.0,20,https://www.youtube.com/watch?v=HVSnm-QAtKI
FJU0_APn5b0,【Joeman】 模擬樂園建築師 第二集 50層樓的大怒神 Parkitect EP2,2016-06-11 03:46:47,2016-06-11,2016,3,782,長片,未分類,none,,,False,none,0.0,,False,False,,24209,92.0,11.0,20,https://www.youtube.com/watch?v=FJU0_APn5b0
POJRUAa_hdk,【Joeman】 模擬樂園建築師 第一集 只有廁所的遊樂園 Parkitect EP1,2016-06-11 03:46:47,2016-06-11,2016,3,636,長片,未分類,none,,,False,none,0.0,,False,False,,56769,255.0,21.0,20,https://www.youtube.com/watch?v=POJRUAa_hdk
uCx0Wz2whCM,【Joeman】精華: 衣服穿對邊很重要！(feat. 蕎蕎、可可),2016-06-09 17:21:59,2016-06-09,2016,17,98,長片,人物/訪談,keyword,,,False,none,0.0,,False,False,,3011,12.0,2.0,20,https://www.youtube.com/watch?v=uCx0Wz2whCM
QV0Lx1WDwj8,【Joeman】深夜食堂，霸凌觀眾,2016-06-06 17:22:30,2016-06-06,2016,17,277,長片,3C開箱評測,playlist,Joeman開箱去,【Joeman開箱去】,False,none,0.0,,False,False,,13037,83.0,9.0,20,https://www.youtube.com/watch?v=QV0Lx1WDwj8
Hj9WZDgF6Mk,【Joeman】 實況主人生 第三集 攻略雙馬尾 Youtubers Life Ep3,2016-06-04 02:51:10,2016-06-04,2016,2,848,長片,人物/訪談,keyword,,,False,none,0.0,,False,False,,7184,40.0,9.0,20,https://www.youtube.com/watch?v=Hj9WZDgF6Mk
sBjA_27eSBs,【Joeman】 實況主人生 第二集 搬入新公寓 Youtubers Life Ep2,2016-06-04 02:51:08,2016-06-04,2016,2,705,長片,人物/訪談,keyword,,,False,none,0.0,,False,False,,7641,39.0,2.0,20,https://www.youtube.com/watch?v=sBjA_27eSBs
V3m2fJk6SEA,【Joeman】 實況主人生 第一集 這個人生好眼熟 Youtubers Life Ep1,2016-06-03 19:28:56,2016-06-03,2016,19,671,長片,人物/訪談,keyword,,,False,none,0.0,,False,False,,13369,99.0,12.0,20,https://www.youtube.com/watch?v=V3m2fJk6SEA
77MuiFsx2_o,【Joeman】用VR玩遊戲到底是甚麼感覺？(feat. Sobad),2016-06-02 17:00:35,2016-06-02,2016,17,175,長片,遊戲實況,keyword,,,True,keyword,3.0,致謝贊助句型,False,False,,156872,523.0,85.0,20,https://www.youtube.com/watch?v=77MuiFsx2_o
G4OF9sSHdaI,【Joeman】精華：20歲的肉體、40歲的舞姿,2016-05-31 17:56:06,2016-05-31,2016,17,219,長片,未分類,none,,,False,none,0.0,,False,False,,1301,4.0,0.0,20,https://www.youtube.com/watch?v=G4OF9sSHdaI
Vj_p_05Yr9E,【Joeman】精華: 才華洋溢的男人,2016-05-26 16:43:50,2016-05-26,2016,16,189,長片,未分類,none,,,False,none,0.0,,False,False,,2297,16.0,2.0,20,https://www.youtube.com/watch?v=Vj_p_05Yr9E
tch1WXlX0ao,【Joeman】精華:誰才是公會之花?  (feat.解婕翎、蕎蕎),2016-05-25 11:03:37,2016-05-25,2016,11,139,長片,人物/訪談,keyword,,,False,none,0.0,,False,False,,2625,21.0,5.0,20,https://www.youtube.com/watch?v=tch1WXlX0ao
jrBCJ4S9zfc,【Joeman】精華：我只是想好好釣魚,2016-05-25 11:00:58,2016-05-25,2016,11,54,長片,未分類,none,,,False,none,0.0,,False,False,,1034,8.0,1.0,20,https://www.youtube.com/watch?v=jrBCJ4S9zfc
_FcHZKUl_VE,【Joeman】TAMIYA 熊本熊四驅車 開箱組裝!,2016-05-23 15:39:57,2016-05-23,2016,15,889,長片,3C開箱評測,playlist,Joeman開箱去,【Joeman開箱去】,False,none,0.0,,False,False,,161709,622.0,68.0,20,https://www.youtube.com/watch?v=_FcHZKUl_VE
1jw1mglX3uw,【Joeman】 勇者鬥惡龍 創世小玩家 第四集 失落的城堡 Dragon Quest Builders Ep4,2016-05-20 15:29:29,2016-05-20,2016,15,2350,長片,遊戲實況,keyword,,,False,none,0.0,,False,False,,1457,4.0,1.0,20,https://www.youtube.com/watch?v=1jw1mglX3uw
25rznqH3a2k,【Joeman】 勇者鬥惡龍 創世小玩家 第五集 建造石之守護 Dragon Quest Builders Ep4,2016-05-20 15:29:28,2016-05-20,2016,15,1704,長片,遊戲實況,keyword,,,False,none,0.0,,False,False,,1005,4.0,0.0,20,https://www.youtube.com/watch?v=25rznqH3a2k
CUDbpo7Mwpc,【Joeman】 勇者鬥惡龍 創世小玩家 第七集 建造城牆 Dragon Quest Builders Ep7,2016-05-20 15:29:28,2016-05-20,2016,15,1562,長片,遊戲實況,keyword,,,False,none,0.0,,False,False,,1301,6.0,2.0,20,https://www.youtube.com/watch?v=CUDbpo7Mwpc
_pQVVCKkGxk,【Joeman】 勇者鬥惡龍 創世小玩家 第十集 受汙染的大地 Dragon Quest Builders Ep10,2016-05-20 15:29:28,2016-05-20,2016,15,2157,長片,遊戲實況,keyword,,,False,none,0.0,,False,False,,1135,5.0,1.0,20,https://www.youtube.com/watch?v=_pQVVCKkGxk
jePkP4npiKY,【Joeman】 勇者鬥惡龍 創世小玩家 第八集 學習料理 Dragon Quest Builders Ep8,2016-05-20 15:29:28,2016-05-20,2016,15,1644,長片,遊戲實況,keyword,,,False,none,0.0,,False,False,,886,4.0,1.0,20,https://www.youtube.com/watch?v=jePkP4npiKY
muuzVuYzUTY,【Joeman】 勇者鬥惡龍 創世小玩家 第九集 挑戰巨神兵 Dragon Quest Builders Ep9,2016-05-20 15:29:28,2016-05-20,2016,15,2543,長片,挑戰/企劃,keyword,,,False,none,0.0,,False,False,,1140,9.0,4.0,20,https://www.youtube.com/watch?v=muuzVuYzUTY
svkL1v0LJ9k,【Joeman】 勇者鬥惡龍 創世小玩家 第六集 金字塔冒險 Dragon Quest Builders Ep6,2016-05-20 15:29:28,2016-05-20,2016,15,1940,長片,遊戲實況,keyword,,,False,none,0.0,,False,False,,881,7.0,3.0,20,https://www.youtube.com/watch?v=svkL1v0LJ9k
J9r7fkaVmtc,【Joeman】 勇者鬥惡龍 創世小玩家 第十五集 開心農場開張 Dragon Quest Builders Ep15,2016-05-20 15:29:27,2016-05-20,2016,15,1852,長片,遊戲實況,keyword,,,False,none,0.0,,False,False,,1199,1.0,0.0,20,https://www.youtube.com/watch?v=J9r7fkaVmtc
cjXAReYH474,【Joeman】 勇者鬥惡龍 創世小玩家 第十六集 木製城堡完工! Dragon Quest Builders Ep16,2016-05-20 15:29:27,2016-05-20,2016,15,2052,長片,遊戲實況,keyword,,,False,none,0.0,,False,False,,1392,3.0,0.0,20,https://www.youtube.com/watch?v=cjXAReYH474
dA6H-DMl-Eg,【Joeman】 勇者鬥惡龍 創世小玩家 第十一集 拯救病患 Dragon Quest Builders Ep11,2016-05-20 15:29:27,2016-05-20,2016,15,2754,長片,遊戲實況,keyword,,,False,none,0.0,,False,False,,875,1.0,0.0,20,https://www.youtube.com/watch?v=dA6H-DMl-Eg
qkCWX8_CCuI,【Joeman】 勇者鬥惡龍 創世小玩家 第十二集 建照飲水處 Dragon Quest Builders Ep12,2016-05-20 15:29:27,2016-05-20,2016,15,2130,長片,遊戲實況,keyword,,,False,none,0.0,,False,False,,4630,11.0,2.0,20,https://www.youtube.com/watch?v=qkCWX8_CCuI
xZ8s7E19vqw,【Joeman】 勇者鬥惡龍 創世小玩家 第十三集 麻痺病的元凶 Dragon Quest Builders Ep13,2016-05-20 15:29:27,2016-05-20,2016,15,1744,長片,遊戲實況,keyword,,,False,none,0.0,,False,False,,751,5.0,0.0,20,https://www.youtube.com/watch?v=xZ8s7E19vqw
zbhSnC8P5pM,【Joeman】 勇者鬥惡龍 創世小玩家 第十四集 乾淨的水 Dragon Quest Builders Ep14,2016-05-20 15:29:27,2016-05-20,2016,15,1958,長片,遊戲實況,keyword,,,False,none,0.0,,False,False,,3723,10.0,0.0,20,https://www.youtube.com/watch?v=zbhSnC8P5pM
735zTpNb0zY,【Joeman】 勇者鬥惡龍 創世小玩家 第二十集 尋找神聖之草 Dragon Quest Builders Ep20,2016-05-20 15:29:26,2016-05-20,2016,15,1387,長片,遊戲實況,keyword,,,False,none,0.0,,False,False,,822,3.0,3.0,20,https://www.youtube.com/watch?v=735zTpNb0zY
8Fq1RhgzcIg,【Joeman】 勇者鬥惡龍 創世小玩家 第二十一集 決戰地獄兀鷲 Dragon Quest Builders Ep21,2016-05-20 15:29:26,2016-05-20,2016,15,1555,長片,遊戲實況,keyword,,,False,none,0.0,,False,False,,1468,7.0,0.0,20,https://www.youtube.com/watch?v=8Fq1RhgzcIg
YTo4gF0ucSk,【Joeman】 勇者鬥惡龍 創世小玩家 第十七集 釣魚大慘案 Dragon Quest Builders Ep17,2016-05-20 15:29:26,2016-05-20,2016,15,2059,長片,遊戲實況,keyword,,,False,none,0.0,,False,False,,1209,6.0,5.0,20,https://www.youtube.com/watch?v=YTo4gF0ucSk
vmWuVxkb42Q,【Joeman】 勇者鬥惡龍 創世小玩家 第十八集 慘了要變殭屍了 Dragon Quest Builders Ep18,2016-05-20 15:29:26,2016-05-20,2016,15,1809,長片,遊戲實況,keyword,,,False,none,0.0,,False,False,,816,1.0,1.0,20,https://www.youtube.com/watch?v=vmWuVxkb42Q
yWZuuhccKQQ,【Joeman】 勇者鬥惡龍 創世小玩家 第十九集 情趣小套房 Dragon Quest Builders Ep19,2016-05-20 15:29:26,2016-05-20,2016,15,1471,長片,遊戲實況,keyword,,,False,none,0.0,,False,False,,1456,4.0,1.0,20,https://www.youtube.com/watch?v=yWZuuhccKQQ
hlKQ8-ZWPS4,【Joeman】考古挖掘：雷克斯暴龍　玩具開箱,2016-05-16 12:18:14,2016-05-16,2016,12,810,長片,3C開箱評測,playlist,Joeman開箱去,【Joeman開箱去】,False,none,0.0,,False,False,,93441,524.0,59.0,20,https://www.youtube.com/watch?v=hlKQ8-ZWPS4
e8y2D8DyoUE,【Joeman】秘境探險4 最精彩的飛車追逐,2016-05-14 10:31:29,2016-05-14,2016,10,323,長片,遊戲實況,keyword,,,False,none,0.0,,False,False,,3026,12.0,2.0,20,https://www.youtube.com/watch?v=e8y2D8DyoUE
kEB6Tg4fGGA,【Joeman】秘境探險4 第九集 草原大逃亡 Uncharted4 Ep9,2016-05-14 07:59:30,2016-05-14,2016,7,7384,長片,遊戲實況,keyword,,,False,none,0.0,,False,False,,2572,2.0,1.0,20,https://www.youtube.com/watch?v=kEB6Tg4fGGA
zDdcKUv5gQo,【Joeman】秘境探險4 第十二集 永遠的德瑞克(完) Uncharted4 Ep12,2016-05-14 01:24:30,2016-05-14,2016,1,4115,長片,遊戲實況,keyword,,,False,none,0.0,,False,False,,2148,9.0,1.0,20,https://www.youtube.com/watch?v=zDdcKUv5gQo
c-oO-K0Jlwo,【Joeman】秘境探險4 第十一集 殘忍的艾佛利 Uncharted4 Ep11,2016-05-14 01:23:07,2016-05-14,2016,1,4332,長片,遊戲實況,keyword,,,False,none,0.0,,False,False,,1679,3.0,0.0,20,https://www.youtube.com/watch?v=c-oO-K0Jlwo
YRAOp-8SvJI,【Joeman】秘境探險4 第十集 最後的晚餐 Uncharted4 Ep10,2016-05-14 01:22:17,2016-05-14,2016,1,3027,長片,遊戲實況,keyword,,,False,none,0.0,,False,False,,1643,1.0,0.0,20,https://www.youtube.com/watch?v=YRAOp-8SvJI
Bg1ursiF7Eo,【Joeman】秘境探險4 第八集 海賊的天堂 Uncharted4 Ep8,2016-05-14 01:21:01,2016-05-14,2016,1,6479,長片,遊戲實況,keyword,,,False,none,0.0,,False,False,,2374,6.0,0.0,20,https://www.youtube.com/watch?v=Bg1ursiF7Eo
5XUIuPi9fsA,【Joeman】秘境探險4 第七集 海島探險 Uncharted4 Ep7,2016-05-14 01:20:23,2016-05-14,2016,1,3423,長片,遊戲實況,keyword,,,False,none,0.0,,False,False,,1877,7.0,0.0,20,https://www.youtube.com/watch?v=5XUIuPi9fsA
qFdPnZFun-A,【Joeman】秘境探險4 第六集 越野大冒險 Uncharted4 Ep6,2016-05-14 01:19:06,2016-05-14,2016,1,3959,長片,遊戲實況,keyword,,,False,none,0.0,,False,False,,2088,4.0,1.0,20,https://www.youtube.com/watch?v=qFdPnZFun-A
1zp4INOQbeQ,【Joeman】秘境探險4 第四集 廢棄的修道院 Uncharted4 Ep4,2016-05-13 04:45:12,2016-05-13,2016,4,5578,長片,遊戲實況,keyword,,,False,none,0.0,,False,False,,2817,9.0,0.0,20,https://www.youtube.com/watch?v=1zp4INOQbeQ
aNSFf_O1Ogk,【Joeman】秘境探險4 第五集 馬達加斯加 Uncharted4 Ep5,2016-05-13 04:42:49,2016-05-13,2016,4,5661,長片,遊戲實況,keyword,,,False,none,0.0,,False,False,,2662,6.0,0.0,20,https://www.youtube.com/watch?v=aNSFf_O1Ogk
eIHay2nwiVE,【Joeman】秘境探險4 第三集 潛入拍賣會 Uncharted4 Ep3,2016-05-13 02:48:36,2016-05-13,2016,2,4167,長片,遊戲實況,keyword,,,False,none,0.0,,False,False,,2404,7.0,0.0,20,https://www.youtube.com/watch?v=eIHay2nwiVE
upDocOrc9pI,【Joeman】秘境探險4 第二集 逃獄的哥哥 Uncharted4 Ep2,2016-05-13 02:47:41,2016-05-13,2016,2,3169,長片,遊戲實況,keyword,,,False,none,0.0,,False,False,,2162,11.0,0.0,20,https://www.youtube.com/watch?v=upDocOrc9pI
Jl4LYm04r98,【Joeman】秘境探險4 第一集 修道院的回憶 Uncharted4 Ep1,2016-05-13 02:46:47,2016-05-13,2016,2,4188,長片,遊戲實況,keyword,,,False,none,0.0,,False,False,,4671,23.0,0.0,20,https://www.youtube.com/watch?v=Jl4LYm04r98
0kd_OFyAVBE,【Joeman直播】 勇者鬥惡龍 創世小玩家 第三集 怪物來襲 Dragon Quest Builders Ep3,2016-05-06 11:01:30,2016-05-06,2016,11,1920,長片,遊戲實況,keyword,,,False,none,0.0,,False,False,,1476,7.0,0.0,20,https://www.youtube.com/watch?v=0kd_OFyAVBE
MzmQ8-pxYL0,【Joeman直播】 勇者鬥惡龍 創世小玩家 第二集 新夥伴加入 Dragon Quest Builders Ep2,2016-05-06 11:01:29,2016-05-06,2016,11,2268,長片,遊戲實況,keyword,,,False,none,0.0,,False,False,,1643,5.0,1.0,20,https://www.youtube.com/watch?v=MzmQ8-pxYL0
QtgXrBmISQY,【Joeman直播】 勇者鬥惡龍 創世小玩家 第一集 工具人駕到 Dragon Quest Builders Ep1,2016-05-06 11:01:27,2016-05-06,2016,11,2733,長片,遊戲實況,keyword,,,False,none,0.0,,False,False,,4238,12.0,1.0,20,https://www.youtube.com/watch?v=QtgXrBmISQY
qO2YBUzQbv4,【暴雪英霸】快樂夥伴團 vs 你看不見我團 (feat 小葵),2016-05-04 20:30:09,2016-05-04,2016,20,8086,長片,遊戲實況,keyword,,,False,none,0.0,,False,False,,903,4.0,1.0,20,https://www.youtube.com/watch?v=qO2YBUzQbv4
XxbsfsQp88U,【Joeman】2015年最令我印象深刻的10款遊戲,2016-04-27 15:09:18,2016-04-27,2016,15,2005,長片,遊戲實況,keyword,,,False,override,,,False,False,,56283,600.0,40.0,20,https://www.youtube.com/watch?v=XxbsfsQp88U
lr8-P6LbWFY,【暴雪英霸】汽車維修團 vs 卡通英霸團 (feat 羅密歐、莫奇),2016-04-21 21:02:37,2016-04-21,2016,21,6728,長片,遊戲實況,keyword,,,False,none,0.0,,False,False,,933,1.0,0.0,20,https://www.youtube.com/watch?v=lr8-P6LbWFY
8jaGlPKyCAc,【Joeman直播】 惡靈古堡6 第四集 久違的艾達王 Resident Evil 6 Ep4,2016-04-19 11:08:48,2016-04-19,2016,11,3391,長片,遊戲實況,keyword,,,False,none,0.0,,False,False,,1330,7.0,0.0,20,https://www.youtube.com/watch?v=8jaGlPKyCAc
fbtlNw4EgAQ,【Joeman直播】 惡靈古堡6 第三集 拜訪神秘教堂 Resident Evil 6 Ep3,2016-04-19 10:36:06,2016-04-19,2016,10,3224,長片,遊戲實況,keyword,,,False,none,0.0,,False,False,,1609,9.0,1.0,20,https://www.youtube.com/watch?v=fbtlNw4EgAQ
YrASeKOylYE,【Joeman直播】拉傑特與克拉克 第二集 銀河遊俠 Ratchet & Clank Ep2 PS4,2016-04-18 11:15:18,2016-04-18,2016,11,2595,長片,遊戲實況,keyword,,,False,none,0.0,,False,False,,959,3.0,1.0,20,https://www.youtube.com/watch?v=YrASeKOylYE
nb-u0maPEXk,【Joeman直播】拉傑特與克拉克 第一集 不良品機器人 Ratchet & Clank Ep1 PS4,2016-04-18 11:14:26,2016-04-18,2016,11,2233,長片,遊戲實況,keyword,,,False,none,0.0,,False,False,,1771,11.0,3.0,20,https://www.youtube.com/watch?v=nb-u0maPEXk
IzaqlF1EpOY,【Joeman直播】《惡靈古堡6》精華 我這個手速還可以吧？ feat. 羅密歐,2016-04-15 15:04:23,2016-04-15,2016,15,245,長片,遊戲實況,keyword,,,False,none,0.0,,False,False,,1589,6.0,1.0,20,https://www.youtube.com/watch?v=IzaqlF1EpOY
ltlS9pAaKRw,【Joeman直播】 惡靈古堡6 第二集 我跟火車有場約會 Resident Evil 6 Ep2,2016-04-15 14:56:42,2016-04-15,2016,14,2956,長片,遊戲實況,keyword,,,False,none,0.0,,False,False,,1087,4.0,0.0,20,https://www.youtube.com/watch?v=ltlS9pAaKRw
1Ye_26vDCuQ,【Joeman直播】 惡靈古堡6 第一集 謀殺美國總統 Resident Evil 6 Ep1,2016-04-15 14:56:39,2016-04-15,2016,14,2972,長片,遊戲實況,keyword,,,False,none,0.0,,False,False,,2948,10.0,2.0,20,https://www.youtube.com/watch?v=1Ye_26vDCuQ
EDSJjtDCz5c,【Joeman實況】暴雪英霸：哈粒波特團 (feat. 聶寶、阿吉、Sobad、蘿特),2016-04-14 17:29:37,2016-04-14,2016,17,7113,長片,遊戲實況,keyword,,,False,none,0.0,,False,False,,1187,3.0,1.0,20,https://www.youtube.com/watch?v=EDSJjtDCz5c
F5PTd8V4UBU,【Joeman直播】Marvel 未來之戰 我借到滿星帳號啦 但是...,2016-04-14 17:19:20,2016-04-14,2016,17,9616,長片,遊戲實況,keyword,,,False,none,0.0,,False,False,,20408,55.0,,20,https://www.youtube.com/watch?v=F5PTd8V4UBU
jWd9dsmcUI8,《量子裂痕》劇情電影 第三集 一群喝葡萄酒配乳酪的人 Quantum Break Game Movie Ep3,2016-04-07 17:08:49,2016-04-07,2016,17,2802,長片,遊戲實況,keyword,,,False,none,0.0,,False,False,,3622,14.0,0.0,20,https://www.youtube.com/watch?v=jWd9dsmcUI8
pxWmnRE1dbU,【Joeman直播】 量子裂痕 第四集 拯救世界 Quantum Break Ep4 (完) end,2016-04-07 11:39:44,2016-04-07,2016,11,5818,長片,遊戲實況,playlist,,《量子裂痕》Quantum Break,False,none,0.0,,False,False,,3912,11.0,1.0,20,https://www.youtube.com/watch?v=pxWmnRE1dbU
n44ZS4LnxD0,【Joeman直播】 量子裂痕 第三集 回到過去 Quantum Break Ep3,2016-04-07 07:20:42,2016-04-07,2016,7,6408,長片,遊戲實況,playlist,,《量子裂痕》Quantum Break,False,none,0.0,,False,False,,3198,5.0,0.0,20,https://www.youtube.com/watch?v=n44ZS4LnxD0
6El-Ey9myWM,【Joeman直播】 量子裂痕 第二集 莫那其的叛徒 Quantum Break Ep2,2016-04-07 00:40:27,2016-04-07,2016,0,7643,長片,遊戲實況,playlist,,《量子裂痕》Quantum Break,False,none,0.0,,False,False,,3963,14.0,0.0,20,https://www.youtube.com/watch?v=6El-Ey9myWM
CQlMgh4ON_Q,【Joeman直播】 量子裂痕 第一集 時間停止器 Quantum Break Ep1,2016-04-03 16:59:08,2016-04-03,2016,16,13067,長片,遊戲實況,playlist,,《量子裂痕》Quantum Break,False,none,0.0,,False,False,,17408,60.0,8.0,20,https://www.youtube.com/watch?v=CQlMgh4ON_Q
3wLqa62LNJI,《量子裂痕》劇情電影 第二集 最適合藏東西的地方 Quantum Break Game Movie Ep2,2016-04-02 03:35:24,2016-04-02,2016,3,4169,長片,遊戲實況,keyword,,,False,none,0.0,,False,False,,7990,28.0,3.0,20,https://www.youtube.com/watch?v=3wLqa62LNJI
LagNvboJG-M,《量子裂痕》劇情電影 第一集 時間就是頭號殺手 Quantum Break Game Movie Ep1,2016-04-02 03:35:24,2016-04-02,2016,3,2046,長片,遊戲實況,keyword,,,False,none,0.0,,False,False,,14420,46.0,3.0,20,https://www.youtube.com/watch?v=LagNvboJG-M
1JP47loZM1Q,《劍魔之戰》直播精華 第一集 這個滑鼠墊好長阿,2016-03-28 18:20:31,2016-03-28,2016,18,135,長片,3C開箱評測,keyword,,,False,none,0.0,,False,False,,2693,9.0,1.0,20,https://www.youtube.com/watch?v=1JP47loZM1Q
M_9ilJsqpEo,【Joeman直播】《生死格鬥：沙灘排球3》 第二集 這個島主好窮,2016-03-28 00:36:30,2016-03-28,2016,0,1508,長片,遊戲實況,keyword,,,False,none,0.0,,False,False,,27889,82.0,7.0,20,https://www.youtube.com/watch?v=M_9ilJsqpEo
mQSXUS2ELlY,【Joeman直播】《生死格鬥：沙灘排球3》 第三集 買到新泳裝,2016-03-28 00:36:30,2016-03-28,2016,0,1882,長片,遊戲實況,keyword,,,False,none,0.0,,False,False,,25496,65.0,8.0,20,https://www.youtube.com/watch?v=mQSXUS2ELlY
3b5YtBsHN4E,【Joeman直播】《生死格鬥：沙灘排球3》 第一集 第一個女孩,2016-03-28 00:35:31,2016-03-28,2016,0,2050,長片,遊戲實況,keyword,,,False,none,0.0,,False,False,,135590,435.0,42.0,20,https://www.youtube.com/watch?v=3b5YtBsHN4E
0wEGv53OBgs,【Joeman實況精華】沙灘排球3 同花加一對 我還不ALL IN嘛！,2016-03-25 01:07:50,2016-03-25,2016,1,99,長片,遊戲實況,keyword,,,False,none,0.0,,False,False,,3969,20.0,4.0,20,https://www.youtube.com/watch?v=0wEGv53OBgs
YCwuGKyXHJE,【Joeman直播】Marvel 未來之戰 試玩+閒聊,2016-03-23 15:02:31,2016-03-23,2016,15,3966,長片,遊戲實況,keyword,,,False,none,0.0,,False,False,,3881,12.0,4.0,20,https://www.youtube.com/watch?v=YCwuGKyXHJE
dDPzNlY0jmA,【Joeman直播】 星露谷物語 第十六集 礦坑60層 Stardew Valley Ep16,2016-03-22 12:24:05,2016-03-22,2016,12,1541,長片,遊戲實況,keyword,,,False,none,0.0,,False,False,,1508,4.0,1.0,20,https://www.youtube.com/watch?v=dDPzNlY0jmA
ICUXmw3IVug,【Joeman直播】 星露谷物語 第十五集 海邊宴會 Stardew Valley Ep15,2016-03-22 12:23:20,2016-03-22,2016,12,2295,長片,遊戲實況,keyword,,,False,none,0.0,,False,False,,1178,2.0,1.0,20,https://www.youtube.com/watch?v=ICUXmw3IVug
Z5JozHvMxbE,【Joeman直播】 星露谷物語 第十四集 買入大包包 Stardew Valley Ep14,2016-03-22 12:23:02,2016-03-22,2016,12,1171,長片,遊戲實況,keyword,,,False,none,0.0,,False,False,,617,3.0,1.0,20,https://www.youtube.com/watch?v=Z5JozHvMxbE
wM3te4nXinw,【Joeman直播】 星露谷物語 第十三集 找鐵匠開寶相 Stardew Valley Ep13,2016-03-22 12:22:44,2016-03-22,2016,12,1853,長片,遊戲實況,keyword,,,False,none,0.0,,False,False,,714,2.0,0.0,20,https://www.youtube.com/watch?v=wM3te4nXinw
c4n_nf3pbsI,【Joeman直播】 星露谷物語 第十二集 夏天新作物! Stardew Valley Ep12,2016-03-20 01:02:41,2016-03-20,2016,1,1815,長片,遊戲實況,keyword,,,False,none,0.0,,False,False,,752,2.0,1.0,20,https://www.youtube.com/watch?v=c4n_nf3pbsI
zXd5tWKf0bM,【Joeman直播】 星露谷物語 第十一集 開始送禮物 Stardew Valley Ep11,2016-03-20 01:02:23,2016-03-20,2016,1,2601,長片,遊戲實況,keyword,,,False,none,0.0,,False,False,,925,3.0,1.0,20,https://www.youtube.com/watch?v=zXd5tWKf0bM
FyMkNZmuNBM,【Joeman直播】 星露谷物語 第十集 挑戰礦坑40層 Stardew Valley Ep10,2016-03-17 17:22:57,2016-03-17,2016,17,3210,長片,挑戰/企劃,keyword,,,False,none,0.0,,False,False,,1059,7.0,0.0,20,https://www.youtube.com/watch?v=FyMkNZmuNBM
X6Tz1aLid1g,【Joeman直播】 星露谷物語 第九集 遇見波利王 Stardew Valley Ep9,2016-03-17 16:59:35,2016-03-17,2016,16,2537,長片,遊戲實況,keyword,,,False,none,0.0,,False,False,,810,1.0,0.0,20,https://www.youtube.com/watch?v=X6Tz1aLid1g
z7QluJpOj3c,【Joeman直播】 星露谷物語 第六集 買到包包囉 Stardew Valley Ep6,2016-03-17 16:53:20,2016-03-17,2016,16,1590,長片,遊戲實況,keyword,,,False,none,0.0,,False,False,,794,4.0,1.0,20,https://www.youtube.com/watch?v=z7QluJpOj3c
qcOiWL0rbiY,【Joeman直播】 星露谷物語 第七集 復活節慶典 Stardew Valley Ep7,2016-03-17 16:53:17,2016-03-17,2016,16,1679,長片,遊戲實況,keyword,,,False,none,0.0,,False,False,,586,2.0,0.0,20,https://www.youtube.com/watch?v=qcOiWL0rbiY
IyWaKFOdKes,【Joeman直播】 星露谷物語 第八集 開拓新農地 Stardew Valley Ep8,2016-03-17 16:53:16,2016-03-17,2016,16,2273,長片,遊戲實況,keyword,,,False,none,0.0,,False,False,,594,2.0,1.0,20,https://www.youtube.com/watch?v=IyWaKFOdKes
X3wldEoPHco,【Joeman直播】 星露谷物語 第五集 建造熔爐 Stardew Valley Ep5,2016-03-16 13:45:42,2016-03-16,2016,13,1136,長片,遊戲實況,keyword,,,False,none,0.0,,False,False,,1445,9.0,1.0,20,https://www.youtube.com/watch?v=X3wldEoPHco
0RosioBfUA0,【Joeman直播】 星露谷物語 第四集 下礦坑冒險 Stardew Valley Ep4,2016-03-16 13:45:23,2016-03-16,2016,13,1533,長片,遊戲實況,keyword,,,False,none,0.0,,False,False,,729,5.0,0.0,20,https://www.youtube.com/watch?v=0RosioBfUA0
p36O2WOHP1E,【Joeman直播】 星露谷物語 第三集 認識新朋友 Stardew Valley Ep3,2016-03-16 13:45:04,2016-03-16,2016,13,1899,長片,遊戲實況,keyword,,,False,none,0.0,,False,False,,887,6.0,0.0,20,https://www.youtube.com/watch?v=p36O2WOHP1E
a1TmiVhgl9s,【Joeman直播】 星露谷物語 第二集 第一塊農地 Stardew Valley Ep2,2016-03-16 13:44:43,2016-03-16,2016,13,1959,長片,遊戲實況,keyword,,,False,none,0.0,,False,False,,1408,11.0,0.0,20,https://www.youtube.com/watch?v=a1TmiVhgl9s
7YUClGtcQQw,【Joeman直播】 星露谷物語 第一集 辭職當農夫 Stardew Valley Ep1,2016-03-16 13:44:20,2016-03-16,2016,13,1519,長片,遊戲實況,keyword,,,False,none,0.0,,False,False,,3395,22.0,6.0,20,https://www.youtube.com/watch?v=7YUClGtcQQw
qWhcqn2S9NU,【Joeman直播】 刺客任務：殺手  第四集 找到毒藥啦 HITMAN Ep4,2016-03-14 16:45:37,2016-03-14,2016,16,1936,長片,遊戲實況,keyword,,,False,none,0.0,,False,False,,1973,3.0,1.0,20,https://www.youtube.com/watch?v=qWhcqn2S9NU
Hnk0p-1iRZE,【Joeman直播】 刺客任務：殺手  第三集 巴黎時裝秀 HITMAN Ep3,2016-03-14 16:45:36,2016-03-14,2016,16,2010,長片,遊戲實況,keyword,,,False,none,0.0,,False,False,,2456,7.0,2.0,20,https://www.youtube.com/watch?v=Hnk0p-1iRZE
WQnAs-0OF1Y,【Joeman直播】 刺客任務：殺手  第二集 最後測試 HITMAN Ep2,2016-03-14 16:45:36,2016-03-14,2016,16,1078,長片,遊戲實況,keyword,,,False,none,0.0,,False,False,,1608,9.0,1.0,20,https://www.youtube.com/watch?v=WQnAs-0OF1Y
9n2GAmtIVgg,【Joeman直播】 刺客任務：殺手  第一集 殺手現身 HITMAN Ep1,2016-03-14 16:45:35,2016-03-14,2016,16,2149,長片,遊戲實況,keyword,,,False,none,0.0,,False,False,,5926,26.0,2.0,20,https://www.youtube.com/watch?v=9n2GAmtIVgg
Nk2hWyPz1vM,【Joeman直播】 暴雨殺機 第十五集 第二種結局(完) Heavy Rain Ep15 (END),2016-03-11 17:02:34,2016-03-11,2016,17,2352,長片,遊戲實況,keyword,,,False,none,0.0,,False,False,,908,5.0,3.0,20,https://www.youtube.com/watch?v=Nk2hWyPz1vM
cpGWIk7JcFM,【Joeman直播】 暴雨殺機 第十四集 第一種結局 Heavy Rain Ep14,2016-03-11 16:42:40,2016-03-11,2016,16,2753,長片,遊戲實況,keyword,,,False,none,0.0,,False,False,,927,4.0,1.0,20,https://www.youtube.com/watch?v=cpGWIk7JcFM
lQ-TS4prRs8,【Joeman直播】 暴雨殺機 第十三集 莫名的一夜情 Heavy Rain Ep13,2016-03-11 16:37:27,2016-03-11,2016,16,2780,長片,遊戲實況,keyword,,,False,none,0.0,,False,False,,802,1.0,0.0,20,https://www.youtube.com/watch?v=lQ-TS4prRs8
bchWKkBcXZs,【Joeman直播】 暴雨殺機 第十二集 脫衣舞孃 Heavy Rain Ep12,2016-03-11 16:37:26,2016-03-11,2016,16,3108,長片,遊戲實況,keyword,,,False,none,0.0,,False,False,,1646,6.0,1.0,20,https://www.youtube.com/watch?v=bchWKkBcXZs
m-FQmkaxuNM,【Joeman直播】 暴雨殺機 第十一集 變態醫生 Heavy Rain Ep11,2016-03-11 16:37:23,2016-03-11,2016,16,2023,長片,遊戲實況,keyword,,,False,none,0.0,,False,False,,761,2.0,0.0,20,https://www.youtube.com/watch?v=m-FQmkaxuNM
uBgJiF2GMa8,【Joeman直播】 暴雨殺機 第六集 第一次當保姆 Heavy Rain Ep6,2016-03-08 12:55:44,2016-03-08,2016,12,1644,長片,遊戲實況,keyword,,,False,none,0.0,,False,False,,1040,4.0,0.0,20,https://www.youtube.com/watch?v=uBgJiF2GMa8
ph2Y4AMbu-Y,【Joeman直播】 暴雨殺機 第十集 掩屍滅跡 Heavy Rain Ep10,2016-03-08 12:55:31,2016-03-08,2016,12,2338,長片,遊戲實況,keyword,,,False,none,0.0,,False,False,,595,3.0,0.0,20,https://www.youtube.com/watch?v=ph2Y4AMbu-Y
tx9nrxDfYu4,【Joeman直播】 暴雨殺機 第九集 崩潰的抉擇 Heavy Rain Ep9,2016-03-08 12:54:56,2016-03-08,2016,12,1603,長片,遊戲實況,keyword,,,False,none,0.0,,False,False,,619,1.0,1.0,20,https://www.youtube.com/watch?v=tx9nrxDfYu4
kZlW1cIFYCw,【Joeman直播】 暴雨殺機 第八集 質問富二代 Heavy Rain Ep8,2016-03-08 12:54:23,2016-03-08,2016,12,1951,長片,遊戲實況,keyword,,,False,none,0.0,,False,False,,630,4.0,0.0,20,https://www.youtube.com/watch?v=kZlW1cIFYCw
4DNjDbnTDXQ,【Joeman直播】 暴雨殺機 第七集 逆向的三寶 Heavy Rain Ep7,2016-03-08 12:52:30,2016-03-08,2016,12,1506,長片,遊戲實況,keyword,,,False,none,0.0,,False,False,,592,3.0,0.0,20,https://www.youtube.com/watch?v=4DNjDbnTDXQ
Yu06PvTKwXc,【Joeman直播】 暴雨殺機 第五集 被追殺的裸女 Heavy Rain Ep5,2016-03-06 20:47:13,2016-03-06,2016,20,1805,長片,遊戲實況,keyword,,,False,none,0.0,,False,False,,1810,10.0,3.0,20,https://www.youtube.com/watch?v=Yu06PvTKwXc
lnSzl_fek74,【Joeman直播】 暴雨殺機 第四集 摺紙殺人魔 Heavy Rain Ep4,2016-03-06 20:46:46,2016-03-06,2016,20,1866,長片,遊戲實況,keyword,,,False,none,0.0,,False,False,,877,2.0,2.0,20,https://www.youtube.com/watch?v=lnSzl_fek74
H7-UuxUptBM,【Joeman直播】 暴雨殺機 第三集 超科技警探 Heavy Rain Ep2,2016-03-06 20:46:26,2016-03-06,2016,20,1233,長片,遊戲實況,keyword,,,False,none,0.0,,False,False,,840,4.0,1.0,20,https://www.youtube.com/watch?v=H7-UuxUptBM
E6FCizmPGZY,【Joeman直播】 暴雨殺機 第二集 悲傷的妓女 Heavy Rain Ep2,2016-03-06 20:46:07,2016-03-06,2016,20,1721,長片,遊戲實況,keyword,,,False,none,0.0,,False,False,,1298,5.0,0.0,20,https://www.youtube.com/watch?v=E6FCizmPGZY
WBuVpTOpsq0,【Joeman直播】 暴雨殺機 第一集 破碎的家庭 Heavy Rain Ep1,2016-03-06 20:45:34,2016-03-06,2016,20,1126,長片,遊戲實況,keyword,,,False,none,0.0,,False,False,,1678,10.0,3.0,20,https://www.youtube.com/watch?v=WBuVpTOpsq0
W38b13-62-o,【Joeman直播】 秘境探險3 第十二集 亞特蘭提斯 Uncharted 3: Drake's Deception Ep12,2016-03-06 00:27:17,2016-03-06,2016,0,1984,長片,遊戲實況,keyword,,,False,none,0.0,,False,False,,716,6.0,0.0,20,https://www.youtube.com/watch?v=W38b13-62-o
emdCvtQFxgQ,【Joeman直播】 秘境探險3 第十三集 最後的告白 Uncharted 3: Drake's Deception Ep13,2016-03-06 00:26:58,2016-03-06,2016,0,2079,長片,遊戲實況,keyword,,,False,none,0.0,,False,False,,648,1.0,2.0,20,https://www.youtube.com/watch?v=emdCvtQFxgQ
D9ImI1jO9JU,【Joeman直播】 秘境探險3 第十一集 只有槍沒有水 Uncharted 3: Drake's Deception Ep11,2016-03-06 00:26:14,2016-03-06,2016,0,1720,長片,遊戲實況,keyword,,,False,none,0.0,,False,False,,580,0.0,1.0,20,https://www.youtube.com/watch?v=D9ImI1jO9JU
HSGvcGK__wg,【Joeman直播】 秘境探險3 第十集 玩命關頭 Uncharted 3: Drake's Deception Ep10,2016-03-06 00:25:55,2016-03-06,2016,0,1553,長片,遊戲實況,keyword,,,False,none,0.0,,False,False,,585,0.0,0.0,20,https://www.youtube.com/watch?v=HSGvcGK__wg
BOQjVHCtN3Q,【Joeman直播】 秘境探險3 第九集 鐵達尼號 Uncharted 3: Drake's Deception Ep9,2016-03-06 00:25:35,2016-03-06,2016,0,1454,長片,遊戲實況,keyword,,,False,none,0.0,,False,False,,606,2.0,0.0,20,https://www.youtube.com/watch?v=BOQjVHCtN3Q
NXMH66cXF54,【Joeman直播】 秘境探險3 第八集 港口激戰 Uncharted 3: Drake's Deception Ep8,2016-03-06 00:25:17,2016-03-06,2016,0,2507,長片,遊戲實況,keyword,,,False,none,0.0,,False,False,,591,5.0,2.0,20,https://www.youtube.com/watch?v=NXMH66cXF54
mbKgYgX8xv8,【Joeman直播】 秘境探險3 第七集 危機重重 Uncharted 3: Drake's Deception Ep7,2016-03-06 00:24:39,2016-03-06,2016,0,2783,長片,遊戲實況,keyword,,,False,none,0.0,,False,False,,654,2.0,1.0,20,https://www.youtube.com/watch?v=mbKgYgX8xv8
kGuyVkXYfvg,【Joeman閒聊】日本大阪 環球影城 心得分享,2016-03-05 13:11:45,2016-03-05,2016,13,2149,長片,未分類,none,,,False,none,0.0,,False,False,,3260,22.0,5.0,20,https://www.youtube.com/watch?v=kGuyVkXYfvg
toNYZttGTC8,【Joeman直播】 秘境探險3 第六集 私約前女友 Uncharted 3: Drake's Deception Ep6,2016-02-27 18:01:57,2016-02-27,2016,18,2130,長片,遊戲實況,keyword,,,False,none,0.0,,False,False,,939,2.0,0.0,20,https://www.youtube.com/watch?v=toNYZttGTC8
z92h6N4qimU,【Joeman直播】 秘境探險3 第五集 敘利亞古堡 Uncharted 3: Drake's Deception Ep5,2016-02-27 18:01:35,2016-02-27,2016,18,2426,長片,遊戲實況,keyword,,,False,none,0.0,,False,False,,1005,2.0,0.0,20,https://www.youtube.com/watch?v=z92h6N4qimU
tMQASG-TZFw,【Joeman直播】 秘境探險3 第四集 老舊實驗室 Uncharted 3: Drake's Deception Ep4,2016-02-27 18:01:11,2016-02-27,2016,18,1718,長片,挑戰/企劃,keyword,,,False,none,0.0,,False,False,,771,2.0,1.0,20,https://www.youtube.com/watch?v=tMQASG-TZFw
mWI2dL8XPi0,【Joeman直播】 秘境探險3 第三集 詭異的屍體 Uncharted 3: Drake's Deception Ep3,2016-02-22 00:57:45,2016-02-22,2016,0,1118,長片,遊戲實況,keyword,,,False,none,0.0,,False,False,,1177,3.0,0.0,20,https://www.youtube.com/watch?v=mWI2dL8XPi0
o0hM5Suv0SY,【Joeman直播】 秘境探險3 第二集 女王的密令 Uncharted 3: Drake's Deception Ep2,2016-02-22 00:40:38,2016-02-22,2016,0,2035,長片,遊戲實況,keyword,,,False,none,0.0,,False,False,,1272,4.0,0.0,20,https://www.youtube.com/watch?v=o0hM5Suv0SY
d1BVfVVXE6M,【Joeman直播】 秘境探險3 第一集 戒指的秘密 Uncharted 3: Drake's Deception Ep1,2016-02-22 00:21:14,2016-02-22,2016,0,2210,長片,遊戲實況,keyword,,,False,none,0.0,,False,False,,2265,6.0,1.0,20,https://www.youtube.com/watch?v=d1BVfVVXE6M
va6zzUyrHUw,【Joeman直播】《GTA5 俠盜獵車手5》 久違的復健 (feat. 羅密歐),2016-02-19 10:55:04,2016-02-19,2016,10,827,長片,遊戲實況,playlist,,《GTAV 俠盜獵車手5》,False,none,0.0,,False,False,,5973,33.0,6.0,20,https://www.youtube.com/watch?v=va6zzUyrHUw
xgpNnn1S_OA,賓館型實況主,2016-02-15 00:17:28,2016-02-15,2016,0,302,長片,遊戲實況,keyword,,,False,none,0.0,,False,False,,7694,27.0,4.0,20,https://www.youtube.com/watch?v=xgpNnn1S_OA
3N-mPxd7h80,【Joeman直播】 《人中之龍 極》番外篇 攻略波多野結依！,2016-02-14 20:22:31,2016-02-14,2016,20,10597,長片,遊戲實況,playlist,,《人中之龍 極》實況影片,False,none,0.0,,False,False,,34645,52.0,6.0,20,https://www.youtube.com/watch?v=3N-mPxd7h80
SjSQGBoMQy0,【Joeman直播】 《人中之龍 6》體驗版 試玩,2016-02-14 19:44:12,2016-02-14,2016,19,2644,長片,挑戰/企劃,keyword,,,False,none,0.0,,False,False,,2210,11.0,0.0,20,https://www.youtube.com/watch?v=SjSQGBoMQy0
AglThwKWxgM,【Joeman直播】 《人中之龍 極》第二十七集 風間的秘密　Ep27,2016-02-05 19:18:36,2016-02-05,2016,19,2307,長片,遊戲實況,playlist,,《人中之龍 極》實況影片,False,none,0.0,,False,False,,3066,7.0,0.0,20,https://www.youtube.com/watch?v=AglThwKWxgM
ZVQrqaqXoT0,【Joeman直播】 《人中之龍 極》第二十六集 泡泡浴冒險記　Ep26,2016-02-05 19:18:35,2016-02-05,2016,19,1217,長片,遊戲實況,playlist,,《人中之龍 極》實況影片,False,none,0.0,,False,False,,6353,9.0,1.0,20,https://www.youtube.com/watch?v=ZVQrqaqXoT0
ubpDnFILIU4,【Joeman直播】 《人中之龍 極》第二十五集 尋找人邊師　Ep25,2016-02-05 19:18:34,2016-02-05,2016,19,2493,長片,遊戲實況,playlist,,《人中之龍 極》實況影片,False,none,0.0,,False,False,,2269,4.0,0.0,20,https://www.youtube.com/watch?v=ubpDnFILIU4
8fy6yXhCGGo,【Joeman直播】 《人中之龍 極》第二十四集 對決惡魔獵人　Ep24,2016-02-05 19:18:33,2016-02-05,2016,19,1650,長片,遊戲實況,playlist,,《人中之龍 極》實況影片,False,none,0.0,,False,False,,4593,13.0,0.0,20,https://www.youtube.com/watch?v=8fy6yXhCGGo
HykfX_A2wY0,【Joeman直播】 《人中之龍 極》第二十三集 麗奈的真面目　Ep23,2016-02-05 19:18:32,2016-02-05,2016,19,2017,長片,遊戲實況,playlist,,《人中之龍 極》實況影片,False,none,0.0,,False,False,,4442,14.0,0.0,20,https://www.youtube.com/watch?v=HykfX_A2wY0
MtDdrOy89kA,【Joeman直播】 《人中之龍 極》第二十二集 蛇華劉家龍　Ep22,2016-02-05 19:18:31,2016-02-05,2016,19,1386,長片,遊戲實況,playlist,,《人中之龍 極》實況影片,False,none,0.0,,False,False,,2228,5.0,0.0,20,https://www.youtube.com/watch?v=MtDdrOy89kA
IUBDxGVjCVY,【Joeman直播】 《人中之龍 極》第二十一集 三大幫派　Ep21,2016-02-05 19:18:30,2016-02-05,2016,19,1189,長片,遊戲實況,playlist,,《人中之龍 極》實況影片,False,none,0.0,,False,False,,1695,2.0,0.0,20,https://www.youtube.com/watch?v=IUBDxGVjCVY
jB9wd7uGjXY,【Joeman直播】 《人中之龍 極》第二十集 打擊訓練中心　Ep20,2016-02-05 19:18:29,2016-02-05,2016,19,1522,長片,遊戲實況,playlist,,《人中之龍 極》實況影片,False,none,0.0,,False,False,,1932,2.0,0.0,20,https://www.youtube.com/watch?v=jB9wd7uGjXY
f2mk1l_mRhE,【Joeman直播】 《人中之龍 極》第十九集 與錦山的對話　Ep19,2016-02-05 19:18:28,2016-02-05,2016,19,1381,長片,遊戲實況,playlist,,《人中之龍 極》實況影片,False,none,0.0,,False,False,,2532,3.0,2.0,20,https://www.youtube.com/watch?v=f2mk1l_mRhE
xBMbRf4ZmS4,【Joeman直播】 《人中之龍 極》第十二集 保齡球之神　Ep12,2016-02-04 19:22:36,2016-02-04,2016,19,2961,長片,遊戲實況,playlist,,《人中之龍 極》實況影片,False,none,0.0,,False,False,,2781,7.0,1.0,20,https://www.youtube.com/watch?v=xBMbRf4ZmS4
iDqM2_StAr8,【Joeman直播】 《人中之龍 極》第十七集 贖回小遙　Ep17,2016-02-02 12:21:25,2016-02-02,2016,12,2030,長片,遊戲實況,playlist,,《人中之龍 極》實況影片,False,none,0.0,,False,False,,2586,4.0,0.0,20,https://www.youtube.com/watch?v=iDqM2_StAr8
Rk8PR51Sojg,【Joeman直播】 《人中之龍 極》第十八集 賭后小遙　Ep18,2016-02-02 12:17:27,2016-02-02,2016,12,1394,長片,遊戲實況,playlist,,《人中之龍 極》實況影片,False,none,0.0,,False,False,,2456,5.0,0.0,20,https://www.youtube.com/watch?v=Rk8PR51Sojg
FgHlLLnEQNM,【Joeman直播】 《人中之龍 極》第十六集 徬徨的少女　Ep16,2016-02-02 11:54:18,2016-02-02,2016,11,1246,長片,遊戲實況,playlist,,《人中之龍 極》實況影片,False,none,0.0,,False,False,,1617,4.0,0.0,20,https://www.youtube.com/watch?v=FgHlLLnEQNM
1nwgBJRpiN4,【Joeman直播】 《人中之龍 極》第十五集 對決柔道之王　Ep15,2016-02-02 11:53:48,2016-02-02,2016,11,2458,長片,遊戲實況,playlist,,《人中之龍 極》實況影片,False,none,0.0,,False,False,,2572,3.0,0.0,20,https://www.youtube.com/watch?v=1nwgBJRpiN4
4cDHICeAAiw,《人中之龍 極》劇情電影 第十二章 重逢 繁體中文 EP12,2016-02-01 19:49:21,2016-02-01,2016,19,1444,長片,遊戲實況,keyword,,,False,none,0.0,,False,False,,17747,47.0,4.0,20,https://www.youtube.com/watch?v=4cDHICeAAiw
SlmIxWlvOXo,《人中之龍 極》劇情電影 第十一章 仁義 繁體中文 EP11,2016-02-01 19:35:00,2016-02-01,2016,19,2008,長片,遊戲實況,playlist,,《人中之龍》劇情電影,False,none,0.0,,False,False,,27675,47.0,12.0,20,https://www.youtube.com/watch?v=SlmIxWlvOXo
WzNoX5EE-ps,《人中之龍 極》劇情電影 第十章 愛的形式 繁體中文 EP10,2016-02-01 19:13:19,2016-02-01,2016,19,955,長片,遊戲實況,playlist,,《人中之龍》劇情電影,False,none,0.0,,False,False,,22309,33.0,9.0,20,https://www.youtube.com/watch?v=WzNoX5EE-ps
_KQVbi8TtQ8,【Joeman直播】 《人中之龍 極》第十四集 殭屍化真島　Ep14,2016-01-29 11:37:59,2016-01-29,2016,11,1871,長片,遊戲實況,playlist,,《人中之龍 極》實況影片,False,none,0.0,,False,False,,4688,10.0,1.0,20,https://www.youtube.com/watch?v=_KQVbi8TtQ8
DFh40raE6v8,【Joeman直播】 《人中之龍 極》第十集 女公關真島　Ep10,2016-01-29 11:08:14,2016-01-29,2016,11,2941,長片,遊戲實況,playlist,,《人中之龍 極》實況影片,False,none,0.0,,False,False,,3790,9.0,1.0,20,https://www.youtube.com/watch?v=DFh40raE6v8
mvrGOZQA2zc,【Joeman直播】 《人中之龍 極》第九集 F罩杯的價格　Ep9,2016-01-29 11:07:57,2016-01-29,2016,11,1954,長片,遊戲實況,playlist,,《人中之龍 極》實況影片,False,none,0.0,,False,False,,3137,7.0,0.0,20,https://www.youtube.com/watch?v=mvrGOZQA2zc
gVb1i_84lfs,【Joeman直播】 《人中之龍 極》第八集 由美的酒吧　Ep8,2016-01-29 11:07:25,2016-01-29,2016,11,1417,長片,遊戲實況,playlist,,《人中之龍 極》實況影片,False,none,0.0,,False,False,,2430,7.0,0.0,20,https://www.youtube.com/watch?v=gVb1i_84lfs
VyR18jVVsOo,【Joeman直播】 《人中之龍 極》第十三集 私奔的少年　Ep13,2016-01-29 11:06:13,2016-01-29,2016,11,2197,長片,遊戲實況,playlist,,《人中之龍 極》實況影片,False,none,0.0,,False,False,,2496,4.0,2.0,20,https://www.youtube.com/watch?v=VyR18jVVsOo
BPZ_D3oDB30,【Joeman直播】 《人中之龍 極》第十一集 地下格鬥場　Ep11,2016-01-29 11:05:25,2016-01-29,2016,11,2151,長片,遊戲實況,playlist,,《人中之龍 極》實況影片,False,none,0.0,,False,False,,2670,6.0,1.0,20,https://www.youtube.com/watch?v=BPZ_D3oDB30
urgYhZ28J6Y,《人中之龍 極》劇情電影 第九章 奪還 繁體中文 EP9,2016-01-27 10:29:32,2016-01-27,2016,10,930,長片,遊戲實況,playlist,,《人中之龍》劇情電影,False,none,0.0,,False,False,,25274,31.0,6.0,20,https://www.youtube.com/watch?v=urgYhZ28J6Y
KazL_H4FG60,《人中之龍 極》劇情電影 第八章 計謀 繁體中文 EP8,2016-01-27 10:29:30,2016-01-27,2016,10,1143,長片,遊戲實況,playlist,,《人中之龍》劇情電影,False,none,0.0,,False,False,,25919,41.0,5.0,20,https://www.youtube.com/watch?v=KazL_H4FG60
h02Vlv3HPB8,《人中之龍 極》劇情電影 第七章 龍與錦 繁體中文 EP7,2016-01-27 10:29:28,2016-01-27,2016,10,2441,長片,遊戲實況,playlist,,《人中之龍》劇情電影,False,none,0.0,,False,False,,31355,54.0,4.0,20,https://www.youtube.com/watch?v=h02Vlv3HPB8
8XC0RrM72mw,《人中之龍 極》劇情電影 第六章 父與子 繁體中文 EP6,2016-01-27 10:29:26,2016-01-27,2016,10,2186,長片,遊戲實況,playlist,,《人中之龍》劇情電影,False,none,0.0,,False,False,,27931,43.0,6.0,20,https://www.youtube.com/watch?v=8XC0RrM72mw
2iT0RPgGiYw,【Joeman直播】 《人中之龍 極》第五集 火爆的喪禮　Ep5,2016-01-24 15:23:08,2016-01-24,2016,15,3095,長片,遊戲實況,playlist,,《人中之龍 極》實況影片,False,none,0.0,,False,False,,4703,12.0,0.0,20,https://www.youtube.com/watch?v=2iT0RPgGiYw
owHKsLBGkgY,【Joeman直播】 《人中之龍 極》第六集 母蟲摔角大賽　Ep6,2016-01-24 15:23:08,2016-01-24,2016,15,3972,長片,遊戲實況,playlist,,《人中之龍 極》實況影片,False,none,0.0,,False,False,,5930,14.0,0.0,20,https://www.youtube.com/watch?v=owHKsLBGkgY
uUWpuhYFFIM,【Joeman直播】 《人中之龍 極》第四集 男公關俱樂部　Ep4,2016-01-24 15:23:08,2016-01-24,2016,15,1847,長片,遊戲實況,playlist,,《人中之龍 極》實況影片,False,none,0.0,,False,False,,3834,12.0,2.0,20,https://www.youtube.com/watch?v=uUWpuhYFFIM
xm23wWh2dDI,【Joeman直播】 《人中之龍 極》第七集 神秘的小女孩　Ep7,2016-01-24 15:23:08,2016-01-24,2016,15,1389,長片,遊戲實況,playlist,,《人中之龍 極》實況影片,False,none,0.0,,False,False,,3476,8.0,1.0,20,https://www.youtube.com/watch?v=xm23wWh2dDI
1zH9GfyNuwU,《人中之龍 極》劇情電影 第二章  消失的十年 繁體中文 EP2,2016-01-24 15:23:07,2016-01-24,2016,15,1764,長片,遊戲實況,playlist,,《人中之龍》劇情電影,False,none,0.0,,False,False,,36456,63.0,25.0,20,https://www.youtube.com/watch?v=1zH9GfyNuwU
AGjqDV1_VM8,《人中之龍 極》劇情電影 第三章  火爆喪禮 繁體中文 EP3,2016-01-24 15:23:07,2016-01-24,2016,15,1047,長片,遊戲實況,playlist,,《人中之龍》劇情電影,False,none,0.0,,False,False,,27322,52.0,4.0,20,https://www.youtube.com/watch?v=AGjqDV1_VM8
TDpI4W-EZhw,《人中之龍 極》劇情電影 第五章  賽之河原 繁體中文 EP5,2016-01-24 15:23:07,2016-01-24,2016,15,1975,長片,遊戲實況,playlist,,《人中之龍》劇情電影,False,none,0.0,,False,False,,30566,64.0,12.0,20,https://www.youtube.com/watch?v=TDpI4W-EZhw
yMM8WhFSzvg,《人中之龍 極》劇情電影 第四章  邂逅 繁體中文 EP4,2016-01-24 15:23:07,2016-01-24,2016,15,1746,長片,遊戲實況,playlist,,《人中之龍》劇情電影,False,none,0.0,,False,False,,29367,53.0,9.0,20,https://www.youtube.com/watch?v=yMM8WhFSzvg
p3PM836S1xw,《人中之龍 極》劇情電影 第一章  殺害老大的宿命 繁體中文 EP1,2016-01-22 19:23:35,2016-01-22,2016,19,2857,長片,遊戲實況,playlist,,《人中之龍》劇情電影,False,none,0.0,,False,False,,94795,247.0,31.0,20,https://www.youtube.com/watch?v=p3PM836S1xw
pDc2_5onajw,【Joeman直播】 《人中之龍 極》第三集 消失的十年　Ep3,2016-01-22 14:58:19,2016-01-22,2016,14,1614,長片,遊戲實況,playlist,,《人中之龍 極》實況影片,False,none,0.0,,False,False,,4462,10.0,1.0,20,https://www.youtube.com/watch?v=pDc2_5onajw
XJEvL5aBKJk,【Joeman直播】 《人中之龍 極》第二集 堂島血案　Ep2,2016-01-22 14:58:18,2016-01-22,2016,14,1472,長片,遊戲實況,playlist,,《人中之龍 極》實況影片,False,none,0.0,,False,False,,4464,7.0,0.0,20,https://www.youtube.com/watch?v=XJEvL5aBKJk
t2uK3N3h1Tk,【Joeman直播】 《人中之龍 極》第一集 久違的桐生　Ep1,2016-01-22 14:58:17,2016-01-22,2016,14,2825,長片,遊戲實況,playlist,,《人中之龍 極》實況影片,False,none,0.0,,False,False,,12091,29.0,6.0,20,https://www.youtube.com/watch?v=t2uK3N3h1Tk
aNwe3L31Wfo,【Joeman直播】 《人中之龍0 誓約的場所》第五十九集 致命的談判　Ep59,2016-01-22 09:53:56,2016-01-22,2016,9,2596,長片,遊戲實況,playlist,,《人中之龍0 誓約的場所》,False,none,0.0,,False,False,,2417,3.0,1.0,20,https://www.youtube.com/watch?v=aNwe3L31Wfo
FMSzwLLr5CU,【Joeman直播】 《人中之龍0 誓約的場所》第六十集 久瀨的真心話　Ep60,2016-01-22 09:53:54,2016-01-22,2016,9,2214,長片,遊戲實況,playlist,,《人中之龍0 誓約的場所》,False,none,0.0,,False,False,,3600,12.0,1.0,20,https://www.youtube.com/watch?v=FMSzwLLr5CU
ZoxN-OnPU-8,【Joeman直播】 《人中之龍0 誓約的場所》第六十一集 阿波野的背影　Ep61,2016-01-22 09:53:53,2016-01-22,2016,9,2872,長片,遊戲實況,playlist,,《人中之龍0 誓約的場所》,False,none,0.0,,False,False,,2692,9.0,2.0,20,https://www.youtube.com/watch?v=ZoxN-OnPU-8
mCGfOSfwBs0,【Joeman直播】 《人中之龍0 誓約的場所》第六十三集 踏上旅程　Ep63,2016-01-22 09:53:49,2016-01-22,2016,9,2562,長片,遊戲實況,playlist,,《人中之龍0 誓約的場所》,False,none,0.0,,False,False,,3783,19.0,6.0,20,https://www.youtube.com/watch?v=mCGfOSfwBs0
htv6gpIAODA,【Joeman直播】 《人中之龍0 誓約的場所》第六十二集 雙龍對決　Ep62,2016-01-22 09:53:30,2016-01-22,2016,9,1766,長片,遊戲實況,playlist,,《人中之龍0 誓約的場所》,False,none,0.0,,False,False,,4107,10.0,0.0,20,https://www.youtube.com/watch?v=htv6gpIAODA
TCfZHXk2WAU,【Joeman直播】 《人中之龍0 誓約的場所》第五十八集 失蹤的小實　Ep58,2016-01-16 00:10:08,2016-01-16,2016,0,2937,長片,遊戲實況,playlist,,《人中之龍0 誓約的場所》,False,none,0.0,,False,False,,2430,5.0,0.0,20,https://www.youtube.com/watch?v=TCfZHXk2WAU
J8SopAvLZDY,【Joeman直播】 《人中之龍0 誓約的場所》第五十七集 悲慘的重逢　Ep57,2016-01-16 00:10:07,2016-01-16,2016,0,1992,長片,遊戲實況,playlist,,《人中之龍0 誓約的場所》,False,none,0.0,,False,False,,1786,4.0,1.0,20,https://www.youtube.com/watch?v=J8SopAvLZDY
tieg9crbllM,【Joeman直播】 《人中之龍0 誓約的場所》第五十六集 殺手老鬼登場　Ep56,2016-01-16 00:10:06,2016-01-16,2016,0,1586,長片,遊戲實況,playlist,,《人中之龍0 誓約的場所》,False,none,0.0,,False,False,,1771,4.0,0.0,20,https://www.youtube.com/watch?v=tieg9crbllM
wp4tD9k1_TU,【Joeman直播】 《人中之龍0 誓約的場所》第五十五集 小實的身世　Ep55,2016-01-16 00:10:04,2016-01-16,2016,0,3529,長片,遊戲實況,playlist,,《人中之龍0 誓約的場所》,False,none,0.0,,False,False,,2338,8.0,0.0,20,https://www.youtube.com/watch?v=wp4tD9k1_TU
NgYzX5T42hA,【Joeman直播】 《人中之龍0 誓約的場所》第五十四集 大戰人妖大叔　Ep54,2016-01-16 00:10:03,2016-01-16,2016,0,2513,長片,遊戲實況,playlist,,《人中之龍0 誓約的場所》,False,none,0.0,,False,False,,2004,4.0,0.0,20,https://www.youtube.com/watch?v=NgYzX5T42hA
ua-9daknZtk,【Joeman直播】 《人中之龍0 誓約的場所》第五十三集 拘留所的告白　Ep53,2016-01-16 00:10:02,2016-01-16,2016,0,1512,長片,遊戲實況,playlist,,《人中之龍0 誓約的場所》,False,none,0.0,,False,False,,1632,5.0,0.0,20,https://www.youtube.com/watch?v=ua-9daknZtk
-6FBuHQB_3w,【Joeman直播】 《人中之龍0 誓約的場所》第五十一集 挖角沙西小姐　Ep51,2016-01-13 07:56:51,2016-01-13,2016,7,2206,長片,遊戲實況,playlist,,《人中之龍0 誓約的場所》,False,none,0.0,,False,False,,2330,6.0,0.0,20,https://www.youtube.com/watch?v=-6FBuHQB_3w
7D7yhh-n5GE,【Joeman直播】 《人中之龍0 誓約的場所》第五十二集 地下格鬥擂台　Ep52,2016-01-13 07:56:51,2016-01-13,2016,7,1824,長片,遊戲實況,playlist,,《人中之龍0 誓約的場所》,False,none,0.0,,False,False,,2105,5.0,1.0,20,https://www.youtube.com/watch?v=7D7yhh-n5GE
uLInLg_Odeo,【Joeman直播】 《人中之龍0 誓約的場所》第五十集 特訓亞衣　Ep50,2016-01-13 07:56:50,2016-01-13,2016,7,1780,長片,遊戲實況,playlist,,《人中之龍0 誓約的場所》,False,none,0.0,,False,False,,2712,4.0,1.0,20,https://www.youtube.com/watch?v=uLInLg_Odeo
mZWc6GYLaA0,【Joeman直播】 《人中之龍0 誓約的場所》第四十九集 跟蹤小雪　Ep49,2016-01-13 07:56:49,2016-01-13,2016,7,1546,長片,遊戲實況,playlist,,《人中之龍0 誓約的場所》,False,none,0.0,,False,False,,1978,6.0,2.0,20,https://www.youtube.com/watch?v=mZWc6GYLaA0
BWX4RW7R4l0,【Joeman直播】 《人中之龍0 誓約的場所》第四十五集 酒店上手　Ep45,2016-01-12 18:09:24,2016-01-12,2016,18,2732,長片,遊戲實況,playlist,,《人中之龍0 誓約的場所》,False,none,0.0,,False,False,,2603,8.0,1.0,20,https://www.youtube.com/watch?v=BWX4RW7R4l0
UUyV07HvFUw,【Joeman直播】 《人中之龍0 誓約的場所》第四十七集 阿罵當公關　Ep47,2016-01-12 18:09:24,2016-01-12,2016,18,1849,長片,遊戲實況,playlist,,《人中之龍0 誓約的場所》,False,none,0.0,,False,False,,3544,11.0,0.0,20,https://www.youtube.com/watch?v=UUyV07HvFUw
dOyrSpX_Ao8,【Joeman直播】 《人中之龍0 誓約的場所》第四十四集 巧遇龍司　Ep44,2016-01-12 18:09:24,2016-01-12,2016,18,1723,長片,遊戲實況,playlist,,《人中之龍0 誓約的場所》,False,none,0.0,,False,False,,11463,34.0,14.0,20,https://www.youtube.com/watch?v=dOyrSpX_Ao8
flG6OrDq73s,【Joeman直播】 《人中之龍0 誓約的場所》第四十八集 爭奪亞衣之戰　Ep48,2016-01-12 18:09:24,2016-01-12,2016,18,1628,長片,遊戲實況,playlist,,《人中之龍0 誓約的場所》,False,none,0.0,,False,False,,2363,7.0,0.0,20,https://www.youtube.com/watch?v=flG6OrDq73s
sHCwwtbtwL0,【Joeman直播】 《人中之龍0 誓約的場所》第四十六集 上原亞衣登場!　Ep46,2016-01-12 18:09:24,2016-01-12,2016,18,2611,長片,遊戲實況,playlist,,《人中之龍0 誓約的場所》,False,none,0.0,,False,False,,3847,7.0,0.0,20,https://www.youtube.com/watch?v=sHCwwtbtwL0
FZPxaygVzTg,【Joeman直播】 《人中之龍0 誓約的場所》第四十二集 電話交友之王　Ep42,2016-01-08 01:44:41,2016-01-08,2016,1,2594,長片,遊戲實況,playlist,,《人中之龍0 誓約的場所》,False,none,0.0,,False,False,,2759,9.0,1.0,20,https://www.youtube.com/watch?v=FZPxaygVzTg
ms7OjsuvCi8,【Joeman直播】 《人中之龍0 誓約的場所》第四十三集 天才小釣手　Ep43,2016-01-08 01:43:26,2016-01-08,2016,1,2711,長片,遊戲實況,playlist,,《人中之龍0 誓約的場所》,False,none,0.0,,False,False,,2091,2.0,0.0,20,https://www.youtube.com/watch?v=ms7OjsuvCi8
GUWgvVlZGl4,【Joeman直播】 《人中之龍0 誓約的場所》第四十一集 東城會血戰　Ep41,2016-01-07 04:53:45,2016-01-07,2016,4,2692,長片,遊戲實況,playlist,,《人中之龍0 誓約的場所》,False,none,0.0,,False,False,,1777,3.0,0.0,20,https://www.youtube.com/watch?v=GUWgvVlZGl4
o65Uk2fBsRI,【Joeman直播】 《人中之龍0 誓約的場所》第四十集 露宿街頭　Ep40,2016-01-07 04:53:44,2016-01-07,2016,4,1902,長片,遊戲實況,playlist,,《人中之龍0 誓約的場所》,False,none,0.0,,False,False,,1598,3.0,0.0,20,https://www.youtube.com/watch?v=o65Uk2fBsRI
8Lkgv-xLP7M,【Joeman直播】 《人中之龍0 誓約的場所》第三十九集 飆車手立華　Ep39,2016-01-07 04:53:43,2016-01-07,2016,4,3666,長片,遊戲實況,playlist,,《人中之龍0 誓約的場所》,False,none,0.0,,False,False,,1761,3.0,1.0,20,https://www.youtube.com/watch?v=8Lkgv-xLP7M
wghpqXoyrIU,【Joeman直播】 《人中之龍0 誓約的場所》第三十八集 迪斯可舞王　Ep38,2016-01-07 04:53:42,2016-01-07,2016,4,1766,長片,遊戲實況,playlist,,《人中之龍0 誓約的場所》,False,none,0.0,,False,False,,1714,3.0,0.0,20,https://www.youtube.com/watch?v=wghpqXoyrIU
VFzddYvDPkA,【Joeman直播】 《人中之龍0 誓約的場所》第三十七集 廣納人才　Ep37,2016-01-07 04:53:41,2016-01-07,2016,4,1826,長片,遊戲實況,playlist,,《人中之龍0 誓約的場所》,False,none,0.0,,False,False,,2905,8.0,1.0,20,https://www.youtube.com/watch?v=VFzddYvDPkA
7_zyhDYJNOc,【Joeman直播】 《人中之龍0 誓約的場所》第三十六集 絕處逢生　Ep36,2016-01-07 04:53:39,2016-01-07,2016,4,1661,長片,遊戲實況,playlist,,《人中之龍0 誓約的場所》,False,none,0.0,,False,False,,1509,3.0,0.0,20,https://www.youtube.com/watch?v=7_zyhDYJNOc
fpUOjfgLH-g,【Joeman直播】 《人中之龍0 誓約的場所》第三十五集 偽造大師　Ep35,2016-01-07 04:53:38,2016-01-07,2016,4,1751,長片,遊戲實況,playlist,,《人中之龍0 誓約的場所》,False,none,0.0,,False,False,,1415,1.0,0.0,20,https://www.youtube.com/watch?v=fpUOjfgLH-g
e3xnTtbkWWc,【Joeman直播】 《人中之龍0 誓約的場所》第三十四集 壽司店女孩　Ep34,2016-01-02 10:01:23,2016-01-02,2016,10,2626,長片,遊戲實況,playlist,,《人中之龍0 誓約的場所》,False,none,0.0,,False,False,,2048,2.0,0.0,20,https://www.youtube.com/watch?v=e3xnTtbkWWc
4eGiGf8sSJI,【Joeman直播】 《人中之龍0 誓約的場所》第三十三集 乳癌檢測　Ep33,2016-01-02 10:01:22,2016-01-02,2016,10,2446,長片,遊戲實況,playlist,,《人中之龍0 誓約的場所》,False,none,0.0,,False,False,,2001,4.0,3.0,20,https://www.youtube.com/watch?v=4eGiGf8sSJI
bOZxPUptk6M,【Joeman直播】 《人中之龍0 誓約的場所》第三十二集 替身陰謀　Ep32,2016-01-02 10:01:21,2016-01-02,2016,10,2344,長片,遊戲實況,playlist,,《人中之龍0 誓約的場所》,False,none,0.0,,False,False,,1701,2.0,1.0,20,https://www.youtube.com/watch?v=bOZxPUptk6M
wmdFbPn2A-k,【Joeman直播】 《人中之龍0 誓約的場所》第三十一集 填字遊戲　Ep31,2016-01-02 10:01:19,2016-01-02,2016,10,1807,長片,遊戲實況,playlist,,《人中之龍0 誓約的場所》,False,none,0.0,,False,False,,1559,3.0,0.0,20,https://www.youtube.com/watch?v=wmdFbPn2A-k
PsgBlXLIsWw,【Joeman直播】 《人中之龍0 誓約的場所》第三十集 酒店經營指南　Ep30,2016-01-02 10:01:18,2016-01-02,2016,10,3940,長片,遊戲實況,playlist,,《人中之龍0 誓約的場所》,False,none,0.0,,False,False,,2370,1.0,0.0,20,https://www.youtube.com/watch?v=PsgBlXLIsWw
Gu8iHXJ8e5o,【Joeman直播】 《人中之龍0 誓約的場所》第二十九集 小實的身世　Ep29,2016-01-02 10:01:17,2016-01-02,2016,10,2517,長片,遊戲實況,playlist,,《人中之龍0 誓約的場所》,False,none,0.0,,False,False,,1992,5.0,3.0,20,https://www.youtube.com/watch?v=Gu8iHXJ8e5o
nAuYGHgnCnI,【Joeman直播】 《人中之龍0 誓約的場所》第二十八集 兄弟之情　Ep28,2015-12-29 20:45:59,2015-12-29,2015,20,2000,長片,遊戲實況,playlist,,《人中之龍0 誓約的場所》,False,none,0.0,,False,False,,2199,10.0,0.0,20,https://www.youtube.com/watch?v=nAuYGHgnCnI
kD_pij93U9o,【Joeman直播】 《人中之龍0 誓約的場所》第二十七集 再戰久瀨　Ep27,2015-12-29 20:45:58,2015-12-29,2015,20,1690,長片,遊戲實況,playlist,,《人中之龍0 誓約的場所》,False,none,0.0,,False,False,,1968,6.0,0.0,20,https://www.youtube.com/watch?v=kD_pij93U9o
EB_BvBOVsWg,【Joeman直播】 《人中之龍0 誓約的場所》第二十六集 流氓養成導師　Ep26,2015-12-29 20:45:57,2015-12-29,2015,20,1408,長片,遊戲實況,playlist,,《人中之龍0 誓約的場所》,False,none,0.0,,False,False,,1726,4.0,0.0,20,https://www.youtube.com/watch?v=EB_BvBOVsWg
nfX1YtFnO9w,【Joeman直播】 《人中之龍0 誓約的場所》第二十五集 女子摔角大賽　Ep25,2015-12-29 20:45:56,2015-12-29,2015,20,1575,長片,遊戲實況,playlist,,《人中之龍0 誓約的場所》,False,none,0.0,,False,False,,8249,31.0,0.0,20,https://www.youtube.com/watch?v=nfX1YtFnO9w
Dge3PlSuVuw,【Joeman直播】 《人中之龍0 誓約的場所》第二十四集 乾坤一擲　Ep24,2015-12-28 01:51:32,2015-12-28,2015,1,1199,長片,遊戲實況,playlist,,《人中之龍0 誓約的場所》,False,none,0.0,,False,False,,1837,4.0,0.0,20,https://www.youtube.com/watch?v=Dge3PlSuVuw
5CDOKmIdjPw,【Joeman直播】 《人中之龍0 誓約的場所》第二十三集 絕殺令發布　Ep23,2015-12-28 01:48:25,2015-12-28,2015,1,2066,長片,遊戲實況,playlist,,《人中之龍0 誓約的場所》,False,none,0.0,,False,False,,2458,3.0,2.0,20,https://www.youtube.com/watch?v=5CDOKmIdjPw
IxEH80t9qTw,【Joeman直播】 《人中之龍0 誓約的場所》第二十二集 繼承地產王　Ep22,2015-12-25 11:40:13,2015-12-25,2015,11,2061,長片,遊戲實況,playlist,,《人中之龍0 誓約的場所》,False,none,0.0,,False,False,,2237,4.0,1.0,20,https://www.youtube.com/watch?v=IxEH80t9qTw
R-zqLBKyU1E,【Joeman直播】 《人中之龍0 誓約的場所》第二十一集 驅趕海蟑螂　Ep21,2015-12-25 11:40:12,2015-12-25,2015,11,3018,長片,遊戲實況,playlist,,《人中之龍0 誓約的場所》,False,none,0.0,,False,False,,3136,8.0,1.0,20,https://www.youtube.com/watch?v=R-zqLBKyU1E
Ef1AMIfMQMw,【Joeman直播】 《人中之龍0 誓約的場所》第二十集 正妹按摩師　Ep20,2015-12-25 11:40:11,2015-12-25,2015,11,2575,長片,遊戲實況,playlist,,《人中之龍0 誓約的場所》,False,none,0.0,,False,False,,6148,9.0,2.0,20,https://www.youtube.com/watch?v=Ef1AMIfMQMw
qUW-yHLJCGo,【Joeman直播】 《人中之龍0 誓約的場所》第十九集 電話交友時間!　Ep19,2015-12-25 11:40:10,2015-12-25,2015,11,2469,長片,遊戲實況,playlist,,《人中之龍0 誓約的場所》,False,none,0.0,,False,False,,3214,4.0,0.0,20,https://www.youtube.com/watch?v=qUW-yHLJCGo
c4TqbgGUQKw,【Joeman直播】 《人中之龍0 誓約的場所》第十八集 揭穿邪教　Ep18,2015-12-25 11:40:08,2015-12-25,2015,11,1996,長片,遊戲實況,playlist,,《人中之龍0 誓約的場所》,False,none,0.0,,False,False,,2478,8.0,0.0,20,https://www.youtube.com/watch?v=c4TqbgGUQKw
vjUzpJW82nA,【Joeman直播】 《人中之龍0 誓約的場所》第十七集 殺手之路　Ep17,2015-12-25 11:40:07,2015-12-25,2015,11,2100,長片,遊戲實況,playlist,,《人中之龍0 誓約的場所》,False,none,0.0,,False,False,,2168,5.0,1.0,20,https://www.youtube.com/watch?v=vjUzpJW82nA
LvTFolHU5rA,【Joeman直播】 《人中之龍0 誓約的場所》第十二集 萬磁王登場　Ep12,2015-12-22 17:48:51,2015-12-22,2015,17,2154,長片,遊戲實況,playlist,,《人中之龍0 誓約的場所》,False,none,0.0,,False,False,,2527,4.0,1.0,20,https://www.youtube.com/watch?v=LvTFolHU5rA
-NJouXehlqA,【Joeman直播】 《人中之龍0 誓約的場所》第十四集 挖角小姐　Ep14,2015-12-22 17:48:50,2015-12-22,2015,17,2070,長片,遊戲實況,playlist,,《人中之龍0 誓約的場所》,False,none,0.0,,False,False,,2453,7.0,1.0,20,https://www.youtube.com/watch?v=-NJouXehlqA
9FSlDjSlpV8,【Joeman直播】 《人中之龍0 誓約的場所》第十六集 偽裝男朋友　Ep16,2015-12-22 17:48:50,2015-12-22,2015,17,2541,長片,遊戲實況,playlist,,《人中之龍0 誓約的場所》,False,none,0.0,,False,False,,2256,6.0,0.0,20,https://www.youtube.com/watch?v=9FSlDjSlpV8
A6eNVINRBjM,【Joeman直播】 《人中之龍0 誓約的場所》第十三集 酒店經理真島　Ep13,2015-12-22 17:48:50,2015-12-22,2015,17,1953,長片,遊戲實況,playlist,,《人中之龍0 誓約的場所》,False,none,0.0,,False,False,,2809,7.0,0.0,20,https://www.youtube.com/watch?v=A6eNVINRBjM
PzUg_DdB0cI,【Joeman直播】 《人中之龍0 誓約的場所》第十五集 華麗的幹架師　Ep15,2015-12-22 17:48:50,2015-12-22,2015,17,2066,長片,遊戲實況,playlist,,《人中之龍0 誓約的場所》,False,none,0.0,,False,False,,2368,2.0,0.0,20,https://www.youtube.com/watch?v=PzUg_DdB0cI
inL6VYHyGcM,變臉軟體Facerig  大偽娘時代來臨,2015-12-22 17:06:50,2015-12-22,2015,17,176,長片,未分類,none,,,False,none,0.0,,False,False,,14780,114.0,16.0,20,https://www.youtube.com/watch?v=inL6VYHyGcM
FUqOhMGxT40,【Joeman直播】 《人中之龍0 誓約的場所》第十集 趕走釘子戶　Ep10,2015-12-20 14:13:21,2015-12-20,2015,14,1896,長片,遊戲實況,playlist,,《人中之龍0 誓約的場所》,False,none,0.0,,False,False,,2450,6.0,0.0,20,https://www.youtube.com/watch?v=FUqOhMGxT40
LcVc7Np9OZU,【Joeman直播】 《人中之龍0 誓約的場所》第十一集 撿到四百萬　Ep11,2015-12-20 14:04:46,2015-12-20,2015,14,1461,長片,遊戲實況,playlist,,《人中之龍0 誓約的場所》,False,none,0.0,,False,False,,2206,4.0,0.0,20,https://www.youtube.com/watch?v=LcVc7Np9OZU
6YI5Tt5HaN4,【Joeman直播】 《人中之龍0 誓約的場所》第九集 SM調教課程　Ep9,2015-12-18 10:53:00,2015-12-18,2015,10,1459,長片,遊戲實況,playlist,,《人中之龍0 誓約的場所》,False,none,0.0,,False,False,,6711,16.0,2.0,20,https://www.youtube.com/watch?v=6YI5Tt5HaN4
ouWy8XWdl1I,【Joeman直播】 《人中之龍0 誓約的場所》第八集 大戰日本殭屍　Ep8,2015-12-18 10:52:59,2015-12-18,2015,10,2723,長片,遊戲實況,playlist,,《人中之龍0 誓約的場所》,False,none,0.0,,False,False,,3438,6.0,0.0,20,https://www.youtube.com/watch?v=ouWy8XWdl1I
ABtmHZh-Lz4,【Joeman直播】 《人中之龍0 誓約的場所》第七集 出賣性的少女　Ep7,2015-12-18 10:52:58,2015-12-18,2015,10,1864,長片,遊戲實況,playlist,,《人中之龍0 誓約的場所》,False,none,0.0,,False,False,,13139,19.0,0.0,20,https://www.youtube.com/watch?v=ABtmHZh-Lz4
Ag6pw3GKvfM,【Joeman直播】 《人中之龍0 誓約的場所》第六集 攻略超商店員　Ep6,2015-12-18 10:52:57,2015-12-18,2015,10,2499,長片,遊戲實況,playlist,,《人中之龍0 誓約的場所》,False,none,0.0,,False,False,,3883,8.0,2.0,20,https://www.youtube.com/watch?v=Ag6pw3GKvfM
3VGzs64MP3w,【Joeman直播】 《人中之龍0 誓約的場所》第五集 拳王挑戰賽　Ep5,2015-12-16 17:03:58,2015-12-16,2015,17,2589,長片,遊戲實況,playlist,,《人中之龍0 誓約的場所》,False,none,0.0,,False,False,,3362,5.0,2.0,20,https://www.youtube.com/watch?v=3VGzs64MP3w
30LKs6C5us8,【Joeman直播】 《人中之龍0 誓約的場所》第三集 一坪的空地　Ep3,2015-12-16 16:59:46,2015-12-16,2015,16,1661,長片,遊戲實況,playlist,,《人中之龍0 誓約的場所》,False,none,0.0,,False,False,,3043,9.0,0.0,20,https://www.youtube.com/watch?v=30LKs6C5us8
xCiVKPBnZDg,【Joeman直播】 《人中之龍0 誓約的場所》第四集 久瀨的威脅　Ep4,2015-12-16 16:59:46,2015-12-16,2015,16,1948,長片,遊戲實況,playlist,,《人中之龍0 誓約的場所》,False,none,0.0,,False,False,,2940,7.0,1.0,20,https://www.youtube.com/watch?v=xCiVKPBnZDg
adFnCqUptQY,【Joeman直播】 《人中之龍0 誓約的場所》第二集 卡拉OK魂　Ep2,2015-12-15 17:34:10,2015-12-15,2015,17,2088,長片,遊戲實況,playlist,,《人中之龍0 誓約的場所》,False,none,0.0,,False,False,,4777,15.0,3.0,20,https://www.youtube.com/watch?v=adFnCqUptQY
AIkUGWe1KpE,【Joeman直播】 《人中之龍0 誓約的場所》第一集 流氓報到　Ep1,2015-12-15 17:33:42,2015-12-15,2015,17,1121,長片,遊戲實況,playlist,,《人中之龍0 誓約的場所》,False,none,0.0,,False,False,,11263,29.0,6.0,20,https://www.youtube.com/watch?v=AIkUGWe1KpE
MK6iq3_nPVE,【Joeman直播】 《超能殺機：兩個靈魂》第十六集 結局補完 Beyond：Two Souls Ep16,2015-12-15 16:36:50,2015-12-15,2015,16,1507,長片,遊戲實況,playlist,,《超能殺機：兩個靈魂》Beyond : Two Souls,False,none,0.0,,False,False,,879,3.0,2.0,20,https://www.youtube.com/watch?v=MK6iq3_nPVE
34Zg5tiG24E,【Joeman直播】 《超能殺機：兩個靈魂》第十五集 現世結局 Beyond：Two Souls Ep15,2015-12-13 01:40:43,2015-12-13,2015,1,3973,長片,遊戲實況,playlist,,《超能殺機：兩個靈魂》Beyond : Two Souls,False,none,0.0,,False,False,,1004,5.0,2.0,19,https://www.youtube.com/watch?v=34Zg5tiG24E
Q_eMbw92lwI,【Joeman直播】 《超能殺機：兩個靈魂》第十四集 龍的藏身之處 Beyond：Two Souls Ep14,2015-12-13 01:40:07,2015-12-13,2015,1,2900,長片,遊戲實況,playlist,,《超能殺機：兩個靈魂》Beyond : Two Souls,False,none,0.0,,False,False,,777,1.0,0.0,20,https://www.youtube.com/watch?v=Q_eMbw92lwI
rfbEt7Pm6OM,【Joeman直播】 《超能殺機：兩個靈魂》第十三集 母親的真相 Beyond：Two Souls Ep13,2015-12-13 01:40:03,2015-12-13,2015,1,1661,長片,遊戲實況,playlist,,《超能殺機：兩個靈魂》Beyond : Two Souls,False,none,0.0,,False,False,,674,1.0,0.0,20,https://www.youtube.com/watch?v=rfbEt7Pm6OM
6Us5tl-fWPM,【Joeman直播】 《超能殺機：兩個靈魂》第十二集 解放非洲 Beyond：Two Souls Ep12,2015-12-13 01:40:00,2015-12-13,2015,1,3253,長片,遊戲實況,playlist,,《超能殺機：兩個靈魂》Beyond : Two Souls,False,none,0.0,,False,False,,813,1.0,1.0,20,https://www.youtube.com/watch?v=6Us5tl-fWPM
u0o24W-lApk,【Joeman直播】 《超能殺機：兩個靈魂》第十一集 甜蜜約會 Beyond：Two Souls Ep11,2015-12-13 01:39:59,2015-12-13,2015,1,3363,長片,遊戲實況,playlist,,《超能殺機：兩個靈魂》Beyond : Two Souls,False,none,0.0,,False,False,,860,2.0,0.0,20,https://www.youtube.com/watch?v=u0o24W-lApk
IsClHGmtD9Y,【Joeman直播】 《超能殺機：兩個靈魂》第八集 遭遇色伯伯 Beyond：Two Souls Ep8,2015-12-08 16:30:44,2015-12-08,2015,16,2228,長片,遊戲實況,playlist,,《超能殺機：兩個靈魂》Beyond : Two Souls,False,none,0.0,,False,False,,1101,3.0,0.0,20,https://www.youtube.com/watch?v=IsClHGmtD9Y
JsKiiAuACq8,【Joeman直播】 《超能殺機：兩個靈魂》第九集 沙漠奇遇 Beyond：Two Souls Ep9,2015-12-08 16:30:44,2015-12-08,2015,16,2569,長片,遊戲實況,playlist,,《超能殺機：兩個靈魂》Beyond : Two Souls,False,none,0.0,,False,False,,947,3.0,0.0,20,https://www.youtube.com/watch?v=JsKiiAuACq8
LSBwrqtvqQQ,【Joeman直播】 《超能殺機：兩個靈魂》第七集 接生達人 Beyond：Two Souls Ep7,2015-12-08 16:30:44,2015-12-08,2015,16,1753,長片,遊戲實況,playlist,,《超能殺機：兩個靈魂》Beyond : Two Souls,False,none,0.0,,False,False,,906,3.0,0.0,20,https://www.youtube.com/watch?v=LSBwrqtvqQQ
Vq3jW8YbnS4,【Joeman直播】 《超能殺機：兩個靈魂》第六集 乞討人生 Beyond：Two Souls Ep6,2015-12-08 16:30:44,2015-12-08,2015,16,1771,長片,遊戲實況,playlist,,《超能殺機：兩個靈魂》Beyond : Two Souls,False,none,0.0,,False,False,,977,1.0,0.0,20,https://www.youtube.com/watch?v=Vq3jW8YbnS4
iZ6s1vkW4BU,【Joeman直播】 《超能殺機：兩個靈魂》第五集 實驗室驚魂 Beyond：Two Souls Ep5,2015-12-08 16:30:44,2015-12-08,2015,16,2116,長片,遊戲實況,playlist,,《超能殺機：兩個靈魂》Beyond : Two Souls,False,none,0.0,,False,False,,1103,3.0,0.0,20,https://www.youtube.com/watch?v=iZ6s1vkW4BU
jmDAUHeaZOA,【Joeman直播】 《超能殺機：兩個靈魂》第四集 悲慘童年 Beyond：Two Souls Ep4,2015-12-08 16:30:44,2015-12-08,2015,16,1603,長片,遊戲實況,playlist,,《超能殺機：兩個靈魂》Beyond : Two Souls,False,none,0.0,,False,False,,1059,4.0,0.0,20,https://www.youtube.com/watch?v=jmDAUHeaZOA
oJdOUH0UmXM,【Joeman直播】 《超能殺機：兩個靈魂》第十集 解放聖靈 Beyond：Two Souls Ep10,2015-12-08 16:30:44,2015-12-08,2015,16,2104,長片,遊戲實況,playlist,,《超能殺機：兩個靈魂》Beyond : Two Souls,False,none,0.0,,False,False,,1047,2.0,2.0,20,https://www.youtube.com/watch?v=oJdOUH0UmXM
GyOnvs4SGBA,《Joeman 脫口秀》特別來賓 瑄瑄 (吳于瑄),2015-12-06 06:31:16,2015-12-06,2015,6,269,長片,人物/訪談,playlist,Joeman脫口秀,Joeman脫口秀,False,none,0.0,,False,False,,3330,15.0,7.0,20,https://www.youtube.com/watch?v=GyOnvs4SGBA
ZFM3FvheRxg,【Joeman直播】 《超能殺機：兩個靈魂》第三集 火車大逃殺 Beyond：Two Souls Ep3,2015-12-06 05:59:28,2015-12-06,2015,5,1525,長片,遊戲實況,playlist,,《超能殺機：兩個靈魂》Beyond : Two Souls,False,none,0.0,,False,False,,1471,8.0,3.0,19,https://www.youtube.com/watch?v=ZFM3FvheRxg
-7jE5lN3GvU,【Joeman直播】 《超能殺機：兩個靈魂》第二集  加入CIA! Beyond：Two Souls Ep2,2015-12-05 03:32:38,2015-12-05,2015,3,2371,長片,遊戲實況,playlist,,《超能殺機：兩個靈魂》Beyond : Two Souls,False,none,0.0,,False,False,,1783,7.0,3.0,20,https://www.youtube.com/watch?v=-7jE5lN3GvU
uXmqQEJo-bw,【Joeman直播】 《超能殺機：兩個靈魂》第一集  超能力少女 Beyond：Two Souls Ep1,2015-12-05 03:16:27,2015-12-05,2015,3,2012,長片,遊戲實況,playlist,,《超能殺機：兩個靈魂》Beyond : Two Souls,False,none,0.0,,False,False,,4612,21.0,2.0,20,https://www.youtube.com/watch?v=uXmqQEJo-bw
RRFPFQO3Vfo,【Joeman直播】 《進化之地2》第二十二集 時間抹除(完) Evoland2 Ep22,2015-12-04 23:27:56,2015-12-04,2015,23,3030,長片,遊戲實況,playlist,,《進化之地2》Evoland2,False,none,0.0,,False,False,,1910,6.0,4.0,20,https://www.youtube.com/watch?v=RRFPFQO3Vfo
Kp3rpdtcIVw,【Joeman直播】 《進化之地2》第二十一集 吉他之神 Evoland2 Ep21,2015-12-04 23:27:54,2015-12-04,2015,23,2228,長片,遊戲實況,playlist,,《進化之地2》Evoland2,False,none,0.0,,False,False,,1045,3.0,1.0,20,https://www.youtube.com/watch?v=Kp3rpdtcIVw
Lmq4kofiW3Y,【Joeman直播】 《進化之地2》第二十集 拯救惡魔 Evoland2 Ep20,2015-12-02 20:57:39,2015-12-02,2015,20,2870,長片,遊戲實況,playlist,,《進化之地2》Evoland2,False,none,0.0,,False,False,,1089,5.0,1.0,20,https://www.youtube.com/watch?v=Lmq4kofiW3Y
ZOk9cnLn6TA,【Joeman直播】 《進化之地2》第十九集 維京王國 Evoland2 Ep19,2015-12-02 20:57:36,2015-12-02,2015,20,2994,長片,遊戲實況,playlist,,《進化之地2》Evoland2,False,none,0.0,,False,False,,964,0.0,0.0,20,https://www.youtube.com/watch?v=ZOk9cnLn6TA
ugOzQ-Oycy8,【Joeman直播】 《進化之地2》第十八集 異相漩渦 Evoland2 Ep18,2015-12-02 20:57:34,2015-12-02,2015,20,2125,長片,遊戲實況,playlist,,《進化之地2》Evoland2,False,none,0.0,,False,False,,961,6.0,1.0,20,https://www.youtube.com/watch?v=ugOzQ-Oycy8
ZgbNwKGQkF8,【Joeman直播】 《進化之地2》第十七集 馬基文化 Evoland2 Ep17,2015-12-02 20:57:30,2015-12-02,2015,20,2493,長片,遊戲實況,playlist,,《進化之地2》Evoland2,False,none,0.0,,False,False,,1057,2.0,0.0,20,https://www.youtube.com/watch?v=ZgbNwKGQkF8
riqM1BoCmY0,【Joeman直播】 《進化之地2》第十四集 廢棄實驗室  Evoland2 Ep14,2015-11-28 02:33:39,2015-11-28,2015,2,3788,長片,遊戲實況,playlist,,《進化之地2》Evoland2,False,none,0.0,,False,False,,1221,4.0,0.0,20,https://www.youtube.com/watch?v=riqM1BoCmY0
GWBMkISy0AE,【Joeman直播】 《進化之地2》第十六集 精靈之淚  Evoland2 Ep16,2015-11-28 02:22:51,2015-11-28,2015,2,2045,長片,遊戲實況,playlist,,《進化之地2》Evoland2,False,none,0.0,,False,False,,1351,1.0,0.0,20,https://www.youtube.com/watch?v=GWBMkISy0AE
huRNJPaFQRE,【Joeman直播】 《進化之地2》第十五集 熱血高校  Evoland2 Ep15,2015-11-28 02:17:15,2015-11-28,2015,2,1860,長片,遊戲實況,playlist,,《進化之地2》Evoland2,False,none,0.0,,False,False,,1233,2.0,0.0,20,https://www.youtube.com/watch?v=huRNJPaFQRE
NQbShdnE7nU,【Joeman直播】 《進化之地2》第十三集 炸彈超人  Evoland2 Ep13,2015-11-28 01:48:18,2015-11-28,2015,1,2097,長片,遊戲實況,playlist,,《進化之地2》Evoland2,False,none,0.0,,False,False,,1154,1.0,1.0,20,https://www.youtube.com/watch?v=NQbShdnE7nU
JlOJuGBH_KY,【Joeman直播】 《進化之地2》第九集 前往風之谷 Evoland2 Ep9,2015-11-25 19:55:37,2015-11-25,2015,19,1671,長片,遊戲實況,playlist,,《進化之地2》Evoland2,False,none,0.0,,False,False,,1388,7.0,0.0,20,https://www.youtube.com/watch?v=JlOJuGBH_KY
3pWQ58wHsyU,【Joeman直播】 《進化之地2》第十集 飛行少年 Evoland2 Ep10,2015-11-25 19:55:36,2015-11-25,2015,19,1959,長片,遊戲實況,playlist,,《進化之地2》Evoland2,False,none,0.0,,False,False,,1126,2.0,1.0,20,https://www.youtube.com/watch?v=3pWQ58wHsyU
3sVsMeAfRMs,【Joeman直播】 《進化之地2》第十一集 卡牌少年 Evoland2 Ep11,2015-11-25 19:55:35,2015-11-25,2015,19,2446,長片,遊戲實況,playlist,,《進化之地2》Evoland2,False,none,0.0,,False,False,,1221,2.0,2.0,20,https://www.youtube.com/watch?v=3sVsMeAfRMs
E1WXWxnxaJ8,【Joeman直播】 《進化之地2》第十二集 洛克人 Evoland2 Ep12,2015-11-25 19:55:34,2015-11-25,2015,19,1256,長片,遊戲實況,playlist,,《進化之地2》Evoland2,False,none,0.0,,False,False,,1374,3.0,0.0,20,https://www.youtube.com/watch?v=E1WXWxnxaJ8
bWElvnOwezc,Twitch聊天室失去連線的好幫手： Chatty 安裝 使用教學,2015-11-25 00:54:10,2015-11-25,2015,0,172,長片,未分類,none,,,False,none,0.0,,False,False,,5197,26.0,15.0,20,https://www.youtube.com/watch?v=bWElvnOwezc
Gu_7_3dHDyo,【Joeman直播】 《進化之地2》第八集 八大難題 Evoland2 Ep8,2015-11-23 21:19:39,2015-11-23,2015,21,2241,長片,遊戲實況,playlist,,《進化之地2》Evoland2,False,none,0.0,,False,False,,1296,3.0,0.0,20,https://www.youtube.com/watch?v=Gu_7_3dHDyo
ZXVMmRW2HZI,【Joeman直播】 《進化之地2》第七集 斯瑪格文化 Evoland2 Ep7,2015-11-23 21:19:38,2015-11-23,2015,21,1125,長片,遊戲實況,playlist,,《進化之地2》Evoland2,False,none,0.0,,False,False,,1168,4.0,1.0,20,https://www.youtube.com/watch?v=ZXVMmRW2HZI
TEFeXq4lgL0,【Joeman直播】 《進化之地2》第六集 3D紀元！ Evoland2 Ep6,2015-11-20 18:27:25,2015-11-20,2015,18,2714,長片,遊戲實況,playlist,,《進化之地2》Evoland2,False,none,0.0,,False,False,,2310,6.0,1.0,20,https://www.youtube.com/watch?v=TEFeXq4lgL0
sVja85MalV4,【Joeman直播】 《進化之地2》第五集 鬼之森林 Evoland2 Ep5,2015-11-20 17:21:33,2015-11-20,2015,17,1593,長片,遊戲實況,playlist,,《進化之地2》Evoland2,False,none,0.0,,False,False,,1789,5.0,2.0,20,https://www.youtube.com/watch?v=sVja85MalV4
vexG25TCGrc,【Joeman直播】秘境探險2 精華 我絕對不能死在這裡,2015-11-20 15:51:06,2015-11-20,2015,15,204,長片,遊戲實況,playlist,,《秘境探險2 : 盜亦有道》Uncharted 2 Among Thieves,False,none,0.0,,False,False,,922,4.0,3.0,20,https://www.youtube.com/watch?v=vexG25TCGrc
X-DdPnXlS8E,【Joeman直播】 《進化之地2》第三集  逃離監獄 Evoland2 Ep3,2015-11-19 22:00:16,2015-11-19,2015,22,1781,長片,遊戲實況,playlist,,《進化之地2》Evoland2,False,none,0.0,,False,False,,1937,7.0,0.0,20,https://www.youtube.com/watch?v=X-DdPnXlS8E
tcfg9Xz-lp4,【Joeman直播】 《進化之地2》第二集  穿越到過去 Evoland2 Ep2,2015-11-19 22:00:16,2015-11-19,2015,22,1296,長片,遊戲實況,playlist,,《進化之地2》Evoland2,False,none,0.0,,False,False,,1868,3.0,1.0,20,https://www.youtube.com/watch?v=tcfg9Xz-lp4
4uC6yMeoS3w,【Joeman直播】 《進化之地2》第四集  地下道探險 Evoland2 Ep4,2015-11-19 22:00:15,2015-11-19,2015,22,2605,長片,遊戲實況,playlist,,《進化之地2》Evoland2,False,none,0.0,,False,False,,1789,7.0,1.0,20,https://www.youtube.com/watch?v=4uC6yMeoS3w
GOS5MdNxSOc,【Joeman直播】 《進化之地2》第一集  失憶的勇者 Evoland2 Ep1,2015-11-19 22:00:15,2015-11-19,2015,22,1597,長片,遊戲實況,playlist,,《進化之地2》Evoland2,False,none,0.0,,False,False,,7383,32.0,0.0,20,https://www.youtube.com/watch?v=GOS5MdNxSOc
fDMckocHYhE,【Joeman直播】 秘境探險2 第十集 進入香巴拉 Uncharted 2 Among Thieves Ep10,2015-11-18 20:13:22,2015-11-18,2015,20,2072,長片,遊戲實況,playlist,,《秘境探險2 : 盜亦有道》Uncharted 2 Among Thieves,False,none,0.0,,False,False,,3580,10.0,3.0,20,https://www.youtube.com/watch?v=fDMckocHYhE
udnWzL9kPN0,【Joeman直播】 秘境探險2 第九集 追蹤雪佛 Uncharted 2 Among Thieves Ep9,2015-11-18 19:37:26,2015-11-18,2015,19,1667,長片,遊戲實況,playlist,,《秘境探險2 : 盜亦有道》Uncharted 2 Among Thieves,False,none,0.0,,False,False,,990,3.0,0.0,20,https://www.youtube.com/watch?v=udnWzL9kPN0
oSqxx-WIvZg,【Joeman直播】 秘境探險2 第十一集 生命之樹(完) Uncharted 2 Among Thieves Ep11,2015-11-18 19:37:24,2015-11-18,2015,19,2366,長片,遊戲實況,playlist,,《秘境探險2 : 盜亦有道》Uncharted 2 Among Thieves,False,none,0.0,,False,False,,1564,9.0,0.0,20,https://www.youtube.com/watch?v=oSqxx-WIvZg
hqJjaAAFhHg,【Joeman直播】 《古墓奇兵 崛起》第十一集 神聖之源(完) Rise of the Tomb Raider Ep11,2015-11-17 17:35:31,2015-11-17,2015,17,2585,長片,遊戲實況,playlist,,《古墓奇兵 崛起》Rise of the Tomb Raider,False,none,0.0,,False,False,,3616,9.0,2.0,20,https://www.youtube.com/watch?v=hqJjaAAFhHg
ItxbAMznZ_g,【Joeman直播】 《古墓奇兵 崛起》第十集 基特之城 Rise of the Tomb Raider Ep10,2015-11-17 17:35:30,2015-11-17,2015,17,2524,長片,遊戲實況,playlist,,《古墓奇兵 崛起》Rise of the Tomb Raider,False,none,0.0,,False,False,,2123,1.0,0.0,20,https://www.youtube.com/watch?v=ItxbAMznZ_g
t3p2YnVvnfk,【Joeman直播】 《古墓奇兵 崛起》第九集 先知現身 Rise of the Tomb Raider Ep9,2015-11-17 17:35:28,2015-11-17,2015,17,1744,長片,遊戲實況,playlist,,《古墓奇兵 崛起》Rise of the Tomb Raider,False,none,0.0,,False,False,,1788,3.0,0.0,20,https://www.youtube.com/watch?v=t3p2YnVvnfk
nMq16EId_eI,【Joeman直播】 《古墓奇兵 崛起》第七集 深山夜襲 Rise of the Tomb Raider Ep7,2015-11-14 04:12:04,2015-11-14,2015,4,2915,長片,遊戲實況,playlist,,《古墓奇兵 崛起》Rise of the Tomb Raider,False,none,0.0,,False,False,,2811,3.0,1.0,20,https://www.youtube.com/watch?v=nMq16EId_eI
ObBLCzSbAOo,【Joeman直播】 《古墓奇兵 崛起》第八集 發現地圖 Rise of the Tomb Raider Ep8,2015-11-14 03:57:31,2015-11-14,2015,3,2023,長片,遊戲實況,playlist,,《古墓奇兵 崛起》Rise of the Tomb Raider,False,none,0.0,,False,False,,2827,3.0,2.0,20,https://www.youtube.com/watch?v=ObBLCzSbAOo
SayBEH-4nxY,《Joeman 脫口秀》每個人都有一個價碼,2015-11-13 13:16:37,2015-11-13,2015,13,334,長片,人物/訪談,playlist,Joeman脫口秀,Joeman脫口秀,False,none,0.0,,False,False,,3128,19.0,2.0,20,https://www.youtube.com/watch?v=SayBEH-4nxY
YH9UsKPwnPw,【Joeman直播】 《古墓奇兵 崛起》第六集 遺民部落 Rise of the Tomb Raider Ep6,2015-11-12 13:23:11,2015-11-12,2015,13,1483,長片,遊戲實況,playlist,,《古墓奇兵 崛起》Rise of the Tomb Raider,False,none,0.0,,False,False,,3195,7.0,2.0,20,https://www.youtube.com/watch?v=YH9UsKPwnPw
mo2HgvQrMpg,【Joeman直播】 《古墓奇兵 崛起》第五集 礦坑冒險 Rise of the Tomb Raider Ep5,2015-11-12 11:57:08,2015-11-12,2015,11,1721,長片,遊戲實況,playlist,,《古墓奇兵 崛起》Rise of the Tomb Raider,False,none,0.0,,False,False,,3441,7.0,0.0,20,https://www.youtube.com/watch?v=mo2HgvQrMpg
FNmQtThyYBU,【Joeman直播】 《古墓奇兵 崛起》第四集 血洗營地 Rise of the Tomb Raider  Ep4,2015-11-10 19:11:14,2015-11-10,2015,19,2782,長片,遊戲實況,playlist,,《古墓奇兵 崛起》Rise of the Tomb Raider,False,none,0.0,,False,False,,6120,2.0,2.0,20,https://www.youtube.com/watch?v=FNmQtThyYBU
A5kHdbxmPi4,【Joeman直播】 《古墓奇兵 崛起》第三集 真實謊言 Rise of the Tomb Raider  Ep3,2015-11-10 19:11:13,2015-11-10,2015,19,1988,長片,遊戲實況,playlist,,《古墓奇兵 崛起》Rise of the Tomb Raider,False,none,0.0,,False,False,,4637,9.0,1.0,20,https://www.youtube.com/watch?v=A5kHdbxmPi4
ZKW8Y-PlFPw,【Joeman直播】 《古墓奇兵 崛起》第二集 與熊共舞 Rise of the Tomb Raider  Ep2,2015-11-10 19:11:12,2015-11-10,2015,19,1635,長片,遊戲實況,playlist,,《古墓奇兵 崛起》Rise of the Tomb Raider,False,none,0.0,,False,False,,4905,4.0,4.0,20,https://www.youtube.com/watch?v=ZKW8Y-PlFPw
sK3ZwXzHkl8,【Joeman直播】 《古墓奇兵 崛起》第一集 先知之墓 Rise of the Tomb Raider  Ep1,2015-11-10 19:11:10,2015-11-10,2015,19,1902,長片,遊戲實況,playlist,,《古墓奇兵 崛起》Rise of the Tomb Raider,False,none,0.0,,False,False,,12413,17.0,0.0,20,https://www.youtube.com/watch?v=sK3ZwXzHkl8
KkFueo-Bi5A,《古墓奇兵 崛起》劇情電影 (全) 繁體中文 Rise of the Tomb Raider Game Movie,2015-11-09 18:25:02,2015-11-09,2015,18,9174,長片,遊戲實況,playlist,,《古墓奇兵 崛起》Rise of the Tomb Raider,False,none,0.0,,False,False,,2195000,3358.0,173.0,20,https://www.youtube.com/watch?v=KkFueo-Bi5A
nT_l8w_I4Zo,【Joeman直播】 秘境探險2 第七集 機關重重 Uncharted 2 Among Thieves Ep7,2015-11-07 12:20:49,2015-11-07,2015,12,1564,長片,遊戲實況,playlist,,《秘境探險2 : 盜亦有道》Uncharted 2 Among Thieves,False,none,0.0,,False,False,,1173,1.0,0.0,20,https://www.youtube.com/watch?v=nT_l8w_I4Zo
5LTxwWujAVc,【Joeman直播】 秘境探險2 第八集 坦克大對決 Uncharted 2 Among Thieves Ep8,2015-11-07 12:18:24,2015-11-07,2015,12,958,長片,遊戲實況,playlist,,《秘境探險2 : 盜亦有道》Uncharted 2 Among Thieves,False,none,0.0,,False,False,,1235,2.0,0.0,20,https://www.youtube.com/watch?v=5LTxwWujAVc
tqghZbq25-o,【Joeman直播】 秘境探險2 第六集 雪山驚魂 Uncharted 2 Among Thieves Ep6,2015-11-04 13:19:08,2015-11-04,2015,13,1475,長片,遊戲實況,playlist,,《秘境探險2 : 盜亦有道》Uncharted 2 Among Thieves,False,none,0.0,,False,False,,1649,3.0,0.0,20,https://www.youtube.com/watch?v=tqghZbq25-o
bxHm1u5yBPI,【Joeman直播】 秘境探險2 第五集 火車大逃殺 Uncharted 2 Among Thieves Ep5,2015-11-04 12:18:12,2015-11-04,2015,12,1845,長片,遊戲實況,playlist,,《秘境探險2 : 盜亦有道》Uncharted 2 Among Thieves,False,none,0.0,,False,False,,1649,3.0,0.0,20,https://www.youtube.com/watch?v=bxHm1u5yBPI
a-69myjJIZU,【Joeman玩什麼】 最後一戰5 守護者 遊戲介紹 Halo 5 Guardians review,2015-11-03 11:57:59,2015-11-03,2015,11,695,長片,遊戲實況,playlist,,《Joeman玩什麼》,False,none,0.0,,False,False,,13576,84.0,22.0,20,https://www.youtube.com/watch?v=a-69myjJIZU
Idx5IGzx4Zc,【Joeman直播】 刺客教條 梟雄 第十五集 最終之戰(完) Assassin's Creed Syndicate EP15,2015-10-29 14:47:47,2015-10-29,2015,14,2387,長片,遊戲實況,playlist,,《刺客教條 梟雄》Assassin's Creed Syndicate,False,none,0.0,,False,False,,2628,17.0,3.0,20,https://www.youtube.com/watch?v=Idx5IGzx4Zc
m2Hf0ngvfbk,【Joeman直播】 刺客教條 梟雄 第十四集 終戰前的準備 Assassin's Creed Syndicate EP14,2015-10-29 14:26:08,2015-10-29,2015,14,2188,長片,遊戲實況,playlist,,《刺客教條 梟雄》Assassin's Creed Syndicate,False,none,0.0,,False,False,,1294,5.0,0.0,20,https://www.youtube.com/watch?v=m2Hf0ngvfbk
tt8oYhAfatc,【Joeman直播】 刺客教條 梟雄 第十三集 致命的音樂會 Assassin's Creed Syndicate EP13,2015-10-29 14:11:07,2015-10-29,2015,14,2634,長片,遊戲實況,playlist,,《刺客教條 梟雄》Assassin's Creed Syndicate,False,none,0.0,,False,False,,1548,7.0,0.0,20,https://www.youtube.com/watch?v=tt8oYhAfatc
HCDV4bzeBhE,【Joeman直播】 刺客教條 梟雄 第十二集 潛入國會大廈 Assassin's Creed Syndicate EP12,2015-10-28 18:18:30,2015-10-28,2015,18,1981,長片,遊戲實況,playlist,,《刺客教條 梟雄》Assassin's Creed Syndicate,False,none,0.0,,False,False,,1668,5.0,5.0,20,https://www.youtube.com/watch?v=HCDV4bzeBhE
BmOuqKgxSW8,【Joeman直播】 刺客教條 梟雄 第十集 破壞偽鈔計畫 Assassin's Creed Syndicate EP10,2015-10-28 18:04:29,2015-10-28,2015,18,2163,長片,遊戲實況,playlist,,《刺客教條 梟雄》Assassin's Creed Syndicate,False,none,0.0,,False,False,,1393,4.0,3.0,20,https://www.youtube.com/watch?v=BmOuqKgxSW8
uzO39v4RG9Q,【Joeman直播】 刺客教條 梟雄 第十一集 與熟女約會 Assassin's Creed Syndicate EP11,2015-10-28 18:03:20,2015-10-28,2015,18,1561,長片,遊戲實況,playlist,,《刺客教條 梟雄》Assassin's Creed Syndicate,False,none,0.0,,False,False,,1421,3.0,2.0,20,https://www.youtube.com/watch?v=uzO39v4RG9Q
mrJpNoRVFl0,【Joeman直播】 刺客教條 梟雄 第八集 刺殺露西 Assassin's Creed Syndicate EP8,2015-10-26 03:20:04,2015-10-26,2015,3,2270,長片,遊戲實況,playlist,,《刺客教條 梟雄》Assassin's Creed Syndicate,False,none,0.0,,False,False,,2129,3.0,2.0,20,https://www.youtube.com/watch?v=mrJpNoRVFl0
crHJ_gmLjpc,【Joeman直播】 刺客教條 梟雄 第九集 潛入倫敦銀行 Assassin's Creed Syndicate EP9,2015-10-26 03:10:23,2015-10-26,2015,3,1441,長片,遊戲實況,playlist,,《刺客教條 梟雄》Assassin's Creed Syndicate,False,none,0.0,,False,False,,1898,2.0,0.0,20,https://www.youtube.com/watch?v=crHJ_gmLjpc
gbLJSTzEDhI,【Joeman直播】 刺客教條 梟雄 第七集 盟友的真相 Assassin's Creed Syndicate EP7,2015-10-24 13:44:41,2015-10-24,2015,13,2417,長片,遊戲實況,playlist,,《刺客教條 梟雄》Assassin's Creed Syndicate,False,none,0.0,,False,False,,2111,7.0,0.0,20,https://www.youtube.com/watch?v=gbLJSTzEDhI
HS5iwaHIzfg,【Joeman直播】 刺客教條 梟雄 第六集 邂逅白富美 Assassin's Creed Syndicate EP6,2015-10-24 13:35:08,2015-10-24,2015,13,2562,長片,遊戲實況,playlist,,《刺客教條 梟雄》Assassin's Creed Syndicate,False,none,0.0,,False,False,,2630,9.0,1.0,20,https://www.youtube.com/watch?v=HS5iwaHIzfg
yAJYZT0MfZ8,【Joeman直播】《奇妙人生》劇情影片 第十六集 一一道別 Life is Strange ep16,2015-10-24 05:05:12,2015-10-24,2015,5,4088,長片,遊戲實況,playlist,,Life is Strange《奇妙人生》,False,none,0.0,,False,False,,1241,8.0,1.0,20,https://www.youtube.com/watch?v=yAJYZT0MfZ8
A4K7C02MfUU,【Joeman直播】《奇妙人生》劇情影片 第十五集 幕後黑手 Life is Strange ep15,2015-10-24 04:15:21,2015-10-24,2015,4,3159,長片,遊戲實況,playlist,,Life is Strange《奇妙人生》,False,none,0.0,,False,False,,964,4.0,0.0,20,https://www.youtube.com/watch?v=A4K7C02MfUU
fWn2XcQrS5Y,【Joeman直播】《奇妙人生》劇情影片 第十七集 最後抉擇(完) Life is Strange ep17,2015-10-24 04:15:18,2015-10-24,2015,4,1078,長片,遊戲實況,playlist,,Life is Strange《奇妙人生》,False,none,0.0,,False,False,,1577,17.0,5.0,20,https://www.youtube.com/watch?v=fWn2XcQrS5Y
vq8AXNyNwcw,[Joeman Vlog] 殘忍砸派機,2015-10-23 18:12:45,2015-10-23,2015,18,228,長片,日常Vlog,playlist,Joeman Vlog,Joeman Vlog,False,none,0.0,,False,False,,12598,45.0,6.0,20,https://www.youtube.com/watch?v=vq8AXNyNwcw
1TrSdixZPQI,【Joeman直播】 刺客教條 梟雄 第五集 殘忍的實驗 Assassin's Creed Syndicate EP5,2015-10-23 16:02:40,2015-10-23,2015,16,2217,長片,遊戲實況,playlist,,《刺客教條 梟雄》Assassin's Creed Syndicate,False,none,0.0,,False,False,,2483,9.0,0.0,20,https://www.youtube.com/watch?v=1TrSdixZPQI
6CozFX3GK_o,【Joeman直播】 刺客教條 梟雄 第三集 拜訪大笨鐘 Assassin's Creed Syndicate EP3,2015-10-23 16:02:40,2015-10-23,2015,16,1900,長片,遊戲實況,playlist,,《刺客教條 梟雄》Assassin's Creed Syndicate,False,none,0.0,,False,False,,3344,18.0,1.0,20,https://www.youtube.com/watch?v=6CozFX3GK_o
chcnY4n2vY8,【Joeman直播】 刺客教條 梟雄 第四集 黑旗的遺跡 Assassin's Creed Syndicate EP4,2015-10-23 16:02:40,2015-10-23,2015,16,1764,長片,遊戲實況,playlist,,《刺客教條 梟雄》Assassin's Creed Syndicate,False,none,0.0,,False,False,,3082,5.0,13.0,20,https://www.youtube.com/watch?v=chcnY4n2vY8
Cw3QMN_gcnk,【Joeman直播】 刺客教條 梟雄 第二集 抵達倫敦 Assassin's Creed Syndicate EP2,2015-10-23 14:24:11,2015-10-23,2015,14,1722,長片,遊戲實況,playlist,,《刺客教條 梟雄》Assassin's Creed Syndicate,False,none,0.0,,False,False,,3368,13.0,3.0,20,https://www.youtube.com/watch?v=Cw3QMN_gcnk
YmLqJT_tv8Y,【Joeman直播】 刺客教條 梟雄 第一集 雙胞胎出擊 Assassin's Creed Syndicate EP1,2015-10-23 14:13:01,2015-10-23,2015,14,2019,長片,遊戲實況,playlist,,《刺客教條 梟雄》Assassin's Creed Syndicate,False,none,0.0,,False,False,,9592,41.0,7.0,20,https://www.youtube.com/watch?v=YmLqJT_tv8Y
mF5TlE5Z--M,【Joeman直播】 秘境探險2 第四集 地城探險 Uncharted 2 Among Thieves Ep4,2015-10-22 00:32:08,2015-10-22,2015,0,1472,長片,遊戲實況,playlist,,《秘境探險2 : 盜亦有道》Uncharted 2 Among Thieves,False,none,0.0,,False,False,,1337,2.0,0.0,20,https://www.youtube.com/watch?v=mF5TlE5Z--M
GaVQPzefj1A,【Joeman直播】 秘境探險2 第三集 重逢前女友 Uncharted 2 Among Thieves Ep3,2015-10-22 00:32:07,2015-10-22,2015,0,1610,長片,遊戲實況,playlist,,《秘境探險2 : 盜亦有道》Uncharted 2 Among Thieves,False,none,0.0,,False,False,,1506,3.0,0.0,20,https://www.youtube.com/watch?v=GaVQPzefj1A
ZJT5ydcRKHQ,【Joeman直播】 秘境探險2 第二集 奪取藏寶圖 Uncharted 2 Among Thieves Ep2,2015-10-22 00:32:06,2015-10-22,2015,0,1648,長片,遊戲實況,playlist,,《秘境探險2 : 盜亦有道》Uncharted 2 Among Thieves,False,none,0.0,,False,False,,1671,3.0,0.0,20,https://www.youtube.com/watch?v=ZJT5ydcRKHQ
LOClSv1znFU,【Joeman直播】 秘境探險2 第一集 潛入博物館 Uncharted 2 Among Thieves Ep1,2015-10-22 00:32:04,2015-10-22,2015,0,1929,長片,遊戲實況,playlist,,《秘境探險2 : 盜亦有道》Uncharted 2 Among Thieves,False,none,0.0,,False,False,,4193,20.0,1.0,20,https://www.youtube.com/watch?v=LOClSv1znFU
A3CtLT_be_w,【Joeman直播】《最後生還者》拋諸腦後  第二集(完) The Last of Us  Left Behind ep2,2015-10-20 06:40:08,2015-10-20,2015,6,2178,長片,遊戲實況,playlist,,《最後生還者》The Last of Us,False,none,0.0,,False,False,,1398,5.0,1.0,20,https://www.youtube.com/watch?v=A3CtLT_be_w
FBFdf_zEOP8,【Joeman直播】《最後生還者》拋諸腦後  第一集 The Last of Us  Left Behind ep1,2015-10-20 06:21:10,2015-10-20,2015,6,1906,長片,遊戲實況,playlist,,《最後生還者》The Last of Us,False,none,0.0,,False,False,,1542,3.0,2.0,20,https://www.youtube.com/watch?v=FBFdf_zEOP8
KI-fKIJDHAs,【Joeman直播】《最後生還者》 第十集 The Last of Us ep10　（完）,2015-10-16 13:29:25,2015-10-16,2015,13,1940,長片,遊戲實況,playlist,,《最後生還者》The Last of Us,False,none,0.0,,False,False,,2629,11.0,3.0,20,https://www.youtube.com/watch?v=KI-fKIJDHAs
1UBAFp2lIzo,【Joeman直播】《最後生還者》 第九集 The Last of Us ep9,2015-10-16 13:17:50,2015-10-16,2015,13,1743,長片,遊戲實況,playlist,,《最後生還者》The Last of Us,False,none,0.0,,False,False,,1586,4.0,0.0,20,https://www.youtube.com/watch?v=1UBAFp2lIzo
tmuL8-DBtVI,【Joeman直播】《最後生還者》 第六集 The Last of Us ep6,2015-10-14 16:01:35,2015-10-14,2015,16,2092,長片,遊戲實況,playlist,,《最後生還者》The Last of Us,False,none,0.0,,False,False,,1857,4.0,0.0,20,https://www.youtube.com/watch?v=tmuL8-DBtVI
o-HUrA0-FAI,【Joeman直播】《最後生還者》 第七集 The Last of Us ep7,2015-10-14 15:59:37,2015-10-14,2015,15,2272,長片,遊戲實況,playlist,,《最後生還者》The Last of Us,False,none,0.0,,False,False,,1754,3.0,1.0,20,https://www.youtube.com/watch?v=o-HUrA0-FAI
m1K-8QhELVk,【Joeman直播】《最後生還者》 第八集 The Last of Us ep8,2015-10-14 15:55:11,2015-10-14,2015,15,1473,長片,遊戲實況,playlist,,《最後生還者》The Last of Us,False,none,0.0,,False,False,,1616,4.0,0.0,20,https://www.youtube.com/watch?v=m1K-8QhELVk
2pnV3w09h-g,【Joeman直播】《最後生還者》 第四集 The Last of Us ep4,2015-10-13 13:39:36,2015-10-13,2015,13,1672,長片,遊戲實況,playlist,,《最後生還者》The Last of Us,False,none,0.0,,False,False,,2715,4.0,1.0,20,https://www.youtube.com/watch?v=2pnV3w09h-g
mfr9dQhY6wQ,【Joeman直播】《最後生還者》 第五集 The Last of Us ep5,2015-10-13 12:24:05,2015-10-13,2015,12,1904,長片,遊戲實況,playlist,,《最後生還者》The Last of Us,False,none,0.0,,False,False,,2242,7.0,0.0,20,https://www.youtube.com/watch?v=mfr9dQhY6wQ
EIMIwb6nJAA,【Joeman直播】《最後生還者》 第三集 The Last of Us ep3,2015-10-12 00:31:34,2015-10-12,2015,0,2012,長片,遊戲實況,playlist,,《最後生還者》The Last of Us,False,none,0.0,,False,False,,2720,8.0,0.0,20,https://www.youtube.com/watch?v=EIMIwb6nJAA
wED0tJIeINE,【Joeman直播】 秘境探險：黃金城秘寶 第五集(完) Uncharted: Drake's Fortune ep5,2015-10-12 00:30:35,2015-10-12,2015,0,1912,長片,遊戲實況,playlist,,《秘境探險：黃金城秘寶》Uncharted: Drake's Fortune,False,none,0.0,,False,False,,1246,7.0,0.0,20,https://www.youtube.com/watch?v=wED0tJIeINE
T95agrCD_ck,【Joeman直播】 秘境探險：黃金城秘寶 第四集 Uncharted: Drake's Fortune ep4,2015-10-10 12:34:21,2015-10-10,2015,12,1738,長片,遊戲實況,playlist,,《秘境探險：黃金城秘寶》Uncharted: Drake's Fortune,False,none,0.0,,False,False,,1413,8.0,0.0,20,https://www.youtube.com/watch?v=T95agrCD_ck
YSJhEtV-P04,【Joeman直播】 秘境探險：黃金城秘寶 第三集 Uncharted: Drake's Fortune ep3,2015-10-10 12:21:32,2015-10-10,2015,12,1911,長片,遊戲實況,playlist,,《秘境探險：黃金城秘寶》Uncharted: Drake's Fortune,False,none,0.0,,False,False,,1390,3.0,0.0,20,https://www.youtube.com/watch?v=YSJhEtV-P04
7wsKS10X0Ls,【Joeman老實說】《潛龍諜影5:幻痛》 Metal Gear Solid V  : The Phantom Pain,2015-10-08 15:26:39,2015-10-08,2015,15,259,長片,遊戲實況,keyword,,,False,none,0.0,,False,False,,26440,207.0,47.0,20,https://www.youtube.com/watch?v=7wsKS10X0Ls
J0vSn3OGIz8,【Joeman直播】 秘境探險：黃金城秘寶 第二集 Uncharted: Drake's Fortune ep2,2015-10-08 08:41:22,2015-10-08,2015,8,1651,長片,遊戲實況,playlist,,《秘境探險：黃金城秘寶》Uncharted: Drake's Fortune,False,none,0.0,,False,False,,1856,6.0,1.0,20,https://www.youtube.com/watch?v=J0vSn3OGIz8
sQjpPBSu1vw,【Joeman直播】 秘境探險：黃金城秘寶 第一集 Uncharted: Drake's Fortune ep1,2015-10-08 08:28:00,2015-10-08,2015,8,1610,長片,遊戲實況,playlist,,《秘境探險：黃金城秘寶》Uncharted: Drake's Fortune,False,none,0.0,,False,False,,4001,12.0,1.0,20,https://www.youtube.com/watch?v=sQjpPBSu1vw
P0n6Qkt8wUU,【Joeman直播】《最後生還者》 第二集 The Last of Us ep2,2015-10-07 11:05:45,2015-10-07,2015,11,2584,長片,遊戲實況,playlist,,《最後生還者》The Last of Us,False,none,0.0,,False,False,,3802,15.0,1.0,20,https://www.youtube.com/watch?v=P0n6Qkt8wUU
5IvSm6mBHGw,【Joeman直播】《最後生還者》 第一集 The Last of Us ep1,2015-10-07 10:50:41,2015-10-07,2015,10,2717,長片,遊戲實況,playlist,,《最後生還者》The Last of Us,False,none,0.0,,False,False,,8871,43.0,13.0,20,https://www.youtube.com/watch?v=5IvSm6mBHGw
GzYgkICvCAA,[Joeman Vlog] 特別企劃！GTX980Ti到你家!,2015-10-07 00:28:08,2015-10-07,2015,0,795,長片,日常Vlog,playlist,Joeman Vlog,Joeman Vlog,False,none,0.0,,False,False,,137878,1446.0,247.0,20,https://www.youtube.com/watch?v=GzYgkICvCAA
-glCjnhuLPY,【Joeman玩什麼】 極限競速6 遊戲介紹 Forza6 review,2015-10-06 12:31:11,2015-10-06,2015,12,1024,長片,遊戲實況,playlist,,《Joeman玩什麼》,False,none,0.0,,False,False,,101314,587.0,112.0,20,https://www.youtube.com/watch?v=-glCjnhuLPY
v4qL2B3dk7c,【Joeman直播】《潛龍諜影5:幻痛》 第二十集(完) Metal Gear Solid V : The Phantom Pain ep20,2015-10-05 13:06:44,2015-10-05,2015,13,5205,長片,遊戲實況,playlist,,《潛龍諜影5:幻痛》Metal Gear Solid V : The Phantom Pain,False,none,0.0,,False,False,,3413,10.0,3.0,20,https://www.youtube.com/watch?v=v4qL2B3dk7c
iUr3IbEwwHs,【Joeman直播】《潛龍諜影5:幻痛》 第十九集 Metal Gear Solid V : The Phantom Pain ep19,2015-10-03 14:59:42,2015-10-03,2015,14,4538,長片,遊戲實況,playlist,,《潛龍諜影5:幻痛》Metal Gear Solid V : The Phantom Pain,False,none,0.0,,False,False,,2198,9.0,1.0,20,https://www.youtube.com/watch?v=iUr3IbEwwHs
OrL32cyR21o,【Joeman直播】《潛龍諜影5:幻痛》 女主角靜 戲水&洗澡畫面  Taking Shower / Playing Water with Quiet Metal Gear Solid V,2015-10-03 03:23:05,2015-10-03,2015,3,293,長片,遊戲實況,playlist,,《潛龍諜影5:幻痛》Metal Gear Solid V : The Phantom Pain,False,none,0.0,,False,False,,72050,267.0,22.0,20,https://www.youtube.com/watch?v=OrL32cyR21o
yRtU0gfTe5c,【Joeman直播】《潛龍諜影5:幻痛》 第十八集 Metal Gear Solid V : The Phantom Pain ep18,2015-10-02 12:05:07,2015-10-02,2015,12,4498,長片,遊戲實況,playlist,,《潛龍諜影5:幻痛》Metal Gear Solid V : The Phantom Pain,False,none,0.0,,False,False,,1395,5.0,0.0,20,https://www.youtube.com/watch?v=yRtU0gfTe5c
1M7mpZIp6I0,【Joeman直播】《潛龍諜影5:幻痛》 第十七集 Metal Gear Solid V : The Phantom Pain ep17,2015-10-01 20:02:56,2015-10-01,2015,20,6325,長片,遊戲實況,playlist,,《潛龍諜影5:幻痛》Metal Gear Solid V : The Phantom Pain,False,none,0.0,,False,False,,1556,3.0,1.0,20,https://www.youtube.com/watch?v=1M7mpZIp6I0
bmpLARbqx8o,[Joeman開箱] XBOX ONE 極限競速6 限量同捆機 開箱介紹  Forza6 Unboxing,2015-09-30 09:51:45,2015-09-30,2015,9,483,長片,3C開箱評測,keyword,,,False,none,0.0,,False,False,,19360,77.0,14.0,20,https://www.youtube.com/watch?v=bmpLARbqx8o
hZSmprVwPMo,【Joeman直播】《潛龍諜影5:幻痛》 第十六集 Metal Gear Solid V : The Phantom Pain ep16,2015-09-29 14:38:46,2015-09-29,2015,14,6335,長片,遊戲實況,playlist,,《潛龍諜影5:幻痛》Metal Gear Solid V : The Phantom Pain,False,none,0.0,,False,False,,1756,6.0,3.0,20,https://www.youtube.com/watch?v=hZSmprVwPMo
vSUzlwX19Vk,【Joeman直播】《潛龍諜影5:幻痛》 第十五集 Metal Gear Solid V : The Phantom Pain ep15,2015-09-28 11:17:41,2015-09-28,2015,11,4277,長片,遊戲實況,playlist,,《潛龍諜影5:幻痛》Metal Gear Solid V : The Phantom Pain,False,none,0.0,,False,False,,1844,7.0,2.0,20,https://www.youtube.com/watch?v=vSUzlwX19Vk
0kUw6H1-W7I,【Joeman直播】《潛龍諜影5:幻痛》 第十四集 Metal Gear Solid V : The Phantom Pain ep14,2015-09-28 10:30:48,2015-09-28,2015,10,3030,長片,遊戲實況,playlist,,《潛龍諜影5:幻痛》Metal Gear Solid V : The Phantom Pain,False,none,0.0,,False,False,,1198,1.0,0.0,20,https://www.youtube.com/watch?v=0kUw6H1-W7I
SVdagZekwjA,【Joeman直播】《潛龍諜影5:幻痛》 第十三集 Metal Gear Solid V : The Phantom Pain ep13,2015-09-28 10:29:12,2015-09-28,2015,10,3423,長片,遊戲實況,playlist,,《潛龍諜影5:幻痛》Metal Gear Solid V : The Phantom Pain,False,none,0.0,,False,False,,1335,3.0,0.0,20,https://www.youtube.com/watch?v=SVdagZekwjA
36jxgIP2qGE,【Joeman直播】《潛龍諜影5:幻痛》 第十二集 Metal Gear Solid V : The Phantom Pain ep12,2015-09-26 16:06:47,2015-09-26,2015,16,3286,長片,遊戲實況,playlist,,《潛龍諜影5:幻痛》Metal Gear Solid V : The Phantom Pain,False,none,0.0,,False,False,,1724,2.0,0.0,20,https://www.youtube.com/watch?v=36jxgIP2qGE
3afTM_-pxZA,【Joeman直播】《潛龍諜影5:幻痛》 門的另一端 世界的真實,2015-09-26 15:30:54,2015-09-26,2015,15,111,長片,遊戲實況,playlist,,《潛龍諜影5:幻痛》Metal Gear Solid V : The Phantom Pain,False,none,0.0,,False,False,,869,4.0,1.0,20,https://www.youtube.com/watch?v=3afTM_-pxZA
LU8Qms65w1w,[Joeman Vlog] 戰艦世界X德陽艦,2015-09-26 02:58:27,2015-09-26,2015,2,327,長片,日常Vlog,playlist,Joeman Vlog,Joeman Vlog,False,none,0.0,,False,False,,5296,55.0,5.0,20,https://www.youtube.com/watch?v=LU8Qms65w1w
oyz2vG8VBBY,【Joeman直播】《潛龍諜影5:幻痛》 第十一集 Metal Gear Solid V : The Phantom Pain ep11,2015-09-24 21:59:09,2015-09-24,2015,21,4379,長片,遊戲實況,playlist,,《潛龍諜影5:幻痛》Metal Gear Solid V : The Phantom Pain,False,none,0.0,,False,False,,1466,3.0,0.0,20,https://www.youtube.com/watch?v=oyz2vG8VBBY
-l4RUrqm7zg,【Joeman直播】《潛龍諜影5:幻痛》 第十集 Metal Gear Solid V : The Phantom Pain ep10,2015-09-24 21:04:36,2015-09-24,2015,21,3844,長片,遊戲實況,playlist,,《潛龍諜影5:幻痛》Metal Gear Solid V : The Phantom Pain,False,none,0.0,,False,False,,1617,3.0,2.0,20,https://www.youtube.com/watch?v=-l4RUrqm7zg
TY8E4G-coVc,【Joeman直播】《潛龍諜影5:幻痛》 第九集 Metal Gear Solid V : The Phantom Pain ep9,2015-09-24 20:31:13,2015-09-24,2015,20,4042,長片,遊戲實況,playlist,,《潛龍諜影5:幻痛》Metal Gear Solid V : The Phantom Pain,False,none,0.0,,False,False,,1362,2.0,0.0,20,https://www.youtube.com/watch?v=TY8E4G-coVc
5wkiLLZEHYw,【Joeman直播】《潛龍諜影5:幻痛》 第七集 Metal Gear Solid V : The Phantom Pain ep7,2015-09-24 03:34:26,2015-09-24,2015,3,6519,長片,遊戲實況,playlist,,《潛龍諜影5:幻痛》Metal Gear Solid V : The Phantom Pain,False,none,0.0,,False,False,,1798,3.0,0.0,20,https://www.youtube.com/watch?v=5wkiLLZEHYw
Nj2XxSsdBTc,【Joeman直播】《潛龍諜影5:幻痛》 第八集 Metal Gear Solid V : The Phantom Pain ep8,2015-09-24 03:13:49,2015-09-24,2015,3,3373,長片,遊戲實況,playlist,,《潛龍諜影5:幻痛》Metal Gear Solid V : The Phantom Pain,False,none,0.0,,False,False,,1360,3.0,1.0,20,https://www.youtube.com/watch?v=Nj2XxSsdBTc
6olRTB-2hPw,【Joeman直播】《潛龍諜影5:幻痛》 第六集 Metal Gear Solid V : The Phantom Pain ep6,2015-09-24 01:46:25,2015-09-24,2015,1,3185,長片,遊戲實況,playlist,,《潛龍諜影5:幻痛》Metal Gear Solid V : The Phantom Pain,False,none,0.0,,False,False,,1618,2.0,0.0,20,https://www.youtube.com/watch?v=6olRTB-2hPw
emfT2nDcTB0,【Joeman直播】《潛龍諜影5:幻痛》 第五集 Metal Gear Solid V : The Phantom Pain ep5,2015-09-24 01:04:53,2015-09-24,2015,1,1346,長片,遊戲實況,playlist,,《潛龍諜影5:幻痛》Metal Gear Solid V : The Phantom Pain,False,none,0.0,,False,False,,1383,3.0,0.0,20,https://www.youtube.com/watch?v=emfT2nDcTB0
GYT9j7CSrWs,【Joeman直播】《潛龍諜影5:幻痛》 第四集 Metal Gear Solid V : The Phantom Pain ep4,2015-09-23 21:42:46,2015-09-23,2015,21,2631,長片,遊戲實況,playlist,,《潛龍諜影5:幻痛》Metal Gear Solid V : The Phantom Pain,False,none,0.0,,False,False,,1840,4.0,1.0,20,https://www.youtube.com/watch?v=GYT9j7CSrWs
DKKqzE1TotM,【Joeman直播】《潛龍諜影5:幻痛》 第三集 Metal Gear Solid V : The Phantom Pain ep3,2015-09-23 21:30:37,2015-09-23,2015,21,2605,長片,遊戲實況,playlist,,《潛龍諜影5:幻痛》Metal Gear Solid V : The Phantom Pain,False,none,0.0,,False,False,,2018,4.0,0.0,20,https://www.youtube.com/watch?v=DKKqzE1TotM
r0KPTl8Wsmk,【Joeman直播】《潛龍諜影5:幻痛》 第一集 Metal Gear Solid V : The Phantom Pain ep1,2015-09-23 21:19:33,2015-09-23,2015,21,4248,長片,遊戲實況,playlist,,《潛龍諜影5:幻痛》Metal Gear Solid V : The Phantom Pain,False,none,0.0,,False,False,,5987,22.0,3.0,20,https://www.youtube.com/watch?v=r0KPTl8Wsmk
DLJ2f267giY,【Joeman直播】《潛龍諜影5:幻痛》 第二集 Metal Gear Solid V : The Phantom Pain ep2,2015-09-23 21:10:53,2015-09-23,2015,21,2709,長片,遊戲實況,playlist,,《潛龍諜影5:幻痛》Metal Gear Solid V : The Phantom Pain,False,none,0.0,,False,False,,2933,9.0,0.0,20,https://www.youtube.com/watch?v=DLJ2f267giY
6YYDuupRQiw,《Joeman 脫口秀 》如何對抗網路霸凌?,2015-09-20 06:37:13,2015-09-20,2015,6,278,長片,人物/訪談,playlist,Joeman脫口秀,Joeman脫口秀,False,none,0.0,,False,False,,3988,41.0,5.0,20,https://www.youtube.com/watch?v=6YYDuupRQiw
qS4HAxNcn-o,【Joeman直播】《瘋狂麥斯》劇情影片 第十七集 Mad Max ep17(完),2015-09-17 15:28:20,2015-09-17,2015,15,2365,長片,遊戲實況,keyword,,,False,none,0.0,,False,False,,2960,8.0,2.0,20,https://www.youtube.com/watch?v=qS4HAxNcn-o
TBX--OPEijI,【Joeman直播】《瘋狂麥斯》劇情影片 第十五集 Mad Max ep15,2015-09-17 14:59:48,2015-09-17,2015,14,1602,長片,遊戲實況,keyword,,,False,none,0.0,,False,False,,890,2.0,0.0,20,https://www.youtube.com/watch?v=TBX--OPEijI
_J1VBbOi7UA,【Joeman直播】《瘋狂麥斯》劇情影片 第十六集 Mad Max ep16,2015-09-17 14:56:15,2015-09-17,2015,14,1311,長片,遊戲實況,keyword,,,False,none,0.0,,False,False,,731,3.0,0.0,20,https://www.youtube.com/watch?v=_J1VBbOi7UA
SlTzZee9Qf0,【Joeman直播】《瘋狂麥斯》劇情影片 第十四集 Mad Max ep14,2015-09-17 14:45:48,2015-09-17,2015,14,1909,長片,遊戲實況,keyword,,,False,none,0.0,,False,False,,1049,2.0,0.0,20,https://www.youtube.com/watch?v=SlTzZee9Qf0
La40BBMoatA,【Joeman直播】《瘋狂麥斯》劇情影片 第十二集 Mad Max ep12,2015-09-14 22:24:41,2015-09-14,2015,22,1429,長片,遊戲實況,keyword,,,False,none,0.0,,False,False,,984,2.0,0.0,20,https://www.youtube.com/watch?v=La40BBMoatA
JmDKhnHicnw,【Joeman直播】《瘋狂麥斯》劇情影片 第十一集 Mad Max ep11,2015-09-14 22:19:41,2015-09-14,2015,22,1739,長片,遊戲實況,keyword,,,False,none,0.0,,False,False,,905,4.0,0.0,20,https://www.youtube.com/watch?v=JmDKhnHicnw
s2X_r725wMY,【Joeman直播】《瘋狂麥斯》劇情影片 第十三集 Mad Max ep13,2015-09-14 19:23:11,2015-09-14,2015,19,893,長片,遊戲實況,keyword,,,False,none,0.0,,False,False,,754,3.0,0.0,20,https://www.youtube.com/watch?v=s2X_r725wMY
H_VaMZgaDNw,【Joeman直播】《瘋狂麥斯》劇情影片 第十集 Mad Max ep10,2015-09-11 19:56:15,2015-09-11,2015,19,1362,長片,遊戲實況,keyword,,,False,none,0.0,,False,False,,907,8.0,0.0,20,https://www.youtube.com/watch?v=H_VaMZgaDNw
8sX4mXaXamY,【Joeman直播】《瘋狂麥斯》劇情影片 第九集 Mad Max ep9,2015-09-11 19:48:20,2015-09-11,2015,19,1341,長片,遊戲實況,keyword,,,False,none,0.0,,False,False,,755,1.0,1.0,20,https://www.youtube.com/watch?v=8sX4mXaXamY
hPTwEXo15nw,【Joeman直播】《瘋狂麥斯》劇情影片 第八集 Mad Max ep8,2015-09-11 19:42:27,2015-09-11,2015,19,1458,長片,遊戲實況,keyword,,,False,none,0.0,,False,False,,854,6.0,0.0,20,https://www.youtube.com/watch?v=hPTwEXo15nw
kgjfm1tv4Gc,【Joeman直播】《瘋狂麥斯》劇情影片 第六集 Mad Max ep6,2015-09-09 18:06:41,2015-09-09,2015,18,1530,長片,遊戲實況,keyword,,,False,none,0.0,,False,False,,1347,3.0,0.0,20,https://www.youtube.com/watch?v=kgjfm1tv4Gc
xUhEdrq3dAI,【Joeman直播】《瘋狂麥斯》劇情影片 第五集 Mad Max ep5,2015-09-09 18:04:02,2015-09-09,2015,18,1728,長片,遊戲實況,keyword,,,False,none,0.0,,False,False,,1035,3.0,1.0,20,https://www.youtube.com/watch?v=xUhEdrq3dAI
Q5o1WJ8WKEo,【Joeman直播】《瘋狂麥斯》劇情影片 第七集 Mad Max ep7,2015-09-09 18:00:22,2015-09-09,2015,18,912,長片,遊戲實況,keyword,,,False,none,0.0,,False,False,,826,3.0,0.0,20,https://www.youtube.com/watch?v=Q5o1WJ8WKEo
U6ytUAlWwFQ,【Joeman直播】《瘋狂麥斯》劇情影片 第四集 Mad Max ep4,2015-09-09 17:45:30,2015-09-09,2015,17,1198,長片,遊戲實況,keyword,,,False,none,0.0,,False,False,,933,5.0,1.0,20,https://www.youtube.com/watch?v=U6ytUAlWwFQ
nNVYagRTQ0Q,【Joeman直播】《瘋狂麥斯》劇情影片 第三集 Mad Max ep3,2015-09-08 14:04:59,2015-09-08,2015,14,1391,長片,遊戲實況,keyword,,,False,none,0.0,,False,False,,1615,5.0,0.0,20,https://www.youtube.com/watch?v=nNVYagRTQ0Q
SyQWzvjwGy4,【Joeman直播】《瘋狂麥斯》劇情影片 第二集 Mad Max ep2,2015-09-08 12:54:48,2015-09-08,2015,12,1223,長片,遊戲實況,keyword,,,False,none,0.0,,False,False,,1622,4.0,0.0,20,https://www.youtube.com/watch?v=SyQWzvjwGy4
sZL7RxsGdbw,【Joeman直播】《瘋狂麥斯》劇情影片 第一集 Mad Max ep1,2015-09-08 11:52:14,2015-09-08,2015,11,1163,長片,遊戲實況,keyword,,,False,none,0.0,,False,False,,4326,21.0,5.0,20,https://www.youtube.com/watch?v=sZL7RxsGdbw
0OVxMr-zkys,[Joeman實況] 西雅圖PAX戰利品,2015-09-04 23:50:02,2015-09-04,2015,23,289,長片,遊戲實況,keyword,,,False,none,0.0,,False,False,,1243,7.0,4.0,19,https://www.youtube.com/watch?v=0OVxMr-zkys
l16I3hBO7ZU,[Joeman Vlog] 西雅圖星海轉播 幕後花絮,2015-09-04 18:40:42,2015-09-04,2015,18,478,長片,日常Vlog,playlist,Joeman Vlog,Joeman Vlog,False,none,0.0,,False,False,,3766,18.0,3.0,20,https://www.youtube.com/watch?v=l16I3hBO7ZU
7cs3qAFaov0,[Joeman Vlog] XBox ONE歲趴 遊戲介紹/現場直擊,2015-09-04 18:37:07,2015-09-04,2015,18,280,長片,日常Vlog,playlist,Joeman Vlog,Joeman Vlog,False,none,0.0,,False,False,,526,5.0,0.0,20,https://www.youtube.com/watch?v=7cs3qAFaov0
5STQoZOsj1U,[Joeman Vlog]  《古墓奇兵：崛起》 試玩 @ PAX2015,2015-08-30 06:33:39,2015-08-30,2015,6,473,長片,日常Vlog,playlist,Joeman Vlog,Joeman Vlog,False,none,0.0,,False,False,,1371,8.0,1.0,23,https://www.youtube.com/watch?v=5STQoZOsj1U
i4QJH3TT0_E,[Joeman Vlog] Super Mario Maker 超級馬力歐製作器 試玩 @ PAX2015,2015-08-30 06:03:12,2015-08-30,2015,6,88,長片,日常Vlog,playlist,Joeman Vlog,Joeman Vlog,False,none,0.0,,False,False,,1548,5.0,1.0,23,https://www.youtube.com/watch?v=i4QJH3TT0_E
OYShv3_PMEQ,[Joeman Vlog] 快打炫風5 試玩 Streetfighter V Demo@ PAX2015,2015-08-30 05:41:49,2015-08-30,2015,5,235,長片,日常Vlog,playlist,Joeman Vlog,Joeman Vlog,False,none,0.0,,False,False,,1052,9.0,0.0,23,https://www.youtube.com/watch?v=OYShv3_PMEQ
zksdJWLiSPs,《Joeman 脫口秀 》Tap Titans　頂尖對決！,2015-08-27 02:54:02,2015-08-27,2015,2,343,長片,人物/訪談,playlist,Joeman脫口秀,Joeman脫口秀,False,none,0.0,,False,False,,2465,19.0,3.0,20,https://www.youtube.com/watch?v=zksdJWLiSPs
7X7XudRjwK8,【Joeman直播】《直到黎明》劇情影片 第九章 惡業 Until Dawn ep9,2015-08-26 07:46:44,2015-08-26,2015,7,2092,長片,遊戲實況,playlist,,《直到黎明》Until Dawn,False,none,0.0,,False,False,,3747,10.0,5.0,19,https://www.youtube.com/watch?v=7X7XudRjwK8
ZIDoakhqLrI,【Joeman直播】《直到黎明》劇情影片 第十章 決心 Until Dawn ep10,2015-08-26 07:40:18,2015-08-26,2015,7,1879,長片,遊戲實況,playlist,,《直到黎明》Until Dawn,False,none,0.0,,False,False,,4239,16.0,3.0,19,https://www.youtube.com/watch?v=ZIDoakhqLrI
ds3w8dDus5E,【Joeman直播】《直到黎明》劇情影片 特別收錄 Until Dawn,2015-08-26 07:32:45,2015-08-26,2015,7,939,長片,遊戲實況,playlist,,《直到黎明》Until Dawn,False,none,0.0,,False,False,,4192,21.0,1.0,19,https://www.youtube.com/watch?v=ds3w8dDus5E
5iVZZ5QlX8w,【Joeman直播】《直到黎明》劇情影片 第二章 忌妒  Until Dawn ep2,2015-08-26 07:31:25,2015-08-26,2015,7,3821,長片,遊戲實況,playlist,,《直到黎明》Until Dawn,False,none,0.0,,False,False,,3910,17.0,1.0,19,https://www.youtube.com/watch?v=5iVZZ5QlX8w
s1eH1fZrd1M,【Joeman直播】《直到黎明》劇情影片 第八章 真相 Until Dawn ep8,2015-08-26 07:19:25,2015-08-26,2015,7,1914,長片,遊戲實況,playlist,,《直到黎明》Until Dawn,False,none,0.0,,False,False,,2948,13.0,0.0,19,https://www.youtube.com/watch?v=s1eH1fZrd1M
J5ThVCRTlE8,【Joeman直播】《直到黎明》劇情影片 第五章 懼怕 Until Dawn ep5,2015-08-26 07:16:37,2015-08-26,2015,7,2875,長片,遊戲實況,playlist,,《直到黎明》Until Dawn,False,none,0.0,,False,False,,3215,13.0,7.0,19,https://www.youtube.com/watch?v=J5ThVCRTlE8
t0Y4CCrDir8,【Joeman直播】《直到黎明》劇情影片 第三章 孤立 Until Dawn ep3,2015-08-26 07:13:55,2015-08-26,2015,7,2525,長片,遊戲實況,playlist,,《直到黎明》Until Dawn,False,none,0.0,,False,False,,3828,14.0,4.0,19,https://www.youtube.com/watch?v=t0Y4CCrDir8
j6TyLQDx70s,【Joeman直播】《直到黎明》劇情影片 第六章 復仇 Until Dawn ep6,2015-08-26 07:13:23,2015-08-26,2015,7,2419,長片,遊戲實況,playlist,,《直到黎明》Until Dawn,False,none,0.0,,False,False,,2974,16.0,6.0,19,https://www.youtube.com/watch?v=j6TyLQDx70s
FjEpjk6Zrbg,【Joeman直播】《直到黎明》劇情影片 第七章 暴力 Until Dawn ep7,2015-08-26 07:05:59,2015-08-26,2015,7,2159,長片,遊戲實況,playlist,,《直到黎明》Until Dawn,False,none,0.0,,False,False,,3155,15.0,0.0,19,https://www.youtube.com/watch?v=FjEpjk6Zrbg
9YZNZnWFrz8,【Joeman直播】《直到黎明》劇情影片 第四章 惡毒 Until Dawn ep4,2015-08-26 07:04:59,2015-08-26,2015,7,1654,長片,遊戲實況,playlist,,《直到黎明》Until Dawn,False,none,0.0,,False,False,,3498,19.0,15.0,19,https://www.youtube.com/watch?v=9YZNZnWFrz8
OlrByp6Rfd8,【Joeman直播】《直到黎明》劇情影片 第一章 死亡象徵 Until Dawn ep1,2015-08-26 06:39:32,2015-08-26,2015,6,3248,長片,遊戲實況,playlist,,《直到黎明》Until Dawn,False,none,0.0,,False,False,,7265,38.0,5.0,19,https://www.youtube.com/watch?v=OlrByp6Rfd8
TL6mKdJbRyU,【Joeman直播】爐石戰記 銀白聯賽 58包 開卡實錄,2015-08-26 06:28:32,2015-08-26,2015,6,1815,長片,遊戲實況,playlist,,爐石戰記 直播精華,False,none,0.0,,False,False,,2847,15.0,2.0,19,https://www.youtube.com/watch?v=TL6mKdJbRyU
SVc07hzAH9k,【Joeman直播】《奇妙人生》劇情影片 第十四集 殺人兇手 Life is Strange ep14,2015-08-23 23:11:07,2015-08-23,2015,23,3878,長片,遊戲實況,playlist,,Life is Strange《奇妙人生》,False,none,0.0,,False,False,,1269,6.0,2.0,20,https://www.youtube.com/watch?v=SVc07hzAH9k
ZOoUPUX3vIk,【Joeman直播】《奇妙人生》劇情影片 第十三集 關鍵線索 Life is Strange ep13,2015-08-23 22:43:31,2015-08-23,2015,22,4001,長片,遊戲實況,playlist,,Life is Strange《奇妙人生》,False,none,0.0,,False,False,,788,3.0,0.0,20,https://www.youtube.com/watch?v=ZOoUPUX3vIk
Zk4kqcCJKbg,【Joeman直播】《奇妙人生》劇情影片 第十集 瑞秋的秘密 Life is Strange ep10,2015-08-23 22:00:46,2015-08-23,2015,22,4150,長片,遊戲實況,playlist,,Life is Strange《奇妙人生》,False,none,0.0,,False,False,,1286,5.0,0.0,20,https://www.youtube.com/watch?v=Zk4kqcCJKbg
5LR1c3QyCb0,【Joeman直播】《奇妙人生》劇情影片 第十二集 重新抉擇 Life is Strange ep12,2015-08-23 21:54:39,2015-08-23,2015,21,2685,長片,遊戲實況,playlist,,Life is Strange《奇妙人生》,False,none,0.0,,False,False,,799,5.0,1.0,20,https://www.youtube.com/watch?v=5LR1c3QyCb0
zLLJM8-SbMc,【Joeman直播】《奇妙人生》劇情影片 第九集 潛入校長室 Life is Strange ep9,2015-08-23 21:14:34,2015-08-23,2015,21,3336,長片,遊戲實況,playlist,,Life is Strange《奇妙人生》,False,none,0.0,,False,False,,742,4.0,1.0,20,https://www.youtube.com/watch?v=zLLJM8-SbMc
C_4B9r_Vgx0,【Joeman直播】《奇妙人生》劇情影片 第十一集 混沌理論 Life is Strange ep11,2015-08-23 21:12:41,2015-08-23,2015,21,1113,長片,遊戲實況,playlist,,Life is Strange《奇妙人生》,False,none,0.0,,False,False,,763,3.0,1.0,20,https://www.youtube.com/watch?v=C_4B9r_Vgx0
YRzZh60dxy0,【Joeman直播】《奇妙人生》劇情影片 第八集 自殺事件 Life is Strange ep8,2015-08-22 15:43:22,2015-08-22,2015,15,2266,長片,遊戲實況,playlist,,Life is Strange《奇妙人生》,False,none,0.0,,False,False,,1136,3.0,0.0,20,https://www.youtube.com/watch?v=YRzZh60dxy0
Cpye1RwR9rw,【Joeman直播】《奇妙人生》劇情影片 第六集 展示能力 Life is Strange ep6,2015-08-22 02:22:14,2015-08-22,2015,2,2124,長片,遊戲實況,playlist,,Life is Strange《奇妙人生》,False,none,0.0,,False,False,,968,6.0,4.0,20,https://www.youtube.com/watch?v=Cpye1RwR9rw
ygHaLzQCYJA,【Joeman直播】《奇妙人生》劇情影片 第七集 攔截火車 Life is Strange ep7,2015-08-22 02:06:19,2015-08-22,2015,2,1895,長片,遊戲實況,playlist,,Life is Strange《奇妙人生》,False,none,0.0,,False,False,,866,4.0,2.0,20,https://www.youtube.com/watch?v=ygHaLzQCYJA
LSC12fIgfo4,【Joeman直播】《奇妙人生》劇情影片 第五集 偷拍事件 Life is Strange ep5,2015-08-22 01:54:33,2015-08-22,2015,1,1806,長片,遊戲實況,playlist,,Life is Strange《奇妙人生》,False,none,0.0,,False,False,,1530,5.0,1.0,20,https://www.youtube.com/watch?v=LSC12fIgfo4
It4l2kPUsu4,[Joeman開箱] 技嘉 GTX950  《戰艦世界》特效全開 遊戲測試 GTX950 Unboxing Test World of warship,2015-08-20 23:27:00,2015-08-20,2015,23,508,長片,3C開箱評測,keyword,,,True,keyword,9.0,專屬導購連結|導購區塊標題|電商賣場連結,False,False,,22308,125.0,13.0,20,https://www.youtube.com/watch?v=It4l2kPUsu4
6o5M6Es7zZU,【Joeman直播】《奇妙人生》劇情影片 第三集  女生宿舍  Life is Strange ep3,2015-08-19 18:29:33,2015-08-19,2015,18,1945,長片,遊戲實況,playlist,,Life is Strange《奇妙人生》,False,none,0.0,,False,False,,1876,3.0,0.0,20,https://www.youtube.com/watch?v=6o5M6Es7zZU
tXmKGpsn9-M,【Joeman直播】《奇妙人生》劇情影片 第二集  時間回朔  Life is Strange ep2,2015-08-19 18:29:33,2015-08-19,2015,18,1395,長片,遊戲實況,playlist,,Life is Strange《奇妙人生》,False,none,0.0,,False,False,,1755,9.0,0.0,20,https://www.youtube.com/watch?v=tXmKGpsn9-M
zb9iy1L_NzM,【Joeman直播】《奇妙人生》劇情影片 第四集 重逢好友  Life is Strange ep4,2015-08-19 18:29:33,2015-08-19,2015,18,3539,長片,遊戲實況,playlist,,Life is Strange《奇妙人生》,False,none,0.0,,False,False,,1433,7.0,0.0,20,https://www.youtube.com/watch?v=zb9iy1L_NzM
_PfUmTsSUN4,【Joeman直播】《奇妙人生》劇情影片 第一集  噩夢甦醒  Life is Strange ep1,2015-08-19 08:36:09,2015-08-19,2015,8,1415,長片,遊戲實況,playlist,,Life is Strange《奇妙人生》,False,none,0.0,,False,False,,5996,38.0,2.0,20,https://www.youtube.com/watch?v=_PfUmTsSUN4
4jdRhJh7NV8,【Joeman直播】《俠客風雲傳》劇情影片 第三十四集 聖堂之路(完) ep34 (新武林群俠傳),2015-08-18 23:07:03,2015-08-18,2015,23,5008,長片,遊戲實況,playlist,,《俠客風雲傳》,False,none,0.0,,False,False,,9527,17.0,12.0,20,https://www.youtube.com/watch?v=4jdRhJh7NV8
U-AVCPWKTyo,【Joeman直播】《俠客風雲傳》劇情影片 第三十一集 改邪歸正 ep31 (新武林群俠傳),2015-08-18 18:19:06,2015-08-18,2015,18,2158,長片,遊戲實況,playlist,,《俠客風雲傳》,False,none,0.0,,False,False,,4898,10.0,2.0,20,https://www.youtube.com/watch?v=U-AVCPWKTyo
AL1AT-2n3Os,【Joeman直播】《俠客風雲傳》劇情影片 第三十三集 招集妹子 ep33 (新武林群俠傳),2015-08-18 18:13:20,2015-08-18,2015,18,2550,長片,遊戲實況,playlist,,《俠客風雲傳》,False,none,0.0,,False,False,,4521,5.0,5.0,20,https://www.youtube.com/watch?v=AL1AT-2n3Os
k2xXwdJSyTw,【Joeman直播】《俠客風雲傳》劇情影片 第三十二集 三根鑰匙 ep32 (新武林群俠傳),2015-08-18 17:50:20,2015-08-18,2015,17,1538,長片,遊戲實況,playlist,,《俠客風雲傳》,False,none,0.0,,False,False,,2671,7.0,3.0,20,https://www.youtube.com/watch?v=k2xXwdJSyTw
wQHQ801OOpM,【Joeman直播】《俠客風雲傳》劇情影片 第三十集 武林霸主(邪派路線完) ep30 (新武林群俠傳),2015-08-08 20:39:03,2015-08-08,2015,20,4352,長片,遊戲實況,playlist,,《俠客風雲傳》,False,none,0.0,,False,False,,18449,35.0,8.0,20,https://www.youtube.com/watch?v=wQHQ801OOpM
_ZhCqRaLr-g,【Joeman直播】《俠客風雲傳》劇情影片 第二十九集 決戰龍王 ep29 (新武林群俠傳),2015-08-08 19:35:33,2015-08-08,2015,19,2924,長片,遊戲實況,playlist,,《俠客風雲傳》,False,none,0.0,,False,False,,7388,9.0,3.0,20,https://www.youtube.com/watch?v=_ZhCqRaLr-g
xTTohAq-MBo,【Joeman直播】《俠客風雲傳》劇情影片 第二十七集 魯蛇大隊長 ep27 (新武林群俠傳),2015-08-08 18:49:49,2015-08-08,2015,18,2555,長片,遊戲實況,playlist,,《俠客風雲傳》,False,none,0.0,,False,False,,4131,6.0,2.0,20,https://www.youtube.com/watch?v=xTTohAq-MBo
DS2mJYQUP-E,【Joeman直播】《俠客風雲傳》劇情影片 第二十八集 欺師滅祖 ep28 (新武林群俠傳),2015-08-08 18:33:25,2015-08-08,2015,18,1629,長片,遊戲實況,playlist,,《俠客風雲傳》,False,none,0.0,,False,False,,6650,12.0,1.0,20,https://www.youtube.com/watch?v=DS2mJYQUP-E
u5VWXx_eDwU,【Joeman直播】《俠客風雲傳》劇情影片 第二十六集 徹底邪化 ep26 (新武林群俠傳),2015-08-08 18:17:09,2015-08-08,2015,18,1900,長片,遊戲實況,playlist,,《俠客風雲傳》,False,none,0.0,,False,False,,5862,5.0,3.0,20,https://www.youtube.com/watch?v=u5VWXx_eDwU
kvc6WPidSNg,【Joeman直播】《俠客風雲傳》劇情影片 第二十五集 煉製毒藥 ep25 (新武林群俠傳),2015-08-08 17:51:37,2015-08-08,2015,17,1650,長片,遊戲實況,playlist,,《俠客風雲傳》,False,none,0.0,,False,False,,3877,4.0,2.0,20,https://www.youtube.com/watch?v=kvc6WPidSNg
BHO6LM9ny8k,【Joeman直播】《俠客風雲傳》劇情影片 第二十四集 叛出師門 ep24 (新武林群俠傳),2015-08-08 07:16:15,2015-08-08,2015,7,1550,長片,遊戲實況,playlist,,《俠客風雲傳》,False,none,0.0,,False,False,,4838,5.0,3.0,20,https://www.youtube.com/watch?v=BHO6LM9ny8k
CvPFJlm3us0,【Joeman直播】《俠客風雲傳》劇情影片 第二十三集 七夕告白 ep23 (新武林群俠傳),2015-08-08 07:00:22,2015-08-08,2015,7,1610,長片,遊戲實況,playlist,,《俠客風雲傳》,False,none,0.0,,False,False,,3544,9.0,0.0,20,https://www.youtube.com/watch?v=CvPFJlm3us0
dDTO4ryN7S8,【Joeman直播】《俠客風雲傳》劇情影片 第二十二集 佛劍魔刀 ep22 (新武林群俠傳),2015-08-06 10:36:30,2015-08-06,2015,10,1934,長片,遊戲實況,playlist,,《俠客風雲傳》,False,none,0.0,,False,False,,3465,4.0,2.0,20,https://www.youtube.com/watch?v=dDTO4ryN7S8
K22Sp0cuZlw,【Joeman直播】《俠客風雲傳》劇情影片 第二十一集 身世之謎 ep21 (新武林群俠傳),2015-08-06 07:43:30,2015-08-06,2015,7,1459,長片,遊戲實況,playlist,,《俠客風雲傳》,False,none,0.0,,False,False,,3047,4.0,1.0,20,https://www.youtube.com/watch?v=K22Sp0cuZlw
a7r39DXJ3jU,【Joeman直播】《俠客風雲傳》劇情影片 第十九集 陰謀奪青城 ep19 (新武林群俠傳),2015-08-06 07:34:45,2015-08-06,2015,7,1124,長片,遊戲實況,playlist,,《俠客風雲傳》,False,none,0.0,,False,False,,2398,2.0,0.0,20,https://www.youtube.com/watch?v=a7r39DXJ3jU
mRVVD_ahKVo,【Joeman直播】《俠客風雲傳》劇情影片 第二十集 陰謀奪武當 ep20 (新武林群俠傳),2015-08-06 07:34:45,2015-08-06,2015,7,1274,長片,遊戲實況,playlist,,《俠客風雲傳》,False,none,0.0,,False,False,,2371,4.0,0.0,20,https://www.youtube.com/watch?v=mRVVD_ahKVo
7BXSyrBcI64,【Joeman直播】《俠客風雲傳》劇情影片 第十八集 少年英雄會 ep18 (新武林群俠傳),2015-08-06 07:34:44,2015-08-06,2015,7,1679,長片,遊戲實況,playlist,,《俠客風雲傳》,False,none,0.0,,False,False,,2937,3.0,2.0,20,https://www.youtube.com/watch?v=7BXSyrBcI64
CUBPLfnj7xA,【Joeman直播】《俠客風雲傳》劇情影片 第十七集 殘花寶鑑 ep17 (新武林群俠傳),2015-08-05 05:19:37,2015-08-05,2015,5,1944,長片,遊戲實況,playlist,,《俠客風雲傳》,False,none,0.0,,False,False,,3778,6.0,9.0,20,https://www.youtube.com/watch?v=CUBPLfnj7xA
3EEBtA9rhUA,【Joeman直播】《俠客風雲傳》劇情影片 第十六集 絕命毒師 ep16 (新武林群俠傳),2015-08-05 03:50:02,2015-08-05,2015,3,1660,長片,遊戲實況,playlist,,《俠客風雲傳》,False,none,0.0,,False,False,,2617,3.0,0.0,20,https://www.youtube.com/watch?v=3EEBtA9rhUA
kO6cTPv4U_0,【Joeman直播】《俠客風雲傳》劇情影片 第十五集 廚藝大賽 ep15 (新武林群俠傳),2015-08-05 02:47:50,2015-08-05,2015,2,1585,長片,遊戲實況,playlist,,《俠客風雲傳》,False,none,0.0,,False,False,,2435,7.0,0.0,20,https://www.youtube.com/watch?v=kO6cTPv4U_0
2L2pSiDRYIY,【Joeman直播】《俠客風雲傳》劇情影片 第十四集 拜訪成都 ep14 (新武林群俠傳),2015-08-05 01:48:32,2015-08-05,2015,1,1244,長片,遊戲實況,playlist,,《俠客風雲傳》,False,none,0.0,,False,False,,2225,2.0,1.0,20,https://www.youtube.com/watch?v=2L2pSiDRYIY
AiEb0q8doS8,【Joeman直播】《俠客風雲傳》劇情影片 第十三集 黑風寨 ep13 (新武林群俠傳),2015-08-04 06:46:11,2015-08-04,2015,6,1996,長片,遊戲實況,playlist,,《俠客風雲傳》,False,none,0.0,,False,False,,3127,10.0,2.0,20,https://www.youtube.com/watch?v=AiEb0q8doS8
DONgiR81OII,【Joeman直播】《俠客風雲傳》劇情影片 第十二集 送禮達人 ep12 (新武林群俠傳),2015-08-04 05:09:05,2015-08-04,2015,5,1782,長片,遊戲實況,playlist,,《俠客風雲傳》,False,none,0.0,,False,False,,2767,6.0,0.0,20,https://www.youtube.com/watch?v=DONgiR81OII
smikVOVxRIg,【Joeman直播】《俠客風雲傳》劇情影片 第十一集 港口混戰 ep11 (新武林群俠傳),2015-08-04 03:10:32,2015-08-04,2015,3,1482,長片,遊戲實況,playlist,,《俠客風雲傳》,False,none,0.0,,False,False,,4357,6.0,3.0,20,https://www.youtube.com/watch?v=smikVOVxRIg
IYkuBRgAgBo,【Joeman直播】《俠客風雲傳》劇情影片 第十集 杭州妓院 ep10 (新武林群俠傳),2015-08-02 05:35:19,2015-08-02,2015,5,1231,長片,遊戲實況,playlist,,《俠客風雲傳》,False,none,0.0,,False,False,,4458,9.0,1.0,20,https://www.youtube.com/watch?v=IYkuBRgAgBo
eEyflYeBaSM,【Joeman直播】《俠客風雲傳》劇情影片 第九集 毒術大師 ep9 (新武林群俠傳),2015-08-02 04:25:43,2015-08-02,2015,4,1238,長片,遊戲實況,playlist,,《俠客風雲傳》,False,none,0.0,,False,False,,3543,6.0,0.0,20,https://www.youtube.com/watch?v=eEyflYeBaSM
1rugGjsdcMw,【Joeman直播】《俠客風雲傳》劇情影片 第八集 少林激戰 ep8 (新武林群俠傳),2015-08-02 03:26:05,2015-08-02,2015,3,1581,長片,遊戲實況,playlist,,《俠客風雲傳》,False,none,0.0,,False,False,,3714,5.0,0.0,20,https://www.youtube.com/watch?v=1rugGjsdcMw
PByRckqSAb4,【Joeman直播】《俠客風雲傳》劇情影片 第七集 攻略妹子 ep7 (新武林群俠傳),2015-08-02 02:21:26,2015-08-02,2015,2,1331,長片,遊戲實況,playlist,,《俠客風雲傳》,False,none,0.0,,False,False,,4198,11.0,0.0,20,https://www.youtube.com/watch?v=PByRckqSAb4
umUSCmHZfew,【Joeman直播】《俠客風雲傳》劇情影片 第六集 送禮風波 ep6 (新武林群俠傳),2015-08-01 04:50:14,2015-08-01,2015,4,2169,長片,遊戲實況,playlist,,《俠客風雲傳》,False,none,0.0,,False,False,,4364,8.0,1.0,20,https://www.youtube.com/watch?v=umUSCmHZfew
wWhniqu4GZU,【Joeman直播】《俠客風雲傳》劇情影片 第五集 洛陽閒逛 ep5 (新武林群俠傳),2015-08-01 03:04:05,2015-08-01,2015,3,1561,長片,遊戲實況,playlist,,《俠客風雲傳》,False,none,0.0,,False,False,,4515,7.0,2.0,20,https://www.youtube.com/watch?v=wWhniqu4GZU
sW4e5Q1LJ-s,【Joeman直播】《俠客風雲傳》劇情影片 第四集 初識神醫 ep4 (新武林群俠傳),2015-08-01 01:58:58,2015-08-01,2015,1,1614,長片,遊戲實況,playlist,,《俠客風雲傳》,False,none,0.0,,False,False,,4958,4.0,0.0,20,https://www.youtube.com/watch?v=sW4e5Q1LJ-s
d1okmmxsGpc,【Joeman直播】《俠客風雲傳》劇情影片 第三集 追殺淫賊 ep3 (新武林群俠傳),2015-07-31 14:47:06,2015-07-31,2015,14,1312,長片,遊戲實況,playlist,,《俠客風雲傳》,False,none,0.0,,False,False,,6351,13.0,1.0,20,https://www.youtube.com/watch?v=d1okmmxsGpc
2QYpDe1hGrE,【Joeman直播】《佛萊迪的五夜驚魂4》被斗內驚嚇 Five Nights at Freddy's 4,2015-07-31 01:44:23,2015-07-31,2015,1,310,長片,遊戲實況,playlist,,《佛萊迪的午夜驚魂4》,False,none,0.0,,False,False,,4370,47.0,7.0,20,https://www.youtube.com/watch?v=2QYpDe1hGrE
D08eMW0JUPI,【Joeman直播】《佛萊迪的五夜驚魂4》驚嚇實錄 Five Nights at Freddy's 4,2015-07-31 01:41:29,2015-07-31,2015,1,317,長片,遊戲實況,playlist,,《佛萊迪的午夜驚魂4》,False,none,0.0,,False,False,,6289,45.0,6.0,20,https://www.youtube.com/watch?v=D08eMW0JUPI
K75FTUqH4r8,【Joeman直播】《俠客風雲傳》劇情影片 第二集 拜師學藝 ep2 (新武林群俠傳),2015-07-31 00:32:27,2015-07-31,2015,0,1762,長片,遊戲實況,playlist,,《俠客風雲傳》,False,none,0.0,,False,False,,10360,22.0,10.0,20,https://www.youtube.com/watch?v=K75FTUqH4r8
NBzv8MQJRUg,【Joeman/Hui解說】SPL精華 Rogue vs INnovation (2015/07/28),2015-07-30 12:17:49,2015-07-30,2015,12,1868,長片,電競賽事,keyword,,,False,none,0.0,,False,False,,1690,9.0,0.0,20,https://www.youtube.com/watch?v=NBzv8MQJRUg
kOaNrPRqnUE,【Joeman/Hui解說】SPL精華 Maru vs Classic (2015/07/28),2015-07-30 10:54:29,2015-07-30,2015,10,1732,長片,電競賽事,playlist,,2015 SPL 精華,False,none,0.0,,False,False,,2123,11.0,6.0,20,https://www.youtube.com/watch?v=kOaNrPRqnUE
vmf1q-B6iH4,【Joeman直播】《手術模擬器》第六集 奔跑的心臟移植 Surgeon Simulator ep6,2015-07-29 03:51:08,2015-07-29,2015,3,1251,長片,遊戲實況,playlist,,Surgeon Simulator 《手術模擬器》,False,none,0.0,,False,False,,5698,38.0,10.0,20,https://www.youtube.com/watch?v=vmf1q-B6iH4
-qb_9gNhozA,【Joeman直播】《手術模擬器》第五集 牙齒移植 Surgeon Simulator ep5,2015-07-29 02:39:07,2015-07-29,2015,2,642,長片,遊戲實況,playlist,,Surgeon Simulator 《手術模擬器》,False,none,0.0,,False,False,,10829,79.0,9.0,20,https://www.youtube.com/watch?v=-qb_9gNhozA
LWRM6dxoVsA,【Joeman直播】Dead Space《絕命異次元》第五章 驚嚇精華,2015-07-29 01:27:50,2015-07-29,2015,1,202,長片,遊戲實況,playlist,,Dead Space 《絕命異次元》,False,none,0.0,,False,False,,357,3.0,0.0,20,https://www.youtube.com/watch?v=LWRM6dxoVsA
CjmYLF8Bx3M,【Joeman直播】Dead Space《絕命異次元》第四章 驚嚇精華,2015-07-29 01:26:47,2015-07-29,2015,1,197,長片,遊戲實況,playlist,,Dead Space 《絕命異次元》,False,none,0.0,,False,False,,294,3.0,2.0,20,https://www.youtube.com/watch?v=CjmYLF8Bx3M
Z9PyGm-NBEA,【Joeman直播】Dead Space《絕命異次元》第三章 驚嚇精華,2015-07-29 01:26:16,2015-07-29,2015,1,202,長片,遊戲實況,playlist,,Dead Space 《絕命異次元》,False,none,0.0,,False,False,,364,2.0,0.0,20,https://www.youtube.com/watch?v=Z9PyGm-NBEA
hBaeztJ2tls,【Joeman直播】《手術模擬器》第四集 眼球移植 Surgeon Simulator ep4,2015-07-28 21:56:44,2015-07-28,2015,21,1072,長片,遊戲實況,playlist,,Surgeon Simulator 《手術模擬器》,False,none,0.0,,False,False,,40808,316.0,37.0,20,https://www.youtube.com/watch?v=hBaeztJ2tls
GNwycvokxb4,【Joeman直播】《手術模擬器》第三集 大腦移植 Surgeon Simulator ep3,2015-07-28 17:01:42,2015-07-28,2015,17,544,長片,遊戲實況,playlist,,Surgeon Simulator 《手術模擬器》,False,none,0.0,,False,False,,6263,47.0,3.0,20,https://www.youtube.com/watch?v=GNwycvokxb4
UPp-bg1SBQw,【Joeman直播】《手術模擬器》第二集 腎臟移植 Surgeon Simulator ep2,2015-07-27 16:32:07,2015-07-27,2015,16,1286,長片,遊戲實況,playlist,,Surgeon Simulator 《手術模擬器》,False,none,0.0,,False,False,,7668,55.0,3.0,20,https://www.youtube.com/watch?v=UPp-bg1SBQw
U8lhpcNuKI4,【Joeman直播】《手術模擬器》第一集 心臟移植 Surgeon Simulator ep1,2015-07-27 03:05:24,2015-07-27,2015,3,1317,長片,遊戲實況,playlist,,Surgeon Simulator 《手術模擬器》,False,none,0.0,,False,False,,20533,111.0,12.0,20,https://www.youtube.com/watch?v=U8lhpcNuKI4
pMzR4EcJYFM,【Joeman/Hui解說】SPL Flash vs herO  (2015/07/22),2015-07-22 18:23:32,2015-07-22,2015,18,797,長片,電競賽事,playlist,,2015 SPL 精華,False,none,0.0,,False,False,,2532,15.0,1.0,20,https://www.youtube.com/watch?v=pMzR4EcJYFM
-JDdIEKpMSI,【Joeman直播花絮】《爐石戰記》 該死的凱贊秘術師,2015-07-21 13:33:50,2015-07-21,2015,13,299,長片,遊戲實況,playlist,,爐石戰記 直播精華,False,none,0.0,,False,False,,2501,27.0,3.0,20,https://www.youtube.com/watch?v=-JDdIEKpMSI
YEunmkmgSIo,【Joeman直播花絮】《爐石戰記》 要去囉!死亡之翼!,2015-07-21 12:35:05,2015-07-21,2015,12,120,長片,遊戲實況,playlist,,爐石戰記 直播精華,False,none,0.0,,False,False,,4855,16.0,2.0,20,https://www.youtube.com/watch?v=YEunmkmgSIo
81nWFgwShn8,7月份乾爹感謝祭抽獎+8月份獎項公布,2015-07-20 13:06:06,2015-07-20,2015,13,1232,長片,日常Vlog,keyword,,,False,none,0.0,,False,False,,1488,5.0,3.0,19,https://www.youtube.com/watch?v=81nWFgwShn8
IjYQg5j5kgE,《Prison Architect》監獄建築師 繁體中文 漢化 教學 (Alpha34版),2015-07-19 13:56:18,2015-07-19,2015,13,161,長片,遊戲實況,playlist,,Prison Architect 《監獄建築師》,False,none,0.0,,False,False,,9896,41.0,13.0,20,https://www.youtube.com/watch?v=IjYQg5j5kgE
1AJlZT-bIhY,【Joeman直播】《南方公園 真實之杖》十一集 真實之杖(完) South Park Stick of Truth ep11,2015-07-19 13:54:26,2015-07-19,2015,13,1918,長片,遊戲實況,playlist,,South Park Stick of Truth 《南方公園 真實之杖》,False,none,0.0,,False,False,,2355,19.0,0.0,20,https://www.youtube.com/watch?v=1AJlZT-bIhY
56FZ-MuHASU,【Joeman直播】《南方公園 真實之杖》第十集 肛門探險 South Park Stick of Truth ep10,2015-07-19 13:29:58,2015-07-19,2015,13,2429,長片,遊戲實況,playlist,,South Park Stick of Truth 《南方公園 真實之杖》,False,none,0.0,,False,False,,2589,11.0,1.0,20,https://www.youtube.com/watch?v=56FZ-MuHASU
2zo3TPPgMSE,【Joeman直播】《南方公園 真實之杖》第九集 北方國度 South Park Stick of Truth ep9,2015-07-19 12:25:04,2015-07-19,2015,12,1796,長片,遊戲實況,playlist,,South Park Stick of Truth 《南方公園 真實之杖》,False,none,0.0,,False,False,,1484,4.0,0.0,20,https://www.youtube.com/watch?v=2zo3TPPgMSE
nHMgMgJivVQ,【Joeman直播】《南方公園 真實之杖》第八集 墮胎醫院 South Park Stick of Truth ep8,2015-07-19 11:32:29,2015-07-19,2015,11,1755,長片,遊戲實況,playlist,,South Park Stick of Truth 《南方公園 真實之杖》,False,none,0.0,,False,False,,4006,16.0,3.0,20,https://www.youtube.com/watch?v=nHMgMgJivVQ
rC6kl6rEhCE,【Joeman直播】Dead Space《絕命異次元》第十二章 死亡空間(完),2015-07-18 18:51:16,2015-07-18,2015,18,2284,長片,遊戲實況,playlist,,Dead Space 《絕命異次元》,False,none,0.0,,False,False,,571,0.0,2.0,20,https://www.youtube.com/watch?v=rC6kl6rEhCE
OmHEdSpgzFA,【Joeman】《仙劍奇俠傳6》令人崩潰的Bug大合集 Chinese Paladin 6 Bug Remix,2015-07-16 14:24:46,2015-07-16,2015,14,654,長片,遊戲實況,playlist,,《仙劍奇俠傳6》,False,none,0.0,,False,False,,85707,339.0,67.0,20,https://www.youtube.com/watch?v=OmHEdSpgzFA
yltF7C4XGkQ,【Joeman直播】《仙劍奇俠傳6》劇情影片 第十六集 珍重再見(完) Chinese Paladin 6 ep16,2015-07-15 03:44:09,2015-07-15,2015,3,3735,長片,遊戲實況,playlist,,《仙劍奇俠傳6》,False,none,0.0,,False,False,,7773,28.0,15.0,20,https://www.youtube.com/watch?v=yltF7C4XGkQ
u89T7xqyJPY,【Joeman直播】《仙劍奇俠傳6》劇情影片 第十五集 決戰柷敔 Chinese Paladin 6 ep15,2015-07-14 21:42:02,2015-07-14,2015,21,5416,長片,遊戲實況,playlist,,《仙劍奇俠傳6》,False,none,0.0,,False,False,,5057,9.0,2.0,20,https://www.youtube.com/watch?v=u89T7xqyJPY
q6tjnntTUCA,【Joeman直播】《仙劍奇俠傳6》劇情影片 第十四集 回到過去 Chinese Paladin 6 ep14,2015-07-14 20:17:47,2015-07-14,2015,20,5363,長片,遊戲實況,playlist,,《仙劍奇俠傳6》,False,none,0.0,,False,False,,3798,7.0,5.0,20,https://www.youtube.com/watch?v=q6tjnntTUCA
hcPILEO6hTI,【Joeman直播】《仙劍奇俠傳6》劇情影片 第十二集 鎖河山 Chinese Paladin 6 ep12,2015-07-14 16:48:31,2015-07-14,2015,16,3429,長片,遊戲實況,playlist,,《仙劍奇俠傳6》,False,none,0.0,,False,False,,2944,5.0,0.0,20,https://www.youtube.com/watch?v=hcPILEO6hTI
Q5J1k1Zgn1g,【Joeman直播】《仙劍奇俠傳6》劇情影片 第十三集 九泉霧魂 Chinese Paladin 6 ep13,2015-07-14 12:43:26,2015-07-14,2015,12,4019,長片,遊戲實況,playlist,,《仙劍奇俠傳6》,False,none,0.0,,False,False,,2904,5.0,3.0,20,https://www.youtube.com/watch?v=Q5J1k1Zgn1g
nYDiqO9jZQM,【Joeman直播】《仙劍奇俠傳6》劇情影片 第十一集 洛家血祭 Chinese Paladin 6 ep11,2015-07-14 02:02:00,2015-07-14,2015,2,4937,長片,遊戲實況,playlist,,《仙劍奇俠傳6》,False,none,0.0,,False,False,,3193,6.0,1.0,20,https://www.youtube.com/watch?v=nYDiqO9jZQM
WPYhmdeepd0,【Joeman直播】《仙劍奇俠傳6》劇情影片 第十集 決戰應龍 Chinese Paladin 6 ep10,2015-07-13 19:18:25,2015-07-13,2015,19,3381,長片,遊戲實況,playlist,,《仙劍奇俠傳6》,False,none,0.0,,False,False,,3190,4.0,0.0,20,https://www.youtube.com/watch?v=WPYhmdeepd0
u9UQmzkN42c,【Joeman直播】《仙劍奇俠傳6》劇情影片 第九集 九泉龍潭 Chinese Paladin 6 ep9,2015-07-13 16:20:13,2015-07-13,2015,16,4172,長片,遊戲實況,playlist,,《仙劍奇俠傳6》,False,none,0.0,,False,False,,3222,6.0,0.0,20,https://www.youtube.com/watch?v=u9UQmzkN42c
0gJ1XAssiHY,【Joeman直播】《仙劍奇俠傳6》劇情影片 第八集 邪教總壇 Chinese Paladin 6 ep8,2015-07-13 13:13:33,2015-07-13,2015,13,3674,長片,遊戲實況,playlist,,《仙劍奇俠傳6》,False,none,0.0,,False,False,,2675,4.0,0.0,20,https://www.youtube.com/watch?v=0gJ1XAssiHY
UOd4PTF8ECg,【Joeman直播】《仙劍奇俠傳6》劇情影片 第七集 追蹤邪教 Chinese Paladin 6 ep7,2015-07-13 10:12:18,2015-07-13,2015,10,3824,長片,遊戲實況,playlist,,《仙劍奇俠傳6》,False,none,0.0,,False,False,,2857,2.0,1.0,20,https://www.youtube.com/watch?v=UOd4PTF8ECg
gqbOvD7HAvc,【Joeman直播】《仙劍奇俠傳6》劇情影片 第六集 天晴之海 Chinese Paladin 6 ep6,2015-07-12 19:34:17,2015-07-12,2015,19,4381,長片,遊戲實況,playlist,,《仙劍奇俠傳6》,False,none,0.0,,False,False,,3577,5.0,0.0,20,https://www.youtube.com/watch?v=gqbOvD7HAvc
TRb7xPwhxQo,【Joeman直播】《仙劍奇俠傳6》劇情影片 第五集 九泉寒髓 Chinese Paladin 6 ep5,2015-07-12 11:16:29,2015-07-12,2015,11,3709,長片,遊戲實況,playlist,,《仙劍奇俠傳6》,False,none,0.0,,False,False,,3471,4.0,1.0,20,https://www.youtube.com/watch?v=TRb7xPwhxQo
couJvuixfzY,【Joeman直播】《仙劍奇俠傳6》劇情影片 第四集 整裝待發 Chinese Paladin 6 ep4,2015-07-11 22:44:18,2015-07-11,2015,22,4519,長片,遊戲實況,playlist,,《仙劍奇俠傳6》,False,none,0.0,,False,False,,3629,8.0,0.0,20,https://www.youtube.com/watch?v=couJvuixfzY
U-fVg_--AfY,【Joeman直播】《仙劍奇俠傳6》劇情影片 第三集 押解囚犯 Chinese Paladin 6 ep3,2015-07-11 10:20:40,2015-07-11,2015,10,4568,長片,遊戲實況,playlist,,《仙劍奇俠傳6》,False,none,0.0,,False,False,,3986,6.0,1.0,20,https://www.youtube.com/watch?v=U-fVg_--AfY
9LagG3k6_-4,【Joeman直播】《GTA5 俠盜獵車手5》跟Sobad、猴子、Iris 競速,2015-07-11 02:19:37,2015-07-11,2015,2,773,長片,遊戲實況,keyword,,,False,none,0.0,,False,False,,1273,9.0,0.0,19,https://www.youtube.com/watch?v=9LagG3k6_-4
Zd4m-ptngBg,【Joeman直播】《仙劍奇俠傳6》劇情影片 第二集 落日部族 Chinese Paladin 6 ep2,2015-07-10 22:05:06,2015-07-10,2015,22,3913,長片,遊戲實況,playlist,,《仙劍奇俠傳6》,False,none,0.0,,False,False,,4831,12.0,0.0,20,https://www.youtube.com/watch?v=Zd4m-ptngBg
63X09rFzVRI,【Joeman直播】Dead Space《絕命異次元》 驚嚇精華 第二集,2015-07-10 21:01:09,2015-07-10,2015,21,265,長片,遊戲實況,playlist,,Dead Space 《絕命異次元》,False,none,0.0,,False,False,,448,1.0,0.0,20,https://www.youtube.com/watch?v=63X09rFzVRI
qXEQYmReoB0,【Joeman直播】《仙劍奇俠傳6》劇情影片 第一集 邪教現蹤 Chinese Paladin 6  ep1,2015-07-10 10:47:08,2015-07-10,2015,10,4841,長片,遊戲實況,playlist,,《仙劍奇俠傳6》,False,none,0.0,,False,False,,17647,43.0,10.0,20,https://www.youtube.com/watch?v=qXEQYmReoB0
p5x0hJfEWfU,【Joeman直播】Dead Space《絕命異次元》第十一章 備選方案,2015-07-08 06:59:14,2015-07-08,2015,6,1397,長片,遊戲實況,playlist,,Dead Space 《絕命異次元》,False,none,0.0,,False,False,,436,1.0,1.0,20,https://www.youtube.com/watch?v=p5x0hJfEWfU
YXGPNFpRJ0I,【Joeman直播】Dead Space《絕命異次元》第十章 終結之日,2015-07-07 13:25:11,2015-07-07,2015,13,2512,長片,遊戲實況,playlist,,Dead Space 《絕命異次元》,False,none,0.0,,False,False,,481,1.0,0.0,20,https://www.youtube.com/watch?v=YXGPNFpRJ0I
mchZ3Ui6toM,【Joeman直播花絮】爐石戰記 把視訊拉去英雄框,2015-07-07 10:00:52,2015-07-07,2015,10,565,長片,遊戲實況,playlist,,爐石戰記 直播精華,False,none,0.0,,False,False,,2167,9.0,2.0,19,https://www.youtube.com/watch?v=mchZ3Ui6toM
BhsMRvjVbbw,【Joeman直播花絮】爐石戰記 開60包 + 導讀4Gamers雜誌(封面Sobad),2015-07-06 01:19:05,2015-07-06,2015,1,1729,長片,遊戲實況,playlist,,爐石戰記 直播精華,False,none,0.0,,False,False,,3874,16.0,2.0,19,https://www.youtube.com/watch?v=BhsMRvjVbbw
T_JRER1Adpo,【Joeman直播】《GTA5 俠盜獵車手5》精華快剪-搶劫時偷吃零食的下場,2015-07-06 01:13:59,2015-07-06,2015,1,48,長片,遊戲實況,playlist,,《GTAV 俠盜獵車手5》,False,none,0.0,,False,False,,2842,12.0,4.0,20,https://www.youtube.com/watch?v=T_JRER1Adpo
nDU1j4rNVx0,【Joeman直播】《南方公園 真實之杖》第七集 父母床戰 South Park Stick of Truth ep7,2015-07-05 18:48:38,2015-07-05,2015,18,1834,長片,遊戲實況,playlist,,South Park Stick of Truth 《南方公園 真實之杖》,False,none,0.0,,False,False,,9440,63.0,5.0,20,https://www.youtube.com/watch?v=nDU1j4rNVx0
Ocgla1c0rPw,【Joeman直播】Dead Space《絕命異次元》 驚嚇精華 第一集,2015-07-05 18:45:20,2015-07-05,2015,18,323,長片,遊戲實況,playlist,,Dead Space 《絕命異次元》,False,none,0.0,,False,False,,1415,5.0,2.0,20,https://www.youtube.com/watch?v=Ocgla1c0rPw
P1O4bOAzjZY,【Joeman直播】《南方公園 真實之杖》第六集 納粹殭屍 South Park Stick of Truth ep6,2015-07-05 15:03:20,2015-07-05,2015,15,2298,長片,遊戲實況,playlist,,South Park Stick of Truth 《南方公園 真實之杖》,False,none,0.0,,False,False,,2157,15.0,1.0,20,https://www.youtube.com/watch?v=P1O4bOAzjZY
vEkyy5e8BZo,【Joeman直播】《GTA5 俠盜獵車手5》騎小綿羊解搶劫 Day6 (Joeman 羅密歐 子龍 猴子),2015-07-04 04:52:01,2015-07-04,2015,4,9555,長片,遊戲實況,playlist,,《GTAV 俠盜獵車手5》,False,none,0.0,,False,False,,7103,25.0,6.0,19,https://www.youtube.com/watch?v=vEkyy5e8BZo
vJANpSWIjr0,【Joeman直播】《GTA5 俠盜獵車手5》騎小綿羊解搶劫 Day5 (Joeman 羅密歐 子龍 猴子),2015-07-03 03:35:56,2015-07-03,2015,3,15451,長片,遊戲實況,playlist,,《GTAV 俠盜獵車手5》,False,none,0.0,,False,False,,5412,21.0,2.0,19,https://www.youtube.com/watch?v=vJANpSWIjr0
YJmIBZQ3u9s,【Joeman直播】Dead Space《絕命異次元》第九章 死亡迫近,2015-07-01 21:01:32,2015-07-01,2015,21,2404,長片,遊戲實況,playlist,,Dead Space 《絕命異次元》,False,none,0.0,,False,False,,484,2.0,0.0,20,https://www.youtube.com/watch?v=YJmIBZQ3u9s
U76pQGL6IwE,【Joeman直播】《GTA5 俠盜獵車手5》騎小綿羊解搶劫 Day4 (Joeman 羅密歐 子龍 猴子),2015-07-01 03:05:26,2015-07-01,2015,3,11005,長片,遊戲實況,playlist,,《GTAV 俠盜獵車手5》,False,none,0.0,,False,False,,5256,15.0,0.0,19,https://www.youtube.com/watch?v=U76pQGL6IwE
HEFiybYfTT4,【Joeman直播】《GTA5 俠盜獵車手5》騎小綿羊解搶劫 Day3 (Joeman 羅密歐 子龍 猴子),2015-06-30 01:38:59,2015-06-30,2015,1,2500,長片,遊戲實況,playlist,,《GTAV 俠盜獵車手5》,False,none,0.0,,False,False,,2566,14.0,0.0,19,https://www.youtube.com/watch?v=HEFiybYfTT4
WbzhC_-qvP0,【Joeman直播】《GTA5 俠盜獵車手5》帶Iris去搶奪,2015-06-30 01:33:16,2015-06-30,2015,1,3377,長片,遊戲實況,playlist,,《GTAV 俠盜獵車手5》,False,none,0.0,,False,False,,2455,13.0,0.0,19,https://www.youtube.com/watch?v=WbzhC_-qvP0
sAKVv4TvLl0,【Joeman直播】《南方公園 真實之杖》第五集 黃金先生 South Park Stick of Truth ep5,2015-06-29 14:33:27,2015-06-29,2015,14,2424,長片,遊戲實況,playlist,,South Park Stick of Truth 《南方公園 真實之杖》,False,none,0.0,,False,False,,3632,18.0,4.0,20,https://www.youtube.com/watch?v=sAKVv4TvLl0
XoUOmkH5EkM,【Joeman直播】《南方公園 真實之杖》第四集 外星幽浮 South Park Stick of Truth ep4,2015-06-29 12:34:22,2015-06-29,2015,12,2223,長片,遊戲實況,playlist,,South Park Stick of Truth 《南方公園 真實之杖》,False,none,0.0,,False,False,,2098,10.0,1.0,20,https://www.youtube.com/watch?v=XoUOmkH5EkM
P2xp2YYSyLY,【Joeman直播】《南方公園 真實之杖》第三集 奪回寶杖 South Park Stick of Truth ep3,2015-06-29 11:25:31,2015-06-29,2015,11,1890,長片,遊戲實況,playlist,,South Park Stick of Truth 《南方公園 真實之杖》,False,none,0.0,,False,False,,1881,5.0,0.0,20,https://www.youtube.com/watch?v=P2xp2YYSyLY
Hby_ovidyrw,【Joeman解說】刀塔傳奇 預言之池 雷神 (雷電之神) 難度8,2015-06-29 07:24:00,2015-06-29,2015,7,241,長片,遊戲實況,playlist,,刀塔傳奇 團副研究院,False,none,0.0,,False,False,,19974,19.0,8.0,20,https://www.youtube.com/watch?v=Hby_ovidyrw
MC3ruN5OHck,【Joeman直播】Dead Space《絕命異次元》第八章 搜索與救援,2015-06-28 19:33:46,2015-06-28,2015,19,1556,長片,遊戲實況,playlist,,Dead Space 《絕命異次元》,False,none,0.0,,False,False,,503,4.0,0.0,20,https://www.youtube.com/watch?v=MC3ruN5OHck
E1JqSmboBIQ,【Joeman解說】刀塔傳奇 預言之池 影魔 (影之魔王) 難度8,2015-06-28 07:12:30,2015-06-28,2015,7,245,長片,遊戲實況,playlist,,刀塔傳奇 團副研究院,False,none,0.0,,False,False,,23637,34.0,13.0,20,https://www.youtube.com/watch?v=E1JqSmboBIQ
YaTJvjV6DXQ,【Joeman直播】《南方公園 真實之杖》第二集 招集夥伴 South Park Stick of Truth ep2,2015-06-28 03:21:50,2015-06-28,2015,3,2777,長片,遊戲實況,playlist,,South Park Stick of Truth 《南方公園 真實之杖》,False,none,0.0,,False,False,,2671,9.0,1.0,20,https://www.youtube.com/watch?v=YaTJvjV6DXQ
g1OHHyLE8Gs,【Joeman直播】《南方公園 真實之杖》第一集 展開旅途 South Park Stick of Truth ep1,2015-06-28 02:24:06,2015-06-28,2015,2,2052,長片,遊戲實況,playlist,,South Park Stick of Truth 《南方公園 真實之杖》,False,none,0.0,,False,False,,10357,49.0,6.0,20,https://www.youtube.com/watch?v=g1OHHyLE8Gs
qrx_KivVKuU,【Joeman直播】Dead Space《絕命異次元》第七章 進入虛空,2015-06-27 21:04:48,2015-06-27,2015,21,2732,長片,遊戲實況,playlist,,Dead Space 《絕命異次元》,False,none,0.0,,False,False,,467,2.0,1.0,20,https://www.youtube.com/watch?v=qrx_KivVKuU
dBIq9OH1mKY,【Joeman解說】刀塔傳奇 永生夢境 大地之斧 164萬傷害 (無機甲浣熊打法),2015-06-27 20:26:03,2015-06-27,2015,20,216,長片,遊戲實況,playlist,,刀塔傳奇 團副研究院,False,none,0.0,,False,False,,12565,17.0,3.0,20,https://www.youtube.com/watch?v=dBIq9OH1mKY
kCMH5RBG4sY,【Joeman直播】Prison Architect《監獄建築師》第五集 醫療室與公共休息區,2015-06-27 03:06:15,2015-06-27,2015,3,848,長片,遊戲實況,playlist,,Prison Architect 《監獄建築師》,False,none,0.0,,False,False,,6183,17.0,6.0,20,https://www.youtube.com/watch?v=kCMH5RBG4sY
PTMt8KqBAbg,【Joeman直播】Dead Space《絕命異次元》第六章 環境危機,2015-06-26 02:42:40,2015-06-26,2015,2,2661,長片,遊戲實況,playlist,,Dead Space 《絕命異次元》,False,none,0.0,,False,False,,536,2.0,0.0,20,https://www.youtube.com/watch?v=PTMt8KqBAbg
2u8sqfXgz3w,【Joeman直播】Dead Space《絕命異次元》第五章 致命獻祭,2015-06-25 18:56:52,2015-06-25,2015,18,1816,長片,遊戲實況,playlist,,Dead Space 《絕命異次元》,False,none,0.0,,False,False,,509,2.0,0.0,20,https://www.youtube.com/watch?v=2u8sqfXgz3w
gL2YuhSVckY,【Joeman解說】刀塔傳奇 預言之池 瘋狂之血 難度8,2015-06-25 16:53:51,2015-06-25,2015,16,95,長片,遊戲實況,playlist,,刀塔傳奇 團副研究院,False,none,0.0,,False,False,,10570,18.0,8.0,20,https://www.youtube.com/watch?v=gL2YuhSVckY
8mC6MpTzw-0,【Joeman直播】Dead Space《絕命異次元》第四章 大難臨頭,2015-06-25 04:37:23,2015-06-25,2015,4,1868,長片,遊戲實況,playlist,,Dead Space 《絕命異次元》,False,none,0.0,,False,False,,637,6.0,1.0,20,https://www.youtube.com/watch?v=8mC6MpTzw-0
taz-4l5gyBc,刀塔傳奇 團副研究院 14章 火龍 BOSS頭目 432萬傷害,2015-06-25 04:34:28,2015-06-25,2015,4,231,長片,遊戲實況,playlist,,刀塔傳奇 團副研究院,False,none,0.0,,False,False,,13718,28.0,1.0,20,https://www.youtube.com/watch?v=taz-4l5gyBc
VLIxce5i9Zw,【Joeman直播】Dead Space《絕命異次元》第三章 修正航道,2015-06-24 19:16:50,2015-06-24,2015,19,2137,長片,遊戲實況,playlist,,Dead Space 《絕命異次元》,False,none,0.0,,False,False,,558,2.0,0.0,20,https://www.youtube.com/watch?v=VLIxce5i9Zw
gJkWvIKWVVM,【Joeman試玩】魔物獵人FRONTIER G,2015-06-24 17:12:31,2015-06-24,2015,17,1400,長片,未分類,none,,,False,none,1.0,品牌官方導流,False,False,,4359,21.0,1.0,20,https://www.youtube.com/watch?v=gJkWvIKWVVM
cCF23yBF67Y,【Joeman直播】Dead Space《絕命異次元》第二章 重症監護,2015-06-23 16:32:36,2015-06-23,2015,16,2261,長片,遊戲實況,playlist,,Dead Space 《絕命異次元》,False,none,0.0,,False,False,,885,3.0,2.0,20,https://www.youtube.com/watch?v=cCF23yBF67Y
WBd1fAMpWak,【Joeman直播】Prison Architect《監獄建築師》第四集 蓋馬桶蓋到有人斗內,2015-06-22 15:59:18,2015-06-22,2015,15,1019,長片,遊戲實況,playlist,,Prison Architect 《監獄建築師》,False,none,0.0,,False,False,,6403,23.0,1.0,20,https://www.youtube.com/watch?v=WBd1fAMpWak
AFrsnqaukY4,【Joeman直播】Dead Space《絕命異次元》第一章 新來訪者,2015-06-22 02:53:14,2015-06-22,2015,2,1810,長片,遊戲實況,playlist,,Dead Space 《絕命異次元》,False,none,0.0,,False,False,,2917,17.0,7.0,20,https://www.youtube.com/watch?v=AFrsnqaukY4
xe5KcIYPank,【Joeman直播】Prison Architect《監獄建築師》第三集 個人牢房完工!,2015-06-21 00:44:02,2015-06-21,2015,0,723,長片,遊戲實況,playlist,,Prison Architect 《監獄建築師》,False,none,0.0,,False,False,,6760,26.0,2.0,20,https://www.youtube.com/watch?v=xe5KcIYPank
e9bXkZNSDxk,【Joeman直播花絮】把手機號碼打在ID上的下場...,2015-06-19 17:49:59,2015-06-19,2015,17,226,長片,日常Vlog,playlist,,Joeman 直播花絮,False,none,0.0,,False,False,,3084,35.0,4.0,20,https://www.youtube.com/watch?v=e9bXkZNSDxk
JQskaZSn_Ac,【Joeman直播花絮】7月份乾爹感謝祭公布,2015-06-19 01:49:41,2015-06-19,2015,1,346,長片,日常Vlog,playlist,,Joeman 直播花絮,False,none,0.0,,False,False,,1000,7.0,4.0,19,https://www.youtube.com/watch?v=JQskaZSn_Ac
Sy1nCs9C9e4,【Joeman直播花絮】六月份乾爹感謝祭 MSI GTX980抽獎!,2015-06-19 01:47:06,2015-06-19,2015,1,696,長片,日常Vlog,playlist,,Joeman 直播花絮,False,none,0.0,,False,False,,1810,8.0,3.0,19,https://www.youtube.com/watch?v=Sy1nCs9C9e4
mMtejQ5EQ9s,【Joeman直播】Prison Architect《監獄建築師》第二集 犯人進監啦!,2015-06-18 14:51:04,2015-06-18,2015,14,859,長片,遊戲實況,playlist,,Prison Architect 《監獄建築師》,False,none,0.0,,False,False,,9440,36.0,7.0,20,https://www.youtube.com/watch?v=mMtejQ5EQ9s
zsB8_5WYzQ0,【Joeman直播】Prison Architect《監獄建築師》第一集 大浴室草圖,2015-06-17 12:54:26,2015-06-17,2015,12,724,長片,遊戲實況,playlist,,Prison Architect 《監獄建築師》,False,none,0.0,,False,False,,20395,95.0,19.0,20,https://www.youtube.com/watch?v=zsB8_5WYzQ0
qw4OgPf0Iq4,【Joeman直播花絮】捐款目標:絕命異次元  秒達成...,2015-06-17 01:00:27,2015-06-17,2015,1,92,長片,日常Vlog,playlist,,Joeman 直播花絮,False,none,0.0,,False,False,,902,9.0,0.0,19,https://www.youtube.com/watch?v=qw4OgPf0Iq4
GSCR9kpi24c,【Joeman直播】《BroForce》武裝兄弟連 精華第四集 異形大魔王,2015-06-16 16:21:45,2015-06-16,2015,16,1339,長片,遊戲實況,playlist,,BroForce 武裝兄弟連,False,none,0.0,,False,False,,1193,2.0,0.0,20,https://www.youtube.com/watch?v=GSCR9kpi24c
uusnkKLhgUc,【Joeman直播】《BroForce》武裝兄弟連 精華第三集 遲來的機器戰警,2015-06-16 15:50:29,2015-06-16,2015,15,1163,長片,遊戲實況,playlist,,BroForce 武裝兄弟連,False,none,0.0,,False,False,,1091,1.0,1.0,20,https://www.youtube.com/watch?v=uusnkKLhgUc
P8gR_ErVT7M,【Joeman直播花絮】處罰 : 超噁精力湯 (正在吃飯者慎入),2015-06-15 08:59:36,2015-06-15,2015,8,404,長片,日常Vlog,playlist,,Joeman 直播花絮,False,none,0.0,,False,False,,999,8.0,0.0,20,https://www.youtube.com/watch?v=P8gR_ErVT7M
7ejjIODU4yE,"【Joeman直播】《Paper,Please》 請出示文件 精華第三集 (感人大結局)",2015-06-14 14:27:46,2015-06-14,2015,14,2522,長片,遊戲實況,playlist,,"《Paper,Please》 請出示文件-海關人生",False,none,0.0,,False,False,,7687,35.0,6.0,20,https://www.youtube.com/watch?v=7ejjIODU4yE
u6u7wiynD1Y,《Prison Architect》監獄建築師 漢化 教學 (Alpha33版),2015-06-13 18:18:37,2015-06-13,2015,18,319,長片,遊戲實況,playlist,,Prison Architect 《監獄建築師》,False,none,0.0,,False,False,,11795,38.0,24.0,20,https://www.youtube.com/watch?v=u6u7wiynD1Y
Rp0GJjh7qV8,【Joeman直播】《GTA5 俠盜獵車手5》騎小綿羊解搶劫 Day2 (Joeman 羅密歐 子龍 猴子),2015-06-13 05:15:39,2015-06-13,2015,5,10844,長片,遊戲實況,playlist,,《GTAV 俠盜獵車手5》,False,none,0.0,,False,False,,6790,17.0,2.0,19,https://www.youtube.com/watch?v=Rp0GJjh7qV8
DDOqsNNgzmM,【Joeman直播】《BroForce》武裝兄弟連 精華第二集,2015-06-10 19:23:28,2015-06-10,2015,19,1392,長片,遊戲實況,playlist,,BroForce 武裝兄弟連,False,none,0.0,,False,False,,1812,12.0,1.0,20,https://www.youtube.com/watch?v=DDOqsNNgzmM
GDmRszC8Iyk,【Joeman直播】《BroForce》武裝兄弟連 精華第一集,2015-06-09 11:39:54,2015-06-09,2015,11,708,長片,遊戲實況,playlist,,BroForce 武裝兄弟連,False,none,0.0,,False,False,,4961,14.0,3.0,20,https://www.youtube.com/watch?v=GDmRszC8Iyk
RZlENgHGAaE,【Joeman直播花絮】Twitch訂閱超過100人!,2015-06-09 01:14:30,2015-06-09,2015,1,123,長片,日常Vlog,playlist,,Joeman 直播花絮,False,none,0.0,,False,False,,1247,14.0,1.0,19,https://www.youtube.com/watch?v=RZlENgHGAaE
mtLOVMKz_LY,【Joeman直播】《GTA5 俠盜獵車手5》騎小綿羊解搶劫  Day1 (Joeman 羅密歐 子龍 猴子),2015-06-08 02:34:52,2015-06-08,2015,2,8432,長片,遊戲實況,playlist,,《GTAV 俠盜獵車手5》,False,none,0.0,,False,False,,8664,41.0,3.0,19,https://www.youtube.com/watch?v=mtLOVMKz_LY
T5fZh5oKSf8,【Joeman直播花絮】用子龍的line貼圖洗頻Sobad,2015-06-08 00:50:05,2015-06-08,2015,0,278,長片,日常Vlog,playlist,,Joeman 直播花絮,False,none,0.0,,False,False,,1912,9.0,3.0,19,https://www.youtube.com/watch?v=T5fZh5oKSf8
-XB5JY0zNX0,"【Joeman直播】《Paper,Please》 請出示文件 精華第二集",2015-06-07 12:28:23,2015-06-07,2015,12,1904,長片,遊戲實況,playlist,,"《Paper,Please》 請出示文件-海關人生",False,none,0.0,,False,False,,6350,28.0,1.0,20,https://www.youtube.com/watch?v=-XB5JY0zNX0
zVKZheSnxGY,【Joeman直播花絮】大乾爹駿哥斗內一張GTX980,2015-06-07 03:09:58,2015-06-07,2015,3,240,長片,日常Vlog,playlist,,Joeman 直播花絮,False,none,0.0,,False,False,,2730,10.0,1.0,19,https://www.youtube.com/watch?v=zVKZheSnxGY
jJXF-JPprCs,【Joeman直播花絮】轉播4Gamers雜誌結果收到100美金斗內!!,2015-06-06 01:53:33,2015-06-06,2015,1,149,長片,日常Vlog,playlist,,Joeman 直播花絮,False,none,0.0,,False,False,,1805,14.0,1.0,19,https://www.youtube.com/watch?v=jJXF-JPprCs
VtLnbZbpCf4,【Joeman解說】《波可龍迷宮》 共鬥小技巧,2015-06-05 18:04:28,2015-06-05,2015,18,455,長片,遊戲實況,playlist,,《波可龍迷宮》,False,none,0.0,,False,False,,16840,15.0,5.0,20,https://www.youtube.com/watch?v=VtLnbZbpCf4
sHMMqtESGO4,《俠盜獵車手5》疑似加到駭客地圖 走在路上會噴複製錢袋 GTA5 Money Hack,2015-06-05 09:00:02,2015-06-05,2015,9,41,長片,遊戲實況,keyword,,,False,none,0.0,,False,False,,3382,17.0,11.0,20,https://www.youtube.com/watch?v=sHMMqtESGO4
BJVY54gz0-k,"【Joeman直播】《Paper,Please》 請出示文件 Day3  帶姪女浪跡天涯",2015-06-04 02:37:58,2015-06-04,2015,2,7893,長片,遊戲實況,playlist,,"《Paper,Please》 請出示文件-海關人生",False,none,0.0,,False,False,,8763,27.0,9.0,19,https://www.youtube.com/watch?v=BJVY54gz0-k
_nj-HJdHJ9w,【Joeman直播花絮】0604開台前閒聊,2015-06-04 00:30:10,2015-06-04,2015,0,326,長片,日常Vlog,playlist,,Joeman 直播花絮,False,none,0.0,,False,False,,760,3.0,1.0,19,https://www.youtube.com/watch?v=_nj-HJdHJ9w
cWe36vSePJI,"【Joeman直播】《Paper,Please》 請出示文件 精華第一集",2015-06-03 21:21:22,2015-06-03,2015,21,881,長片,遊戲實況,playlist,,"《Paper,Please》 請出示文件-海關人生",False,none,0.0,,False,False,,10197,53.0,4.0,20,https://www.youtube.com/watch?v=cWe36vSePJI
P-TF2E5TfGs,"【Joeman直播】《Paper,Please》 請出示文件 隨時讓你開心",2015-06-03 20:58:18,2015-06-03,2015,20,45,長片,遊戲實況,playlist,,"《Paper,Please》 請出示文件-海關人生",False,none,0.0,,False,False,,1487,9.0,0.0,20,https://www.youtube.com/watch?v=P-TF2E5TfGs
6Ntkpw5tnuc,"【Joeman直播】《Paper,Please》 請出示文件 Day2  岳母你不能死阿",2015-06-03 04:32:56,2015-06-03,2015,4,7790,長片,遊戲實況,playlist,,"《Paper,Please》 請出示文件-海關人生",False,none,0.0,,False,False,,6600,31.0,5.0,19,https://www.youtube.com/watch?v=6Ntkpw5tnuc
hvQBEICliDI,"【Joeman直播】《Paper,Please》 請出示文件 Day1 叔叔你去死吧",2015-06-02 01:54:32,2015-06-02,2015,1,6946,長片,遊戲實況,playlist,,"《Paper,Please》 請出示文件-海關人生",False,none,0.0,,False,False,,14931,94.0,9.0,19,https://www.youtube.com/watch?v=hvQBEICliDI
kjR259c35mU,【Joeman解說】《波可龍迷宮》 最新首抽排行,2015-06-01 21:47:18,2015-06-01,2015,21,855,長片,遊戲實況,playlist,,《波可龍迷宮》,False,none,0.0,,False,False,,28546,42.0,21.0,20,https://www.youtube.com/watch?v=kjR259c35mU
xv2a0E1tlZI,【Joeman直播】《GTA5 俠盜獵車手5》挑戰同花順 Day5 (Joeman Hui 羅密歐 子龍),2015-06-01 01:18:08,2015-06-01,2015,1,4052,長片,挑戰/企劃,keyword,,,False,none,0.0,,False,False,,2550,12.0,1.0,19,https://www.youtube.com/watch?v=xv2a0E1tlZI
C5GTmJfLBGQ,【Joeman工商】 《全民槍戰》 試玩,2015-05-29 01:14:04,2015-05-29,2015,1,924,長片,未分類,none,,,False,none,1.0,品牌官方導流,False,False,,3324,34.0,4.0,20,https://www.youtube.com/watch?v=C5GTmJfLBGQ
N6HebsiMNIM,【Joeman直播】《GTA5 俠盜獵車手5》挑戰同花順 Day4 (Joeman Hui 羅密歐 子龍),2015-05-26 18:22:16,2015-05-26,2015,18,11443,長片,挑戰/企劃,keyword,,,False,none,0.0,,False,False,,4087,19.0,1.0,19,https://www.youtube.com/watch?v=N6HebsiMNIM
QU4ANysrV4o,【Joeman直播】《GTA5 俠盜獵車手5》挑戰同花順 Day3-1 (Joeman Hui 羅密歐 子龍),2015-05-25 01:40:04,2015-05-25,2015,1,5695,長片,遊戲實況,playlist,,《GTAV 俠盜獵車手5》,False,none,0.0,,False,False,,2557,9.0,1.0,19,https://www.youtube.com/watch?v=QU4ANysrV4o
LZwONleWh_Q,【Joeman直播】《GTA5 俠盜獵車手5》挑戰同花順 Day3-2 (Joeman Hui 羅密歐 子龍),2015-05-25 01:28:15,2015-05-25,2015,1,5282,長片,遊戲實況,playlist,,《GTAV 俠盜獵車手5》,False,none,0.0,,False,False,,2757,7.0,1.0,19,https://www.youtube.com/watch?v=LZwONleWh_Q
Hup3AjpIj8U,【Joeman工商】 《我是MT2》 試玩,2015-05-25 00:59:15,2015-05-25,2015,0,993,長片,未分類,none,,,False,none,0.0,,False,False,,738,9.0,0.0,19,https://www.youtube.com/watch?v=Hup3AjpIj8U
jXoCZcCy0jU,【Joeman直播】《GTA5 俠盜獵車手5》挑戰同花順 Day2 (Joeman Hui 羅密歐 子龍),2015-05-24 03:03:56,2015-05-24,2015,3,11740,長片,挑戰/企劃,keyword,,,False,none,0.0,,False,False,,3356,21.0,0.0,19,https://www.youtube.com/watch?v=jXoCZcCy0jU
EelCQ57NMqc,【Joeman工商】 《X行動》反恐任務 試玩,2015-05-24 01:40:15,2015-05-24,2015,1,4040,長片,未分類,none,,,False,none,0.0,,False,False,,5672,36.0,14.0,19,https://www.youtube.com/watch?v=EelCQ57NMqc
foLn8_XZvqc,【Joeman直播】《GTA5 俠盜獵車手5》精華快剪-神跳加油站,2015-05-24 01:02:52,2015-05-24,2015,1,70,長片,遊戲實況,playlist,,《GTAV 俠盜獵車手5》,False,none,0.0,,False,False,,1640,12.0,0.0,19,https://www.youtube.com/watch?v=foLn8_XZvqc
ppVjLChUV4A,【Joeman直播】《GTA5 俠盜獵車手5》挑戰同花順 Day1 (Joeman Hui 羅密歐 子龍),2015-05-23 21:49:29,2015-05-23,2015,21,6410,長片,挑戰/企劃,keyword,,,False,none,0.0,,False,False,,2052,20.0,1.0,19,https://www.youtube.com/watch?v=ppVjLChUV4A
ogZyy1MK6eM,巫師3 中文劇情台 第二天,2015-05-23 01:25:11,2015-05-23,2015,1,3606,長片,未分類,none,,,False,none,0.0,,False,False,,681,6.0,1.0,19,https://www.youtube.com/watch?v=ogZyy1MK6eM
5wuTkNLA5HQ,俠盜獵車手5 每日任務 超危險跳傘 超簡單解法 (Joeman & 猴子),2015-05-23 01:09:09,2015-05-23,2015,1,174,長片,遊戲實況,playlist,,《GTAV 俠盜獵車手5》,False,none,0.0,,False,False,,6004,15.0,4.0,19,https://www.youtube.com/watch?v=5wuTkNLA5HQ
TJwrf7_gIyw,《超激!遊戲名模主播生死鬥》精華-小舅舅請選我,2015-05-21 19:17:08,2015-05-21,2015,19,241,長片,遊戲實況,playlist,,《超激!遊戲名模主播生死鬥》,False,none,0.0,,False,False,,4459,27.0,4.0,20,https://www.youtube.com/watch?v=TJwrf7_gIyw
-gc_DPdB6bk,巫師3 中文劇情台 第一天,2015-05-20 18:10:45,2015-05-20,2015,18,10037,長片,未分類,none,,,False,none,0.0,,False,False,,2044,8.0,3.0,19,https://www.youtube.com/watch?v=-gc_DPdB6bk
wrRNyXSDG9g,【Joeman直播】《GTA5 俠盜獵車手5》精華快剪-你為什麼不開進來一點接我,2015-05-18 15:58:21,2015-05-18,2015,15,180,長片,遊戲實況,playlist,,《GTAV 俠盜獵車手5》,False,none,0.0,,False,False,,1987,9.0,1.0,20,https://www.youtube.com/watch?v=wrRNyXSDG9g
eBMRL0ck0XI,【Joeman解說】《波可龍迷宮》 五大武器系統介紹與分析,2015-05-18 15:54:53,2015-05-18,2015,15,1148,長片,遊戲實況,playlist,,《波可龍迷宮》,False,none,0.0,,False,False,,19048,21.0,4.0,20,https://www.youtube.com/watch?v=eBMRL0ck0XI
nDYggUB_2Y8,刀塔傳奇 團副研究院 15章 梅杜莎 BOSS頭目 503萬傷害,2015-05-16 17:20:10,2015-05-16,2015,17,117,長片,遊戲實況,playlist,,刀塔傳奇 團副研究院,False,none,0.0,,False,False,,63791,49.0,21.0,20,https://www.youtube.com/watch?v=nDYggUB_2Y8
aV9xuU47rnc,【Joeman直播】《GTA5 俠盜獵車手5》精華快剪-放心躲這裡不會有火車,2015-05-16 03:29:03,2015-05-16,2015,3,183,長片,遊戲實況,playlist,,《GTAV 俠盜獵車手5》,False,none,0.0,,False,False,,4409,15.0,1.0,20,https://www.youtube.com/watch?v=aV9xuU47rnc
cHELHeM5qxs,GTA5 故事模式 第14天 Part1,2015-05-15 01:17:20,2015-05-15,2015,1,5486,長片,遊戲實況,keyword,,,False,none,0.0,,False,False,,1886,8.0,1.0,19,https://www.youtube.com/watch?v=cHELHeM5qxs
LWN6_57JYMI,GTA5 故事模式 第14天 part2,2015-05-15 01:04:24,2015-05-15,2015,1,2846,長片,遊戲實況,keyword,,,False,none,0.0,,False,False,,1710,8.0,1.0,19,https://www.youtube.com/watch?v=LWN6_57JYMI
iJkPY4-rf34,【Joeman馬路三寶台】GTA5 故事模式 第13天,2015-05-14 05:24:29,2015-05-14,2015,5,11268,長片,遊戲實況,keyword,,,False,none,0.0,,False,False,,2353,6.0,1.0,19,https://www.youtube.com/watch?v=iJkPY4-rf34
WTOIaUJ8ET4,SPL2015/05/11 Part4: YoDa vs MyuNgSiK,2015-05-13 21:55:43,2015-05-13,2015,21,1677,長片,電競賽事,playlist,,《Starcraft2 SPL2015》 Round 3,False,none,0.0,,False,False,,1947,2.0,1.0,20,https://www.youtube.com/watch?v=WTOIaUJ8ET4
h6PFi1O3LuU,SPL2015/05/11 Part2: Life vs Rogue / Stats vs Maru / Zest vs Maru,2015-05-13 21:55:43,2015-05-13,2015,21,3601,長片,電競賽事,playlist,,《Starcraft2 SPL2015》 Round 3,False,none,0.0,,False,False,,1317,2.0,0.0,20,https://www.youtube.com/watch?v=h6PFi1O3LuU
mkr092aEpHg,2015 KeSPA Cup Season1 準決賽 Dark vs Life,2015-05-13 21:55:43,2015-05-13,2015,21,3601,長片,電競賽事,keyword,,,False,none,0.0,,False,False,,738,5.0,1.0,20,https://www.youtube.com/watch?v=mkr092aEpHg
0oaSWOvTYzY,SPL2015/05/11 Part3: BBoongBBoong vs Bomber / Creator vs DRG,2015-05-13 21:55:42,2015-05-13,2015,21,3603,長片,電競賽事,playlist,,《Starcraft2 SPL2015》 Round 3,False,none,0.0,,False,False,,1097,2.0,1.0,20,https://www.youtube.com/watch?v=0oaSWOvTYzY
Anw6GK8HBQg,SPL2015/05/11 Part1: Flash vs Cure/ Zest vs sOs / Life vs Rogue,2015-05-13 21:55:42,2015-05-13,2015,21,3603,長片,電競賽事,playlist,,《Starcraft2 SPL2015》 Round 3,False,none,0.0,,False,False,,1122,2.0,1.0,20,https://www.youtube.com/watch?v=Anw6GK8HBQg
FW9PIjzMPKU,2015 KeSPA Cup Season1 決賽 herO vs Dark (Part1),2015-05-13 21:55:42,2015-05-13,2015,21,3601,長片,電競賽事,playlist,,2015 KeSPA Cup Season1,False,none,0.0,,False,False,,948,0.0,0.0,20,https://www.youtube.com/watch?v=FW9PIjzMPKU
ZW8cWBuMJ6U,2015 KeSPA Cup Season1 決賽 herO vs Dark (Part3),2015-05-13 21:55:42,2015-05-13,2015,21,2760,長片,電競賽事,playlist,,2015 KeSPA Cup Season1,False,none,0.0,,False,False,,1514,2.0,0.0,20,https://www.youtube.com/watch?v=ZW8cWBuMJ6U
t2nfcMynW_s,2015 KeSPA Cup Season1 決賽 herO vs Dark (Part2),2015-05-13 21:55:42,2015-05-13,2015,21,3601,長片,電競賽事,playlist,,2015 KeSPA Cup Season1,False,none,0.0,,False,False,,1081,2.0,0.0,20,https://www.youtube.com/watch?v=t2nfcMynW_s
w4ehW-xZpy8,2015 KeSPA Cup Season1 準決賽 herO vs ByuL,2015-05-13 21:55:42,2015-05-13,2015,21,3602,長片,電競賽事,playlist,,2015 KeSPA Cup Season1,False,none,0.0,,False,False,,752,5.0,0.0,20,https://www.youtube.com/watch?v=w4ehW-xZpy8
9gbm_Bs4r3k,【Joeman馬路三寶台】GTA5 故事模式 第12天,2015-05-13 03:28:30,2015-05-13,2015,3,8850,長片,遊戲實況,keyword,,,False,none,0.0,,False,False,,1760,6.0,0.0,19,https://www.youtube.com/watch?v=9gbm_Bs4r3k
sbI3HQ1C9bc,【Joeman馬路三寶台】GTA5 故事模式 第11天,2015-05-12 17:48:26,2015-05-12,2015,17,10320,長片,遊戲實況,keyword,,,False,none,0.0,,False,False,,1602,5.0,1.0,19,https://www.youtube.com/watch?v=sbI3HQ1C9bc
YlHGzUFp6mg,【Joeman直播】《GTA5 俠盜獵車手5》精華快剪- 崔佛計程車行,2015-05-12 16:37:52,2015-05-12,2015,16,56,長片,遊戲實況,playlist,,《GTAV 俠盜獵車手5》,False,none,0.0,,False,False,,1924,11.0,2.0,20,https://www.youtube.com/watch?v=YlHGzUFp6mg
uvsmGGpW-zw,《GTA5俠盜獵車手 小劇場》狙擊槍串燒,2015-05-11 16:33:32,2015-05-11,2015,16,31,長片,遊戲實況,playlist,,《GTA5俠盜獵車手 小劇場》,False,none,0.0,,False,False,,4533,33.0,2.0,20,https://www.youtube.com/watch?v=uvsmGGpW-zw
FbtiGeiCMs4,《GTA5俠盜獵車手 小劇場》不要讓媽媽不開心,2015-05-10 20:19:07,2015-05-10,2015,20,27,長片,遊戲實況,playlist,,《GTA5俠盜獵車手 小劇場》,False,none,0.0,,False,False,,6238,38.0,6.0,20,https://www.youtube.com/watch?v=FbtiGeiCMs4
-trj8imc8CE,【Joeman馬路三寶台】GTA5 故事模式 第10天,2015-05-10 01:56:20,2015-05-10,2015,1,6680,長片,遊戲實況,keyword,,,False,none,0.0,,False,False,,1553,5.0,2.0,19,https://www.youtube.com/watch?v=-trj8imc8CE
p6PDwb1Mf9U,【Joeman直播】《GTA5 俠盜獵車手5》精華快剪- 機車終結者,2015-05-09 19:39:52,2015-05-09,2015,19,102,長片,遊戲實況,playlist,,《GTAV 俠盜獵車手5》,False,none,0.0,,False,False,,1952,8.0,2.0,20,https://www.youtube.com/watch?v=p6PDwb1Mf9U
xP0cNV2_9V4,【Joeman直播】《GTA5 俠盜獵車手5》 故事模式 直播第9天 Part1,2015-05-09 16:51:04,2015-05-09,2015,16,7397,長片,遊戲實況,playlist,,《GTAV 俠盜獵車手5》,False,none,0.0,,False,False,,3312,16.0,1.0,19,https://www.youtube.com/watch?v=xP0cNV2_9V4
C_OExN1-lsk,【Joeman直播】《GTA5 俠盜獵車手5》 故事模式 直播第9天 Part2,2015-05-09 16:31:28,2015-05-09,2015,16,6365,長片,遊戲實況,playlist,,《GTAV 俠盜獵車手5》,False,none,0.0,,False,False,,1438,4.0,0.0,19,https://www.youtube.com/watch?v=C_OExN1-lsk
T9JzlnOWdCY,【Joeman直播】《GTA5 俠盜獵車手5》 故事模式 直播第8天 Part1,2015-05-07 15:48:31,2015-05-07,2015,15,6391,長片,遊戲實況,playlist,,《GTAV 俠盜獵車手5》,False,none,0.0,,False,False,,2699,13.0,2.0,19,https://www.youtube.com/watch?v=T9JzlnOWdCY
vlc3rB2_RY8,【Joeman直播】《GTA5 俠盜獵車手5》精華快剪-被警察眷顧的男子,2015-05-07 15:43:18,2015-05-07,2015,15,185,長片,遊戲實況,playlist,,《GTAV 俠盜獵車手5》,False,none,0.0,,False,False,,2782,11.0,1.0,20,https://www.youtube.com/watch?v=vlc3rB2_RY8
PDK6wF4dtTU,【Joeman直播】《GTA5 俠盜獵車手5》精華快剪-買一送一,2015-05-06 19:21:27,2015-05-06,2015,19,58,長片,遊戲實況,playlist,,《GTAV 俠盜獵車手5》,False,none,0.0,,False,False,,1705,7.0,1.0,20,https://www.youtube.com/watch?v=PDK6wF4dtTU
5DWrNp0uZcc,【Joeman直播】《GTA5 俠盜獵車手5》 故事模式 直播第七天,2015-05-06 03:15:37,2015-05-06,2015,3,12148,長片,遊戲實況,playlist,,《GTAV 俠盜獵車手5》,False,none,0.0,,False,False,,3584,12.0,1.0,19,https://www.youtube.com/watch?v=5DWrNp0uZcc
a_BAWa7j4Vw,【Joeman直播】《GTA5 俠盜獵車手5》精華快剪-行俠仗義的下場,2015-05-05 03:16:26,2015-05-05,2015,3,153,長片,遊戲實況,playlist,,《GTAV 俠盜獵車手5》,False,none,0.0,,False,False,,3046,21.0,3.0,20,https://www.youtube.com/watch?v=a_BAWa7j4Vw
WHm3QHs4doc,【Joeman直播】《GTA5 俠盜獵車手5》 故事模式 直播第六天,2015-05-04 02:15:56,2015-05-04,2015,2,11371,長片,遊戲實況,playlist,,《GTAV 俠盜獵車手5》,False,none,0.0,,False,False,,5489,21.0,4.0,19,https://www.youtube.com/watch?v=WHm3QHs4doc
otHYz1YuPlE,【Joeman老實說】仙劍奇俠傳,2015-04-22 11:31:30,2015-04-22,2015,11,145,長片,遊戲實況,keyword,,,False,none,0.0,,False,False,,71221,576.0,94.0,20,https://www.youtube.com/watch?v=otHYz1YuPlE
DXY8x2y6ANg,【Joeman直播】《GTA5 俠盜獵車手5》精華快剪-我要喝奶,2015-04-20 20:37:40,2015-04-20,2015,20,35,長片,遊戲實況,playlist,,《GTAV 俠盜獵車手5》,False,none,0.0,,False,False,,2553,11.0,2.0,20,https://www.youtube.com/watch?v=DXY8x2y6ANg
IdbATO4E1sI,【Joeman直播】《GTA5 俠盜獵車手5》 故事模式 直播第五天,2015-04-20 12:08:49,2015-04-20,2015,12,10131,長片,遊戲實況,playlist,,《GTAV 俠盜獵車手5》,False,none,0.0,,False,False,,5228,14.0,5.0,19,https://www.youtube.com/watch?v=IdbATO4E1sI
BjzALjrjywo,【Joeman直播】《GTA5 俠盜獵車手5》精華快剪-不科學迴旋,2015-04-19 18:39:26,2015-04-19,2015,18,34,長片,遊戲實況,playlist,,《GTAV 俠盜獵車手5》,False,none,0.0,,False,False,,2050,11.0,3.0,20,https://www.youtube.com/watch?v=BjzALjrjywo
NsAFXLFQvPg,刀塔冷知識 第十六集番外 鳳凰大絕時被補血會發生甚麼事情?,2015-04-19 13:17:42,2015-04-19,2015,13,110,長片,遊戲實況,playlist,,刀塔冷知識|刀塔傳奇,False,none,0.0,,False,False,,13864,44.0,7.0,20,https://www.youtube.com/watch?v=NsAFXLFQvPg
g8gye0fxpDE,刀塔冷知識 第十六集 鳳凰大絕原理解析,2015-04-19 12:41:42,2015-04-19,2015,12,429,長片,遊戲實況,playlist,,刀塔冷知識|刀塔冷知識|刀塔傳奇,False,none,0.0,,False,False,,10770,35.0,12.0,20,https://www.youtube.com/watch?v=g8gye0fxpDE
XQ5R18HVdyk,【Joeman直播】《GTA5 俠盜獵車手5》 故事模式 直播第四天,2015-04-19 12:19:10,2015-04-19,2015,12,6561,長片,遊戲實況,playlist,,《GTAV 俠盜獵車手5》,False,none,0.0,,False,False,,4042,18.0,1.0,19,https://www.youtube.com/watch?v=XQ5R18HVdyk
KvaV4qc_gFY,【Joeman直播】《GTA5 俠盜獵車手5》精華快剪-查理出任務,2015-04-18 11:40:39,2015-04-18,2015,11,76,長片,遊戲實況,playlist,,《GTAV 俠盜獵車手5》,False,none,0.0,,False,False,,2737,11.0,3.0,20,https://www.youtube.com/watch?v=KvaV4qc_gFY
5uiGWua6xF4,【Joeman直播】《GTA5 俠盜獵車手5》 故事模式 直播第三天 Part1,2015-04-17 20:34:26,2015-04-17,2015,20,7708,長片,遊戲實況,playlist,,《GTAV 俠盜獵車手5》,False,none,0.0,,False,False,,5193,20.0,2.0,19,https://www.youtube.com/watch?v=5uiGWua6xF4
Bx8viFYAQeI,【Joeman直播】《GTA5 俠盜獵車手5》 故事模式 直播第三天 Part2,2015-04-17 19:43:29,2015-04-17,2015,19,3889,長片,遊戲實況,playlist,,《GTAV 俠盜獵車手5》,False,none,0.0,,False,False,,6751,25.0,5.0,19,https://www.youtube.com/watch?v=Bx8viFYAQeI
QRwj9yhmxq8,【Joeman直播】《GTA5 俠盜獵車手5》精華快剪-草莓族麥可,2015-04-17 14:31:30,2015-04-17,2015,14,21,長片,遊戲實況,playlist,,《GTAV 俠盜獵車手5》,False,none,0.0,,False,False,,2917,10.0,1.0,20,https://www.youtube.com/watch?v=QRwj9yhmxq8
_ix-52jtVEs,【Joeman直播】《GTA5 俠盜獵車手5》 故事模式 直播第二天,2015-04-16 20:15:11,2015-04-16,2015,20,7661,長片,遊戲實況,playlist,,《GTAV 俠盜獵車手5》,False,none,0.0,,False,False,,6805,31.0,8.0,19,https://www.youtube.com/watch?v=_ix-52jtVEs
ejBPLzGoxvc,【Joeman直播】《GTA5 俠盜獵車手5》 故事模式 直播第一天,2015-04-16 06:35:10,2015-04-16,2015,6,4747,長片,遊戲實況,playlist,,《GTAV 俠盜獵車手5》,False,none,0.0,,False,False,,26587,123.0,24.0,19,https://www.youtube.com/watch?v=ejBPLzGoxvc
TLUl_2yvVh8,刀塔冷知識 第十五集 控場英雄大排名,2015-04-12 04:55:22,2015-04-12,2015,4,558,長片,遊戲實況,playlist,,刀塔冷知識|刀塔傳奇,False,none,0.0,,False,False,,28305,83.0,37.0,20,https://www.youtube.com/watch?v=TLUl_2yvVh8
JPJ4cbE9hYE,《波可龍迷宮》墮天使的降臨 超上難度直播,2015-04-11 02:34:00,2015-04-11,2015,2,6256,長片,遊戲實況,keyword,,,False,none,0.0,,False,False,,15715,21.0,2.0,19,https://www.youtube.com/watch?v=JPJ4cbE9hYE
jvZs8XgOcBI,《惡靈古堡-啟示2》 Chapter4,2015-04-11 02:31:32,2015-04-11,2015,2,6606,長片,遊戲實況,keyword,,,False,none,0.0,,False,False,,632,3.0,0.0,19,https://www.youtube.com/watch?v=jvZs8XgOcBI
-cxSL6D0Q3Q,【Joeman解說】刀塔傳奇 覺醒電魂+卡爾隊 徹底解析與優劣解說(非純雷卡),2015-04-10 16:43:22,2015-04-10,2015,16,800,長片,遊戲實況,playlist,,刀塔傳奇,False,none,0.0,,False,False,,39116,63.0,32.0,20,https://www.youtube.com/watch?v=-cxSL6D0Q3Q
TxmYq0CmEfo,《惡靈古堡 - 啟示2》第四集精華 刺客教條我最厲害啦,2015-04-10 07:11:54,2015-04-10,2015,7,22,長片,遊戲實況,playlist,,《惡靈古堡 啟示2》劇情直播 Resident Evil Biohazard Revelations 2 GamePlay  Walkthrough,False,none,0.0,,False,False,,802,2.0,1.0,20,https://www.youtube.com/watch?v=TxmYq0CmEfo
EkU-rzBqI_s,SPL2015/04/06 Part2: Center vs soO,2015-04-09 01:36:07,2015-04-09,2015,1,3601,長片,電競賽事,playlist,,《Starcraft2 SPL2015》 Round 2,False,none,0.0,,False,False,,1710,6.0,0.0,20,https://www.youtube.com/watch?v=EkU-rzBqI_s
DH9N1MXDQuA,SPL2015/04/06 Part1:DeParture vs soO / Panic vs Billowy / Losira vs INnoVation / YongHwa vs Classic,2015-04-09 01:33:40,2015-04-09,2015,1,3601,長片,電競賽事,playlist,,《Starcraft2 SPL2015》 Round 2,False,none,0.0,,False,False,,3316,10.0,3.0,20,https://www.youtube.com/watch?v=DH9N1MXDQuA
_Qh8-hgWllo,SPL2015/04/06 Part3: Dear vs sKyHigh / Hurricane vs Bbyong / Reality vs herO,2015-04-09 01:17:53,2015-04-09,2015,1,2674,長片,電競賽事,playlist,,《Starcraft2 SPL2015》 Round 2,False,none,0.0,,False,False,,1500,0.0,0.0,20,https://www.youtube.com/watch?v=_Qh8-hgWllo
FW5UPVoFYFA,《惡靈古堡 - 啟示2》中字劇情直播 Episode3-3 Resident Evil Biohazard Revelations GamePlay Walkthrough Chinese Sub,2015-04-09 01:12:39,2015-04-09,2015,1,9864,長片,遊戲實況,playlist,,《惡靈古堡 啟示2》劇情直播 Resident Evil Biohazard Revelations 2 GamePlay  Walkthrough,False,none,0.0,,False,False,,1013,5.0,1.0,19,https://www.youtube.com/watch?v=FW5UPVoFYFA
2JyFLFYrUa0,刀塔冷知識 第十四集 獸人術士的地獄火到底有多硬?,2015-04-05 01:26:27,2015-04-05,2015,1,402,長片,遊戲實況,playlist,,刀塔冷知識,False,none,0.0,,False,False,,21462,50.0,25.0,20,https://www.youtube.com/watch?v=2JyFLFYrUa0
DT8QKHlcxKQ,《惡靈古堡 - 啟示2》第三集精華 打奶奶!,2015-04-03 19:32:23,2015-04-03,2015,19,665,長片,遊戲實況,playlist,,《惡靈古堡 啟示2》劇情直播 Resident Evil Biohazard Revelations 2 GamePlay  Walkthrough,False,none,0.0,,False,False,,2254,8.0,0.0,20,https://www.youtube.com/watch?v=DT8QKHlcxKQ
LBSCIbSSIu4,星海爭霸 虛空之遺 4K極限畫質實測 Part2 Starcraft LotV Ultra HD ( Alienware 17 GTX980M),2015-04-02 06:06:59,2015-04-02,2015,6,381,長片,電競賽事,keyword,,,False,none,0.0,,False,False,,4522,21.0,4.0,20,https://www.youtube.com/watch?v=LBSCIbSSIu4
skEGjyN6tSo,星海爭霸 虛空之遺 4K極限畫質實測  Part1  Starcraft LotV Ultra HD ( Alienware 17 GTX980M),2015-04-02 06:06:59,2015-04-02,2015,6,86,長片,電競賽事,keyword,,,False,none,0.0,,False,False,,1400,9.0,0.0,20,https://www.youtube.com/watch?v=skEGjyN6tSo
t398vfAUoFs,《惡靈古堡 - 啟示2》中字劇情直播 Episode3-2 Resident Evil Biohazard Revelations GamePlay Walkthrough Chinese Sub,2015-04-02 05:34:23,2015-04-02,2015,5,5668,長片,遊戲實況,playlist,,《惡靈古堡 啟示2》劇情直播 Resident Evil Biohazard Revelations 2 GamePlay  Walkthrough,False,none,0.0,,False,False,,758,3.0,0.0,19,https://www.youtube.com/watch?v=t398vfAUoFs
yUXzpj8bnKA,《Joeman 脫口秀 》第五集 - 頂尖神族不探點位,2015-03-31 16:57:55,2015-03-31,2015,16,253,長片,人物/訪談,playlist,Joeman脫口秀,Joeman脫口秀,False,none,0.0,,False,False,,5653,27.0,9.0,20,https://www.youtube.com/watch?v=yUXzpj8bnKA
bxKF2Ah6_v8,波可龍迷宮 星塵之龍亞種 猛毒技能 一次扣10%,2015-03-31 14:44:34,2015-03-31,2015,14,38,長片,遊戲實況,playlist,,《波可龍迷宮》,False,none,0.0,,False,False,,3828,3.0,2.0,20,https://www.youtube.com/watch?v=bxKF2Ah6_v8
ZxNyKj3UAgU,波可龍迷宮 太神啦! 一場超上就掉星塵之龍亞種 這你敢信?,2015-03-31 13:21:02,2015-03-31,2015,13,66,長片,遊戲實況,playlist,,《波可龍迷宮》,False,none,0.0,,False,False,,7491,6.0,4.0,20,https://www.youtube.com/watch?v=ZxNyKj3UAgU
sunzfAAWJXo,SPL2015/03/30 Part1: Leenock vs sKyHigh / Pet vs Bbyong / aLive vs ByuL,2015-03-31 01:19:40,2015-03-31,2015,1,3602,長片,電競賽事,keyword,,,False,none,0.0,,False,False,,1274,3.0,1.0,20,https://www.youtube.com/watch?v=sunzfAAWJXo
jhR0L5EE9c4,SPL2015/03/30 Part3: Losira vs YoDa / DeParture vs Zoun / YongHwa vs KeeN,2015-03-31 00:46:55,2015-03-31,2015,0,3602,長片,電競賽事,keyword,,,False,none,0.0,,False,False,,1277,0.0,1.0,20,https://www.youtube.com/watch?v=jhR0L5EE9c4
RFNGlEoYcHk,SPL2015/03/30 Part2: aLive vs ByuL / San vs herO,2015-03-31 00:43:28,2015-03-31,2015,0,3603,長片,電競賽事,keyword,,,False,none,0.0,,False,False,,1140,1.0,2.0,20,https://www.youtube.com/watch?v=RFNGlEoYcHk
_w3iKMQijzo,SPL2015/03/30 Part4: Panic vs TerrOr,2015-03-31 00:43:28,2015-03-31,2015,0,840,長片,電競賽事,keyword,,,False,none,0.0,,False,False,,585,0.0,2.0,20,https://www.youtube.com/watch?v=_w3iKMQijzo
GPpFu9ttw5g,C875 圓剛高畫質行動錄影盒 開箱&實測 C875 AVerMedia unboxing review,2015-03-30 23:31:00,2015-03-30,2015,23,807,長片,挑戰/企劃,keyword,,,False,none,0.0,,False,False,,20216,36.0,8.0,20,https://www.youtube.com/watch?v=GPpFu9ttw5g
cCf5K_wXJtE,刀塔傳奇 王座之塔 平民控場流  通關教學,2015-03-30 23:12:58,2015-03-30,2015,23,308,長片,遊戲實況,playlist,,刀塔傳奇,False,none,0.0,,False,False,,7562,26.0,8.0,20,https://www.youtube.com/watch?v=cCf5K_wXJtE
eIr9Lob_XZ0,《惡靈古堡 - 啟示2》第二集精華 Episode2 Summary Resident Evil Biohazard Revelations GamePlay Walkthrough,2015-03-30 21:41:47,2015-03-30,2015,21,1389,長片,遊戲實況,playlist,,《惡靈古堡 啟示2》劇情直播 Resident Evil Biohazard Revelations 2 GamePlay  Walkthrough,False,none,0.0,,False,False,,2359,5.0,2.0,20,https://www.youtube.com/watch?v=eIr9Lob_XZ0
fOJHD2JPjFY,《惡靈古堡 - 啟示2》中字劇情直播 Episode3-1 Resident Evil Biohazard Revelations GamePlay Walkthrough Chinese Sub,2015-03-29 12:55:00,2015-03-29,2015,12,5982,長片,遊戲實況,playlist,,《惡靈古堡 啟示2》劇情直播 Resident Evil Biohazard Revelations 2 GamePlay  Walkthrough,False,none,0.0,,False,False,,1123,6.0,3.0,19,https://www.youtube.com/watch?v=fOJHD2JPjFY
p6lUFVXB9t4,《惡靈古堡 - 啟示2》中字劇情直播 Episode2-2 Resident Evil Biohazard Revelations GamePlay Walkthrough Chinese Sub,2015-03-29 12:54:54,2015-03-29,2015,12,3723,長片,遊戲實況,playlist,,《惡靈古堡 啟示2》劇情直播 Resident Evil Biohazard Revelations 2 GamePlay  Walkthrough,False,none,0.0,,False,False,,842,3.0,1.0,19,https://www.youtube.com/watch?v=p6lUFVXB9t4
ZZRUgbW57Ec,《惡靈古堡 - 啟示2》中字劇情直播 Episode2-1 Resident Evil Biohazard Revelations GamePlay Walkthrough Chinese Sub,2015-03-26 02:27:04,2015-03-26,2015,2,9642,長片,遊戲實況,playlist,,《惡靈古堡 啟示2》劇情直播 Resident Evil Biohazard Revelations 2 GamePlay  Walkthrough,False,none,0.0,,False,False,,2016,9.0,0.0,19,https://www.youtube.com/watch?v=ZZRUgbW57Ec
biU15Hhw2vM,2015 年式 超夢幻高階電競筆電 Alienware 17 (GTX980M) 開箱介紹 Unboxing review / intro,2015-03-25 23:40:42,2015-03-25,2015,23,645,長片,電競賽事,keyword,,,False,none,0.0,,False,False,,12972,40.0,32.0,19,https://www.youtube.com/watch?v=biU15Hhw2vM
aWe1xNoCXQE,SPL2015/03/23 Part1: YoDa vs Shine / BBoongBBoong vs Dear / Creator vs Armani,2015-03-24 13:20:54,2015-03-24,2015,13,3603,長片,電競賽事,playlist,,《Starcraft2 SPL2015》 Round 2,False,none,0.0,,False,False,,2122,6.0,1.0,20,https://www.youtube.com/watch?v=aWe1xNoCXQE
dPby51ubRXw,SPL2015/03/23 Part3: Trap vs Zest / Cure vs Stats / Maru vs Zest,2015-03-24 13:14:09,2015-03-24,2015,13,3602,長片,電競賽事,playlist,,《Starcraft2 SPL2015》 Round 2,False,none,0.0,,False,False,,1992,4.0,0.0,20,https://www.youtube.com/watch?v=dPby51ubRXw
K49fywpugDg,SPL2015/03/23 Part2: Rogue vs Life / sOs vs Flash,2015-03-24 13:09:46,2015-03-24,2015,13,3603,長片,電競賽事,playlist,,《Starcraft2 SPL2015》 Round 2,False,none,0.0,,False,False,,2709,6.0,0.0,20,https://www.youtube.com/watch?v=K49fywpugDg
cqKASYqXDlw,SPL2015/03/23 Part4:Maru vs Zest,2015-03-24 13:09:38,2015-03-24,2015,13,805,長片,電競賽事,playlist,,《Starcraft2 SPL2015》 Round 2,False,none,0.0,,False,False,,1586,5.0,1.0,20,https://www.youtube.com/watch?v=cqKASYqXDlw
3PAw5zC7Ldg,刀塔傳奇 團副研究院 14章 火龍 BOSS頭目 298萬傷害,2015-03-23 09:42:07,2015-03-23,2015,9,230,長片,遊戲實況,playlist,,刀塔傳奇 團副研究院,False,none,0.0,,False,False,,22590,23.0,8.0,20,https://www.youtube.com/watch?v=3PAw5zC7Ldg
3qMEZAa8h7E,刀塔冷知識 第十三集 召換師卡爾徹底解秘,2015-03-22 13:00:20,2015-03-22,2015,13,936,長片,遊戲實況,playlist,,刀塔冷知識|刀塔傳奇,False,none,0.0,,False,False,,17483,56.0,25.0,20,https://www.youtube.com/watch?v=3qMEZAa8h7E
ghqS9VHXhh4,NSSL2015/03/22  Season1 Final:Maru vs Dream Part2,2015-03-22 11:21:50,2015-03-22,2015,11,3338,長片,電競賽事,keyword,,,False,none,0.0,,False,False,,1459,6.0,0.0,20,https://www.youtube.com/watch?v=ghqS9VHXhh4
hjYi8W8Hz70,NSSL2015/03/22  Season1 Final:Maru vs Dream Part1,2015-03-22 11:07:12,2015-03-22,2015,11,3601,長片,電競賽事,keyword,,,False,none,0.0,,False,False,,1525,3.0,1.0,20,https://www.youtube.com/watch?v=hjYi8W8Hz70
5CNIrknZ50A,波可龍迷宮 - 華麗的女舞神 30連抽 !,2015-03-17 17:28:36,2015-03-17,2015,17,253,長片,遊戲實況,playlist,,《波可龍迷宮》,False,none,0.0,,False,False,,19259,36.0,7.0,20,https://www.youtube.com/watch?v=5CNIrknZ50A
GCPy84-J8ts,SPL2015/03/16 Part1 : sOs vs Losira / Pigbaby vs DeParture / Symbol vs Center,2015-03-17 08:29:24,2015-03-17,2015,8,3602,長片,電競賽事,playlist,,《Starcraft2 SPL2015》 Round 2,False,none,0.0,,False,False,,1245,4.0,4.0,20,https://www.youtube.com/watch?v=GCPy84-J8ts
Ku4vDGsmID0,SPL2015/03/16 Part2 : Rogue vs MarineKing / sOs vs HerO,2015-03-17 08:29:24,2015-03-17,2015,8,3603,長片,電競賽事,playlist,,《Starcraft2 SPL2015》 Round 2,False,none,0.0,,False,False,,1246,2.0,0.0,20,https://www.youtube.com/watch?v=Ku4vDGsmID0
w0i2hxLLqd0,SPL2015/03/16 Part3 : soO vs Action / Classic vs Stats / Dream vs First,2015-03-17 08:29:24,2015-03-17,2015,8,3298,長片,電競賽事,playlist,,《Starcraft2 SPL2015》 Round 2,False,none,0.0,,False,False,,1007,5.0,0.0,20,https://www.youtube.com/watch?v=w0i2hxLLqd0
I4KAiEF4Rcg,猴子也會的 AfreecaTV 辣椒艾菲卡 高畫質直播教學,2015-03-16 16:11:28,2015-03-16,2015,16,645,長片,日常Vlog,keyword,,,False,none,1.0,品牌官方導流,False,False,,2064,21.0,16.0,20,https://www.youtube.com/watch?v=I4KAiEF4Rcg
dQPNadhm7M4,刀塔冷知識 第十二集 拍拍熊的覺醒技能與大絕次數,2015-03-15 04:00:17,2015-03-15,2015,4,617,長片,遊戲實況,playlist,,刀塔冷知識|刀塔傳奇,False,none,0.0,,False,False,,17765,62.0,24.0,20,https://www.youtube.com/watch?v=dQPNadhm7M4
2-sd5tVHzd8,還是忍不住.... 幻影刺客 要幾抽才抽得到?,2015-03-15 00:26:22,2015-03-15,2015,0,151,長片,遊戲實況,playlist,,刀塔傳奇,False,none,0.0,,False,False,,34883,78.0,32.0,20,https://www.youtube.com/watch?v=2-sd5tVHzd8
llUr6yOdaQk,【Joeman解說】刀塔傳奇 噩夢等級遠征 國家隊通關與技巧講解 與 掃蕩示範,2015-03-07 01:02:18,2015-03-07,2015,1,970,長片,遊戲實況,keyword,,,False,none,0.0,,False,False,,111984,274.0,94.0,20,https://www.youtube.com/watch?v=llUr6yOdaQk
ywY2MBs9hos,刀塔小技巧 卡黑屏  (以地穴領主 難度6 為例),2015-03-06 02:18:12,2015-03-06,2015,2,323,長片,遊戲實況,playlist,,刀塔傳奇,False,none,0.0,,False,False,,83128,121.0,20.0,20,https://www.youtube.com/watch?v=ywY2MBs9hos
6itPVHAMUJA,NSSL2015/03/05 Part2 : Maru vs Stats,2015-03-06 01:52:32,2015-03-06,2015,1,3602,長片,電競賽事,keyword,,,False,none,0.0,,False,False,,2450,7.0,1.0,20,https://www.youtube.com/watch?v=6itPVHAMUJA
t6Ih032TAAU,NSSL2015/03/05 Part3 : Life vs Dream,2015-03-06 01:28:21,2015-03-06,2015,1,3602,長片,電競賽事,keyword,,,False,none,0.0,,False,False,,1630,6.0,1.0,20,https://www.youtube.com/watch?v=t6Ih032TAAU
Z8PetbI3gXE,NSSL2015/03/05 Part4 : Life vs Dream,2015-03-06 01:27:07,2015-03-06,2015,1,3603,長片,電競賽事,keyword,,,False,none,0.0,,False,False,,2068,6.0,0.0,20,https://www.youtube.com/watch?v=Z8PetbI3gXE
gg4Npu_u-3U,NSSL2015/03/05 Part1 : Maru vs Stats,2015-03-06 01:26:41,2015-03-06,2015,1,3603,長片,電競賽事,keyword,,,False,none,0.0,,False,False,,2408,10.0,2.0,20,https://www.youtube.com/watch?v=gg4Npu_u-3U
X2SqYtNfo-w,Maru的神空投! Maru fantastic drops,2015-03-06 01:01:54,2015-03-06,2015,1,353,長片,未分類,none,,,False,none,0.0,,False,False,,7098,38.0,5.0,20,https://www.youtube.com/watch?v=X2SqYtNfo-w
nK768_du__0,NSSL2015/03/05 Part5 : Life vs Dream,2015-03-06 00:54:16,2015-03-06,2015,0,1089,長片,電競賽事,keyword,,,False,none,0.0,,False,False,,1261,3.0,2.0,20,https://www.youtube.com/watch?v=nK768_du__0
aTe20j7TqFg,SPL2015/03/03 Part2 : soO vs YoDa / Dream vs KeeN,2015-03-04 00:36:42,2015-03-04,2015,0,3601,長片,電競賽事,playlist,,《Starcraft2 SPL2015》 Round 2,False,none,0.0,,False,False,,1376,4.0,0.0,20,https://www.youtube.com/watch?v=aTe20j7TqFg
9ZBRO0KfGhM,SPL2015/03/03 Part1 : INnoVation vs Creator / Dark vs MyuNgSiK / soO vs YoDa,2015-03-03 23:53:59,2015-03-03,2015,23,3601,長片,電競賽事,playlist,,《Starcraft2 SPL2015》 Round 2,False,none,0.0,,False,False,,1545,4.0,5.0,20,https://www.youtube.com/watch?v=9ZBRO0KfGhM
ffnc_2A20vw,SPL2015/03/03 Part4 : Life vs Bbyong / Stats vs Sora / Zest vs herO,2015-03-03 23:53:20,2015-03-03,2015,23,2947,長片,電競賽事,playlist,,《Starcraft2 SPL2015》 Round 2,False,none,0.0,,False,False,,1167,3.0,1.0,20,https://www.youtube.com/watch?v=ffnc_2A20vw
2jxTUmojoas,SPL2015/03/03 Part3 : Zest vs herO / Flash vs ByuL / Life vs Bbyong,2015-03-03 23:48:00,2015-03-03,2015,23,3601,長片,電競賽事,playlist,,《Starcraft2 SPL2015》 Round 2,False,none,0.0,,False,False,,1228,5.0,5.0,20,https://www.youtube.com/watch?v=2jxTUmojoas
Xs8I6V415Sc,SPL2015/03/02 Part2 : HerO vs Curios / YongHwa vs San / Losira vs aLive,2015-03-03 01:21:19,2015-03-03,2015,1,3602,長片,電競賽事,playlist,,《Starcraft2 SPL2015》 Round 2,False,none,0.0,,False,False,,1178,3.0,2.0,20,https://www.youtube.com/watch?v=Xs8I6V415Sc
0O4HUZujpww,SPL2015/03/02 Part4 : sOs vs Solar / Rogue vs Shine / Trap vs Dear,2015-03-03 01:11:17,2015-03-03,2015,1,3603,長片,電競賽事,playlist,,《Starcraft2 SPL2015》 Round 2,False,none,0.0,,False,False,,886,2.0,1.0,20,https://www.youtube.com/watch?v=0O4HUZujpww
8vvbMG719_w,刀塔傳奇 團副研究院 12章BOSS頭目 船長 245萬傷害 (一樣陣容 只講解卡爾),2015-03-03 01:08:49,2015-03-03,2015,1,218,長片,遊戲實況,playlist,,刀塔傳奇 團副研究院,False,none,0.0,,False,False,,5381,24.0,11.0,20,https://www.youtube.com/watch?v=8vvbMG719_w
Sat-2Ip_hqE,SPL2015/03/02 Part3 : Losira vs aLive / Trap vs Hurricane / Maru vs Dear,2015-03-03 01:04:36,2015-03-03,2015,1,3602,長片,電競賽事,playlist,,《Starcraft2 SPL2015》 Round 2,False,none,0.0,,False,False,,859,2.0,0.0,20,https://www.youtube.com/watch?v=Sat-2Ip_hqE
kSbLQHMHceg,SPL2015/03/02 Part1 : MarineKing vs Leenock /  Losira vs aLive / HerO vs Curios,2015-03-03 01:03:59,2015-03-03,2015,1,3602,長片,電競賽事,playlist,,《Starcraft2 SPL2015》 Round 2,False,none,0.0,,False,False,,1366,4.0,0.0,20,https://www.youtube.com/watch?v=kSbLQHMHceg
kVYTLqe89BQ,SPL2015/03/02 Part5 : Trap vs Dear,2015-03-03 00:53:22,2015-03-03,2015,0,457,長片,電競賽事,playlist,,《Starcraft2 SPL2015》 Round 2,False,none,0.0,,False,False,,640,1.0,0.0,20,https://www.youtube.com/watch?v=kVYTLqe89BQ
YJdLexufkMM,《惡靈古堡 - 啟示2》第一章精華 Episode1 Summary Resident Evil Biohazard Revelations GamePlay  Walkthrough,2015-03-02 10:40:09,2015-03-02,2015,10,1110,長片,遊戲實況,playlist,,《惡靈古堡 啟示2》劇情直播 Resident Evil Biohazard Revelations 2 GamePlay  Walkthrough,False,none,0.0,,False,False,,3673,3.0,5.0,20,https://www.youtube.com/watch?v=YJdLexufkMM
yVzFY5kHz9s,刀塔冷知識 第十一集 小鹿令人噴飯的媚惑效果,2015-03-01 01:58:32,2015-03-01,2015,1,583,長片,遊戲實況,playlist,,刀塔冷知識,False,none,0.0,,False,False,,15275,47.0,25.0,20,https://www.youtube.com/watch?v=yVzFY5kHz9s
e6_NIzkvIvQ,《惡靈古堡 - 啟示2》中字劇情直播 Episode1 Resident Evil Biohazard Revelations GamePlay  Walkthrough Chinese Sub,2015-02-28 18:19:06,2015-02-28,2015,18,9900,長片,遊戲實況,playlist,,《惡靈古堡 啟示2》劇情直播 Resident Evil Biohazard Revelations 2 GamePlay  Walkthrough,False,none,0.0,,False,False,,5700,15.0,8.0,19,https://www.youtube.com/watch?v=e6_NIzkvIvQ
DL-4ABP4A_8,《惡靈古堡 - 啟示》中字 劇情直播 Day3-Part2 Resident Evil Biohazard Revelations GamePlay  Walkthrough Chinese Sub,2015-02-28 18:10:16,2015-02-28,2015,18,1544,長片,遊戲實況,playlist,,《惡靈古堡 啟示》劇情直播 Resident Evil Biohazard Revelations GamePlay  Walkthrough,False,none,0.0,,False,False,,668,1.0,0.0,20,https://www.youtube.com/watch?v=DL-4ABP4A_8
6BF1DMFGL5M,《惡靈古堡 - 啟示》中字 劇情直播 Day4(End) Resident Evil Biohazard Revelations GamePlay  Walkthrough Chinese Sub,2015-02-28 01:53:11,2015-02-28,2015,1,6199,長片,遊戲實況,playlist,,《惡靈古堡 啟示》劇情直播 Resident Evil Biohazard Revelations GamePlay  Walkthrough,False,none,0.0,,False,False,,1295,6.0,0.0,19,https://www.youtube.com/watch?v=6BF1DMFGL5M
azprAboy5mc,《惡靈古堡 - 啟示》中字 劇情直播 Day3-Part1 Resident Evil Biohazard Revelations GamePlay  Walkthrough Chinese Sub,2015-02-28 01:50:34,2015-02-28,2015,1,9434,長片,遊戲實況,playlist,,《惡靈古堡 啟示》劇情直播 Resident Evil Biohazard Revelations GamePlay  Walkthrough,False,none,0.0,,False,False,,1014,4.0,0.0,19,https://www.youtube.com/watch?v=azprAboy5mc
GVJPsXMJHv0,怪物彈珠 MonsterStrike モンスターストライク -蛋黃哥與小紅龍 Gudetama ぐでたま 副本與合成,2015-02-25 11:13:21,2015-02-25,2015,11,1504,長片,未分類,none,,,False,none,0.0,,False,False,,1464,7.0,5.0,20,https://www.youtube.com/watch?v=GVJPsXMJHv0
iiOLlsuv6W8,《惡靈古堡 - 啟示》直播到一半 小公主入鏡,2015-02-24 11:29:05,2015-02-24,2015,11,229,長片,遊戲實況,playlist,,《惡靈古堡 啟示》劇情直播 Resident Evil Biohazard Revelations GamePlay  Walkthrough,False,none,0.0,,False,False,,1438,10.0,1.0,19,https://www.youtube.com/watch?v=iiOLlsuv6W8
eSN1StghXsk,《惡靈古堡 - 啟示》 中字 劇情直播 Day2-Part1 Resident Evil Biohazard Revelations GamePlay  Walkthrough Chinese Sub,2015-02-24 01:56:53,2015-02-24,2015,1,7220,長片,遊戲實況,playlist,,《惡靈古堡 啟示》劇情直播 Resident Evil Biohazard Revelations GamePlay  Walkthrough,False,none,0.0,,False,False,,1483,7.0,1.0,19,https://www.youtube.com/watch?v=eSN1StghXsk
GKbHta9gTjg,《惡靈古堡 - 啟示》中字 劇情直播 Day2-Part2 Resident Evil Biohazard Revelations GamePlay  Walkthrough Chinese Sub,2015-02-24 00:17:24,2015-02-24,2015,0,1488,長片,遊戲實況,playlist,,《惡靈古堡 啟示》劇情直播 Resident Evil Biohazard Revelations GamePlay  Walkthrough,False,none,0.0,,False,False,,1067,5.0,0.0,19,https://www.youtube.com/watch?v=GKbHta9gTjg
yS5m6x2Nyf8,刀塔傳奇 團副研究院 12章BOSS頭目 船長 223萬傷害 (使用冰女!),2015-02-23 04:19:11,2015-02-23,2015,4,385,長片,遊戲實況,playlist,,刀塔傳奇 團副研究院,False,none,0.0,,False,False,,32396,54.0,20.0,20,https://www.youtube.com/watch?v=yS5m6x2Nyf8
D3CizPsw2kU,《惡靈古堡 - 啟示》中字 劇情直播 Day1  Resident Evil Biohazard Revelations GamePlay Walkthrough Chinese Sub,2015-02-23 03:25:21,2015-02-23,2015,3,6410,長片,遊戲實況,playlist,,《惡靈古堡 啟示》劇情直播 Resident Evil Biohazard Revelations GamePlay  Walkthrough,False,none,0.0,,False,False,,5477,22.0,5.0,19,https://www.youtube.com/watch?v=D3CizPsw2kU
T4C_01jeaqk,刀塔冷知識 第十集 死亡先知大絕次數與吸血比例,2015-02-22 20:02:06,2015-02-22,2015,20,646,長片,遊戲實況,playlist,,刀塔冷知識,False,none,0.0,,False,False,,11847,70.0,17.0,20,https://www.youtube.com/watch?v=T4C_01jeaqk
QckSQZqE6II,刀塔傳奇 覺醒英雄 娜迦海妖 全面剖析與競技場講解,2015-02-21 21:25:33,2015-02-21,2015,21,731,長片,遊戲實況,playlist,,刀塔傳奇,False,none,0.0,,False,False,,6330,29.0,18.0,20,https://www.youtube.com/watch?v=QckSQZqE6II
yP7xgvZkRNw,刀塔傳奇 團副研究院 13章頭目Boss 泰坦 239萬傷害講解 ( 帶先知),2015-02-17 02:16:40,2015-02-17,2015,2,209,長片,遊戲實況,playlist,,刀塔傳奇 團副研究院|刀塔傳奇,False,none,0.0,,False,False,,44331,59.0,17.0,20,https://www.youtube.com/watch?v=yP7xgvZkRNw
7MbCMbhlSCA,刀塔傳奇 預言之池 瘋狂之血 難度6 高閃避隊伍通關解說,2015-02-17 02:06:49,2015-02-17,2015,2,229,長片,遊戲實況,playlist,,刀塔傳奇,False,none,0.0,,False,False,,12744,22.0,6.0,20,https://www.youtube.com/watch?v=7MbCMbhlSCA
D0LB2o3okcI,刀塔冷知識 第九集 巨魔與藍胖的加速可否疊加,2015-02-15 02:47:00,2015-02-15,2015,2,781,長片,遊戲實況,playlist,,刀塔冷知識,False,none,0.0,,False,False,,10701,40.0,42.0,20,https://www.youtube.com/watch?v=D0LB2o3okcI
hOZ1fld1Ieo,《Dying Light 垂死之光 》Gameplay Walkthrough 實況 劇情模式 第八集(劇終),2015-02-14 01:02:17,2015-02-14,2015,1,8599,長片,遊戲實況,playlist,,《Dying Light 垂死之光 》實況,False,none,0.0,,False,False,,1377,1.0,2.0,19,https://www.youtube.com/watch?v=hOZ1fld1Ieo
qWWQmDnKQcQ,《Dying Light 垂死之光 》實況精華 最終跑酷難關 final Parkour,2015-02-14 00:49:04,2015-02-14,2015,0,1852,長片,遊戲實況,playlist,,《Dying Light 垂死之光 》實況,False,none,0.0,,False,False,,8220,31.0,10.0,19,https://www.youtube.com/watch?v=qWWQmDnKQcQ
GnubCDFSza8,《Dying Light 垂死之光 》Gameplay Walkthrough 實況 劇情模式 第七集,2015-02-13 03:20:50,2015-02-13,2015,3,11983,長片,遊戲實況,playlist,,《Dying Light 垂死之光 》實況,False,none,0.0,,False,False,,1539,2.0,4.0,19,https://www.youtube.com/watch?v=GnubCDFSza8
V1m3v5p0OR8,《Dying Light 垂死之光 》實況精華 嬰靈小屁孩 justin bieber zombie,2015-02-13 01:12:44,2015-02-13,2015,1,109,長片,遊戲實況,playlist,,《Dying Light 垂死之光 》實況,False,none,0.0,,False,False,,860,4.0,0.0,20,https://www.youtube.com/watch?v=V1m3v5p0OR8
DK7l-XfM6iA,刀塔傳奇 團副研究院 13章Boss頭目 泰坦 228萬傷害講解 (無魂夾英雄),2015-02-13 00:41:25,2015-02-13,2015,0,197,長片,遊戲實況,playlist,,刀塔傳奇 團副研究院|刀塔傳奇,False,none,0.0,,False,False,,16046,28.0,10.0,20,https://www.youtube.com/watch?v=DK7l-XfM6iA
Y1OzuuoX2M4,英雄決勝團 主播挑戰賽,2015-02-12 04:10:55,2015-02-12,2015,4,4226,長片,挑戰/企劃,keyword,,,False,none,0.0,,False,False,,1393,3.0,1.0,19,https://www.youtube.com/watch?v=Y1OzuuoX2M4
_lq-uxKcRiY,《Dying Light 垂死之光 》Gameplay Walkthrough 實況 劇情模式 第六集,2015-02-12 02:21:20,2015-02-12,2015,2,7888,長片,遊戲實況,playlist,,《Dying Light 垂死之光 》實況,False,none,0.0,,False,False,,892,4.0,0.0,19,https://www.youtube.com/watch?v=_lq-uxKcRiY
xrARG_dp6_k,《Dying Light 垂死之光 》實況精華 火烤殭屍就是美味 Burning Zombie,2015-02-12 01:33:14,2015-02-12,2015,1,112,長片,遊戲實況,playlist,,《Dying Light 垂死之光 》實況,False,none,0.0,,False,False,,1154,6.0,0.0,20,https://www.youtube.com/watch?v=xrARG_dp6_k
w_4SSGKmy3s,《Dying Light 垂死之光 》實況精華 佛山無影腳(失敗篇) Kick Fail,2015-02-12 01:01:03,2015-02-12,2015,1,24,長片,遊戲實況,playlist,,《Dying Light 垂死之光 》實況,False,none,0.0,,False,False,,873,7.0,4.0,20,https://www.youtube.com/watch?v=w_4SSGKmy3s
lsMriAgu1mc,《Dying Light 垂死之光 》實況精華 game review 下水道大逃殺,2015-02-11 02:24:03,2015-02-11,2015,2,620,長片,遊戲實況,playlist,,《Dying Light 垂死之光 》實況,False,none,0.0,,False,False,,727,5.0,1.0,20,https://www.youtube.com/watch?v=lsMriAgu1mc
Z6tOJ2FekoE,《Dying Light 垂死之光 》實況精華  Demolisher Boss review 決戰粉碎者,2015-02-11 02:17:42,2015-02-11,2015,2,375,長片,遊戲實況,playlist,,《Dying Light 垂死之光 》實況,False,none,0.0,,False,False,,996,1.0,0.0,20,https://www.youtube.com/watch?v=Z6tOJ2FekoE
3r2WH2zdJ3U,《Dying Light 垂死之光 》Gameplay Walkthrough 實況 劇情模式 第五集 Part1,2015-02-11 01:22:09,2015-02-11,2015,1,5283,長片,遊戲實況,playlist,,《Dying Light 垂死之光 》實況,False,none,0.0,,False,False,,638,5.0,0.0,19,https://www.youtube.com/watch?v=3r2WH2zdJ3U
H6LWhyFrnD0,《Dying Light 垂死之光 》Gameplay Walkthrough 實況 劇情模式 第五集 Part2,2015-02-11 01:05:04,2015-02-11,2015,1,3108,長片,遊戲實況,playlist,,《Dying Light 垂死之光 》實況,False,none,0.0,,False,False,,575,5.0,5.0,19,https://www.youtube.com/watch?v=H6LWhyFrnD0
nEsbLmv5w4c,刀塔傳奇 團副研究院 12、13章 BOSS 頭目 200萬 高傷害教學,2015-02-10 19:05:13,2015-02-10,2015,19,669,長片,遊戲實況,playlist,,刀塔傳奇 團副研究院|刀塔傳奇,False,none,0.0,,False,False,,33910,53.0,30.0,20,https://www.youtube.com/watch?v=nEsbLmv5w4c
zH82xjlYXSY,《Dying Light 垂死之光 》實況精華 Game review the DARK is coming 黑夜降臨,2015-02-10 01:52:37,2015-02-10,2015,1,329,長片,遊戲實況,playlist,,《Dying Light 垂死之光 》實況,False,none,0.0,,False,False,,640,4.0,0.0,20,https://www.youtube.com/watch?v=zH82xjlYXSY
hZ0RZ0dKI8w,《Dying Light 垂死之光 》Gameplay Walkthrough 實況 劇情模式 第四集 Part2,2015-02-10 01:34:56,2015-02-10,2015,1,9048,長片,遊戲實況,playlist,,《Dying Light 垂死之光 》實況,False,none,0.0,,False,False,,1213,3.0,2.0,19,https://www.youtube.com/watch?v=hZ0RZ0dKI8w
2-o3n0hERx8,《Dying Light 垂死之光 》Gameplay Walkthrough 實況 劇情模式 第四集 Part1,2015-02-10 00:55:30,2015-02-10,2015,0,3295,長片,遊戲實況,playlist,,《Dying Light 垂死之光 》實況,False,none,0.0,,False,False,,862,4.0,3.0,19,https://www.youtube.com/watch?v=2-o3n0hERx8
0WDoyWF7ClM,《Dying Light 垂死之光 》Gameplay Walkthrough 實況 劇情模式 第三集,2015-02-09 02:47:27,2015-02-09,2015,2,8946,長片,遊戲實況,playlist,,《Dying Light 垂死之光 》實況,False,none,0.0,,False,False,,1248,5.0,6.0,19,https://www.youtube.com/watch?v=0WDoyWF7ClM
IHRERdVOzXs,《Dying Light 垂死之光 》實況精華 game review look my foot  佛山無影腳,2015-02-09 01:56:15,2015-02-09,2015,1,179,長片,遊戲實況,playlist,,《Dying Light 垂死之光 》實況,False,none,0.0,,False,False,,1001,8.0,4.0,20,https://www.youtube.com/watch?v=IHRERdVOzXs
DvrLz-sU628,刀塔冷知識 第八集 扣甲技能是否能疊加 (魚人、召喚師),2015-02-08 04:03:31,2015-02-08,2015,4,468,長片,遊戲實況,playlist,,刀塔冷知識,False,none,0.0,,False,False,,10209,32.0,20.0,20,https://www.youtube.com/watch?v=DvrLz-sU628
wrsDfIV9El0,《Dying Light 垂死之光 》Gameplay Walkthrough 實況 劇情模式 第二集,2015-02-08 02:50:02,2015-02-08,2015,2,6105,長片,遊戲實況,playlist,,《Dying Light 垂死之光 》實況,False,none,0.0,,False,False,,1442,9.0,3.0,19,https://www.youtube.com/watch?v=wrsDfIV9El0
qfeq3z9J2ZE,《Dying Light 垂死之光 》Game Review 實況精華 第一集,2015-02-07 07:17:56,2015-02-07,2015,7,1370,長片,遊戲實況,playlist,,《Dying Light 垂死之光 》實況,False,none,0.0,,False,False,,1849,9.0,7.0,20,https://www.youtube.com/watch?v=qfeq3z9J2ZE
KSKo9oCfcRw,《Dying Light 垂死之光 》Gameplay Walkthrough 實況 劇情模式 第一集,2015-02-07 03:50:38,2015-02-07,2015,3,6848,長片,遊戲實況,playlist,,《Dying Light 垂死之光 》實況,False,none,0.0,,False,False,,3279,24.0,6.0,19,https://www.youtube.com/watch?v=KSKo9oCfcRw
OpzFcGwpjJ8,刀塔傳奇 團副研究院 11章 開場關卡 最高傷害 示範,2015-02-06 14:18:25,2015-02-06,2015,14,216,長片,遊戲實況,playlist,,刀塔傳奇 團副研究院|刀塔傳奇,False,none,0.0,,False,False,,13283,30.0,14.0,20,https://www.youtube.com/watch?v=OpzFcGwpjJ8
AcWUe58L0Rw,暴雪AMD夢想聯賽決賽 ImSoHappy vs HKAShadeSea,2015-02-06 10:36:42,2015-02-06,2015,10,5247,長片,遊戲實況,playlist,,爐石戰記 直播精華,False,none,0.0,,False,False,,4477,17.0,4.0,20,https://www.youtube.com/watch?v=AcWUe58L0Rw
gH1RpcLmkP0,CMSTORM邀請賽-四強 Sen vs Polt,2015-02-05 09:03:32,2015-02-05,2015,9,1780,長片,未分類,none,,,False,none,0.0,,False,False,,5746,14.0,4.0,20,https://www.youtube.com/watch?v=gH1RpcLmkP0
5QoM-RP9Skw,CMSTORM邀請賽-冠亞 Has vs Polt,2015-02-05 04:01:20,2015-02-05,2015,4,2326,長片,未分類,none,,,False,none,0.0,,False,False,,18559,75.0,15.0,20,https://www.youtube.com/watch?v=5QoM-RP9Skw
-lyXfAVo840,CMStorm邀請賽-四強 Has vs Revival,2015-02-05 02:33:51,2015-02-05,2015,2,1694,長片,未分類,none,,,False,none,0.0,,False,False,,7486,27.0,3.0,20,https://www.youtube.com/watch?v=-lyXfAVo840
2SoMTNTwIL0,爐石名人 Amaz vs 爐石製作人Jason,2015-02-04 18:15:48,2015-02-04,2015,18,654,長片,遊戲實況,playlist,,爐石戰記 直播精華,False,none,0.0,,False,False,,71410,149.0,17.0,20,https://www.youtube.com/watch?v=2SoMTNTwIL0
dd1RO76XBdk,台港澳顛峰競技VIP邀請賽 冠亞軍 - 自由天空 vs 好棒棒,2015-02-01 05:58:16,2015-02-01,2015,5,1242,長片,遊戲實況,playlist,,刀塔傳奇,False,none,0.0,,False,False,,13864,24.0,7.0,20,https://www.youtube.com/watch?v=dd1RO76XBdk
PPkvhFGO8Mk,刀塔冷知識 第七集 月騎的旋轉飛刃,2015-01-31 12:00:00,2015-01-31,2015,12,643,長片,遊戲實況,playlist,,刀塔冷知識,False,none,0.0,,False,False,,11003,39.0,13.0,20,https://www.youtube.com/watch?v=PPkvhFGO8Mk
A2qN_Auc8DE,刀塔傳奇 從60級用到90級的萬用遠征隊,2015-01-27 19:44:05,2015-01-27,2015,19,1069,長片,遊戲實況,playlist,,刀塔傳奇,False,none,0.0,,False,False,,100452,236.0,96.0,20,https://www.youtube.com/watch?v=A2qN_Auc8DE
V4fOFOj1P2M,刀塔傳奇 五種最浪費鑽石的行為,2015-01-27 19:44:05,2015-01-27,2015,19,613,長片,遊戲實況,playlist,,刀塔傳奇,False,none,0.0,,False,False,,147409,368.0,134.0,20,https://www.youtube.com/watch?v=V4fOFOj1P2M
g1LWpWk5Hjk,刀塔冷知識 第六集 猴子的分身指南,2015-01-25 02:14:46,2015-01-25,2015,2,763,長片,遊戲實況,playlist,,刀塔冷知識,False,none,0.0,,False,False,,21712,72.0,16.0,20,https://www.youtube.com/watch?v=g1LWpWk5Hjk
FkCvJv0Bx-Y,爐石戰記-直播精華 心控神逆轉,2015-01-24 02:20:11,2015-01-24,2015,2,328,長片,遊戲實況,playlist,,爐石戰記 直播精華,False,none,0.0,,False,False,,14698,16.0,9.0,20,https://www.youtube.com/watch?v=FkCvJv0Bx-Y
6QFM8eXWu34,刀塔冷知識 第五集 光之守衛的動感光波,2015-01-17 17:58:10,2015-01-17,2015,17,843,長片,遊戲實況,playlist,,刀塔冷知識,False,none,0.0,,False,False,,15130,63.0,20.0,20,https://www.youtube.com/watch?v=6QFM8eXWu34
9Kw433B380o,台港澳WCS S1 16強 AK vs Vanilla,2015-01-14 23:39:57,2015-01-14,2015,23,3509,長片,電競賽事,playlist,,2015 台港澳WCS 第一季,False,none,0.0,,False,False,,3652,12.0,2.0,20,https://www.youtube.com/watch?v=9Kw433B380o
gqbHODsm1-c,台港澳WCS S1 32強 Sen vs Cheetos,2015-01-14 22:35:30,2015-01-14,2015,22,1259,長片,電競賽事,playlist,,2015 台港澳WCS 第一季,False,none,0.0,,False,False,,5724,12.0,2.0,20,https://www.youtube.com/watch?v=gqbHODsm1-c
_1J5fqmexsk,台港澳WCS S1 64強 Fist vs Slam,2015-01-13 23:40:51,2015-01-13,2015,23,4047,長片,電競賽事,playlist,,2015 台港澳WCS 第一季,False,none,0.0,,False,False,,2120,12.0,1.0,20,https://www.youtube.com/watch?v=_1J5fqmexsk
IUNmPEo_gDg,台港澳WCS S1 64強 Has vs RedFeet,2015-01-13 22:19:52,2015-01-13,2015,22,1912,長片,電競賽事,playlist,,2015 台港澳WCS 第一季,False,none,0.0,,False,False,,8325,22.0,1.0,19,https://www.youtube.com/watch?v=IUNmPEo_gDg
Y2nUw8La9sc,刀塔冷知識 第四集 藍胖 多重施法機率實測,2015-01-10 22:08:38,2015-01-10,2015,22,725,長片,遊戲實況,playlist,,刀塔冷知識|刀塔傳奇,False,none,0.0,,False,False,,21897,83.0,29.0,20,https://www.youtube.com/watch?v=Y2nUw8La9sc
YBC6xkVGXv0,刀塔傳奇 流言破解者 三白一金 開遠征寶箱,2015-01-09 06:01:17,2015-01-09,2015,6,81,長片,遊戲實況,playlist,,刀塔傳奇,False,none,0.0,,False,False,,14347,24.0,0.0,20,https://www.youtube.com/watch?v=YBC6xkVGXv0
taTn_QO43MQ,刀塔傳奇 86級 - 遠征觀念解說 (全通關三次 使用劍聖、法系),2015-01-06 19:11:15,2015-01-06,2015,19,3602,長片,遊戲實況,playlist,,刀塔傳奇,False,none,0.0,,False,False,,13341,30.0,5.0,20,https://www.youtube.com/watch?v=taTn_QO43MQ
eB6G99ED1gM,刀塔冷知識 第三集 遊俠的箭筒裡有幾根箭,2015-01-03 00:51:15,2015-01-03,2015,0,1152,長片,遊戲實況,playlist,,刀塔冷知識|刀塔傳奇,False,none,0.0,,False,False,,23304,65.0,5.0,20,https://www.youtube.com/watch?v=eB6G99ED1gM
_OvCidUgZ00,刀塔小技巧  一根樹枝就可以解掉附魔任務,2014-12-30 16:13:21,2014-12-30,2014,16,172,長片,遊戲實況,playlist,,刀塔傳奇,False,none,0.0,,False,False,,27889,51.0,6.0,20,https://www.youtube.com/watch?v=_OvCidUgZ00
kD6kCJBuMBQ,《Joeman 脫口秀 》第四集 - 歡迎光臨my縫,2014-12-28 02:06:29,2014-12-28,2014,2,1234,長片,人物/訪談,playlist,Joeman脫口秀,Joeman脫口秀,False,none,0.0,,False,False,,17856,65.0,7.0,20,https://www.youtube.com/watch?v=kD6kCJBuMBQ
1H-j0c5ZHNE,刀塔冷知識-第二集 巫妖的神秘冰球,2014-12-27 17:07:38,2014-12-27,2014,17,762,長片,遊戲實況,playlist,,刀塔冷知識|刀塔傳奇,False,none,0.0,,False,False,,34511,85.0,4.0,20,https://www.youtube.com/watch?v=1H-j0c5ZHNE
2JjJn6GrF7Q,刀塔傳奇《台港澳巔峰競技》南區冠亞 : 彰化人 vs 吉初,2014-12-20 23:13:49,2014-12-20,2014,23,1384,長片,遊戲實況,playlist,,刀塔傳奇,False,none,0.0,,False,False,,26674,32.0,4.0,20,https://www.youtube.com/watch?v=2JjJn6GrF7Q
HnxpS9gN6M4,刀塔冷知識-第一集- 修補匠你到底射了幾次,2014-12-20 00:42:31,2014-12-20,2014,0,495,長片,遊戲實況,playlist,,刀塔冷知識|刀塔傳奇,False,none,0.0,,False,False,,32065,70.0,14.0,20,https://www.youtube.com/watch?v=HnxpS9gN6M4
6jgxdk7ZsCQ,"刀塔小技巧-10秒打完巔峰競技場  (無須外掛,不用越獄)",2014-12-18 23:05:30,2014-12-18,2014,23,196,長片,遊戲實況,playlist,,刀塔傳奇,False,none,0.0,,False,False,,61018,72.0,19.0,20,https://www.youtube.com/watch?v=6jgxdk7ZsCQ
fzOlNau3gC0,刀塔傳奇《台港澳巔峰競技》中區季殿 : 尾巴 vs 魔幻,2014-12-15 01:12:29,2014-12-15,2014,1,1317,長片,遊戲實況,playlist,,刀塔傳奇,False,none,0.0,,False,False,,9623,10.0,3.0,20,https://www.youtube.com/watch?v=fzOlNau3gC0
BMUzzkKsyuo,刀塔傳奇《台港澳巔峰競技》中區四強: 鬼鬼 vs 魔幻,2014-12-15 01:12:28,2014-12-15,2014,1,1411,長片,遊戲實況,playlist,,刀塔傳奇,False,none,0.0,,False,False,,4354,11.0,0.0,20,https://www.youtube.com/watch?v=BMUzzkKsyuo
K9MD5pXXISc,刀塔傳奇《台港澳巔峰競技》中區四強:JJ vs 尾巴,2014-12-15 01:12:28,2014-12-15,2014,1,1443,長片,遊戲實況,playlist,,刀塔傳奇,False,none,0.0,,False,False,,4876,7.0,0.0,20,https://www.youtube.com/watch?v=K9MD5pXXISc
WgY8uTKmnr0,刀塔傳奇《台港澳巔峰競技》中區冠亞 : JJ vs 鬼鬼,2014-12-15 01:12:28,2014-12-15,2014,1,1028,長片,遊戲實況,playlist,,刀塔傳奇,False,none,0.0,,False,False,,47415,72.0,9.0,20,https://www.youtube.com/watch?v=WgY8uTKmnr0
Jrww7EGqi5I,刀塔傳奇《台港澳巔峰競技》北區精華: 十個卡爾九個菜，剩下一個......,2014-12-08 00:33:57,2014-12-08,2014,0,287,長片,遊戲實況,playlist,,刀塔傳奇,False,none,0.0,,False,False,,10366,9.0,5.0,20,https://www.youtube.com/watch?v=Jrww7EGqi5I
LX1noW6zmuU,刀塔傳奇《台港澳巔峰競技》北區決賽: 華賢 vs 大安古天樂,2014-12-08 00:13:19,2014-12-08,2014,0,1245,長片,遊戲實況,playlist,,刀塔傳奇,False,none,0.0,,False,False,,75203,110.0,29.0,20,https://www.youtube.com/watch?v=LX1noW6zmuU
_BOeeqgWUts,刀塔傳奇《台港澳巔峰競技》北區精華- 全控場流 + 聖堂SOLO秀,2014-12-07 23:58:54,2014-12-07,2014,23,462,長片,遊戲實況,playlist,,刀塔傳奇,False,none,0.0,,False,False,,23481,23.0,2.0,20,https://www.youtube.com/watch?v=_BOeeqgWUts
yGenWUxe1-c,《刀塔時光屋》台版 召喚師 介紹 / 競技場實戰 影片,2014-12-02 09:41:10,2014-12-02,2014,9,836,長片,遊戲實況,playlist,,刀塔傳奇,False,none,0.0,,False,False,,72395,111.0,19.0,20,https://www.youtube.com/watch?v=yGenWUxe1-c
rmZpbNJvcbk,《Joeman 脫口秀 》第三集 - 星海柯P,2014-12-01 18:25:33,2014-12-01,2014,18,1062,長片,人物/訪談,playlist,Joeman脫口秀,Joeman脫口秀,False,none,0.0,,False,False,,10999,45.0,13.0,20,https://www.youtube.com/watch?v=rmZpbNJvcbk
Q-EOOpqYM2Y,刀塔傳奇《台港澳巔峰競技》北區精華- 光法vs狙擊手,2014-12-01 14:14:50,2014-12-01,2014,14,390,長片,遊戲實況,playlist,,刀塔傳奇,False,none,0.0,,False,False,,24188,26.0,1.0,20,https://www.youtube.com/watch?v=Q-EOOpqYM2Y
4TDAXPM-ulY,《Joeman 脫口秀 》第二集 - 死神的綠光,2014-11-17 23:32:32,2014-11-17,2014,23,121,長片,人物/訪談,playlist,Joeman脫口秀,Joeman脫口秀,False,none,0.0,,False,False,,7701,86.0,8.0,20,https://www.youtube.com/watch?v=4TDAXPM-ulY
e07mSDFWyjQ,《Joeman 脫口秀 》第一集 - 轉打一波,2014-11-16 18:22:20,2014-11-16,2014,18,688,長片,人物/訪談,playlist,Joeman脫口秀,Joeman脫口秀,False,none,0.0,,False,False,,12563,56.0,14.0,20,https://www.youtube.com/watch?v=e07mSDFWyjQ
tY6NMvXCPOc,"《暴雪英霸日常》阿巴瑟 11/10-3 (隊友:Sobad , 羅密歐 , Huhu , EZ )",2014-11-11 12:00:09,2014-11-11,2014,12,901,長片,遊戲實況,playlist,,《暴雪英霸》日常,False,none,0.0,,False,False,,1591,1.0,1.0,20,https://www.youtube.com/watch?v=tY6NMvXCPOc
F4P07_I3U3Q,"《暴雪英霸日常》阿巴瑟 11/10-2 (隊友:Sobad , 羅密歐 , Huhu , EZ )",2014-11-11 11:47:37,2014-11-11,2014,11,902,長片,遊戲實況,playlist,,《暴雪英霸》日常,False,none,0.0,,False,False,,1770,1.0,1.0,20,https://www.youtube.com/watch?v=F4P07_I3U3Q
No-RHot-6QA,"《暴雪英霸日常》阿巴瑟 11/10-4 (隊友:Sobad , 羅密歐 , Huhu , EZ )",2014-11-11 11:43:45,2014-11-11,2014,11,854,長片,遊戲實況,playlist,,《暴雪英霸》日常,False,none,0.0,,False,False,,949,1.0,2.0,20,https://www.youtube.com/watch?v=No-RHot-6QA
CHk7DB3jBbU,"《暴雪英霸日常》阿巴瑟 11/10-1 (隊友:Sobad , 羅密歐 , Huhu , EZ )",2014-11-11 11:43:05,2014-11-11,2014,11,902,長片,遊戲實況,playlist,,《暴雪英霸》日常,False,none,0.0,,False,False,,3355,3.0,2.0,20,https://www.youtube.com/watch?v=CHk7DB3jBbU
bXc-ZeQfIt0,"暴雪英霸日常 - 詛咒谷地 - 阿努巴拉克  (隊友:羅密歐,sara ,小花)",2014-11-07 01:06:38,2014-11-07,2014,1,1541,長片,遊戲實況,playlist,,《暴雪英霸》日常,False,none,0.0,,False,False,,2239,4.0,1.0,20,https://www.youtube.com/watch?v=bXc-ZeQfIt0
cxstWzmDawE,"暴雪英霸日常 - 恐懼花園 - 阿努巴拉克 (隊友:羅密歐,sara)",2014-11-07 00:59:04,2014-11-07,2014,0,1309,長片,遊戲實況,playlist,,《暴雪英霸》日常,False,none,0.0,,False,False,,1075,3.0,1.0,20,https://www.youtube.com/watch?v=cxstWzmDawE
rMtPCCoBj4k,"暴雪英霸日常 - 詛咒谷地 - 狄亞布羅  (隊友:羅密歐,sara)",2014-11-07 00:57:49,2014-11-07,2014,0,1542,長片,遊戲實況,playlist,,《暴雪英霸》日常,False,none,0.0,,False,False,,2900,4.0,3.0,20,https://www.youtube.com/watch?v=rMtPCCoBj4k
vwp84wBrS5w,"《暴雪英霸日常》縫合怪、阿努巴拉克 (隊友:Sobad , 羅密歐 , Huhu , Sola )",2014-11-06 01:46:16,2014-11-06,2014,1,6409,長片,遊戲實況,playlist,,《暴雪英霸》日常,False,none,0.0,,False,False,,5911,12.0,1.0,20,https://www.youtube.com/watch?v=vwp84wBrS5w
R_DTyYG0Trc,《CONM》4強:SMG vs Dissent- 2/2 黑心灣,2014-10-26 15:28:35,2014-10-26,2014,15,955,長片,電競賽事,playlist,,Champion of New Maelstrom盃,False,none,0.0,,False,False,,969,2.0,2.0,20,https://www.youtube.com/watch?v=R_DTyYG0Trc
5qQpnSMhs_w,《CONM》4強:SMG vs Dissent- 1/2 詛咒谷地,2014-10-26 15:28:30,2014-10-26,2014,15,786,長片,電競賽事,playlist,,Champion of New Maelstrom盃,False,none,0.0,,False,False,,986,1.0,1.0,20,https://www.youtube.com/watch?v=5qQpnSMhs_w
8PF1SjbDTpY,《CONM》冠亞:SMG vs Glorious- 3/3 巨龍郡,2014-10-26 15:28:27,2014-10-26,2014,15,956,長片,電競賽事,playlist,,Champion of New Maelstrom盃,False,none,0.0,,False,False,,877,1.0,0.0,20,https://www.youtube.com/watch?v=8PF1SjbDTpY
yt00OZRocOg,《CONM》冠亞:SMG vs Glorious- 2/3 詛咒谷地,2014-10-26 15:28:24,2014-10-26,2014,15,1023,長片,電競賽事,playlist,,Champion of New Maelstrom盃,False,none,0.0,,False,False,,842,1.0,3.0,20,https://www.youtube.com/watch?v=yt00OZRocOg
f9_ozzNKu3Q,《CONM》冠亞:SMG vs Glorious- 1/3 詛咒谷地,2014-10-26 15:28:20,2014-10-26,2014,15,1390,長片,電競賽事,playlist,,Champion of New Maelstrom盃,False,none,0.0,,False,False,,934,0.0,0.0,20,https://www.youtube.com/watch?v=f9_ozzNKu3Q
UYqEII7SKNI,《CONM》8強:Orz vs Dissent- 2/3 亡骸礦坑,2014-10-18 23:07:51,2014-10-18,2014,23,1012,長片,電競賽事,playlist,,Champion of New Maelstrom盃,False,none,0.0,,False,False,,1014,0.0,2.0,20,https://www.youtube.com/watch?v=UYqEII7SKNI
VyMPjqFsY2s,《CONM》8強:Orz vs Dissent- 1/3 巨龍郡,2014-10-18 23:07:51,2014-10-18,2014,23,1195,長片,電競賽事,playlist,,Champion of New Maelstrom盃,False,none,0.0,,False,False,,1115,1.0,0.0,20,https://www.youtube.com/watch?v=VyMPjqFsY2s
55RnSdCO9xc,《CONM》8強:Orz vs Dissent- 3/3 恐怖花園,2014-10-18 23:07:50,2014-10-18,2014,23,849,長片,電競賽事,playlist,,Champion of New Maelstrom盃,False,none,0.0,,False,False,,909,0.0,0.0,20,https://www.youtube.com/watch?v=55RnSdCO9xc
O5ghvXgm_Kg,《CONM》14強:MYW vs DMC- 巨龍郡,2014-10-18 02:18:03,2014-10-18,2014,2,2064,長片,電競賽事,playlist,,Champion of New Maelstrom盃,False,none,0.0,,False,False,,929,2.0,1.0,20,https://www.youtube.com/watch?v=O5ghvXgm_Kg
Aj_l9JjA88s,《CONM》14強:SnowFlake vs CG- 巨龍郡,2014-10-18 01:50:31,2014-10-18,2014,1,1155,長片,電競賽事,playlist,,Champion of New Maelstrom盃,False,none,0.0,,False,False,,504,0.0,0.0,20,https://www.youtube.com/watch?v=Aj_l9JjA88s
2Q3Ypot72dU,《CONM》14強:QQQ vs Arthur- 恐怖花園,2014-10-18 01:39:17,2014-10-18,2014,1,1591,長片,電競賽事,playlist,,Champion of New Maelstrom盃,False,none,0.0,,False,False,,626,0.0,3.0,20,https://www.youtube.com/watch?v=2Q3Ypot72dU
Ep__XCrZqpw,《CONM》14強:ORZ vs IAW- 黑心灣,2014-10-18 01:35:01,2014-10-18,2014,1,1480,長片,電競賽事,playlist,,Champion of New Maelstrom盃,False,none,0.0,,False,False,,721,0.0,0.0,20,https://www.youtube.com/watch?v=Ep__XCrZqpw
bZKPNlrDEJA,《CONM》14強:ZNH vs GLORIOUS- 詛咒谷地,2014-10-18 01:31:44,2014-10-18,2014,1,972,長片,電競賽事,playlist,,Champion of New Maelstrom盃,False,none,0.0,,False,False,,589,0.0,0.0,20,https://www.youtube.com/watch?v=bZKPNlrDEJA
4P9JCfgq95Q,《CONM》14強:Dh9 vs TNL- 亡骸礦坑,2014-10-18 01:15:37,2014-10-18,2014,1,1046,長片,電競賽事,playlist,,Champion of New Maelstrom盃,False,none,0.0,,False,False,,2194,3.0,2.0,20,https://www.youtube.com/watch?v=4P9JCfgq95Q
JPtrouBRVmE,《CONM》14強:Dissent vs SuperBoys- 亡骸礦坑,2014-10-18 01:15:33,2014-10-18,2014,1,922,長片,電競賽事,playlist,,Champion of New Maelstrom盃,False,none,0.0,,False,False,,880,1.0,0.0,20,https://www.youtube.com/watch?v=JPtrouBRVmE
wsrbyGn-Ry4,暴雪英霸送帳號抽獎直播,2014-10-18 00:38:24,2014-10-18,2014,0,206,長片,遊戲實況,keyword,,,False,none,0.0,,False,False,,893,2.0,0.0,20,https://www.youtube.com/watch?v=wsrbyGn-Ry4
JFftqCsysLo,"暴雪英霸 中文化上線首日直播- Part1 (Joeman,Sobad, 羅密歐,Sara , 六月 )",2014-10-16 00:21:33,2014-10-16,2014,0,3256,長片,遊戲實況,playlist,,《暴雪英霸》日常,False,none,0.0,,False,False,,40715,29.0,4.0,20,https://www.youtube.com/watch?v=JFftqCsysLo
ckqd7ZgikEI,"暴雪英霸 中文化上線首日直播- Part2(Joeman,Sobad, 羅密歐,Sara , 六月 )",2014-10-15 23:42:37,2014-10-15,2014,23,2037,長片,遊戲實況,playlist,,《暴雪英霸》日常,False,none,0.0,,False,False,,4314,9.0,3.0,20,https://www.youtube.com/watch?v=ckqd7ZgikEI
2AoEHPBtXPo,全新手遊《Dungeon Clash》搶先試玩!群眾募資中!,2014-10-06 13:50:29,2014-10-06,2014,13,1629,長片,遊戲實況,keyword,,,False,none,0.0,,False,False,,3807,16.0,11.0,20,https://www.youtube.com/watch?v=2AoEHPBtXPo
mBG8qFP11rY,WirForce - Sobad Joeman 長毛  白瑞 跳舞,2014-08-30 05:19:54,2014-08-30,2014,5,327,長片,人物/訪談,playlist,Joeman脫口秀,Joeman脫口秀,False,none,0.0,,False,False,,7637,31.0,8.0,20,https://www.youtube.com/watch?v=mBG8qFP11rY
XVlLmhbwnDU,test,2014-08-28 16:47:45,2014-08-28,2014,16,0,長片,未分類,none,,,False,none,0.0,,False,False,,2,9.0,0.0,20,https://www.youtube.com/watch?v=XVlLmhbwnDU
HcrLty70HL4,[TCL7] 八強C組 第一場 CookingCatEx(Z) vs YaMeDe(P),2014-08-24 02:24:53,2014-08-24,2014,2,1160,長片,電競賽事,keyword,,,False,none,0.0,,False,False,,1500,9.0,0.0,20,https://www.youtube.com/watch?v=HcrLty70HL4
bZmkstIMbss,[TCL7] 八強C組 第三場 我很大(Z) vs optimus(T),2014-08-23 23:25:15,2014-08-23,2014,23,3042,長片,電競賽事,keyword,,,False,none,0.0,,False,False,,1498,2.0,2.0,20,https://www.youtube.com/watch?v=bZmkstIMbss
d0PJIt3Id6Q,[TCL7] 八強C組 第二場 大奶妹(P) VS toyz(Z),2014-08-23 22:29:50,2014-08-23,2014,22,1665,長片,電競賽事,keyword,,,False,none,0.0,,False,False,,2773,7.0,3.0,20,https://www.youtube.com/watch?v=d0PJIt3Id6Q
sulYg17Eay0,[TCL7] 八強C組 第四場 Speedtweenty(P) vs XiloEX(Z),2014-08-23 22:18:30,2014-08-23,2014,22,1797,長片,電競賽事,keyword,,,False,none,0.0,,False,False,,908,5.0,0.0,20,https://www.youtube.com/watch?v=sulYg17Eay0
duy1bcYiPSo,《TWOP精華》Sen 王者回歸 精華剪輯版,2014-08-14 18:06:25,2014-08-14,2014,18,6996,長片,電競賽事,playlist,,TWOP精華,False,none,0.0,,False,False,,204449,1170.0,159.0,20,https://www.youtube.com/watch?v=duy1bcYiPSo
liJkX1oHj-k,《TWOP精華》Sen vs Hyun 絕殺第六局,2014-08-13 22:20:17,2014-08-13,2014,22,621,長片,電競賽事,playlist,,TWOP精華,False,none,0.0,,False,False,,20887,109.0,8.0,20,https://www.youtube.com/watch?v=liJkX1oHj-k
1-vwTK2EyUk,《TWOP精華》Ian vs Jaedong 正面對決,2014-08-12 22:39:00,2014-08-12,2014,22,396,長片,電競賽事,playlist,,TWOP精華,False,none,0.0,,False,False,,8624,53.0,11.0,20,https://www.youtube.com/watch?v=1-vwTK2EyUk
4vrAcF2FaDs,[TYSL] U18總決賽(3強第一場) TOYZ(Z) vs 正恩神族遊韓服(P),2014-07-27 22:05:47,2014-07-27,2014,22,2302,長片,電競賽事,keyword,,,False,none,0.0,,False,False,,2958,12.0,0.0,20,https://www.youtube.com/watch?v=4vrAcF2FaDs
qRkBuxA_hEE,[TYSL] U18總決賽(3強第二場) TOYZ(Z) vs Speedtwenty(P),2014-07-27 21:53:14,2014-07-27,2014,21,2088,長片,電競賽事,keyword,,,False,none,0.0,,False,False,,1927,5.0,1.0,20,https://www.youtube.com/watch?v=qRkBuxA_hEE
rPSa_3wmeT0,[TYSL] U18總決賽(3強第三場) Speedtwenty(P) vs 正恩神族遊韓服(P),2014-07-27 21:41:52,2014-07-27,2014,21,1062,長片,電競賽事,keyword,,,False,none,0.0,,False,False,,1194,6.0,0.0,20,https://www.youtube.com/watch?v=rPSa_3wmeT0
1P6T6ED80wg,[TYSL] U18總決賽(12強) YungStorM(P) vs CellAN(Z),2014-07-26 21:52:26,2014-07-26,2014,21,3446,長片,電競賽事,keyword,,,False,none,0.0,,False,False,,1081,7.0,0.0,20,https://www.youtube.com/watch?v=1P6T6ED80wg
jIslK0JsyeA,[TYSL] U18總決賽(6強) SpeedTwenty(P) vs BlastSR(P),2014-07-26 21:26:20,2014-07-26,2014,21,1068,長片,電競賽事,keyword,,,False,none,0.0,,False,False,,954,9.0,0.0,20,https://www.youtube.com/watch?v=jIslK0JsyeA
cZMx0m8NoKc,《暴雪英霸日常》Diablo(狄亞布羅) with 羅密歐、阿森、Biesen、海棒子,2014-07-26 02:44:41,2014-07-26,2014,2,1050,長片,遊戲實況,playlist,,《暴雪英霸》日常,False,none,0.0,,False,False,,2089,7.0,0.0,20,https://www.youtube.com/watch?v=cZMx0m8NoKc
mgDLO9kpSks,《英霸小時光》塔薩達(Tassadar)-月井戰術,2014-07-19 20:08:25,2014-07-19,2014,20,277,長片,遊戲實況,playlist,,《暴雪英霸》日常,False,none,0.0,,False,False,,5155,55.0,4.0,20,https://www.youtube.com/watch?v=mgDLO9kpSks
AA3gmDOTANE,星海足球-台灣代表隊 vs 少驢時代《精華版》,2014-07-14 04:12:40,2014-07-14,2014,4,891,長片,人物/訪談,playlist,Joeman脫口秀,Joeman脫口秀,False,none,0.0,,False,False,,6648,53.0,11.0,20,https://www.youtube.com/watch?v=AA3gmDOTANE
T_6lGXMg3yE,星海足球-台灣代表隊 vs 少驢時代 Part3,2014-07-09 21:55:54,2014-07-09,2014,21,1460,長片,電競賽事,keyword,,,False,none,0.0,,False,False,,1661,8.0,1.0,20,https://www.youtube.com/watch?v=T_6lGXMg3yE
x7ud-hjTL_g,星海足球-台灣代表隊 vs 少驢時代 Part1,2014-07-09 21:44:49,2014-07-09,2014,21,1282,長片,電競賽事,keyword,,,False,none,0.0,,False,False,,2148,12.0,2.0,20,https://www.youtube.com/watch?v=x7ud-hjTL_g
OINUsiDaRek,星海足球-台灣代表隊 vs 少驢時代 Part2,2014-07-09 21:43:08,2014-07-09,2014,21,1225,長片,電競賽事,keyword,,,False,none,0.0,,False,False,,1346,5.0,0.0,20,https://www.youtube.com/watch?v=OINUsiDaRek
RzVt3R58fMM,星海足球世界杯-台灣VS義大利《精華篇》,2014-07-04 02:50:47,2014-07-04,2014,2,414,長片,人物/訪談,playlist,Joeman脫口秀,Joeman脫口秀,False,none,0.0,,False,False,,7234,39.0,6.0,20,https://www.youtube.com/watch?v=RzVt3R58fMM
tQSsxqhZHz0,星海足球世界杯-台灣VS義大利,2014-07-03 01:00:34,2014-07-03,2014,1,917,長片,電競賽事,keyword,,,False,none,0.0,,False,False,,2785,26.0,1.0,20,https://www.youtube.com/watch?v=tQSsxqhZHz0
4SEr0i7Glkw,星海足球台灣隊隊呼-NG篇,2014-07-03 00:44:16,2014-07-03,2014,0,434,長片,電競賽事,keyword,,,False,none,0.0,,False,False,,1331,5.0,0.0,20,https://www.youtube.com/watch?v=4SEr0i7Glkw
Y6drPkmWqGg,《英霸時光屋》輔助型英雄-莉莉(Lili) 介紹/攻略,2014-06-22 06:20:37,2014-06-22,2014,6,1004,長片,遊戲實況,playlist,,《暴雪英霸》日常,False,none,0.0,,False,False,,4182,19.0,3.0,20,https://www.youtube.com/watch?v=Y6drPkmWqGg
F_S3orPbSxc,《暴雪英霸日常》-亡骨礦坑 -Nova第一人稱,2014-06-10 00:34:07,2014-06-10,2014,0,1110,長片,遊戲實況,playlist,,《暴雪英霸》日常,False,none,0.0,,False,False,,5912,24.0,5.0,20,https://www.youtube.com/watch?v=F_S3orPbSxc
fVx5JWZnlQE,《暴雪英霸日常》-黑心灣-Lili第一人稱,2014-06-07 02:58:43,2014-06-07,2014,2,1078,長片,遊戲實況,playlist,,《暴雪英霸》日常,False,none,0.0,,False,False,,4388,14.0,4.0,20,https://www.youtube.com/watch?v=fVx5JWZnlQE
2VaO67C14BY,《暗黑破壞神3》華戒完結篇!都市傳說篇,2014-05-11 03:03:44,2014-05-11,2014,3,145,長片,遊戲實況,keyword,,,False,none,0.0,,False,False,,15900,49.0,15.0,20,https://www.youtube.com/watch?v=2VaO67C14BY
lGYf0aIiYRE,《暗黑破壞神3》華戒二部曲!一次開20包!,2014-04-30 00:22:12,2014-04-30,2014,0,57,長片,遊戲實況,keyword,,,False,none,0.0,,False,False,,9395,30.0,12.0,20,https://www.youtube.com/watch?v=lGYf0aIiYRE
ikfbzoQdXWc,《暗黑破壞神3》跑酷流-速刷丞相祭壇 (一小時五億經驗),2014-04-22 06:41:46,2014-04-22,2014,6,632,長片,遊戲實況,keyword,,,False,none,0.0,,False,False,,96534,187.0,36.0,20,https://www.youtube.com/watch?v=ikfbzoQdXWc
cwdbnPjNFqo,《暗黑破壞神3》 一次開17包A1禮包拼華戒!!!!,2014-04-21 00:42:14,2014-04-21,2014,0,126,長片,遊戲實況,keyword,,,False,none,0.0,,False,False,,13995,18.0,5.0,20,https://www.youtube.com/watch?v=cwdbnPjNFqo
ylrQj5oUMAo,《Joeman脫口秀》科科的故事,2014-01-23 21:46:26,2014-01-23,2014,21,80,長片,人物/訪談,playlist,Joeman脫口秀,Joeman脫口秀,False,none,0.0,,False,False,,8317,104.0,30.0,20,https://www.youtube.com/watch?v=ylrQj5oUMAo
1ysOsxbNV44,《星海戰隊經典賽》Rush vs StorM Part2,2014-01-20 20:56:03,2014-01-20,2014,20,1801,長片,電競賽事,keyword,,,False,none,0.0,,False,False,,6892,15.0,2.0,20,https://www.youtube.com/watch?v=1ysOsxbNV44
agzV8lR59DY,《星海戰隊經典賽》Rush vs StorM Part7,2014-01-20 20:53:25,2014-01-20,2014,20,1801,長片,電競賽事,keyword,,,False,none,0.0,,False,False,,4609,21.0,1.0,20,https://www.youtube.com/watch?v=agzV8lR59DY
-j1Hb1kTfLw,《星海戰隊經典賽》Rush vs StorM Part6,2014-01-20 20:52:13,2014-01-20,2014,20,1801,長片,電競賽事,keyword,,,False,none,0.0,,False,False,,3742,10.0,0.0,20,https://www.youtube.com/watch?v=-j1Hb1kTfLw
5mE0nyfVZHs,《星海戰隊經典賽》Rush vs StorM Part5,2014-01-20 20:50:56,2014-01-20,2014,20,1801,長片,電競賽事,keyword,,,False,none,0.0,,False,False,,4125,11.0,1.0,20,https://www.youtube.com/watch?v=5mE0nyfVZHs
n8ktXMOzhkw,《星海戰隊經典賽》Rush vs StorM Part4,2014-01-20 20:50:00,2014-01-20,2014,20,1801,長片,電競賽事,keyword,,,False,none,0.0,,False,False,,4039,10.0,2.0,20,https://www.youtube.com/watch?v=n8ktXMOzhkw
miBTlphlwWY,《星海戰隊經典賽》Rush vs StorM Part1,2014-01-20 20:49:37,2014-01-20,2014,20,1800,長片,電競賽事,keyword,,,False,none,0.0,,False,False,,7030,29.0,2.0,20,https://www.youtube.com/watch?v=miBTlphlwWY
R4o9_2bUZzU,《星海戰隊經典賽》Rush vs StorM Part3,2014-01-20 20:48:58,2014-01-20,2014,20,1801,長片,電競賽事,keyword,,,False,none,0.0,,False,False,,4809,10.0,1.0,20,https://www.youtube.com/watch?v=R4o9_2bUZzU
u93RPO49noo,X行動,2013-12-20 22:59:47,2013-12-20,2013,22,4646,長片,未分類,none,,,False,none,0.0,,False,False,,4120,5.0,3.0,20,https://www.youtube.com/watch?v=u93RPO49noo
wnc6Czh9NNk,《爐石小時光》第五集-平民流聖騎士,2013-11-23 13:43:41,2013-11-23,2013,13,2176,長片,遊戲實況,keyword,,,False,none,0.0,,False,False,,32272,133.0,19.0,20,https://www.youtube.com/watch?v=wnc6Czh9NNk
gRjahafwLKA,《爐石小時光》第四集-放狗流獵人,2013-11-01 04:32:14,2013-11-01,2013,4,2211,長片,遊戲實況,keyword,,,False,override,,,False,False,,51340,202.0,39.0,20,https://www.youtube.com/watch?v=gRjahafwLKA
1aO8XgobVec,《爐石小時光》第三集-傲嬌系法師,2013-10-28 15:49:38,2013-10-28,2013,15,1734,長片,遊戲實況,keyword,,,False,none,0.0,,False,False,,31973,104.0,30.0,20,https://www.youtube.com/watch?v=1aO8XgobVec
6G_v10PDlq8,《爐石小時光》第二集-沉默流牧師,2013-10-28 15:49:37,2013-10-28,2013,15,820,長片,遊戲實況,keyword,,,False,none,0.0,,False,False,,26863,107.0,13.0,20,https://www.youtube.com/watch?v=6G_v10PDlq8
pMdQ4a5tca0,《爐石小時光》第一集-基本戰鬥,2013-10-28 15:49:37,2013-10-28,2013,15,1061,長片,遊戲實況,keyword,,,False,none,0.0,,False,False,,47556,243.0,25.0,20,https://www.youtube.com/watch?v=pMdQ4a5tca0
FOhytM9gQrw,小八VS Joeman 爐石盃 -小八視角,2013-10-22 16:15:27,2013-10-22,2013,16,3518,長片,遊戲實況,keyword,,,False,none,0.0,,False,False,,5821,14.0,3.0,20,https://www.youtube.com/watch?v=FOhytM9gQrw
vAWlFJFbn_k,小八vs Joeman 爐石盃 -練習賽,2013-10-21 02:43:14,2013-10-21,2013,2,945,長片,遊戲實況,keyword,,,False,none,0.0,,False,False,,4148,11.0,6.0,20,https://www.youtube.com/watch?v=vAWlFJFbn_k
GQLEI6YoYBA,企業慈善盃之我要爐石序號!!!!!,2013-10-17 00:41:03,2013-10-17,2013,0,1230,長片,人物/訪談,playlist,Joeman脫口秀,Joeman脫口秀,False,none,0.0,,False,False,,6557,75.0,7.0,20,https://www.youtube.com/watch?v=GQLEI6YoYBA
MRoHRNbKB0Q,企業盃-joeman表演賽,2013-08-29 01:58:36,2013-08-29,2013,1,759,長片,電競賽事,keyword,,,False,none,0.0,,False,False,,10617,66.0,23.0,20,https://www.youtube.com/watch?v=MRoHRNbKB0Q
DuXwrgBpGC0,企業盃-joeman慶生,2013-08-29 01:45:47,2013-08-29,2013,1,227,長片,人物/訪談,playlist,Joeman脫口秀,Joeman脫口秀,False,none,0.0,,False,False,,4847,63.0,10.0,20,https://www.youtube.com/watch?v=DuXwrgBpGC0
t-MhEEcEimg,《古劍奇譚二》遊戲實況第一集- Opening,2013-08-21 02:32:06,2013-08-21,2013,2,5487,長片,遊戲實況,keyword,,,False,none,0.0,,False,False,,10097,18.0,9.0,20,https://www.youtube.com/watch?v=t-MhEEcEimg
4UcW9P0-Kd4,《Joeman脫口秀》台灣好星海,2013-08-19 04:22:24,2013-08-19,2013,4,248,長片,人物/訪談,playlist,Joeman脫口秀,Joeman脫口秀,False,none,0.0,,False,False,,16361,103.0,15.0,20,https://www.youtube.com/watch?v=4UcW9P0-Kd4
AR4_VMIlGvQ,2013 蟲王再起？再殞？－最終決戰 Game2,2013-08-03 19:57:52,2013-08-03,2013,19,357,長片,電競賽事,keyword,,,False,none,0.0,,False,False,,18861,62.0,9.0,20,https://www.youtube.com/watch?v=AR4_VMIlGvQ
cJnlBYhtR4E,2013 蟲王再起？再殞？－最終決戰 Game1,2013-08-03 19:57:52,2013-08-03,2013,19,708,長片,電競賽事,keyword,,,False,none,0.0,,False,False,,33647,175.0,24.0,20,https://www.youtube.com/watch?v=cJnlBYhtR4E
rM3qGLbDrbg,2013 蟲王再起？再殞？－最終決戰 Game3,2013-08-03 19:57:52,2013-08-03,2013,19,686,長片,電競賽事,keyword,,,False,none,0.0,,False,False,,25595,115.0,62.0,20,https://www.youtube.com/watch?v=rM3qGLbDrbg
t7E1HHnCOrE,2013 蟲王再起？再殞？－最終決戰 Trailer,2013-08-03 19:57:52,2013-08-03,2013,19,123,長片,人物/訪談,playlist,Joeman脫口秀,Joeman脫口秀,False,none,0.0,,False,False,,21051,103.0,13.0,20,https://www.youtube.com/watch?v=t7E1HHnCOrE
9ccsYi3uupg,暴雪AMD夢想盃-台北科技大學,2013-07-09 02:17:16,2013-07-09,2013,2,9659,長片,未分類,none,,,False,none,0.0,,False,False,,4130,16.0,5.0,20,https://www.youtube.com/watch?v=9ccsYi3uupg
mDYn9u9oLHQ,《Joeman脫口秀》名偵探柯南,2013-07-08 23:34:32,2013-07-08,2013,23,327,長片,人物/訪談,playlist,Joeman脫口秀,Joeman脫口秀,False,none,0.0,,False,False,,11686,93.0,18.0,20,https://www.youtube.com/watch?v=mDYn9u9oLHQ
OqvBRpf0K6c,暴雪AMD夢想盃(中原大學校內賽),2013-06-03 21:59:00,2013-06-03,2013,21,5973,長片,未分類,none,,,False,none,0.0,,False,False,,4361,33.0,7.0,20,https://www.youtube.com/watch?v=OqvBRpf0K6c
RJV-4MIBWGY,星海爭霸II-蟲王再臨 中文預告片,2013-06-01 22:14:09,2013-06-01,2013,22,136,長片,人物/訪談,playlist,Joeman脫口秀,Joeman脫口秀,False,none,0.0,,False,False,,66721,590.0,149.0,20,https://www.youtube.com/watch?v=RJV-4MIBWGY
_cIc5E4amOw,ASH NT1000 Challenge,2013-05-23 23:49:01,2013-05-23,2013,23,1111,長片,未分類,none,,,False,none,0.0,,False,False,,3697,13.0,10.0,20,https://www.youtube.com/watch?v=_cIc5E4amOw
bN6lKmCEi9c,大招失敗秀-2013年特別篇(When Cheese Fails TW 2013 Special Edition),2013-05-17 20:58:24,2013-05-17,2013,20,709,長片,未分類,none,,,False,none,0.0,,False,False,,63072,603.0,135.0,20,https://www.youtube.com/watch?v=bN6lKmCEi9c
-cQUeFRpnYU,《戰車世界》華語賽評選拔賽（Joeman）,2013-05-06 09:15:50,2013-05-06,2013,9,874,長片,遊戲實況,keyword,,,False,none,0.0,,False,False,,14986,63.0,34.0,20,https://www.youtube.com/watch?v=-cQUeFRpnYU
hD7r0Bt2iaI,進擊的蟲群,2013-05-04 00:33:35,2013-05-04,2013,0,95,長片,未分類,none,,,False,none,0.0,,False,False,,26972,353.0,36.0,20,https://www.youtube.com/watch?v=hD7r0Bt2iaI
YcPPSgg3C5g,Bella被誤認為羅姐,2013-04-20 19:34:51,2013-04-20,2013,19,52,長片,未分類,none,,,False,none,0.0,,False,False,,5643,31.0,10.0,20,https://www.youtube.com/watch?v=YcPPSgg3C5g
pTQ63hjWC1I,碧之軌跡-神之特典 開箱,2013-04-15 10:51:11,2013-04-15,2013,10,859,長片,3C開箱評測,keyword,,,False,none,1.0,品牌官方導流,False,False,,10964,99.0,42.0,20,https://www.youtube.com/watch?v=pTQ63hjWC1I
hJ172_gLR1k,神鬼戰車營-第四集:金幣與加值,2013-04-15 00:41:04,2013-04-15,2013,0,782,長片,未分類,none,,,False,none,0.0,,False,False,,5958,21.0,12.0,20,https://www.youtube.com/watch?v=hJ172_gLR1k
Z1EmQDH49YU,第四週微星盃海峽兩岸明星賽 Part1,2013-04-04 15:59:16,2013-04-04,2013,15,8880,長片,電競賽事,keyword,,,False,none,0.0,,False,False,,21798,75.0,24.0,20,https://www.youtube.com/watch?v=Z1EmQDH49YU
j4VqKVoETwc,第四週微星盃海峽兩岸明星賽 Part2,2013-04-04 15:59:16,2013-04-04,2013,15,1787,長片,電競賽事,keyword,,,False,none,0.0,,False,False,,10433,31.0,6.0,20,https://www.youtube.com/watch?v=j4VqKVoETwc
x0ZY_OwOBOo,第四週微星盃海峽兩岸明星賽 Part3,2013-04-04 15:59:16,2013-04-04,2013,15,2577,長片,電競賽事,keyword,,,False,none,0.0,,False,False,,11482,40.0,18.0,20,https://www.youtube.com/watch?v=x0ZY_OwOBOo
cn6T978hfwU,神鬼戰車營-第三集:五大車種簡介,2013-03-30 15:28:07,2013-03-30,2013,15,1290,長片,未分類,none,,,False,none,0.0,,False,False,,15991,84.0,42.0,20,https://www.youtube.com/watch?v=cn6T978hfwU
PYEcVnbxSAM,微星盃海峽兩岸明星賽-第三周賽事,2013-03-29 08:06:08,2013-03-29,2013,8,8584,長片,電競賽事,keyword,,,False,none,0.0,,False,False,,18346,56.0,32.0,20,https://www.youtube.com/watch?v=PYEcVnbxSAM
-tkBT10f_y4,微星盃海峽兩岸明星賽-第二週賽事,2013-03-22 02:03:15,2013-03-22,2013,2,9237,長片,電競賽事,keyword,,,False,none,0.0,,False,False,,15442,33.0,13.0,20,https://www.youtube.com/watch?v=-tkBT10f_y4
csPVONsbZMs,《Joeman脫口秀》誰比較高,2013-03-18 19:10:35,2013-03-18,2013,19,39,長片,人物/訪談,playlist,Joeman脫口秀,Joeman脫口秀,False,none,0.0,,False,False,,3904,40.0,11.0,20,https://www.youtube.com/watch?v=csPVONsbZMs
QI5YTQiQsWU,微星盃海峽兩岸明星賽-GX60 CF,2013-03-18 15:33:55,2013-03-18,2013,15,97,長片,電競賽事,keyword,,,False,none,0.0,,False,False,,887,9.0,1.0,20,https://www.youtube.com/watch?v=QI5YTQiQsWU
SdO-qOPSdMo,微星盃海峽兩岸明星賽-Roccat Pure CF,2013-03-18 15:33:23,2013-03-18,2013,15,63,長片,電競賽事,keyword,,,False,none,0.0,,False,False,,522,6.0,0.0,20,https://www.youtube.com/watch?v=SdO-qOPSdMo
_jxwrZNw6go,微星盃海峽兩岸明星賽-ThermalTake Level10 CF,2013-03-18 14:23:11,2013-03-18,2013,14,62,長片,電競賽事,keyword,,,False,none,0.0,,False,False,,476,5.0,0.0,20,https://www.youtube.com/watch?v=_jxwrZNw6go
_-du9V4D4A8,微星盃海峽兩岸明星賽-首周賽事,2013-03-15 07:40:27,2013-03-15,2013,7,9210,長片,電競賽事,keyword,,,False,none,0.0,,False,False,,17454,55.0,24.0,20,https://www.youtube.com/watch?v=_-du9V4D4A8
Fd5XJllAt8k,神鬼戰車營-第二集:基本戰鬥演練,2013-03-13 12:26:43,2013-03-13,2013,12,1527,長片,未分類,none,,,False,none,0.0,,False,False,,21209,78.0,51.0,20,https://www.youtube.com/watch?v=Fd5XJllAt8k
7APqOjccrCE,神鬼戰車營-第一集:註冊、下載與安裝,2013-03-10 21:22:52,2013-03-10,2013,21,1010,長片,未分類,none,,,False,none,0.0,,False,False,,9613,71.0,19.0,20,https://www.youtube.com/watch?v=7APqOjccrCE
HQ8jB8BCTG0,神狙Bella不解釋,2013-03-03 18:31:27,2013-03-03,2013,18,109,長片,未分類,none,,,False,none,0.0,,False,False,,6854,23.0,10.0,20,https://www.youtube.com/watch?v=HQ8jB8BCTG0
VGTXOTb-HdM,TCT 台灣業餘星海戰隊聯賽冠亞軍 EX vs ER,2013-02-25 04:21:58,2013-02-25,2013,4,8428,長片,電競賽事,keyword,,,False,none,0.0,,False,False,,7290,31.0,9.0,20,https://www.youtube.com/watch?v=VGTXOTb-HdM
qn6EYTf7CgM,戰車世界-超刺激自走砲Grille,2013-02-17 02:14:55,2013-02-17,2013,2,918,長片,遊戲實況,keyword,,,False,none,0.0,,False,False,,32542,102.0,50.0,20,https://www.youtube.com/watch?v=qn6EYTf7CgM
KIgjpfw83Ww,戰車世界-德軍衝鋒小雲豹Leopard,2013-02-15 01:39:02,2013-02-15,2013,1,405,長片,遊戲實況,keyword,,,False,none,0.0,,False,False,,19125,62.0,40.0,20,https://www.youtube.com/watch?v=KIgjpfw83Ww
_naeGhqgCNA,戰車世界-超好運的自走砲SU-8,2013-02-08 02:47:44,2013-02-08,2013,2,672,長片,遊戲實況,keyword,,,False,none,0.0,,False,False,,54025,150.0,78.0,20,https://www.youtube.com/watch?v=_naeGhqgCNA
1d2Y0eljeko,曜越TGS表演賽:Slam(Z) vs Creator(P),2013-02-03 18:43:33,2013-02-03,2013,18,3955,長片,電競賽事,keyword,,,False,none,0.0,,False,False,,3719,10.0,2.0,20,https://www.youtube.com/watch?v=1d2Y0eljeko
EohjZ_51EtU,曜越TGS表演賽:Jex + Creator vs Slam+Byun,2013-02-03 18:23:17,2013-02-03,2013,18,2368,長片,電競賽事,keyword,,,False,none,0.0,,False,False,,1271,5.0,0.0,20,https://www.youtube.com/watch?v=EohjZ_51EtU
QiIs-J36O8U,曜越TGS表演賽:Byun+AK  vs  Sen+Creator,2013-02-02 23:51:02,2013-02-02,2013,23,2282,長片,電競賽事,keyword,,,False,none,0.0,,False,False,,2559,11.0,2.0,20,https://www.youtube.com/watch?v=QiIs-J36O8U
F4NFxkTUgOw,曜越TGS表演賽:Sen(Z) V Creator(P),2013-02-02 23:49:00,2013-02-02,2013,23,2365,長片,電競賽事,keyword,,,False,none,0.0,,False,False,,4048,12.0,5.0,20,https://www.youtube.com/watch?v=F4NFxkTUgOw
Peb3HYvkOeo,曜越TGS表演賽:AK(Z) V Byun(T),2013-02-01 23:30:28,2013-02-01,2013,23,1854,長片,電競賽事,keyword,,,False,none,0.0,,False,False,,2183,10.0,5.0,20,https://www.youtube.com/watch?v=Peb3HYvkOeo
AFEtFXzC0f8,曜越TGS表演賽:Creator(P) VS SoftBall(T),2013-02-01 23:29:04,2013-02-01,2013,23,2710,長片,電競賽事,keyword,,,False,none,0.0,,False,False,,3408,18.0,3.0,20,https://www.youtube.com/watch?v=AFEtFXzC0f8
obXwspjNoSQ,曜越TGS表演賽:Sen(Z) VS SoftBall(T),2013-01-31 16:26:26,2013-01-31,2013,16,2987,長片,電競賽事,keyword,,,False,none,0.0,,False,False,,7553,29.0,6.0,20,https://www.youtube.com/watch?v=obXwspjNoSQ
vdhkwLx4_fs,曜越TGS表演賽:AK(Z) VS Slam(Z),2013-01-31 16:23:09,2013-01-31,2013,16,2124,長片,電競賽事,keyword,,,False,none,0.0,,False,False,,1620,5.0,3.0,20,https://www.youtube.com/watch?v=vdhkwLx4_fs
Q52s3CIcPrc,AverMedia圓剛C985直播卡  FuLL HD直播測試,2013-01-14 00:00:54,2013-01-14,2013,0,140,長片,日常Vlog,keyword,,,False,none,0.0,,False,False,,3395,6.0,10.0,20,https://www.youtube.com/watch?v=Q52s3CIcPrc
8sGAHc9Lb4o,201314之小王子特技,2013-01-04 22:01:00,2013-01-04,2013,22,95,長片,未分類,none,,,False,none,0.0,,False,False,,3430,45.0,10.0,15,https://www.youtube.com/watch?v=8sGAHc9Lb4o
hY-onuivHGE,MSI GT60/GT70 Bigfoot DoubleShot Comparison,2012-12-12 16:30:23,2012-12-12,2012,16,398,長片,未分類,none,,,False,none,0.0,,False,False,,6805,35.0,10.0,20,https://www.youtube.com/watch?v=hY-onuivHGE
umxcxg3rzTg,AMD打寶列車長-第三週Spring潘恩綺駕到!,2012-11-06 19:19:49,2012-11-06,2012,19,7206,長片,未分類,none,,,True,keyword,2.0,行銷活動用語,False,False,,5609,11.0,3.0,20,https://www.youtube.com/watch?v=umxcxg3rzTg
PFgq8zovNyQ,NwExia(P) vs LinYuTerry(T),2012-11-01 01:54:38,2012-11-01,2012,1,812,長片,電競賽事,keyword,,,False,none,0.0,,False,False,,4374,20.0,4.0,20,https://www.youtube.com/watch?v=PFgq8zovNyQ
U4S6vRJlCUI,Nw隊內賽16強:NwExia(P) vs NwEthan(Z)Part1,2012-11-01 01:54:34,2012-11-01,2012,1,851,長片,電競賽事,keyword,,,False,none,0.0,,False,False,,3070,15.0,1.0,20,https://www.youtube.com/watch?v=U4S6vRJlCUI
xDnHPYF-Mu4,Nw隊內賽16強:NwExia(P) vs NwEthan(Z)Part2,2012-11-01 01:54:34,2012-11-01,2012,1,434,長片,電競賽事,keyword,,,False,none,0.0,,False,False,,3357,5.0,2.0,20,https://www.youtube.com/watch?v=xDnHPYF-Mu4
yk0-i7k2blk,極熱沙漠-神族力場示範,2012-11-01 01:54:30,2012-11-01,2012,1,738,長片,未分類,none,,,False,none,0.0,,False,False,,6039,16.0,10.0,20,https://www.youtube.com/watch?v=yk0-i7k2blk
_0EyEhTCPio,NwExia(P) vs LungWYD(Z)Part1,2012-11-01 01:54:28,2012-11-01,2012,1,694,長片,電競賽事,keyword,,,False,none,0.0,,False,False,,2612,2.0,2.0,20,https://www.youtube.com/watch?v=_0EyEhTCPio
pwtPnNJRrjI,NwExia(P) vs LungWYD(Z)Part2,2012-11-01 01:54:28,2012-11-01,2012,1,367,長片,電競賽事,keyword,,,False,none,0.0,,False,False,,2191,2.0,3.0,20,https://www.youtube.com/watch?v=pwtPnNJRrjI
3pv3A2RB2g4,NwExia(P) vs YuHsuaWYD(Z),2012-11-01 01:54:26,2012-11-01,2012,1,596,長片,電競賽事,keyword,,,False,none,0.0,,False,False,,3086,2.0,2.0,20,https://www.youtube.com/watch?v=3pv3A2RB2g4
S5Cn4xUV0oM,NwExia韓國天梯(PvT) Part2,2012-11-01 01:54:26,2012-11-01,2012,1,297,長片,電競賽事,keyword,,,False,none,0.0,,False,False,,3286,2.0,1.0,20,https://www.youtube.com/watch?v=S5Cn4xUV0oM
ehRta6hg9zM,NwExia韓國天梯(PvT) Part1,2012-11-01 01:54:26,2012-11-01,2012,1,840,長片,電競賽事,keyword,,,False,none,0.0,,False,False,,4211,7.0,0.0,20,https://www.youtube.com/watch?v=ehRta6hg9zM
5mA2zrvprHI,TCL TEST2,2012-11-01 01:52:34,2012-11-01,2012,1,5471,長片,電競賽事,keyword,,,False,none,0.0,,False,False,,520,3.0,0.0,20,https://www.youtube.com/watch?v=5mA2zrvprHI
fDmhXUlNxl8,TvZ雙兵營開局.wmv,2012-11-01 01:52:07,2012-11-01,2012,1,992,長片,未分類,none,,,False,none,0.0,,False,False,,505,5.0,0.0,20,https://www.youtube.com/watch?v=fDmhXUlNxl8
hWUxMxuHZ8A,TvP雙兵營開局.wmv,2012-11-01 01:52:06,2012-11-01,2012,1,785,長片,未分類,none,,,False,none,0.0,,False,False,,294,6.0,2.0,20,https://www.youtube.com/watch?v=hWUxMxuHZ8A
3Qfm5uiqfF0,TvP速二礦開局.wmv,2012-11-01 01:52:05,2012-11-01,2012,1,972,長片,未分類,none,,,False,none,0.0,,False,False,,368,5.0,0.0,20,https://www.youtube.com/watch?v=3Qfm5uiqfF0
luIQ5tuqN1Y,TvZ速二礦開局.wmv,2012-11-01 01:52:05,2012-11-01,2012,1,758,長片,未分類,none,,,False,none,0.0,,False,False,,338,0.0,1.0,20,https://www.youtube.com/watch?v=luIQ5tuqN1Y
vtp-bQ90jmk,TvT 111開局.wmv,2012-11-01 01:52:04,2012-11-01,2012,1,697,長片,未分類,none,,,False,none,0.0,,False,False,,553,8.0,0.0,20,https://www.youtube.com/watch?v=vtp-bQ90jmk
gGyzpRxFZ0I,Luway4BG.wmv,2012-11-01 01:51:59,2012-11-01,2012,1,1851,長片,未分類,none,,,False,none,0.0,,False,False,,426,4.0,1.0,24,https://www.youtube.com/watch?v=gGyzpRxFZ0I
N5a2koTTxDg,星海時光屋 4.wmv,2012-11-01 01:51:57,2012-11-01,2012,1,2453,長片,電競賽事,keyword,,,False,none,0.0,,False,False,,750,5.0,0.0,20,https://www.youtube.com/watch?v=N5a2koTTxDg
eLNwcaTqjqM,星海哭的聲音,2012-11-01 01:51:56,2012-11-01,2012,1,141,長片,電競賽事,keyword,,,False,none,0.0,,False,False,,1052,15.0,2.0,20,https://www.youtube.com/watch?v=eLNwcaTqjqM
pDiRAOphKhU,AMD打寶列車長-第二週DenKa殿下駕到,2012-10-30 21:23:04,2012-10-30,2012,21,7213,長片,未分類,none,,,True,keyword,2.0,行銷活動用語,False,False,,6070,11.0,3.0,20,https://www.youtube.com/watch?v=pDiRAOphKhU
sFTf03aCOcc,AMD打寶列車長-首周賽事 DPS47萬秘術出列!,2012-10-23 11:20:37,2012-10-23,2012,11,6935,長片,未分類,none,,,True,keyword,2.0,行銷活動用語,False,False,,10452,20.0,4.0,20,https://www.youtube.com/watch?v=sFTf03aCOcc
h5OSd1_NIFU,MSI暗黑激鬥賽例行賽最終回-Diablo!,2012-09-13 23:22:23,2012-09-13,2012,23,4628,長片,未分類,none,,,False,none,0.0,,False,False,,3385,11.0,5.0,20,https://www.youtube.com/watch?v=h5OSd1_NIFU
3ZlejyX3W38,MSI激鬥賽！鬼門開首日直播！墮落天使伊卒爾！,2012-08-19 00:54:34,2012-08-19,2012,0,5319,長片,日常Vlog,keyword,,,False,none,0.0,,False,False,,3583,16.0,16.0,20,https://www.youtube.com/watch?v=3ZlejyX3W38
YM5uuzyg5_s,微星盃趣味表演賽大公開!彼列綠水閃閃樂!,2012-08-16 11:01:18,2012-08-16,2012,11,4350,長片,電競賽事,keyword,,,False,none,0.0,,False,False,,1651,7.0,3.0,20,https://www.youtube.com/watch?v=YM5uuzyg5_s
ezT0ReTLysA,青島啤酒節-樂在工作的烤肉男子,2012-08-14 21:02:40,2012-08-14,2012,21,78,長片,未分類,none,,,False,none,1.0,提及廠商,False,False,,3118,23.0,10.0,20,https://www.youtube.com/watch?v=ezT0ReTLysA
UvmoaZIQSUw,伊蘇七(繁體中文版) 至尊勇者特典 開箱影片,2012-08-09 04:03:50,2012-08-09,2012,4,1144,長片,3C開箱評測,keyword,,,False,none,0.0,,False,False,,11019,65.0,28.0,20,https://www.youtube.com/watch?v=UvmoaZIQSUw
1dNhqpjVsrU,msi微星盃暗黑激鬥賽-第二周例行賽:屁王岡姆千年殺! Part1,2012-08-06 00:56:13,2012-08-06,2012,0,7196,長片,電競賽事,keyword,,,False,none,0.0,,False,False,,3427,16.0,3.0,20,https://www.youtube.com/watch?v=1dNhqpjVsrU
SiBXkBUZWZY,msi微星盃暗黑激鬥賽-第二周例行賽:屁王岡姆千年殺! Part2,2012-08-06 00:56:13,2012-08-06,2012,0,1325,長片,電競賽事,keyword,,,False,none,0.0,,False,False,,2751,6.0,5.0,20,https://www.youtube.com/watch?v=SiBXkBUZWZY
I4w2HwKhj78,msi微星盃暗黑激鬥賽-首週例行賽:彼列挑戰賽!,2012-07-27 23:32:01,2012-07-27,2012,23,5153,長片,電競賽事,keyword,,,False,none,0.0,,False,False,,7363,30.0,8.0,20,https://www.youtube.com/watch?v=I4w2HwKhj78
-eDzdhYh5SM,微星盃暗黑激鬥賽影片錄製教學,2012-07-24 00:25:17,2012-07-24,2012,0,752,長片,電競賽事,keyword,,,False,none,0.0,,False,False,,1009,7.0,2.0,20,https://www.youtube.com/watch?v=-eDzdhYh5SM
0CihuyGc2I8,微星盃暗黑激鬥賽範例影片,2012-07-24 00:25:17,2012-07-24,2012,0,523,長片,電競賽事,keyword,,,False,none,0.0,,False,False,,2685,9.0,3.0,20,https://www.youtube.com/watch?v=0CihuyGc2I8
Vd_0NpyCzgQ,帶著泰瑞爾去流浪(速刷煉獄4-4 & 踢罐子),2012-06-01 12:47:19,2012-06-01,2012,12,996,長片,未分類,none,,,False,none,0.0,,False,False,,54013,101.0,27.0,20,https://www.youtube.com/watch?v=Vd_0NpyCzgQ
YVgSdu_51c4,《暗黑破壞神3》遊戲筆電測試(MSI-GE60),2012-05-28 17:50:34,2012-05-28,2012,17,240,長片,3C開箱評測,keyword,,,False,none,0.0,,False,False,,23902,86.0,22.0,26,https://www.youtube.com/watch?v=YVgSdu_51c4
mdAgcDDFWrs,《RC神秘客挑戰賽》 vs NW,2012-05-25 11:44:19,2012-05-25,2012,11,6298,長片,挑戰/企劃,title_series,神秘客挑戰賽,,False,none,0.0,,False,False,,9983,34.0,13.0,20,https://www.youtube.com/watch?v=mdAgcDDFWrs
_z81-RByRzM,《RC神秘客挑戰賽》 vs eQ,2012-05-16 23:55:45,2012-05-16,2012,23,6982,長片,挑戰/企劃,title_series,神秘客挑戰賽,,False,none,0.0,,False,False,,7534,22.0,4.0,20,https://www.youtube.com/watch?v=_z81-RByRzM
7fOGAh3AbHM,台大KSL星海決賽 Part2,2012-05-12 23:50:57,2012-05-12,2012,23,6383,長片,電競賽事,keyword,,,False,none,0.0,,False,False,,4959,12.0,4.0,20,https://www.youtube.com/watch?v=7fOGAh3AbHM
wlRsj-QnCAM,台大KSL星海決賽 Part1,2012-05-12 23:50:57,2012-05-12,2012,23,3516,長片,電競賽事,keyword,,,False,none,0.0,,False,False,,7158,19.0,5.0,20,https://www.youtube.com/watch?v=wlRsj-QnCAM
F_mTGK77m7s,《RC神秘客挑戰賽》 VS Dhc Part2,2012-05-10 03:58:14,2012-05-10,2012,3,224,長片,挑戰/企劃,title_series,神秘客挑戰賽,,False,none,0.0,,False,False,,2285,9.0,1.0,20,https://www.youtube.com/watch?v=F_mTGK77m7s
Ghq9M9urMEY,《RC神秘客挑戰賽》 vs Dhc Part1,2012-05-10 03:57:48,2012-05-10,2012,3,7200,長片,挑戰/企劃,title_series,神秘客挑戰賽,,False,none,0.0,,False,False,,7017,18.0,12.0,20,https://www.youtube.com/watch?v=Ghq9M9urMEY
x9HaR8OslqE,大招失敗秀-第四集(LoveCD vs 神秘客),2012-05-10 03:22:12,2012-05-10,2012,3,1149,長片,挑戰/企劃,title_series,神秘客挑戰賽,,False,none,0.0,,False,False,,11828,33.0,8.0,20,https://www.youtube.com/watch?v=x9HaR8OslqE
kb8hybpnwSI,《RC神秘客挑戰賽》 vs Zeros Part2,2012-05-09 14:43:38,2012-05-09,2012,14,2601,長片,挑戰/企劃,title_series,神秘客挑戰賽,,False,none,0.0,,False,False,,2827,3.0,4.0,20,https://www.youtube.com/watch?v=kb8hybpnwSI
2c8xiBLBiuI,《RC神秘客挑戰賽》 vs Zeros Part2,2012-05-03 14:07:42,2012-05-03,2012,14,901,長片,挑戰/企劃,title_series,神秘客挑戰賽,,False,none,0.0,,False,False,,2778,2.0,1.0,20,https://www.youtube.com/watch?v=2c8xiBLBiuI
9uP_yYdTG-4,《RC神秘客挑戰賽》 vs Zeros Part1,2012-05-03 14:07:42,2012-05-03,2012,14,7200,長片,挑戰/企劃,title_series,神秘客挑戰賽,,False,none,0.0,,False,False,,12266,28.0,23.0,20,https://www.youtube.com/watch?v=9uP_yYdTG-4
oC--enBG5ss,《RC神秘客挑戰賽》 vs Zeros Part3,2012-05-03 14:07:42,2012-05-03,2012,14,900,長片,挑戰/企劃,title_series,神秘客挑戰賽,,False,none,0.0,,False,False,,1745,5.0,3.0,20,https://www.youtube.com/watch?v=oC--enBG5ss
ppUqJkBoOSY,《RC神秘客挑戰賽》 vs Zeros Part4,2012-05-03 14:07:42,2012-05-03,2012,14,801,長片,挑戰/企劃,title_series,神秘客挑戰賽,,False,none,0.0,,False,False,,7435,8.0,10.0,20,https://www.youtube.com/watch?v=ppUqJkBoOSY
2AK014olaNs,極機密！破曉ZvZ點位差異測試！,2012-04-27 03:19:57,2012-04-27,2012,3,437,長片,未分類,none,,,False,none,0.0,,False,False,,9364,49.0,19.0,20,https://www.youtube.com/watch?v=2AK014olaNs
93B86z1FO9E,《RC神秘客挑戰賽》 VS Infi Part1,2012-04-26 00:05:26,2012-04-26,2012,0,4838,長片,挑戰/企劃,title_series,神秘客挑戰賽,,False,none,0.0,,False,False,,8011,22.0,9.0,20,https://www.youtube.com/watch?v=93B86z1FO9E
9t-YFrBnAhw,《RC神秘客挑戰賽》 VS Infi 採訪神秘客,2012-04-26 00:05:26,2012-04-26,2012,0,388,長片,挑戰/企劃,title_series,神秘客挑戰賽,,False,none,0.0,,False,False,,1476,1.0,1.0,20,https://www.youtube.com/watch?v=9t-YFrBnAhw
cbcjkVSm1ss,《RC神秘客挑戰賽》 VS Infi Part2,2012-04-26 00:05:26,2012-04-26,2012,0,1081,長片,挑戰/企劃,title_series,神秘客挑戰賽,,False,none,0.0,,False,False,,2553,5.0,4.0,20,https://www.youtube.com/watch?v=cbcjkVSm1ss
y27rK5T1FmQ,《RC神秘客挑戰賽》 VS Infi Part3,2012-04-26 00:05:26,2012-04-26,2012,0,1581,長片,挑戰/企劃,title_series,神秘客挑戰賽,,False,none,0.0,,False,False,,2324,5.0,1.0,20,https://www.youtube.com/watch?v=y27rK5T1FmQ
wZF4ETeCjJk,金佳暎台中挑戰賽,2012-04-25 02:58:07,2012-04-25,2012,2,5698,長片,挑戰/企劃,keyword,,,False,none,0.0,,False,False,,9612,,10.0,20,https://www.youtube.com/watch?v=wZF4ETeCjJk
T9SUIUXNzvM,《RC神秘客挑戰賽》 vs Rush Part2,2012-04-19 15:22:59,2012-04-19,2012,15,1855,長片,挑戰/企劃,title_series,神秘客挑戰賽,,False,none,0.0,,False,False,,3459,9.0,4.0,20,https://www.youtube.com/watch?v=T9SUIUXNzvM
cXGszpik5LU,《RC神秘客挑戰賽》 vs Rush Part1,2012-04-19 15:21:29,2012-04-19,2012,15,6257,長片,挑戰/企劃,title_series,神秘客挑戰賽,,False,none,0.0,,False,False,,10319,34.0,7.0,20,https://www.youtube.com/watch?v=cXGszpik5LU
-yoz9B4ol6s,ETD女子分部貓隊交流賽 Part1,2012-04-13 09:34:33,2012-04-13,2012,9,7187,長片,未分類,none,,,False,none,0.0,,False,False,,6235,18.0,9.0,20,https://www.youtube.com/watch?v=-yoz9B4ol6s
H9LnpFp29fE,ETD女子分部貓隊交流賽 Part3,2012-04-13 09:34:33,2012-04-13,2012,9,1496,長片,未分類,none,,,False,none,0.0,,False,False,,2060,6.0,0.0,20,https://www.youtube.com/watch?v=H9LnpFp29fE
jnOVYFmIhaI,ETD女子分部貓隊交流賽 Part2,2012-04-13 09:34:33,2012-04-13,2012,9,7198,長片,未分類,none,,,False,none,0.0,,False,False,,2966,5.0,1.0,20,https://www.youtube.com/watch?v=jnOVYFmIhaI
PUP04Y-m1eQ,《RC神秘客挑戰賽》 vs aLive Part2,2012-04-11 23:57:00,2012-04-11,2012,23,1442,長片,挑戰/企劃,title_series,神秘客挑戰賽,,False,none,0.0,,False,False,,3262,6.0,2.0,20,https://www.youtube.com/watch?v=PUP04Y-m1eQ
yYjceQ0JhmI,《RC神秘客挑戰賽》 vs aLive Part1,2012-04-11 23:57:00,2012-04-11,2012,23,4081,長片,挑戰/企劃,title_series,神秘客挑戰賽,,False,none,0.0,,False,False,,6327,15.0,15.0,20,https://www.youtube.com/watch?v=yYjceQ0JhmI
sgFCkmA3HPY,《RC神秘客挑戰賽》vs NewBlitZ Part1,2012-04-05 23:32:51,2012-04-05,2012,23,7194,長片,挑戰/企劃,title_series,神秘客挑戰賽,,False,none,0.0,,False,False,,4415,10.0,9.0,20,https://www.youtube.com/watch?v=sgFCkmA3HPY
zDe2rgqw49k,《RC神秘客挑戰賽》vs NewBlitZ Part2,2012-04-05 22:08:16,2012-04-05,2012,22,3505,長片,挑戰/企劃,title_series,神秘客挑戰賽,,False,none,0.0,,False,False,,3236,7.0,4.0,20,https://www.youtube.com/watch?v=zDe2rgqw49k
AugERc48Llw,Dota2 封測試玩,2012-04-03 23:39:09,2012-04-03,2012,23,5777,長片,未分類,none,,,False,none,0.0,,False,False,,14933,24.0,14.0,20,https://www.youtube.com/watch?v=AugERc48Llw
e2v_xL4P95g,《RC神秘客挑戰賽》 vs XGKing,2012-03-29 00:52:38,2012-03-29,2012,0,7209,長片,挑戰/企劃,title_series,神秘客挑戰賽,,False,none,0.0,,False,False,,7889,32.0,5.0,20,https://www.youtube.com/watch?v=e2v_xL4P95g
UAk_AcqfOmg,UeSG 星海八強 交大VS元智  ; 北醫 VS 世新,2012-03-29 00:29:34,2012-03-29,2012,0,4347,長片,電競賽事,keyword,,,False,none,0.0,,False,False,,7966,22.0,7.0,20,https://www.youtube.com/watch?v=UAk_AcqfOmg
5g_yUu_k-9g,RC語音《神秘客挑戰賽》StorM Part2,2012-03-23 15:13:35,2012-03-23,2012,15,1568,長片,挑戰/企劃,title_series,神秘客挑戰賽,,False,none,0.0,,False,False,,3138,4.0,2.0,20,https://www.youtube.com/watch?v=5g_yUu_k-9g
zfTABRccHHg,RC語音《神秘客挑戰賽》StorM Part1,2012-03-23 15:13:35,2012-03-23,2012,15,7200,長片,挑戰/企劃,title_series,神秘客挑戰賽,,False,none,0.0,,False,False,,6555,18.0,6.0,20,https://www.youtube.com/watch?v=zfTABRccHHg
HABCLyxHCqI,IEM Final:MC vs PuMa,2012-03-21 02:26:08,2012-03-21,2012,2,5688,長片,電競賽事,keyword,,,False,none,0.0,,False,False,,7781,35.0,7.0,20,https://www.youtube.com/watch?v=HABCLyxHCqI
KLTBAN3Epw8,SpiderWulong RP,2012-03-08 00:47:32,2012-03-08,2012,0,2067,長片,未分類,none,,,False,none,0.0,,False,False,,6840,23.0,9.0,20,https://www.youtube.com/watch?v=KLTBAN3Epw8
xhZvn3lB2Us,KSL Final:MarineKing vs IMTrue,2012-02-14 00:10:11,2012-02-14,2012,0,4318,長片,未分類,none,,,False,none,0.0,,False,False,,16859,41.0,17.0,20,https://www.youtube.com/watch?v=xhZvn3lB2Us
ypw6FKU8xig,WulongRP講解(最後一場遇到Boxer!),2012-02-12 22:36:11,2012-02-12,2012,22,3352,長片,未分類,none,,,False,none,0.0,,False,False,,11790,27.0,28.0,20,https://www.youtube.com/watch?v=ypw6FKU8xig
eGhtPeYpj44,Hui天梯RP解說,2012-02-12 13:39:59,2012-02-12,2012,13,5513,長片,電競賽事,keyword,,,False,none,0.0,,False,False,,10164,34.0,9.0,20,https://www.youtube.com/watch?v=eGhtPeYpj44
lkfQJP-bYNM,GamaniaSlam vs Choya,2012-02-12 13:19:26,2012-02-12,2012,13,2907,長片,未分類,none,,,False,none,0.0,,False,False,,8121,16.0,9.0,20,https://www.youtube.com/watch?v=lkfQJP-bYNM
dI2CjTfoRyc,SpiderDS vs ST_Curious Part2,2012-02-12 13:08:54,2012-02-12,2012,13,976,長片,未分類,none,,,False,none,0.0,,False,False,,3203,5.0,0.0,20,https://www.youtube.com/watch?v=dI2CjTfoRyc
m5vtd08j9AI,SpiderDS vs ST_Curious Part1,2012-02-12 13:03:05,2012-02-12,2012,13,688,長片,未分類,none,,,False,none,0.0,,False,False,,3668,9.0,1.0,20,https://www.youtube.com/watch?v=m5vtd08j9AI
w96rZVaGE1s,台北電玩展精華MKP生化操作,2012-02-08 19:30:31,2012-02-08,2012,19,188,長片,遊戲實況,keyword,,,False,none,0.0,,False,False,,14275,20.0,19.0,20,https://www.youtube.com/watch?v=w96rZVaGE1s
cCRxXrAcEjE,台北電玩展MKP vs ball & apro,2012-02-07 20:52:31,2012-02-07,2012,20,1432,長片,遊戲實況,keyword,,,False,none,0.0,,False,False,,8227,21.0,17.0,20,https://www.youtube.com/watch?v=cCRxXrAcEjE
Tfv_1GifhgE,台北電玩展MKP vs WhiteRa,2012-02-07 20:15:43,2012-02-07,2012,20,2907,長片,遊戲實況,keyword,,,False,none,0.0,,False,False,,8932,23.0,7.0,20,https://www.youtube.com/watch?v=Tfv_1GifhgE
VO1Lp903B6U,台北電玩展MKP vs HRU & AK,2012-02-07 20:07:55,2012-02-07,2012,20,1792,長片,遊戲實況,keyword,,,False,none,0.0,,False,False,,9863,14.0,6.0,20,https://www.youtube.com/watch?v=VO1Lp903B6U
g-Ro-n93hso,2012BarCraft銅猴子台韓選手交流賽,2012-02-01 13:20:37,2012-02-01,2012,13,6488,長片,未分類,none,,,False,none,0.0,,False,False,,30362,79.0,31.0,20,https://www.youtube.com/watch?v=g-Ro-n93hso
exKGTaXHLO8,ST_Bomber天梯講解,2011-12-07 06:37:45,2011-12-07,2011,6,2257,長片,電競賽事,keyword,,,False,none,0.0,,False,False,,9689,41.0,25.0,20,https://www.youtube.com/watch?v=exKGTaXHLO8
Fj3lZp5JEbA,BlizzCon 敗部: Sen vs Naniwa,2011-10-28 13:40:53,2011-10-28,2011,13,2654,長片,電競賽事,keyword,,,False,none,0.0,,False,False,,125758,340.0,110.0,20,https://www.youtube.com/watch?v=Fj3lZp5JEbA
x6dJ1IfZM6Q,Diablo3 Beta封測 - 惡魔獵人DemonHunter,2011-09-28 03:34:49,2011-09-28,2011,3,5995,長片,未分類,none,,,False,none,0.0,,False,False,,12490,16.0,7.0,20,https://www.youtube.com/watch?v=x6dJ1IfZM6Q
R5eymu_HqO8,Diablo3 Beta封測 - 野蠻人Barbarian,2011-09-28 01:38:42,2011-09-28,2011,1,5984,長片,未分類,none,,,False,none,0.0,,False,False,,7592,17.0,4.0,20,https://www.youtube.com/watch?v=R5eymu_HqO8
N_p8eToFNWk,MLG :TLO vs Hero,2011-09-23 02:26:44,2011-09-23,2011,2,2066,長片,電競賽事,keyword,,,False,none,0.0,,False,False,,12133,26.0,14.0,20,https://www.youtube.com/watch?v=N_p8eToFNWk
V61jr8eLDBM,展元這次你沒墨鏡了吧!,2011-09-22 00:01:05,2011-09-22,2011,0,23,長片,未分類,none,,,False,none,0.0,,False,False,,622738,4010.0,995.0,24,https://www.youtube.com/watch?v=V61jr8eLDBM
SNXgc4HV9HE,TCL3官方宣傳影片(字幕版),2011-09-21 22:59:59,2011-09-21,2011,22,79,長片,電競賽事,keyword,,,False,none,0.0,,False,False,,10578,60.0,15.0,20,https://www.youtube.com/watch?v=SNXgc4HV9HE
Swn8_Lh50bU,英雄傳說-零之軌跡 全程遊戲實錄-第一章 Part2,2011-09-21 16:57:10,2011-09-21,2011,16,5975,長片,遊戲實況,keyword,,,False,none,0.0,,False,False,,5060,4.0,2.0,20,https://www.youtube.com/watch?v=Swn8_Lh50bU
hscIbFuLK28,英雄傳說-零之軌跡 全程遊戲實錄-第一章 Part1,2011-09-21 13:02:28,2011-09-21,2011,13,3531,長片,遊戲實況,keyword,,,False,none,0.0,,False,False,,4896,2.0,0.0,20,https://www.youtube.com/watch?v=hscIbFuLK28
fgt-PpZ5Iis,英雄傳說-零之軌跡 全程遊戲實錄-序章 Part4,2011-09-16 12:35:57,2011-09-16,2011,12,5093,長片,遊戲實況,keyword,,,False,none,0.0,,False,False,,6688,8.0,4.0,20,https://www.youtube.com/watch?v=fgt-PpZ5Iis
qIE--6nPbJI,英雄傳說-零之軌跡 全程遊戲實錄-第一章 Part1,2011-09-16 09:48:30,2011-09-16,2011,9,696,長片,遊戲實況,keyword,,,False,none,0.0,,False,False,,3496,6.0,0.0,20,https://www.youtube.com/watch?v=qIE--6nPbJI
RJfitAL3VDk,英雄傳說-零之軌跡 全程遊戲實錄-序章 Part2,2011-09-15 11:57:44,2011-09-15,2011,11,7210,長片,遊戲實況,keyword,,,False,none,0.0,,False,False,,8393,13.0,7.0,20,https://www.youtube.com/watch?v=RJfitAL3VDk
IZHstG0Td0M,英雄傳說-零之軌跡 全程遊戲實錄-序章 Part3,2011-09-15 06:36:42,2011-09-15,2011,6,432,長片,遊戲實況,keyword,,,False,none,0.0,,False,False,,3712,4.0,0.0,20,https://www.youtube.com/watch?v=IZHstG0Td0M
xOvvpV_T6eI,英雄傳說-零之軌跡 全程遊戲實錄-序章 Part1,2011-09-14 00:59:53,2011-09-14,2011,0,4017,長片,遊戲實況,keyword,,,False,none,0.0,,False,False,,27010,52.0,23.0,20,https://www.youtube.com/watch?v=xOvvpV_T6eI
MnxmItS7gmQ,英雄傳說-零之軌跡 魔王特典 開箱影片,2011-09-13 15:02:29,2011-09-13,2011,15,1005,長片,3C開箱評測,keyword,,,False,none,0.0,,False,False,,24615,179.0,47.0,20,https://www.youtube.com/watch?v=MnxmItS7gmQ
BtlNIMe-sVo,實用小技巧-自動爆炸的埋地毒暴,2011-08-23 02:06:10,2011-08-23,2011,2,304,長片,未分類,none,,,False,none,0.0,,False,False,,42018,237.0,49.0,20,https://www.youtube.com/watch?v=BtlNIMe-sVo
jBQ_CyZ6VzU,TCL3 Nw vs WYD,2011-08-06 11:11:22,2011-08-06,2011,11,8350,長片,電競賽事,keyword,,,False,none,0.0,,False,False,,19230,58.0,15.0,20,https://www.youtube.com/watch?v=jBQ_CyZ6VzU
BQBdJWFBWc4,東南亞國際邀請賽Slam vs aLtiaguz Part1,2011-08-02 14:51:29,2011-08-02,2011,14,1821,長片,未分類,none,,,False,none,0.0,,False,False,,10867,15.0,9.0,20,https://www.youtube.com/watch?v=BQBdJWFBWc4
ww3HN3g4XIo,東南亞國際邀請賽SoftBall vs YoonYJ,2011-08-02 11:53:25,2011-08-02,2011,11,2266,長片,未分類,none,,,False,none,0.0,,False,False,,15389,33.0,13.0,20,https://www.youtube.com/watch?v=ww3HN3g4XIo
sZDNWqDIM2Q,東南亞國際邀請賽luway vs mOOnGlade,2011-08-02 11:33:11,2011-08-02,2011,11,1837,長片,未分類,none,,,False,none,0.0,,False,False,,13210,30.0,6.0,20,https://www.youtube.com/watch?v=sZDNWqDIM2Q
Y2Bt3XNk-yQ,東南亞國際邀請賽Dus vs TAEdgE,2011-08-02 11:19:55,2011-08-02,2011,11,1342,長片,未分類,none,,,False,none,0.0,,False,False,,8207,7.0,1.0,20,https://www.youtube.com/watch?v=Y2Bt3XNk-yQ
if-wkzz8qk4,東南亞國際邀請賽HRU vs TAdeth,2011-08-02 11:16:22,2011-08-02,2011,11,1070,長片,未分類,none,,,False,none,0.0,,False,False,,12868,19.0,11.0,20,https://www.youtube.com/watch?v=if-wkzz8qk4
Yg5wcWjxK1M,東南亞國際邀請賽Slam vs aLtiaguz Part2,2011-08-02 11:03:00,2011-08-02,2011,11,1272,長片,未分類,none,,,False,none,0.0,,False,False,,5383,15.0,0.0,20,https://www.youtube.com/watch?v=Yg5wcWjxK1M
V8Ht36GYV8s,東南亞國際邀請賽Dus vs TAEdgE Part2,2011-08-02 10:49:42,2011-08-02,2011,10,378,長片,未分類,none,,,False,none,0.0,,False,False,,5517,4.0,1.0,20,https://www.youtube.com/watch?v=V8Ht36GYV8s
Su-SN5v27hQ,TCL3 StorM vs Nw,2011-07-29 20:56:49,2011-07-29,2011,20,11257,長片,電競賽事,keyword,,,False,none,0.0,,False,False,,21358,86.0,12.0,20,https://www.youtube.com/watch?v=Su-SN5v27hQ
hz5_W-pZH4c,華擎Beta盃32強-ChiKuoRush vs Error G2,2011-07-28 00:10:12,2011-07-28,2011,0,1522,長片,未分類,none,,,False,none,0.0,,False,False,,5185,13.0,3.0,20,https://www.youtube.com/watch?v=hz5_W-pZH4c
stwdP7wPx1E,ChiKuoRush vs Error G3-1,2011-07-27 23:58:18,2011-07-27,2011,23,879,長片,未分類,none,,,False,none,0.0,,False,False,,4670,4.0,1.0,20,https://www.youtube.com/watch?v=stwdP7wPx1E
llweDdDTX7o,華擎貝塔盃32強:ChiKuoRush vs Error G3-2,2011-07-27 23:53:12,2011-07-27,2011,23,208,長片,未分類,none,,,False,none,0.0,,False,False,,6323,12.0,5.0,20,https://www.youtube.com/watch?v=llweDdDTX7o
TONyUwW8btY,華擎Beta盃32強-ChiKuoRush vs Error G1,2011-07-27 23:48:42,2011-07-27,2011,23,1003,長片,未分類,none,,,False,none,0.0,,False,False,,5369,12.0,4.0,20,https://www.youtube.com/watch?v=TONyUwW8btY
f5ZkvWgTfh4,TCL3例行賽: WYD vs Ex,2011-07-27 13:41:09,2011-07-27,2011,13,10859,長片,電競賽事,keyword,,,False,none,0.0,,False,False,,11333,20.0,6.0,20,https://www.youtube.com/watch?v=f5ZkvWgTfh4
7DvGuXRrjgE,樂陞鋼鐵人XpecIMHui鬼手輝唱歌,2011-07-11 22:23:55,2011-07-11,2011,22,122,長片,未分類,none,,,False,none,0.0,,False,False,,16509,54.0,17.0,20,https://www.youtube.com/watch?v=7DvGuXRrjgE
q9t13SCMm2Y,《仙劍奇俠傳五》平裝版開箱影片,2011-07-07 10:45:05,2011-07-07,2011,10,304,長片,3C開箱評測,keyword,,,False,none,0.0,,False,False,,8042,33.0,31.0,20,https://www.youtube.com/watch?v=q9t13SCMm2Y
OL2YJrfPq2Q,榮榮SKTB vs Slayers_Dragon,2011-07-07 02:42:46,2011-07-07,2011,2,738,長片,未分類,none,,,False,none,0.0,,False,False,,7405,10.0,4.0,20,https://www.youtube.com/watch?v=OL2YJrfPq2Q
T3RoPQk1jTQ,Sen vs Slayers_Dragon,2011-07-07 02:15:25,2011-07-07,2011,2,2018,長片,未分類,none,,,False,none,0.0,,False,False,,39949,74.0,25.0,20,https://www.youtube.com/watch?v=T3RoPQk1jTQ
NZ1EQKUHB78,電競賽評網路票選影片-Joeman,2011-07-06 12:45:43,2011-07-06,2011,12,1174,長片,電競賽事,keyword,,,False,none,0.0,,False,False,,12859,38.0,2.0,20,https://www.youtube.com/watch?v=NZ1EQKUHB78
p-1XNJ2hICQ,Nw遠征北美第一站:The KiwiClone Army,2011-07-06 02:36:04,2011-07-06,2011,2,7599,長片,未分類,none,,,False,none,0.0,,False,False,,15433,44.0,14.0,20,https://www.youtube.com/watch?v=p-1XNJ2hICQ
s_TcuBGFp7w,TCL2 總決賽 Rush vs nGen,2011-07-05 17:57:04,2011-07-05,2011,17,9871,長片,電競賽事,keyword,,,False,none,0.0,,False,False,,59081,118.0,26.0,20,https://www.youtube.com/watch?v=s_TcuBGFp7w
Fl5N0fbY9dQ,史詩戰役TCL2四強-nGen vs NEW,2011-07-05 12:34:06,2011-07-05,2011,12,14240,長片,電競賽事,keyword,,,False,none,0.0,,False,False,,21996,49.0,12.0,20,https://www.youtube.com/watch?v=Fl5N0fbY9dQ
2IXCQ100K48,星海時光屋-青銅救星 第六集 蟲族基本開局介紹(下),2011-07-03 23:47:07,2011-07-03,2011,23,5362,長片,電競賽事,playlist,,星海時光屋第一季-青銅救星,False,none,0.0,,False,False,,58365,198.0,21.0,20,https://www.youtube.com/watch?v=2IXCQ100K48
U56vXM_G2Dc,星海時光屋-青銅救星 第五集 神族基本開局介紹(下),2011-07-03 08:37:45,2011-07-03,2011,8,5289,長片,電競賽事,playlist,,星海時光屋第一季-青銅救星,False,none,0.0,,False,False,,82799,220.0,34.0,20,https://www.youtube.com/watch?v=U56vXM_G2Dc
V4RziHigpgQ,TCL2 nGen vs Legacy,2011-06-29 16:38:41,2011-06-29,2011,16,3568,長片,電競賽事,keyword,,,False,none,0.0,,False,False,,6605,25.0,8.0,20,https://www.youtube.com/watch?v=V4RziHigpgQ
vFLMeUeFGB4,神秘客 vs StorM,2011-06-29 13:37:27,2011-06-29,2011,13,6311,長片,挑戰/企劃,title_series,神秘客挑戰賽,,False,none,0.0,,False,False,,11688,18.0,13.0,20,https://www.youtube.com/watch?v=vFLMeUeFGB4
7gl9Fufgv2g,史詩戰役TCL2四強-Rush vs Dhc,2011-06-25 10:07:41,2011-06-25,2011,10,10650,長片,電競賽事,keyword,,,False,none,0.0,,False,False,,87746,251.0,83.0,20,https://www.youtube.com/watch?v=7gl9Fufgv2g
EYkdD5E_DOU,呱呱神帝Dus逆轉勝精彩片段,2011-06-22 00:40:41,2011-06-22,2011,0,187,長片,未分類,none,,,False,none,0.0,,False,False,,91964,278.0,86.0,20,https://www.youtube.com/watch?v=EYkdD5E_DOU
-3ht_8QpoQ8,滑鼠開箱-Tt AZURUES MINI,2011-06-20 23:02:49,2011-06-20,2011,23,720,長片,3C開箱評測,keyword,,,False,none,0.0,,False,False,,33393,201.0,77.0,20,https://www.youtube.com/watch?v=-3ht_8QpoQ8
CifF7Y4mdgs,TCL2:StorM VS New,2011-06-18 09:51:50,2011-06-18,2011,9,5557,長片,電競賽事,keyword,,,False,none,0.0,,False,False,,11149,21.0,9.0,10,https://www.youtube.com/watch?v=CifF7Y4mdgs
LC6jwXD0EYg,TCL2:Rush vs Nw,2011-06-18 04:47:38,2011-06-18,2011,4,5947,長片,電競賽事,keyword,,,False,none,0.0,,False,False,,14456,24.0,15.0,10,https://www.youtube.com/watch?v=LC6jwXD0EYg
X0vo4weBRoU,WannaSinging-探測的意義,2011-06-17 03:39:11,2011-06-17,2011,3,231,長片,未分類,none,,,False,none,0.0,,False,False,,281683,3632.0,417.0,10,https://www.youtube.com/watch?v=X0vo4weBRoU
_375NPGTfO8,RC-TCL2季後賽八強:Etd vs Dhc,2011-06-16 11:07:13,2011-06-16,2011,11,6691,長片,電競賽事,keyword,,,False,none,0.0,,False,False,,8701,24.0,16.0,20,https://www.youtube.com/watch?v=_375NPGTfO8
n7tb2o5IJqw,WannaSing-星海哭的聲音,2011-06-16 03:08:15,2011-06-16,2011,3,171,長片,電競賽事,keyword,,,False,none,0.0,,False,False,,17140,148.0,17.0,20,https://www.youtube.com/watch?v=n7tb2o5IJqw
nP8hAB6cgRE,星海時光屋-青銅救星 第四集 蟲族基本開局介紹(上),2011-06-15 00:53:21,2011-06-15,2011,0,5444,長片,電競賽事,playlist,,星海時光屋第一季-青銅救星,False,none,0.0,,False,False,,142600,502.0,59.0,20,https://www.youtube.com/watch?v=nP8hAB6cgRE
vYtYqMmBT9s,變型蟲極限堵口,2011-06-13 02:11:29,2011-06-13,2011,2,61,長片,未分類,none,,,False,none,0.0,,False,False,,23413,85.0,20.0,20,https://www.youtube.com/watch?v=vYtYqMmBT9s
FVUtH_icRi0,RC-TCL2:Rush vs Etd,2011-06-12 13:32:45,2011-06-12,2011,13,7776,長片,電競賽事,keyword,,,False,none,0.0,,False,False,,14507,31.0,16.0,20,https://www.youtube.com/watch?v=FVUtH_icRi0
ouNpQhcRLIA,RC-QTT神秘客挑戰賽:All Star全明星賽,2011-06-08 04:24:40,2011-06-08,2011,4,3415,長片,挑戰/企劃,title_series,神秘客挑戰賽,,False,none,0.0,,False,False,,35948,45.0,20.0,20,https://www.youtube.com/watch?v=ouNpQhcRLIA
7ui8R_fm9UQ,星海時光屋-青銅救星 第三集 神族基本開局介紹(上),2011-06-07 13:27:29,2011-06-07,2011,13,4944,長片,電競賽事,playlist,,星海時光屋第一季-青銅救星,False,none,0.0,,False,False,,142747,496.0,70.0,20,https://www.youtube.com/watch?v=7ui8R_fm9UQ
t8yq0PQbovI,滷味給青銅玩家的祝福,2011-06-07 01:57:28,2011-06-07,2011,1,110,長片,未分類,none,,,False,none,0.0,,False,False,,61896,116.0,28.0,20,https://www.youtube.com/watch?v=t8yq0PQbovI
nSSD_i1Abc8,Linda最新專輯-愛。現 介紹&開箱,2011-06-04 19:55:13,2011-06-04,2011,19,613,長片,3C開箱評測,keyword,,,False,none,0.0,,False,False,,11342,63.0,24.0,24,https://www.youtube.com/watch?v=nSSD_i1Abc8
tdNz5Fwhd74,暴雪友誼賽:WhiteRa vs SEn,2011-06-01 09:53:57,2011-06-01,2011,9,1083,長片,未分類,none,,,False,none,0.0,,False,False,,80538,119.0,34.0,20,https://www.youtube.com/watch?v=tdNz5Fwhd74
wnMcxedZyis,暴雪友誼賽:WhiteRa vs Croly,2011-06-01 08:43:59,2011-06-01,2011,8,914,長片,未分類,none,,,False,none,0.0,,False,False,,9554,21.0,3.0,20,https://www.youtube.com/watch?v=wnMcxedZyis
IPco3RbIwFw,暴雪友誼賽:WhiteRa vs MAX,2011-06-01 07:43:55,2011-06-01,2011,7,1940,長片,未分類,none,,,False,none,0.0,,False,False,,20358,79.0,16.0,20,https://www.youtube.com/watch?v=IPco3RbIwFw
lfmFvpERs9E,星海時光屋-青銅救星 第二集 人類基本開局介紹,2011-05-31 19:09:21,2011-05-31,2011,19,7326,長片,電競賽事,playlist,,星海時光屋第一季-青銅救星,False,none,0.0,,False,False,,195777,795.0,70.0,20,https://www.youtube.com/watch?v=lfmFvpERs9E
1xDNZ9XDkPc,MSI 急速體驗挑戰賽-挑戰蟲王SEn Part1,2011-05-30 09:48:43,2011-05-30,2011,9,7203,長片,挑戰/企劃,keyword,,,False,none,0.0,,False,False,,20110,12.0,13.0,20,https://www.youtube.com/watch?v=1xDNZ9XDkPc
S0h_e5sN19I,TT曜越號的遠征高雄場-WhiteRa特輯,2011-05-30 09:48:34,2011-05-30,2011,9,2111,長片,電競賽事,keyword,,,False,none,0.0,,False,False,,18506,33.0,12.0,20,https://www.youtube.com/watch?v=S0h_e5sN19I
QQy0vEmvMbQ,MSI 急速體驗挑戰賽-挑戰蟲王SEn Part2,2011-05-30 07:35:07,2011-05-30,2011,7,256,長片,挑戰/企劃,keyword,,,False,none,0.0,,False,False,,17059,12.0,2.0,20,https://www.youtube.com/watch?v=QQy0vEmvMbQ
1bDek4lZg_c,阿福A-Fu 原來如此 專輯開箱,2011-05-27 14:24:47,2011-05-27,2011,14,262,長片,3C開箱評測,keyword,,,False,none,0.0,,False,False,,19785,83.0,40.0,10,https://www.youtube.com/watch?v=1bDek4lZg_c
ctkUImGnmGg,星海時光屋-青銅救星 第一集 基礎觀念與運營,2011-05-24 16:56:53,2011-05-24,2011,16,8514,長片,電競賽事,playlist,,星海時光屋第一季-青銅救星,False,none,0.0,,False,False,,220152,1219.0,140.0,20,https://www.youtube.com/watch?v=ctkUImGnmGg
_gRqrOI5xwU,韓國蟲王July線上挑戰賽,2011-05-23 01:08:07,2011-05-23,2011,1,2097,長片,挑戰/企劃,keyword,,,False,none,0.0,,False,False,,150365,186.0,139.0,20,https://www.youtube.com/watch?v=_gRqrOI5xwU
zGzWHZPsTl8,TCL2 NEW vs Etd,2011-05-21 16:24:53,2011-05-21,2011,16,6744,長片,電競賽事,keyword,,,False,none,0.0,,False,False,,9347,17.0,20.0,20,https://www.youtube.com/watch?v=zGzWHZPsTl8
zQoLZRZvGGs,NW三人KOF冠軍爭霸StorM vs Rush,2011-05-21 10:06:01,2011-05-21,2011,10,3882,長片,未分類,none,,,False,none,0.0,,False,False,,34136,64.0,29.0,20,https://www.youtube.com/watch?v=zQoLZRZvGGs
0b9uOmnZtUU,TCL2 MaD vs nGen,2011-05-18 16:51:33,2011-05-18,2011,16,7619,長片,電競賽事,keyword,,,False,none,0.0,,False,False,,11303,14.0,11.0,20,https://www.youtube.com/watch?v=0b9uOmnZtUU
nzGsMgK75_M,曜越號的遠征線上賽,2011-05-17 11:19:58,2011-05-17,2011,11,2666,長片,電競賽事,keyword,,,False,none,0.0,,False,False,,11234,22.0,15.0,20,https://www.youtube.com/watch?v=nzGsMgK75_M
_ij1Bd0txvk,TCL2 Rush vs WYD,2011-05-17 08:25:02,2011-05-17,2011,8,7158,長片,電競賽事,keyword,,,False,none,0.0,,False,False,,18668,26.0,9.0,20,https://www.youtube.com/watch?v=_ij1Bd0txvk
9fbFE4pvpO8,世紀對決Nw vs StorM,2011-05-16 12:45:34,2011-05-16,2011,12,8416,長片,挑戰/企劃,keyword,,,False,none,0.0,,False,False,,41815,54.0,43.0,20,https://www.youtube.com/watch?v=9fbFE4pvpO8
dhFSnId_5VM,TCL2 Linyu vs Dhc,2011-05-15 21:33:16,2011-05-15,2011,21,4531,長片,電競賽事,keyword,,,False,none,0.0,,False,False,,3999,11.0,6.0,20,https://www.youtube.com/watch?v=dhFSnId_5VM
nQtlwCPq9Og,大招失敗秀-第三集(When Cheese Fails TW Episode3),2011-05-15 04:06:03,2011-05-15,2011,4,476,長片,未分類,none,,,False,none,0.0,,False,False,,137876,908.0,142.0,20,https://www.youtube.com/watch?v=nQtlwCPq9Og
jDL7jaIt2w0,最終對決Rich(P) vs AlphaStorM(z),2011-05-13 13:23:48,2011-05-13,2011,13,1203,長片,電競賽事,keyword,,,False,none,0.0,,False,False,,5063,6.0,4.0,20,https://www.youtube.com/watch?v=jDL7jaIt2w0
OoOT6zwwsGI,RC TCL2 Ex vs Legacy,2011-05-12 07:00:56,2011-05-12,2011,7,6114,長片,電競賽事,keyword,,,False,none,0.0,,False,False,,9056,16.0,16.0,20,https://www.youtube.com/watch?v=OoOT6zwwsGI
pQWORPQawcA,RC神秘客挑戰賽介紹與RC語音使用教學,2011-05-08 21:15:10,2011-05-08,2011,21,965,長片,挑戰/企劃,title_series,神秘客挑戰賽,,False,none,1.0,品牌官方導流,False,False,,6599,16.0,12.0,20,https://www.youtube.com/watch?v=pQWORPQawcA
sI9Zj4flqaE,TCL2 B組最強對決StorM vs Legacy,2011-05-06 22:36:00,2011-05-06,2011,22,9557,長片,電競賽事,keyword,,,False,none,0.0,,False,False,,65745,125.0,35.0,20,https://www.youtube.com/watch?v=sI9Zj4flqaE
ghY1wW40dbk,TCL2 WYD vs ETD,2011-05-05 14:04:39,2011-05-05,2011,14,6976,長片,電競賽事,keyword,,,False,none,0.0,,False,False,,6171,12.0,13.0,20,https://www.youtube.com/watch?v=ghY1wW40dbk
fd0mmu2S6wQ,大招失敗秀第二集(When Cheese Fails TW Episode2),2011-05-05 07:56:40,2011-05-05,2011,7,1079,長片,未分類,none,,,False,none,0.0,,False,False,,54095,68.0,26.0,20,https://www.youtube.com/watch?v=fd0mmu2S6wQ
livHlEjA8LY,大招失敗秀-第一集(When Cheese Fails TW Episode1),2011-05-04 00:11:40,2011-05-04,2011,0,387,長片,未分類,none,,,False,none,0.0,,False,False,,47705,65.0,24.0,20,https://www.youtube.com/watch?v=livHlEjA8LY
5VHWeTn6o0w,IMYoDa(T) vs oGsCezanne(Z),2011-05-03 10:27:42,2011-05-03,2011,10,2245,長片,電競賽事,keyword,,,False,none,0.0,,False,False,,7502,49.0,10.0,20,https://www.youtube.com/watch?v=5VHWeTn6o0w
cFIkNP_qzYM,Beta盃職業競技組:Sen(Z) vs SoBaDRush(Z),2011-04-28 11:38:06,2011-04-28,2011,11,1472,長片,電競賽事,keyword,,,False,none,0.0,,False,False,,141879,316.0,67.0,20,https://www.youtube.com/watch?v=cFIkNP_qzYM
rNwm6wz_EzE,Beta盃職業競技組:WanStorM(Z) vs WaterStorM(P),2011-04-28 09:57:27,2011-04-28,2011,9,1499,長片,電競賽事,keyword,,,False,none,0.0,,False,False,,8692,11.0,8.0,20,https://www.youtube.com/watch?v=rNwm6wz_EzE
FKYgSPRmufk,Beta盃職業競技組:WanStorM(Z) vs ASH(Z),2011-04-28 08:31:32,2011-04-28,2011,8,1013,長片,電競賽事,keyword,,,False,none,0.0,,False,False,,3491,5.0,1.0,20,https://www.youtube.com/watch?v=FKYgSPRmufk
uMmkRePgPDY,Beta盃職業競技組:俊偉(T) vs ASH(Z),2011-04-28 07:40:20,2011-04-28,2011,7,2417,長片,電競賽事,keyword,,,False,none,0.0,,False,False,,11992,23.0,11.0,20,https://www.youtube.com/watch?v=uMmkRePgPDY
5t8Z-h3wt-4,TCL2 A組最強對決Rush vs New,2011-04-27 16:52:21,2011-04-27,2011,16,8250,長片,電競賽事,keyword,,,False,none,0.0,,False,False,,47980,67.0,28.0,20,https://www.youtube.com/watch?v=5t8Z-h3wt-4
kcVfKD5xwEI,TCL2 Linyu vs Ex,2011-04-24 09:13:19,2011-04-24,2011,9,5194,長片,電競賽事,keyword,,,False,none,0.0,,False,False,,7351,11.0,10.0,20,https://www.youtube.com/watch?v=kcVfKD5xwEI
s9by-Qsu5KI,TCL2 Dhc vs Ex,2011-04-23 03:07:13,2011-04-23,2011,3,6048,長片,電競賽事,keyword,,,False,none,0.0,,False,False,,7913,12.0,9.0,20,https://www.youtube.com/watch?v=s9by-Qsu5KI
D8lS59xEg_g,TCL2 Dhc vs Legacy,2011-04-20 09:43:49,2011-04-20,2011,9,6410,長片,電競賽事,keyword,,,False,none,0.0,,False,False,,7568,12.0,11.0,20,https://www.youtube.com/watch?v=D8lS59xEg_g
nrQIoHEKVCk,TCL2 Nw vs StorM,2011-04-15 07:06:54,2011-04-15,2011,7,6583,長片,電競賽事,keyword,,,False,none,0.0,,False,False,,13083,14.0,14.0,20,https://www.youtube.com/watch?v=nrQIoHEKVCk
j9jF7u0_WIY,TCL2 Etd vs nGen,2011-04-14 09:20:44,2011-04-14,2011,9,7690,長片,電競賽事,keyword,,,False,none,0.0,,False,False,,8265,13.0,9.0,20,https://www.youtube.com/watch?v=j9jF7u0_WIY
wzrgG5RhcfQ,TCL2 WYD vs nGen,2011-04-10 13:14:59,2011-04-10,2011,13,7596,長片,電競賽事,keyword,,,False,none,0.0,,False,False,,11670,19.0,13.0,20,https://www.youtube.com/watch?v=wzrgG5RhcfQ
pjmXauK_2Qw,"Huk韓國天梯第一人稱視角(vs Sen , TT1)",2011-04-09 09:54:55,2011-04-09,2011,9,806,長片,電競賽事,keyword,,,False,none,0.0,,False,False,,34042,29.0,12.0,20,https://www.youtube.com/watch?v=pjmXauK_2Qw
I2TJvOBmRNE,"NW戰隊 vs 武器戰隊(5v5,KOF)",2011-04-09 08:56:39,2011-04-09,2011,8,3635,長片,未分類,none,,,False,none,0.0,,False,False,,18976,22.0,11.0,20,https://www.youtube.com/watch?v=I2TJvOBmRNE
UCe0AXCnVaM,TCL 暖暖(T) vs LungWYD(Z),2011-04-09 01:35:59,2011-04-09,2011,1,1966,長片,電競賽事,keyword,,,False,none,0.0,,False,False,,4571,6.0,5.0,20,https://www.youtube.com/watch?v=UCe0AXCnVaM
MAFOgLN1b-Q,TCL Greedy(T) vs FreddyWYD(Z),2011-04-08 23:36:04,2011-04-08,2011,23,1157,長片,電競賽事,keyword,,,False,none,0.0,,False,False,,2668,8.0,2.0,20,https://www.youtube.com/watch?v=MAFOgLN1b-Q
0gxPfm-ULz8,TCL MVPxBlue(P) vs janyrWYD(Z),2011-04-08 20:04:20,2011-04-08,2011,20,3041,長片,電競賽事,keyword,,,False,none,0.0,,False,False,,3979,8.0,1.0,20,https://www.youtube.com/watch?v=0gxPfm-ULz8
pBHanSTUdWg,TCL 凌宇大叔(T) vs GilesWYD(P),2011-04-08 10:53:37,2011-04-08,2011,10,1389,長片,電競賽事,keyword,,,False,none,0.0,,False,False,,3938,4.0,3.0,20,https://www.youtube.com/watch?v=pBHanSTUdWg
G_7dH9sC92k,TCL NewDS(P) vs MafiaWYD(P),2011-04-08 05:27:11,2011-04-08,2011,5,1159,長片,電競賽事,keyword,,,False,none,0.0,,False,False,,3772,7.0,6.0,20,https://www.youtube.com/watch?v=G_7dH9sC92k
yQa_KqDAB5E,TCL第二季賽事介紹(4/2正式開戰!),2011-03-30 00:08:44,2011-03-30,2011,0,519,長片,電競賽事,keyword,,,False,none,0.0,,False,False,,4014,22.0,6.0,20,https://www.youtube.com/watch?v=yQa_KqDAB5E
9mmrtZ0Y1cY,"兩岸明星對抗賽(5v5,Kof)",2011-03-25 09:00:03,2011-03-25,2011,9,5762,長片,電競賽事,keyword,,,False,none,0.0,,False,False,,143322,277.0,67.0,20,https://www.youtube.com/watch?v=9mmrtZ0Y1cY
KnWNXlOGxGo,Nw P幣挑戰賽-luwayRush(P),2011-03-24 16:53:07,2011-03-24,2011,16,1720,長片,電競賽事,keyword,,,False,none,0.0,,False,False,,9181,11.0,6.0,20,https://www.youtube.com/watch?v=KnWNXlOGxGo
upD9VNWm9L4,Nw P幣挑戰賽-OrzRush(P),2011-03-24 15:34:13,2011-03-24,2011,15,2748,長片,電競賽事,keyword,,,False,none,0.0,,False,False,,10631,10.0,10.0,20,https://www.youtube.com/watch?v=upD9VNWm9L4
kt2G2Ms9tZM,Nw P幣挑戰賽-挑戰者十月春夢哥(T),2011-03-24 07:06:56,2011-03-24,2011,7,1052,長片,電競賽事,keyword,,,False,none,0.0,,False,False,,5516,7.0,10.0,20,https://www.youtube.com/watch?v=kt2G2Ms9tZM
ZLmIeZSdKmA,Nw P幣挑戰賽-挑戰者SoBaDRush(Z),2011-03-24 06:46:45,2011-03-24,2011,6,3124,長片,電競賽事,keyword,,,False,none,0.0,,False,False,,34720,55.0,27.0,20,https://www.youtube.com/watch?v=ZLmIeZSdKmA
oD-nIH_nKMs,WhiteRa(P) vs PredY(T),2011-03-23 19:21:34,2011-03-23,2011,19,1633,長片,電競賽事,keyword,,,False,none,0.0,,False,False,,8828,28.0,13.0,20,https://www.youtube.com/watch?v=oD-nIH_nKMs
kQL3y4Ed-sU,Dimaga(Z) vs Beastyqt(T),2011-03-21 17:07:14,2011-03-21,2011,17,1535,長片,電競賽事,keyword,,,False,none,0.0,,False,False,,8474,21.0,14.0,20,https://www.youtube.com/watch?v=kQL3y4Ed-sU
9IRSXUBTeG0,KiWiKaKi(P) vs Idra(Z),2011-03-17 12:40:14,2011-03-17,2011,12,940,長片,電競賽事,keyword,,,False,none,0.0,,False,False,,8693,17.0,7.0,20,https://www.youtube.com/watch?v=9IRSXUBTeG0
C8OUaHBUl18,素人投稿-人類6BB極限大招,2011-03-14 11:37:04,2011-03-14,2011,11,417,長片,未分類,none,,,False,none,0.0,,False,False,,28317,78.0,33.0,20,https://www.youtube.com/watch?v=C8OUaHBUl18
ICOvhgPsnqk,TCL季後賽 Game3GreenStorMZ vs MafiaWYDP,2011-03-14 10:24:00,2011-03-14,2011,10,2963,長片,電競賽事,keyword,,,False,none,0.0,,False,False,,4253,7.0,3.0,20,https://www.youtube.com/watch?v=ICOvhgPsnqk
JOpLs-HaI4E,TCL季後賽 Game5 BadKenStorM(Z) vs FreddyWYD(P),2011-03-14 10:20:18,2011-03-14,2011,10,75,長片,電競賽事,keyword,,,False,none,0.0,,False,False,,2967,3.0,2.0,20,https://www.youtube.com/watch?v=JOpLs-HaI4E
GEVRSvDyPbA,TCL季後賽 Game4 HRUStorM(P) vs YuHsuanWYD(Z),2011-03-14 07:13:20,2011-03-14,2011,7,2386,長片,電競賽事,keyword,,,False,none,0.0,,False,False,,9702,10.0,6.0,20,https://www.youtube.com/watch?v=GEVRSvDyPbA
OPQhj4g9Kns,TCL季後賽 Game2 AkumaStorM(P) vs janyrWYD(Z),2011-03-14 01:26:24,2011-03-14,2011,1,2372,長片,電競賽事,keyword,,,False,none,0.0,,False,False,,5059,6.0,0.0,20,https://www.youtube.com/watch?v=OPQhj4g9Kns
Y3DZWfc0cuU,TCL季後賽Game1 SlamStorM(Z) vs JessicaWYD(P),2011-03-13 05:48:40,2011-03-13,2011,5,2145,長片,電競賽事,keyword,,,False,none,0.0,,False,False,,11074,36.0,29.0,20,https://www.youtube.com/watch?v=Y3DZWfc0cuU
0JdzN__6Gcs,IEM:Moon(Z) vs StSquirtle(P) - 2 / 2,2011-03-07 17:08:14,2011-03-07,2011,17,726,長片,電競賽事,keyword,,,False,none,0.0,,False,False,,3199,2.0,1.0,22,https://www.youtube.com/watch?v=0JdzN__6Gcs
w7iaMHG_swQ,IEM Final:Moon(Z) vs AcE(P) Game4 - 2 / 2,2011-03-07 17:06:44,2011-03-07,2011,17,309,長片,電競賽事,keyword,,,False,none,0.0,,False,False,,4338,4.0,6.0,22,https://www.youtube.com/watch?v=w7iaMHG_swQ
q-c2tYCtEeY,IEM Final:Moon(Z) vs AcE(P) Game5 - 1 / 2,2011-03-07 17:06:31,2011-03-07,2011,17,901,長片,電競賽事,keyword,,,False,none,0.0,,False,False,,3312,6.0,0.0,22,https://www.youtube.com/watch?v=q-c2tYCtEeY
tnhFgUVv2OU,IEM Final:Moon(Z) vs AcE(P) Game4 - 1 / 2,2011-03-07 17:05:45,2011-03-07,2011,17,612,長片,電競賽事,keyword,,,False,none,0.0,,False,False,,5342,9.0,6.0,22,https://www.youtube.com/watch?v=tnhFgUVv2OU
h_mTgG_Vq5s,IEM Final:Moon(Z) vs AcE(P) Game5 - 2 / 2,2011-03-07 17:03:16,2011-03-07,2011,17,409,長片,電競賽事,keyword,,,False,none,0.0,,False,False,,3300,2.0,4.0,22,https://www.youtube.com/watch?v=h_mTgG_Vq5s
_9INFfsbpSM,IEM:Moon(Z) vs StSquirtle(P) - 1 / 2,2011-03-07 17:02:43,2011-03-07,2011,17,900,長片,電競賽事,keyword,,,False,none,0.0,,False,False,,4343,2.0,0.0,22,https://www.youtube.com/watch?v=_9INFfsbpSM
T7r7jdTMMno,IEM Final:Moon(Z) vs AcE(P) Game1,2011-03-07 16:56:40,2011-03-07,2011,16,773,長片,電競賽事,keyword,,,False,none,0.0,,False,False,,4124,4.0,3.0,22,https://www.youtube.com/watch?v=T7r7jdTMMno
DBuLCE2JNDU,IEM Final:Moon(Z) vs AcE(P) Game2,2011-03-07 16:56:02,2011-03-07,2011,16,670,長片,電競賽事,keyword,,,False,none,0.0,,False,False,,3938,2.0,0.0,22,https://www.youtube.com/watch?v=DBuLCE2JNDU
7ZGim62t1M8,IEM Final:Moon(Z) vs AcE(P) Game3,2011-03-07 16:53:10,2011-03-07,2011,16,580,長片,電競賽事,keyword,,,False,none,0.0,,False,False,,1698,2.0,3.0,22,https://www.youtube.com/watch?v=7ZGim62t1M8
SRNzur5qW84,亞洲蟲王對決 Sen(Z) vs IMNesTea(Z),2011-03-01 01:48:24,2011-03-01,2011,1,465,長片,電競賽事,keyword,,,False,none,0.0,,False,False,,217980,257.0,47.0,20,https://www.youtube.com/watch?v=SRNzur5qW84
VvMtHFq700s,We Need Change!星海板主競選!,2011-02-28 23:21:44,2011-02-28,2011,23,174,長片,電競賽事,keyword,,,False,none,0.0,,False,False,,1320,13.0,7.0,25,https://www.youtube.com/watch?v=VvMtHFq700s
Lg3Bz_KyVu0,FXOpen總冠軍賽:oGsHero(P) vs oGsStC(T),2011-02-27 04:55:10,2011-02-27,2011,4,3025,長片,電競賽事,keyword,,,False,none,0.0,,False,False,,27557,48.0,12.0,20,https://www.youtube.com/watch?v=Lg3Bz_KyVu0
qgpGhnaVBkU,FXOpen:SeleCT(T) vs oGsStC(T),2011-02-27 02:19:16,2011-02-27,2011,2,2655,長片,電競賽事,keyword,,,False,none,0.0,,False,False,,5794,9.0,5.0,20,https://www.youtube.com/watch?v=qgpGhnaVBkU
Hnl1RqZ5MTw,qxc(T) vs WhiteRa(P),2011-02-26 15:02:30,2011-02-26,2011,15,1835,長片,電競賽事,keyword,,,False,none,0.0,,False,False,,3042,1.0,9.0,20,https://www.youtube.com/watch?v=Hnl1RqZ5MTw
JfaHt6kkIm0,北美星海聯盟介紹&快去投Sen一票!,2011-02-22 17:11:24,2011-02-22,2011,17,452,長片,電競賽事,keyword,,,False,none,0.0,,False,False,,2568,7.0,9.0,20,https://www.youtube.com/watch?v=JfaHt6kkIm0
a5ykIs_D-PM,古劍奇譚-藏劍寶典開箱文,2011-02-20 00:21:20,2011-02-20,2011,0,646,長片,3C開箱評測,keyword,,,False,none,0.0,,False,False,,6439,31.0,15.0,20,https://www.youtube.com/watch?v=a5ykIs_D-PM
CtzHgpzy1zQ,NwBlanc(T) vs BadkenStorM(Z),2011-02-19 06:31:23,2011-02-19,2011,6,1794,長片,電競賽事,keyword,,,False,none,0.0,,False,False,,2591,7.0,4.0,20,https://www.youtube.com/watch?v=CtzHgpzy1zQ
DngWqsukF3M,Razer星海女妖耳機開箱影片,2011-02-19 02:59:40,2011-02-19,2011,2,501,長片,電競賽事,keyword,,,False,none,0.0,,False,False,,15455,106.0,37.0,20,https://www.youtube.com/watch?v=DngWqsukF3M
Si9NiRVrXOk,NwBlacktea(Z) vs SlamStorM(Z),2011-02-17 17:35:58,2011-02-17,2011,17,1072,長片,電競賽事,keyword,,,False,none,0.0,,False,False,,2457,4.0,4.0,20,https://www.youtube.com/watch?v=Si9NiRVrXOk
soTtT8zK4TY,NwRich(P) vs AkumaStorM(P),2011-02-17 16:07:25,2011-02-17,2011,16,577,長片,電競賽事,keyword,,,False,none,0.0,,False,False,,1352,2.0,5.0,20,https://www.youtube.com/watch?v=soTtT8zK4TY
9Y5JodjjbJI,NwAccel(Z) vs HRUStorM(P),2011-02-13 21:20:14,2011-02-13,2011,21,1333,長片,電競賽事,keyword,,,False,none,0.0,,False,False,,4539,6.0,4.0,20,https://www.youtube.com/watch?v=9Y5JodjjbJI
vq-E2LheceY,NwMoonLight(Z) vs GreenStorM(Z).,2011-02-13 19:44:43,2011-02-13,2011,19,1447,長片,電競賽事,keyword,,,False,none,0.0,,False,False,,1410,2.0,7.0,20,https://www.youtube.com/watch?v=vq-E2LheceY
pWI9N-skiuE,NwRich(P) vs AlbusEx(Z),2011-02-13 06:51:55,2011-02-13,2011,6,2986,長片,電競賽事,keyword,,,False,none,0.0,,False,False,,4245,6.0,4.0,20,https://www.youtube.com/watch?v=pWI9N-skiuE
RpMKtZDEOrY,NwAccel(Z) vs SonicYouthEx(Z),2011-02-12 14:43:40,2011-02-12,2011,14,2065,長片,電競賽事,keyword,,,False,none,0.0,,False,False,,1935,2.0,2.0,20,https://www.youtube.com/watch?v=RpMKtZDEOrY
IWMY9Og19c0,NwExia(P) vs CkyyEx(T),2011-02-12 04:48:46,2011-02-12,2011,4,1681,長片,電競賽事,keyword,,,False,none,0.0,,False,False,,2640,3.0,1.0,20,https://www.youtube.com/watch?v=IWMY9Og19c0
JrEWJwkZUZI,NwBlanc(T) vs ChuckBass(T),2011-02-12 02:23:41,2011-02-12,2011,2,1558,長片,電競賽事,keyword,,,False,none,0.0,,False,False,,2635,3.0,2.0,26,https://www.youtube.com/watch?v=JrEWJwkZUZI
hX0Lz0LWCdY,NwEthan(Z) vs EstanyolEx(T),2011-02-11 18:45:54,2011-02-11,2011,18,1950,長片,電競賽事,keyword,,,False,none,0.0,,False,False,,4418,6.0,1.0,20,https://www.youtube.com/watch?v=hX0Lz0LWCdY
HedQmzkKQyg,TCL:HRUStorM(P) vs OrzRush(P),2011-02-11 12:50:51,2011-02-11,2011,12,1219,長片,電競賽事,keyword,,,False,none,0.0,,False,False,,11866,21.0,2.0,20,https://www.youtube.com/watch?v=HedQmzkKQyg
5wYrNgxoieA,TCL:AkumaStorM(P) vs AkSolaRush(Z),2011-02-11 11:25:59,2011-02-11,2011,11,1474,長片,電競賽事,keyword,,,False,none,0.0,,False,False,,3142,2.0,3.0,20,https://www.youtube.com/watch?v=5wYrNgxoieA
Py6xz42GiVc,TCL:LoVeStorM(P) vs luwayRush(P),2011-02-11 06:45:40,2011-02-11,2011,6,1537,長片,電競賽事,keyword,,,False,none,0.0,,False,False,,4397,9.0,0.0,20,https://www.youtube.com/watch?v=Py6xz42GiVc
L0NUy_SlFCY,TCL:BadKenStorM(Z) vs SorrowRush(P),2011-02-11 04:19:24,2011-02-11,2011,4,1014,長片,電競賽事,keyword,,,False,none,0.0,,False,False,,2537,3.0,1.0,20,https://www.youtube.com/watch?v=L0NUy_SlFCY
4vgIQzl1qN0,TCL:MarsStorM(P) vs ChiKuoRush(Z),2011-02-11 03:03:33,2011-02-11,2011,3,782,長片,電競賽事,keyword,,,False,none,0.0,,False,False,,1991,1.0,5.0,20,https://www.youtube.com/watch?v=4vgIQzl1qN0
yfv2zymOEQE,SickNess(T) vs Korean(P),2011-02-11 02:15:23,2011-02-11,2011,2,1028,長片,電競賽事,keyword,,,False,none,0.0,,False,False,,4518,4.0,8.0,20,https://www.youtube.com/watch?v=yfv2zymOEQE
ScxMJrgy2ro,憂鬱的戀母少年KiWiKaKi(P) vs MYMxLoad(Z),2011-01-29 14:17:58,2011-01-29,2011,14,2556,長片,電競賽事,keyword,,,False,none,0.0,,False,False,,29349,84.0,40.0,20,https://www.youtube.com/watch?v=ScxMJrgy2ro
IYnBgrFqMEM,NwEthan(Z) vs NwRich(P),2011-01-28 12:49:22,2011-01-28,2011,12,1482,長片,電競賽事,keyword,,,False,none,0.0,,False,False,,4773,8.0,6.0,20,https://www.youtube.com/watch?v=IYnBgrFqMEM
dIxGXeLFFew,LiquidTLO(Z) vs KiWiKaKi(P),2011-01-26 10:32:41,2011-01-26,2011,10,944,長片,電競賽事,keyword,,,False,none,0.0,,False,False,,10743,10.0,10.0,20,https://www.youtube.com/watch?v=dIxGXeLFFew
ZaQsWc7r5is,徹底剖析PvT速聖堂武士,2011-01-22 05:52:23,2011-01-22,2011,5,4944,長片,未分類,none,,,False,override,,,False,False,,58597,135.0,30.0,20,https://www.youtube.com/watch?v=ZaQsWc7r5is
CbdP29vtArg,NwJeep(P) vs NwBlanc(T) 神族速提三防轉HT,2011-01-20 14:19:26,2011-01-20,2011,14,1820,長片,電競賽事,keyword,,,False,none,0.0,,False,False,,19506,57.0,18.0,20,https://www.youtube.com/watch?v=CbdP29vtArg
QAGzn3Q9ejA,KiWiKaKi聖母鑑變態漩渦逆轉勝Part2,2011-01-20 08:08:00,2011-01-20,2011,8,452,長片,未分類,none,,,False,none,0.0,,False,False,,85874,162.0,40.0,20,https://www.youtube.com/watch?v=QAGzn3Q9ejA
x6XTd5asck4,KiWiKaKi聖母鑑變態漩渦逆轉勝Part1,2011-01-20 07:52:48,2011-01-20,2011,7,728,長片,未分類,none,,,False,none,0.0,,False,False,,53565,52.0,7.0,20,https://www.youtube.com/watch?v=x6XTd5asck4
rdexQEa8P94,NesTea(Z) vs Huk(P) Part2,2011-01-18 14:30:37,2011-01-18,2011,14,845,長片,電競賽事,keyword,,,False,none,0.0,,False,False,,3277,4.0,5.0,20,https://www.youtube.com/watch?v=rdexQEa8P94
j5kkT9Rqyxo,NesTea(Z) vs Huk(P) Part3,2011-01-18 14:01:46,2011-01-18,2011,14,120,長片,電競賽事,keyword,,,False,none,0.0,,False,False,,3032,3.0,3.0,20,https://www.youtube.com/watch?v=j5kkT9Rqyxo
dquxyDkQ_EQ,NesTea(Z) vs Huk(P) Part1,2011-01-18 11:36:22,2011-01-18,2011,11,762,長片,電競賽事,keyword,,,False,none,0.0,,False,False,,4865,7.0,4.0,20,https://www.youtube.com/watch?v=dquxyDkQ_EQ
q5k_htRU_wQ,失落神廟速探Z點位-小技巧?BUG?,2011-01-15 22:27:05,2011-01-15,2011,22,313,長片,未分類,none,,,False,none,0.0,,False,False,,9748,16.0,7.0,20,https://www.youtube.com/watch?v=q5k_htRU_wQ
l1AgEOmcygM,TESL四強 榮榮(P) vs 鬼手輝(P),2011-01-10 22:47:58,2011-01-10,2011,22,605,長片,電競賽事,keyword,,,False,none,0.0,,False,False,,10815,14.0,9.0,20,https://www.youtube.com/watch?v=l1AgEOmcygM
DpuzzrhHep0,薩爾納加洞穴-人類極限野BB,2011-01-10 22:41:41,2011-01-10,2011,22,434,長片,未分類,none,,,False,none,0.0,,False,False,,43360,89.0,36.0,20,https://www.youtube.com/watch?v=DpuzzrhHep0
mJnVfDqpNqA,素人投稿:ZvZ監察王蟲汙染流,2011-01-06 14:31:27,2011-01-06,2011,14,712,長片,未分類,none,,,False,none,0.0,,False,False,,12411,21.0,12.0,20,https://www.youtube.com/watch?v=mJnVfDqpNqA
_Fs3cOPGoBo,WhiteRa(P) vs Jimpo(T) Part2,2011-01-04 11:14:10,2011-01-04,2011,11,789,長片,電競賽事,keyword,,,False,none,0.0,,False,False,,3324,3.0,0.0,20,https://www.youtube.com/watch?v=_Fs3cOPGoBo
ycyKiKcR-gU,WhiteRa(P) vs Jimpo(T) Part3,2011-01-04 10:52:19,2011-01-04,2011,10,242,長片,電競賽事,keyword,,,False,none,0.0,,False,False,,3245,3.0,1.0,20,https://www.youtube.com/watch?v=ycyKiKcR-gU
jS0Xpuw4c7A,WhiteRa(P) vs Jimpo(T) Part1,2011-01-04 10:46:30,2011-01-04,2011,10,775,長片,電競賽事,keyword,,,False,none,0.0,,False,False,,4609,7.0,4.0,20,https://www.youtube.com/watch?v=jS0Xpuw4c7A
g2tRUhBjMJ4,2011年台灣星海業餘戰隊聯賽開打!,2010-12-31 12:25:04,2010-12-31,2010,12,302,長片,電競賽事,keyword,,,False,none,0.0,,False,False,,2068,4.0,1.0,20,https://www.youtube.com/watch?v=g2tRUhBjMJ4
hkKnvYlAbS8,美服知名玩家HasHe第一人稱視角Gam4-2 (TvP),2010-12-31 06:37:31,2010-12-31,2010,6,784,長片,未分類,none,,,False,none,0.0,,False,False,,3996,2.0,2.0,20,https://www.youtube.com/watch?v=hkKnvYlAbS8
sV_b_IYS-PY,美服知名玩家HasHe第一人稱視角Gam4-3 (TvP),2010-12-31 06:15:11,2010-12-31,2010,6,176,長片,未分類,none,,,False,none,0.0,,False,False,,3638,1.0,2.0,20,https://www.youtube.com/watch?v=sV_b_IYS-PY
cwlvD77q6Zw,美服知名玩家HasHe第一人稱視角Gam4-1 (TvP),2010-12-31 04:16:02,2010-12-31,2010,4,853,長片,未分類,none,,,False,none,0.0,,False,False,,4757,3.0,5.0,20,https://www.youtube.com/watch?v=cwlvD77q6Zw
i2Zq9MZMIFY,月下紅茶(Z) vs 草稚素子(P),2010-12-29 12:57:15,2010-12-29,2010,12,901,長片,電競賽事,keyword,,,False,none,0.0,,False,False,,4683,4.0,7.0,20,https://www.youtube.com/watch?v=i2Zq9MZMIFY
3IZYKL-CTDM,不朽閃現猥褻流,2010-12-23 13:43:44,2010-12-23,2010,13,813,長片,未分類,none,,,False,none,0.0,,False,False,,65170,157.0,53.0,20,https://www.youtube.com/watch?v=3IZYKL-CTDM
WUf0jPHRgtw,美服知名玩家HasHe第一人稱視角Game3 (TvT),2010-12-22 15:15:28,2010-12-22,2010,15,380,長片,電競賽事,keyword,,,False,none,0.0,,False,False,,2735,5.0,3.0,20,https://www.youtube.com/watch?v=WUf0jPHRgtw
pIOGAq5E1qY,人類機械化部隊:DIMAGA(Z) vs GooDy(T) Part2,2010-12-22 15:02:35,2010-12-22,2010,15,724,長片,電競賽事,keyword,,,False,none,0.0,,False,False,,11272,10.0,7.0,20,https://www.youtube.com/watch?v=pIOGAq5E1qY
u36E9fbWevE,人類機械化部隊:DIMAGA(Z) vs GooDy(T) Part1,2010-12-22 13:32:12,2010-12-22,2010,13,824,長片,電競賽事,keyword,,,False,none,0.0,,False,False,,6974,5.0,3.0,20,https://www.youtube.com/watch?v=u36E9fbWevE
-RZl-ZfIBFQ,lifeviva(P) vs NwSeRious(Z),2010-12-21 01:46:49,2010-12-21,2010,1,614,長片,電競賽事,keyword,,,False,none,0.0,,False,False,,2313,4.0,5.0,20,https://www.youtube.com/watch?v=-RZl-ZfIBFQ
opLvpF8u5_I,NwBlanC(T) vs AkaiSola(Z) Part2,2010-12-18 10:08:48,2010-12-18,2010,10,711,長片,電競賽事,keyword,,,False,none,0.0,,False,False,,2744,0.0,4.0,20,https://www.youtube.com/watch?v=opLvpF8u5_I
a5LjP8BKJes,NwBlanC(T) vs AkaiSola(Z) Part1,2010-12-18 07:18:58,2010-12-18,2010,7,765,長片,電競賽事,keyword,,,False,none,0.0,,False,False,,3545,2.0,2.0,20,https://www.youtube.com/watch?v=a5LjP8BKJes
eC8dM24WSUY,lifeviva(P) vs 噩盡島(T) Part2,2010-12-17 09:52:49,2010-12-17,2010,9,873,長片,電競賽事,keyword,,,False,none,0.0,,False,False,,4218,5.0,7.0,20,https://www.youtube.com/watch?v=eC8dM24WSUY
pioI8tt8EoA,lifeviva(P) vs 噩盡島(T) Part1,2010-12-17 07:39:54,2010-12-17,2010,7,753,長片,電競賽事,keyword,,,False,none,0.0,,False,False,,10714,8.0,7.0,20,https://www.youtube.com/watch?v=pioI8tt8EoA
5017Sh9-OKs,第一人稱視角HasHe(T) vs EGInControl(P) Part1,2010-12-17 06:44:06,2010-12-17,2010,6,881,長片,電競賽事,keyword,,,False,none,0.0,,False,False,,2846,1.0,3.0,20,https://www.youtube.com/watch?v=5017Sh9-OKs
dv65JIi32fg,第一人稱視角HasHe(T) vs EGInControl(P) Part2,2010-12-17 05:56:50,2010-12-17,2010,5,60,長片,電競賽事,keyword,,,False,none,0.0,,False,False,,1665,1.0,1.0,20,https://www.youtube.com/watch?v=dv65JIi32fg
auLdwCPE-OM,美服知名玩家HasHe第一人稱視角Game1 (TvP),2010-12-16 19:27:51,2010-12-16,2010,19,760,長片,電競賽事,keyword,,,False,none,0.0,,False,False,,4427,8.0,6.0,20,https://www.youtube.com/watch?v=auLdwCPE-OM
AFBj8PmcuN0,NwExia(P) vs proSCzergIMG(Z),2010-12-15 08:22:26,2010-12-15,2010,8,830,長片,電競賽事,keyword,,,False,none,0.0,,False,False,,2155,3.0,1.0,20,https://www.youtube.com/watch?v=AFBj8PmcuN0
EHI3tSSN7dc,NwExia(P) vs 劉青(Z),2010-12-15 05:14:29,2010-12-15,2010,5,795,長片,電競賽事,keyword,,,False,none,0.0,,False,False,,2440,2.0,6.0,20,https://www.youtube.com/watch?v=EHI3tSSN7dc
DWr855P1i1A,知名RP網站介紹,2010-12-14 23:05:19,2010-12-14,2010,23,319,長片,未分類,none,,,False,none,0.0,,False,False,,4530,12.0,2.0,20,https://www.youtube.com/watch?v=DWr855P1i1A
-c0hPNk_Y-I,NwRich(P) vs LungWYD(Z) Part2,2010-12-13 18:37:59,2010-12-13,2010,18,341,長片,電競賽事,keyword,,,False,none,0.0,,False,False,,2216,4.0,3.0,20,https://www.youtube.com/watch?v=-c0hPNk_Y-I
j8CXhphXPaA,NwRich(P) vs LungWYD(Z) Part1,2010-12-13 17:00:13,2010-12-13,2010,17,704,長片,電競賽事,keyword,,,False,none,0.0,,False,False,,2640,10.0,1.0,20,https://www.youtube.com/watch?v=j8CXhphXPaA
q9TNMZZRCZw,qxc(T) vs Dimaga(Z) Game5-2,2010-12-12 15:04:28,2010-12-12,2010,15,594,長片,電競賽事,keyword,,,False,none,0.0,,False,False,,2829,5.0,6.0,20,https://www.youtube.com/watch?v=q9TNMZZRCZw
kZQwF3VSFI8,qxc(T) vs Dimaga(Z) Game5-1,2010-12-12 14:20:49,2010-12-12,2010,14,842,長片,電競賽事,keyword,,,False,none,0.0,,False,False,,2828,3.0,1.0,20,https://www.youtube.com/watch?v=kZQwF3VSFI8
aehXt0KqSbM,qxc(T) vs Dimaga(Z) Game4,2010-12-12 12:52:02,2010-12-12,2010,12,443,長片,電競賽事,keyword,,,False,none,0.0,,False,False,,2063,4.0,0.0,20,https://www.youtube.com/watch?v=aehXt0KqSbM
rE2-7bk5KhQ,qxc(T) vs Dimaga(Z) Game3,2010-12-12 12:19:17,2010-12-12,2010,12,857,長片,電競賽事,keyword,,,False,none,0.0,,False,False,,2415,8.0,3.0,20,https://www.youtube.com/watch?v=rE2-7bk5KhQ
vhc4gVwJi14,qxc(T) vs Dimaga(Z) Game2,2010-12-12 11:30:23,2010-12-12,2010,11,900,長片,電競賽事,keyword,,,False,none,0.0,,False,False,,2788,5.0,1.0,20,https://www.youtube.com/watch?v=vhc4gVwJi14
uR6-BAdUSfU,qxc(T) vs Dimaga(Z) Game1,2010-12-11 21:46:23,2010-12-11,2010,21,895,長片,電競賽事,keyword,,,False,none,0.0,,False,False,,3270,13.0,0.0,20,https://www.youtube.com/watch?v=uR6-BAdUSfU
eiEwQNfC_RE,ZvP反野傳送門快攻Part1,2010-12-08 12:46:04,2010-12-08,2010,12,813,長片,未分類,none,,,False,none,0.0,,False,False,,5208,4.0,8.0,20,https://www.youtube.com/watch?v=eiEwQNfC_RE
Ys3C0kwUXC0,ZvP反野傳送門快攻Part2,2010-12-08 12:29:01,2010-12-08,2010,12,139,長片,未分類,none,,,False,none,0.0,,False,False,,2906,2.0,2.0,20,https://www.youtube.com/watch?v=Ys3C0kwUXC0
XotoigyuxZQ,WhiteRa(P) vs BratOK(T) Game3,2010-12-07 14:00:44,2010-12-07,2010,14,759,長片,電競賽事,keyword,,,False,none,0.0,,False,False,,2952,7.0,3.0,20,https://www.youtube.com/watch?v=XotoigyuxZQ
HtFX_bDK5yk,WhiteRa(P) vs BratOK(T) Game2,2010-12-07 10:09:41,2010-12-07,2010,10,643,長片,電競賽事,keyword,,,False,none,0.0,,False,False,,4608,3.0,1.0,20,https://www.youtube.com/watch?v=HtFX_bDK5yk
tw3MxSOfpGQ,WhiteRa(P) vs BratOK(T) Game1,2010-12-07 09:23:43,2010-12-07,2010,9,783,長片,電競賽事,keyword,,,False,none,0.0,,False,False,,4160,11.0,0.0,20,https://www.youtube.com/watch?v=tw3MxSOfpGQ
H_TWHCfg_mA,Sen(Z) vs Kyhol(T) Part2,2010-12-06 22:39:04,2010-12-06,2010,22,471,長片,電競賽事,keyword,,,False,none,0.0,,False,False,,10851,10.0,3.0,20,https://www.youtube.com/watch?v=H_TWHCfg_mA
LPjhMlcZrh4,Sen(Z) vs Kyhol(T) Part1,2010-12-06 20:46:50,2010-12-06,2010,20,603,長片,電競賽事,keyword,,,False,none,0.0,,False,False,,13052,14.0,2.0,20,https://www.youtube.com/watch?v=LPjhMlcZrh4
gJZzIvgaerM,Socke(P) vs MorroW(Z) Game3-2,2010-12-04 15:30:37,2010-12-04,2010,15,728,長片,電競賽事,keyword,,,False,none,0.0,,False,False,,3129,7.0,2.0,20,https://www.youtube.com/watch?v=gJZzIvgaerM
zg_QYnrrPj4,Socke(P) vs MorroW(Z) Game3-1,2010-12-04 15:06:20,2010-12-04,2010,15,897,長片,電競賽事,keyword,,,False,none,0.0,,False,False,,2846,7.0,0.0,20,https://www.youtube.com/watch?v=zg_QYnrrPj4
lUQXVxHy8Eg,Socke(P) vs MorroW(Z) Game2,2010-12-04 13:57:34,2010-12-04,2010,13,805,長片,電競賽事,keyword,,,False,none,0.0,,False,False,,2682,4.0,3.0,20,https://www.youtube.com/watch?v=lUQXVxHy8Eg
kGLhUyodZRo,Socke(P) vs MorroW(Z) Game1-2,2010-12-04 12:44:13,2010-12-04,2010,12,345,長片,電競賽事,keyword,,,False,none,0.0,,False,False,,2962,2.0,0.0,20,https://www.youtube.com/watch?v=kGLhUyodZRo
1C_2LS1Szqk,Socke(P) vs MorroW(Z) Game1-1,2010-12-04 12:40:48,2010-12-04,2010,12,630,長片,電競賽事,keyword,,,False,none,0.0,,False,False,,4203,3.0,0.0,20,https://www.youtube.com/watch?v=1C_2LS1Szqk
jtfcIFZWD5k,Mana(P) vs Naama(T) Game5-2,2010-12-03 04:30:36,2010-12-03,2010,4,335,長片,電競賽事,keyword,,,False,none,0.0,,False,False,,2159,2.0,2.0,20,https://www.youtube.com/watch?v=jtfcIFZWD5k
hydvJzZfDS0,Mana(P) vs Naama(T) Game5-1,2010-12-03 04:06:18,2010-12-03,2010,4,604,長片,電競賽事,keyword,,,False,none,0.0,,False,False,,1953,4.0,3.0,20,https://www.youtube.com/watch?v=hydvJzZfDS0
Deqr6q5YWbk,Mana(P) vs Naama(T) Game2,2010-12-03 01:30:14,2010-12-03,2010,1,886,長片,電競賽事,keyword,,,False,none,0.0,,False,False,,2889,5.0,2.0,20,https://www.youtube.com/watch?v=Deqr6q5YWbk
io_PyddpcxE,Mana(P) vs Naama(T) Game3-2,2010-12-02 23:42:44,2010-12-02,2010,23,816,長片,電競賽事,keyword,,,False,none,0.0,,False,False,,2308,2.0,2.0,20,https://www.youtube.com/watch?v=io_PyddpcxE
ZmWLAjuMPOQ,Mana(P) vs Naama(T) Game3-1,2010-12-02 21:24:39,2010-12-02,2010,21,768,長片,電競賽事,keyword,,,False,none,0.0,,False,False,,2403,3.0,2.0,20,https://www.youtube.com/watch?v=ZmWLAjuMPOQ
usC1DEoFWMo,Mana(P) vs Naama(T) Game4-2,2010-12-02 19:36:48,2010-12-02,2010,19,743,長片,電競賽事,keyword,,,False,none,0.0,,False,False,,1855,1.0,2.0,20,https://www.youtube.com/watch?v=usC1DEoFWMo
xqMv7nfT-LI,Mana(P) vs Naama(T) Game4-1,2010-12-02 07:16:12,2010-12-02,2010,7,797,長片,電競賽事,keyword,,,False,none,0.0,,False,False,,1999,3.0,2.0,20,https://www.youtube.com/watch?v=xqMv7nfT-LI
HwzS3STeC00,Mana(P) vs Naama(T) Game1,2010-12-01 16:51:56,2010-12-01,2010,16,723,長片,電競賽事,keyword,,,False,none,0.0,,False,False,,3927,5.0,1.0,20,https://www.youtube.com/watch?v=HwzS3STeC00
Atwjj3UFGzI,戰術教學-TvP速雷神Game4,2010-11-30 20:20:06,2010-11-30,2010,20,521,長片,電競賽事,keyword,,,False,none,0.0,,False,False,,12858,8.0,22.0,20,https://www.youtube.com/watch?v=Atwjj3UFGzI
fd9xWojxzMo,戰術教學-TvP速雷神Game3,2010-11-30 19:29:42,2010-11-30,2010,19,552,長片,電競賽事,keyword,,,False,none,0.0,,False,False,,12674,13.0,1.0,20,https://www.youtube.com/watch?v=fd9xWojxzMo
BQ0-HtVr_pM,戰術教學-TvP速雷神Game2,2010-11-30 13:16:33,2010-11-30,2010,13,657,長片,電競賽事,keyword,,,False,none,0.0,,False,False,,16658,20.0,8.0,20,https://www.youtube.com/watch?v=BQ0-HtVr_pM
UQLm1lizlnk,戰術教學-TvP速雷神Game1,2010-11-30 11:48:49,2010-11-30,2010,11,809,長片,電競賽事,keyword,,,False,none,0.0,,False,False,,51066,70.0,17.0,20,https://www.youtube.com/watch?v=UQLm1lizlnk
UlLvSE3iQgQ,BoxerPrime(T) vs TSLsSKS(P) Game3-2,2010-11-25 03:25:40,2010-11-25,2010,3,303,長片,電競賽事,keyword,,,False,none,0.0,,False,False,,4362,2.0,2.0,20,https://www.youtube.com/watch?v=UlLvSE3iQgQ
R90VEf9oSeQ,BoxerPrimeT vs TSLsSKSP Game3-1,2010-11-25 03:15:12,2010-11-25,2010,3,736,長片,電競賽事,keyword,,,False,none,0.0,,False,False,,4166,6.0,3.0,20,https://www.youtube.com/watch?v=R90VEf9oSeQ
BiZGQ1oaRx8,BoxerPrime(T) 0vs TSLsSKS(P) Game2,2010-11-25 00:05:57,2010-11-25,2010,0,345,長片,電競賽事,keyword,,,False,none,0.0,,False,False,,3266,3.0,2.0,20,https://www.youtube.com/watch?v=BiZGQ1oaRx8
NA-qELak_9g,NEXGenius(P) vs TSLsSKS(P) Game4,2010-11-24 23:53:22,2010-11-24,2010,23,479,長片,電競賽事,keyword,,,False,none,0.0,,False,False,,1970,5.0,1.0,20,https://www.youtube.com/watch?v=NA-qELak_9g
G0E1Q6qkrj0,BoxerPrime(T) vs TSLsSKS(P) Game1,2010-11-24 23:51:21,2010-11-24,2010,23,511,長片,電競賽事,keyword,,,False,none,0.0,,False,False,,4709,5.0,1.0,20,https://www.youtube.com/watch?v=G0E1Q6qkrj0
GNU2CYFGuDI,NEXGenius(P) vs TSLsSKS(P) Game3,2010-11-24 22:51:37,2010-11-24,2010,22,788,長片,電競賽事,keyword,,,False,none,0.0,,False,False,,2185,4.0,4.0,20,https://www.youtube.com/watch?v=GNU2CYFGuDI
fbdXnQHZt6I,NEXGenius(P) vs TSLsSKS(P) Game2,2010-11-24 22:02:25,2010-11-24,2010,22,552,長片,電競賽事,keyword,,,False,none,0.0,,False,False,,1992,4.0,1.0,20,https://www.youtube.com/watch?v=fbdXnQHZt6I
YUXedZTb-Tw,NEXGenius(P) vs TSLsSKS(P) Game1,2010-11-24 21:45:13,2010-11-24,2010,21,767,長片,電競賽事,keyword,,,False,none,0.0,,False,False,,3060,5.0,3.0,20,https://www.youtube.com/watch?v=YUXedZTb-Tw
FKW6QY2QXpk,四軍營全家大小一波流:Joeman(T) vs ToloCat(P),2010-11-24 00:56:02,2010-11-24,2010,0,669,長片,電競賽事,keyword,,,False,none,0.0,,False,False,,47558,70.0,17.0,20,https://www.youtube.com/watch?v=FKW6QY2QXpk
4kVn4bqT880,CrowlyRush(P) vs tmduhen(Z) Game3,2010-11-23 17:18:01,2010-11-23,2010,17,557,長片,電競賽事,keyword,,,False,none,0.0,,False,False,,2261,2.0,2.0,20,https://www.youtube.com/watch?v=4kVn4bqT880
gLnN38dXJIQ,CrowlyRush(P) vs tmduhen(Z) Game2,2010-11-23 17:04:35,2010-11-23,2010,17,625,長片,電競賽事,keyword,,,False,none,0.0,,False,False,,1796,1.0,1.0,20,https://www.youtube.com/watch?v=gLnN38dXJIQ
yGYNajmH8Mw,CrowlyRush(P) vs tmduhen(Z) Game1,2010-11-23 16:53:13,2010-11-23,2010,16,870,長片,電競賽事,keyword,,,False,none,0.0,,False,False,,2853,4.0,2.0,20,https://www.youtube.com/watch?v=yGYNajmH8Mw
vK29cIH4oJQ,DusRush(P) vs LinYuSuannai(T) Game2,2010-11-22 16:56:27,2010-11-22,2010,16,882,長片,電競賽事,keyword,,,False,none,0.0,,False,False,,3348,7.0,0.0,20,https://www.youtube.com/watch?v=vK29cIH4oJQ
RJxa6ZYcum4,DusRush(P) vs LinYuSuannai(T) Game3,2010-11-22 16:36:57,2010-11-22,2010,16,399,長片,電競賽事,keyword,,,False,none,0.0,,False,False,,3298,9.0,2.0,20,https://www.youtube.com/watch?v=RJxa6ZYcum4
5R3-KexF7Xg,DusRush(P) vs LinYuSuannai(T)Game1,2010-11-22 13:30:43,2010-11-22,2010,13,535,長片,電競賽事,keyword,,,False,none,0.0,,False,False,,4353,4.0,1.0,20,https://www.youtube.com/watch?v=5R3-KexF7Xg
EOTy4QSTLE4,SoftBallRush(T) vs LYF(Z) Game2,2010-11-22 11:56:38,2010-11-22,2010,11,830,長片,電競賽事,keyword,,,False,none,0.0,,False,False,,6457,7.0,2.0,20,https://www.youtube.com/watch?v=EOTy4QSTLE4
LMpGL_gA_mg,SoftBallRush(T) vs LYF(Z) Game1,2010-11-22 11:27:34,2010-11-22,2010,11,683,長片,電競賽事,keyword,,,False,none,0.0,,False,False,,5540,6.0,4.0,20,https://www.youtube.com/watch?v=LMpGL_gA_mg
YqmKgqB9Bb4,PencilRush(T) vs LinYuToNi(Z) Game2-1,2010-11-22 03:35:38,2010-11-22,2010,3,650,長片,電競賽事,keyword,,,False,none,0.0,,False,False,,2042,4.0,0.0,20,https://www.youtube.com/watch?v=YqmKgqB9Bb4
Nu42qyjgIHM,PencilRush(T) vs LinYuToNi(Z) Game3,2010-11-22 03:35:14,2010-11-22,2010,3,277,長片,電競賽事,keyword,,,False,none,0.0,,False,False,,1783,3.0,5.0,20,https://www.youtube.com/watch?v=Nu42qyjgIHM
RCuEGvhwnbg,PencilRush(T) vs LinYuToNi(Z) Game2-2,2010-11-22 03:31:58,2010-11-22,2010,3,302,長片,電競賽事,keyword,,,False,none,0.0,,False,False,,1956,3.0,0.0,20,https://www.youtube.com/watch?v=RCuEGvhwnbg
vX931V7wUvQ,PencilRush(T) vs LinYuToNi(Z) Game1,2010-11-22 02:59:09,2010-11-22,2010,2,414,長片,電競賽事,keyword,,,False,none,0.0,,False,False,,2126,3.0,0.0,20,https://www.youtube.com/watch?v=vX931V7wUvQ
dX25FTPL_98,YouRush(Z) vs LinYuNewLife(P) Game3-2,2010-11-22 02:28:03,2010-11-22,2010,2,468,長片,電競賽事,keyword,,,False,none,0.0,,False,False,,2192,2.0,1.0,20,https://www.youtube.com/watch?v=dX25FTPL_98
TEAGC9fqeRY,YouRush(Z) vs LinYuNewLife(P) Game3-1,2010-11-22 02:14:49,2010-11-22,2010,2,773,長片,電競賽事,keyword,,,False,none,0.0,,False,False,,2042,1.0,1.0,20,https://www.youtube.com/watch?v=TEAGC9fqeRY
4gYHX6hFK_w,YouRush(Z) vs LinYuNewLife(P) Game2,2010-11-22 01:12:21,2010-11-22,2010,1,553,長片,電競賽事,keyword,,,False,none,0.0,,False,False,,2112,2.0,0.0,20,https://www.youtube.com/watch?v=4gYHX6hFK_w
Z4PlHBEj7Ko,YouRush(Z) vs LinYuNewLife(P) Game1,2010-11-22 01:01:26,2010-11-22,2010,1,600,長片,電競賽事,keyword,,,False,none,0.0,,False,False,,2692,4.0,1.0,20,https://www.youtube.com/watch?v=Z4PlHBEj7Ko
EjMTYAL0Kfk,Jinro(T) vs PeGa(Z) Part2,2010-11-21 02:50:57,2010-11-21,2010,2,597,長片,電競賽事,keyword,,,False,none,0.0,,False,False,,2862,6.0,1.0,20,https://www.youtube.com/watch?v=EjMTYAL0Kfk
QrDgV3r5Z_4,Jinro(T) vs PeGa(Z) Part1,2010-11-21 01:46:22,2010-11-21,2010,1,708,長片,電競賽事,keyword,,,False,none,0.0,,False,False,,3599,4.0,5.0,20,https://www.youtube.com/watch?v=QrDgV3r5Z_4
dcUyqnc42sI,KiWiKaKi(P) vs Slush(Z) Game4-1,2010-11-16 13:32:26,2010-11-16,2010,13,779,長片,電競賽事,keyword,,,False,none,0.0,,False,False,,3624,2.0,3.0,20,https://www.youtube.com/watch?v=dcUyqnc42sI
mF3z5Mf_XU8,KiWiKaKi(P) vs Slush(Z) Game3,2010-11-16 12:36:29,2010-11-16,2010,12,471,長片,電競賽事,keyword,,,False,none,0.0,,False,False,,3225,7.0,1.0,20,https://www.youtube.com/watch?v=mF3z5Mf_XU8
L0P-ae1jXLw,KiWiKaKi(P) vs Slush(Z) Game4-2,2010-11-16 12:22:41,2010-11-16,2010,12,183,長片,電競賽事,keyword,,,False,none,0.0,,False,False,,3383,5.0,2.0,20,https://www.youtube.com/watch?v=L0P-ae1jXLw
7yR0Ni7tE9M,KiWiKaKi(P) vs Slush(Z) Game2,2010-11-15 20:31:12,2010-11-15,2010,20,860,長片,電競賽事,keyword,,,False,none,0.0,,False,False,,3924,2.0,4.0,20,https://www.youtube.com/watch?v=7yR0Ni7tE9M
ewhIQSKXNFY,KiWiKaKi(P) vs Slush(Z) Game1-2,2010-11-15 19:14:24,2010-11-15,2010,19,263,長片,電競賽事,keyword,,,False,none,0.0,,False,False,,4074,6.0,2.0,20,https://www.youtube.com/watch?v=ewhIQSKXNFY
-S6c1DXsBw0,KiWiKaKi(P) vs Slush(Z) Game1-1,2010-11-15 19:11:25,2010-11-15,2010,19,698,長片,電競賽事,keyword,,,False,none,0.0,,False,False,,5589,8.0,0.0,20,https://www.youtube.com/watch?v=-S6c1DXsBw0
Xsl6RRwTgC0,Socke(P) vs ServyOa(T)  Part2,2010-11-15 10:27:59,2010-11-15,2010,10,892,長片,電競賽事,keyword,,,False,none,0.0,,False,False,,5184,5.0,3.0,20,https://www.youtube.com/watch?v=Xsl6RRwTgC0
xsxv8ow3slE,Socke(P) vs ServyOa(T)  Part1,2010-11-15 08:19:10,2010-11-15,2010,8,815,長片,電競賽事,keyword,,,False,none,0.0,,False,False,,6120,4.0,0.0,20,https://www.youtube.com/watch?v=xsxv8ow3slE
DNsjQaRjM90,Socke(P) vs ServyOa(T)  Part3,2010-11-15 06:12:41,2010-11-15,2010,6,388,長片,電競賽事,keyword,,,False,none,0.0,,False,False,,4793,3.0,8.0,20,https://www.youtube.com/watch?v=DNsjQaRjM90
PQuvA1JdRQA,MLG Dallas:Huk(P) vs qxc(T) Game3,2010-11-14 20:35:45,2010-11-14,2010,20,674,長片,電競賽事,keyword,,,False,none,0.0,,False,False,,2591,6.0,3.0,20,https://www.youtube.com/watch?v=PQuvA1JdRQA
0btJHrj0NaE,MLG Dallas:Huk(P) vs qxc(T) Game2,2010-11-14 19:36:47,2010-11-14,2010,19,504,長片,電競賽事,keyword,,,False,none,0.0,,False,False,,2418,3.0,0.0,20,https://www.youtube.com/watch?v=0btJHrj0NaE
iTTuH4NFAks,MLG Dallas:Huk(P) vs qxc(T) Game1-2,2010-11-14 18:55:22,2010-11-14,2010,18,493,長片,電競賽事,keyword,,,False,none,0.0,,False,False,,3020,0.0,3.0,20,https://www.youtube.com/watch?v=iTTuH4NFAks
Bqb7USFcDEQ,MLG Dallas:Huk(P) vs qxc(T) Game1-1,2010-11-14 18:07:39,2010-11-14,2010,18,778,長片,電競賽事,keyword,,,False,none,0.0,,False,False,,3754,2.0,2.0,20,https://www.youtube.com/watch?v=Bqb7USFcDEQ
OgK-gIAkPMM,KiWiKaKi(P) vs Tarson(T) Game4,2010-11-13 01:40:17,2010-11-13,2010,1,554,長片,電競賽事,keyword,,,False,none,0.0,,False,False,,2490,1.0,0.0,20,https://www.youtube.com/watch?v=OgK-gIAkPMM
V0L0rley3ZA,KiWiKaKi(P) vs Tarson(T) Game5,2010-11-13 00:26:18,2010-11-13,2010,0,669,長片,電競賽事,keyword,,,False,none,0.0,,False,False,,2727,3.0,3.0,20,https://www.youtube.com/watch?v=V0L0rley3ZA
YFsxMZmxLZk,KiWiKaKi(P) vs Tarson(T) Game3,2010-11-12 22:15:48,2010-11-12,2010,22,580,長片,電競賽事,keyword,,,False,none,0.0,,False,False,,2598,1.0,3.0,20,https://www.youtube.com/watch?v=YFsxMZmxLZk
C5p8SuuJ7tM,KiWiKaKi(P) vs Tarson(T) Game2,2010-11-12 19:00:04,2010-11-12,2010,19,609,長片,電競賽事,keyword,,,False,none,0.0,,False,False,,3019,3.0,0.0,20,https://www.youtube.com/watch?v=C5p8SuuJ7tM
Wz_5wOYfpUo,KiWiKaKi(P) vs Tarson(T) Game1,2010-11-12 14:39:06,2010-11-12,2010,14,664,長片,電競賽事,keyword,,,False,none,0.0,,False,False,,4265,4.0,3.0,20,https://www.youtube.com/watch?v=Wz_5wOYfpUo
rB6kU6xwFyw,素人投稿-喵的星期天 vs LancerLagancy,2010-11-11 21:18:36,2010-11-11,2010,21,640,長片,未分類,none,,,False,none,0.0,,False,False,,3282,5.0,8.0,20,https://www.youtube.com/watch?v=rB6kU6xwFyw
e3_sYJ1BDus,"MLG Dallas:Idra(Z) vs SeleCT(T) Game2-2,Game3",2010-11-11 21:09:24,2010-11-11,2010,21,559,長片,電競賽事,keyword,,,False,none,0.0,,False,False,,2732,0.0,2.0,20,https://www.youtube.com/watch?v=e3_sYJ1BDus
UxgRbEn1UNA,MLG Dallas:Idra(Z) vs SeleCT(T) Game2-1,2010-11-11 20:48:49,2010-11-11,2010,20,780,長片,電競賽事,keyword,,,False,none,0.0,,False,False,,2797,2.0,1.0,20,https://www.youtube.com/watch?v=UxgRbEn1UNA
4Q-mIds9Nck,MLG Dallas:Idra(Z) vs SeleCT(T) Game1,2010-11-11 16:45:46,2010-11-11,2010,16,829,長片,電競賽事,keyword,,,False,none,0.0,,False,False,,3921,3.0,9.0,20,https://www.youtube.com/watch?v=4Q-mIds9Nck
96aw-FLLwq4,MLG Dallas:Socke(P) vs Jinro(T) Part2,2010-11-11 03:25:21,2010-11-11,2010,3,838,長片,電競賽事,keyword,,,False,none,0.0,,False,False,,2697,2.0,0.0,20,https://www.youtube.com/watch?v=96aw-FLLwq4
wPI6dPXzzLE,MLG Dallas:Socke(P) vs Jinro(T) Part3,2010-11-11 02:48:28,2010-11-11,2010,2,184,長片,電競賽事,keyword,,,False,none,0.0,,False,False,,3021,2.0,1.0,20,https://www.youtube.com/watch?v=wPI6dPXzzLE
OgGuGun_fu4,MLG Dallas:Socke(P) vs Jinro(T) Part1,2010-11-11 02:39:21,2010-11-11,2010,2,814,長片,電競賽事,keyword,,,False,none,0.0,,False,False,,3453,3.0,1.0,20,https://www.youtube.com/watch?v=OgGuGun_fu4
2A-j5A4u9c4,SoBad(Z) vs flash(Z) 韓服天梯 Part2,2010-11-11 01:42:12,2010-11-11,2010,1,502,長片,電競賽事,keyword,,,False,none,0.0,,False,False,,15498,15.0,9.0,20,https://www.youtube.com/watch?v=2A-j5A4u9c4
aPEvMAHhc6Y,SoBad(Z) vs flash(Z) 韓服天梯 Part1,2010-11-11 01:31:32,2010-11-11,2010,1,899,長片,電競賽事,keyword,,,False,none,0.0,,False,False,,19677,7.0,4.0,20,https://www.youtube.com/watch?v=aPEvMAHhc6Y
kgJf0yT7Mew,蟲王對決:Sen(Z) vs Idra(Z) 美服天梯,2010-11-11 00:35:39,2010-11-11,2010,0,862,長片,電競賽事,keyword,,,False,none,0.0,,False,False,,170554,195.0,84.0,20,https://www.youtube.com/watch?v=kgJf0yT7Mew
5IrzGeP-sf8,MLG Dallas:TLO(Z) vs KiWiKaKi (P) Game3,2010-11-09 19:42:01,2010-11-09,2010,19,844,長片,電競賽事,keyword,,,False,none,0.0,,False,False,,3196,4.0,1.0,20,https://www.youtube.com/watch?v=5IrzGeP-sf8
poLpF9aY6kM,MLG Dallas:TLO(Z) vs KiWiKaKi (P) Game2,2010-11-09 18:57:39,2010-11-09,2010,18,732,長片,電競賽事,keyword,,,False,none,0.0,,False,False,,2942,3.0,0.0,20,https://www.youtube.com/watch?v=poLpF9aY6kM
a1AfNzavoQU,MLG Dallas:TLO(Z) vs KiWiKaKi (P) Game1,2010-11-09 17:58:23,2010-11-09,2010,17,541,長片,電競賽事,keyword,,,False,none,0.0,,False,False,,3941,2.0,2.0,20,https://www.youtube.com/watch?v=a1AfNzavoQU
lPhg9jE_zhE,MLG Dallas:Sen(Z) vs Socke(P) Game 2-1,2010-11-09 11:46:47,2010-11-09,2010,11,858,長片,電競賽事,keyword,,,False,none,0.0,,False,False,,5551,2.0,4.0,20,https://www.youtube.com/watch?v=lPhg9jE_zhE
IN8j_4y8YC4,MLG Dallas:Sen(Z) vs Socke(P) Game 3-2,2010-11-09 09:47:32,2010-11-09,2010,9,328,長片,電競賽事,keyword,,,False,none,0.0,,False,False,,5773,2.0,6.0,20,https://www.youtube.com/watch?v=IN8j_4y8YC4
S9jw909KsFI,MLG Dallas:Sen(Z) vs Socke(P) Game 3-1,2010-11-09 08:16:21,2010-11-09,2010,8,795,長片,電競賽事,keyword,,,False,none,0.0,,False,False,,5540,0.0,1.0,20,https://www.youtube.com/watch?v=S9jw909KsFI
lPriGU-1UH0,MLG Dallas:Sen(Z) vs Socke(P) Game 2-2,2010-11-09 05:46:49,2010-11-09,2010,5,61,長片,電競賽事,keyword,,,False,none,0.0,,False,False,,4623,3.0,2.0,20,https://www.youtube.com/watch?v=lPriGU-1UH0
w9wf2xolYZs,MLG Dallas:Sen(Z) vs Socke(P) Game 1-3,2010-11-09 03:47:54,2010-11-09,2010,3,603,長片,電競賽事,keyword,,,False,none,0.0,,False,False,,10097,10.0,3.0,20,https://www.youtube.com/watch?v=w9wf2xolYZs
PCeedZ5DzMk,MLG Dallas:Sen(Z) vs Socke(P) Game 1-2,2010-11-09 03:08:28,2010-11-09,2010,3,900,長片,電競賽事,keyword,,,False,none,0.0,,False,False,,8969,4.0,3.0,20,https://www.youtube.com/watch?v=PCeedZ5DzMk
Dta-RfQ1GXM,MLG Dallas:Sen(Z) vs Socke(P) Game 1-1,2010-11-08 21:31:36,2010-11-08,2010,21,744,長片,電競賽事,keyword,,,False,none,0.0,,False,False,,9052,11.0,4.0,20,https://www.youtube.com/watch?v=Dta-RfQ1GXM
FRHBY1ZZ2cU,Joeman的Facebook粉絲專頁介紹,2010-11-08 16:19:56,2010-11-08,2010,16,189,長片,未分類,none,,,False,none,0.0,,False,False,,9644,61.0,21.0,20,https://www.youtube.com/watch?v=FRHBY1ZZ2cU
i793EixvCnk,MLG Dallas:Sen(Z) vs TTOne(P) Game2、Game3,2010-11-07 19:01:59,2010-11-07,2010,19,841,長片,電競賽事,keyword,,,False,none,0.0,,False,False,,6683,3.0,9.0,20,https://www.youtube.com/watch?v=i793EixvCnk
8fl3oz6Wskw,MLG Dallas:Sen(Z) vs TTOne(P) Game 1-2,2010-11-07 17:35:18,2010-11-07,2010,17,342,長片,電競賽事,keyword,,,False,none,0.0,,False,False,,6368,5.0,3.0,20,https://www.youtube.com/watch?v=8fl3oz6Wskw
HVEU_aRmMkU,MLG Dallas:Sen(Z) vs TTOne(P) Game 1-1,2010-11-07 17:24:37,2010-11-07,2010,17,715,長片,電競賽事,keyword,,,False,none,0.0,,False,False,,8533,5.0,4.0,20,https://www.youtube.com/watch?v=HVEU_aRmMkU
9EtAq0pXlJg,MLG Dallas:Sen(Z) vs StrifeCro(Z),2010-11-07 04:48:08,2010-11-07,2010,4,764,長片,電競賽事,keyword,,,False,none,0.0,,False,False,,4386,6.0,5.0,20,https://www.youtube.com/watch?v=9EtAq0pXlJg
tlbTQvbsC7E,MLG Dallas:Sen(Z) vs Iron(T) Game1-1,2010-11-07 03:47:39,2010-11-07,2010,3,804,長片,電競賽事,keyword,,,False,none,0.0,,False,False,,6005,5.0,0.0,20,https://www.youtube.com/watch?v=tlbTQvbsC7E
xgEKJni5VEY,MLG Dallas:Sen(Z) vs Iron(T) Game2,2010-11-07 03:46:34,2010-11-07,2010,3,513,長片,電競賽事,keyword,,,False,none,0.0,,False,False,,4493,10.0,10.0,20,https://www.youtube.com/watch?v=xgEKJni5VEY
YlBI1I9DnP8,MLG Dallas:Sen(Z) vs Iron(T) Game1-2,2010-11-07 03:24:15,2010-11-07,2010,3,136,長片,電競賽事,keyword,,,False,none,0.0,,False,False,,4376,4.0,1.0,20,https://www.youtube.com/watch?v=YlBI1I9DnP8
byGEd85AFck,Sen (P) vs SoBaDRush (Z) Game2-2,2010-11-03 19:00:47,2010-11-03,2010,19,631,長片,電競賽事,keyword,,,False,none,0.0,,False,False,,26113,15.0,11.0,20,https://www.youtube.com/watch?v=byGEd85AFck
cUqS4SEzDlc,Sen (P) vs SoBaDRush (Z) Game1-1,2010-11-03 17:21:52,2010-11-03,2010,17,513,長片,電競賽事,keyword,,,False,none,0.0,,False,False,,42676,31.0,8.0,20,https://www.youtube.com/watch?v=cUqS4SEzDlc
6cKM7DfJisQ,Sen (P) vs SoBaDRush (Z) Game2-1,2010-11-03 17:04:04,2010-11-03,2010,17,750,長片,電競賽事,keyword,,,False,none,0.0,,False,False,,20691,11.0,4.0,20,https://www.youtube.com/watch?v=6cKM7DfJisQ
dIeHNcUwntI,Sen (P) vs SoBaDRush (Z) Game1-2,2010-11-03 14:07:22,2010-11-03,2010,14,563,長片,電競賽事,keyword,,,False,none,0.0,,False,False,,37512,29.0,3.0,20,https://www.youtube.com/watch?v=dIeHNcUwntI
hLVaSBcBp-U,神族裸雙開局-Idra(Z) vs Ddoro(P),2010-11-02 11:58:35,2010-11-02,2010,11,636,長片,電競賽事,keyword,,,False,none,0.0,,False,False,,28669,24.0,13.0,20,https://www.youtube.com/watch?v=hLVaSBcBp-U
UkJLTDlePCA,王蟲空降流-韓國玩家ZvP-Part2,2010-11-02 05:17:08,2010-11-02,2010,5,384,長片,未分類,none,,,False,none,0.0,,False,False,,15048,12.0,6.0,20,https://www.youtube.com/watch?v=UkJLTDlePCA
5A6meVykk4Q,王蟲空降流-韓國玩家ZvP-Part1,2010-11-02 04:57:56,2010-11-02,2010,4,596,長片,未分類,none,,,False,none,0.0,,False,False,,11467,10.0,8.0,20,https://www.youtube.com/watch?v=5A6meVykk4Q
xQxEK_Pc2t0,Linda (P) vs Dzejna(P) Game2,2010-11-01 20:00:30,2010-11-01,2010,20,408,長片,電競賽事,keyword,,,False,none,0.0,,False,False,,8753,13.0,6.0,20,https://www.youtube.com/watch?v=xQxEK_Pc2t0
Cui3FDl4byA,Linda (P) vs Dzejna(P) Game1,2010-11-01 16:50:37,2010-11-01,2010,16,499,長片,電競賽事,keyword,,,False,none,0.0,,False,False,,27601,25.0,16.0,20,https://www.youtube.com/watch?v=Cui3FDl4byA
kXjsBBuz8oQ,Tarson (T) vs Bly (Z),2010-11-01 12:26:29,2010-11-01,2010,12,828,長片,電競賽事,keyword,,,False,none,0.0,,False,False,,3142,4.0,4.0,20,https://www.youtube.com/watch?v=kXjsBBuz8oQ
OquJUte9P4M,BlizzCon: FruitDealer(Z) vs SlayerSBoxeR(T) Game2-1,2010-10-29 17:25:56,2010-10-29,2010,17,699,長片,電競賽事,keyword,,,False,none,0.0,,False,False,,1315,4.0,1.0,20,https://www.youtube.com/watch?v=OquJUte9P4M
-M3Nt_7svoU,BlizzCon: FruitDealer(Z) vs SlayerSBoxeR(T) Game2-2,2010-10-29 16:45:59,2010-10-29,2010,16,462,長片,電競賽事,keyword,,,False,none,0.0,,False,False,,1409,5.0,0.0,20,https://www.youtube.com/watch?v=-M3Nt_7svoU
CX16zM45VbI,BlizzCon: FruitDealer(Z) vs SlayerSBoxeR(T) Game1-1,2010-10-29 14:08:02,2010-10-29,2010,14,815,長片,電競賽事,keyword,,,False,none,0.0,,False,False,,1223,4.0,0.0,20,https://www.youtube.com/watch?v=CX16zM45VbI
KZvXj4qbq30,BlizzCon: FruitDealer(Z) vs SlayerSBoxeR(T) Game1-2,2010-10-29 14:00:18,2010-10-29,2010,14,289,長片,電競賽事,keyword,,,False,none,0.0,,False,False,,1032,5.0,1.0,20,https://www.youtube.com/watch?v=KZvXj4qbq30
GJoN9NTkL4k,BlizzCon: Sen(Z) vs Loner (T) Game-2,2010-10-29 08:56:01,2010-10-29,2010,8,541,長片,電競賽事,keyword,,,False,none,0.0,,False,False,,7413,6.0,1.0,20,https://www.youtube.com/watch?v=GJoN9NTkL4k
t2GCR0h_0ro,BlizzCon: Sen(Z) vs Loner (T) Game-1,2010-10-29 08:55:26,2010-10-29,2010,8,794,長片,電競賽事,keyword,,,False,none,0.0,,False,False,,11943,10.0,2.0,20,https://www.youtube.com/watch?v=t2GCR0h_0ro
qy3YnPVf_fo,BlizzCon: Sen(Z) vs MakaPrime (T) Game-2 Part1,2010-10-24 22:53:49,2010-10-24,2010,22,820,長片,電競賽事,keyword,,,False,none,0.0,,False,False,,16233,14.0,2.0,20,https://www.youtube.com/watch?v=qy3YnPVf_fo
z7HSOQPr8bU,BlizzCon: Sen(Z) vs MakaPrime (T) Game-3 Part1,2010-10-24 21:45:14,2010-10-24,2010,21,721,長片,電競賽事,keyword,,,False,none,0.0,,False,False,,14734,14.0,3.0,20,https://www.youtube.com/watch?v=z7HSOQPr8bU
n9WypkR8h0Y,BlizzCon: Sen(Z) vs MakaPrime (T) Game-3 Part2,2010-10-24 21:38:26,2010-10-24,2010,21,282,長片,電競賽事,keyword,,,False,none,0.0,,False,False,,13676,14.0,1.0,20,https://www.youtube.com/watch?v=n9WypkR8h0Y
H9-mT6W3UaA,BlizzCon: Sen(Z) vs MakaPrime (T) Game-2 Part2,2010-10-24 20:58:17,2010-10-24,2010,20,518,長片,電競賽事,keyword,,,False,none,0.0,,False,False,,12796,6.0,2.0,20,https://www.youtube.com/watch?v=H9-mT6W3UaA
L_791IVm85g,BlizzCon: Sen (Z) vs MakaPrime (T) Game-1,2010-10-24 14:39:54,2010-10-24,2010,14,696,長片,電競賽事,keyword,,,False,none,0.0,,False,False,,16725,20.0,4.0,20,https://www.youtube.com/watch?v=L_791IVm85g
4Z6H8pIgCGc,BlizzCon: Sen(Z) vs TLO (Z) Game-2 Part2,2010-10-24 12:25:58,2010-10-24,2010,12,402,長片,電競賽事,keyword,,,False,none,0.0,,False,False,,11854,17.0,6.0,20,https://www.youtube.com/watch?v=4Z6H8pIgCGc
KdpsGXtvG1M,BlizzCon: Sen(Z) vs TLO (Z) Game-2 Part1,2010-10-24 12:24:45,2010-10-24,2010,12,812,長片,電競賽事,keyword,,,False,none,0.0,,False,False,,13354,18.0,4.0,20,https://www.youtube.com/watch?v=KdpsGXtvG1M
ZYXkk33FZKU,BlizzCon: Sen(Z) vs TLO (Z) Game-1,2010-10-24 11:13:53,2010-10-24,2010,11,311,長片,電競賽事,keyword,,,False,none,0.0,,False,False,,10577,16.0,6.0,20,https://www.youtube.com/watch?v=ZYXkk33FZKU
EodzbbH1Cvk,(台語轉播)  qxc(T) vs idra(Z) in MLG DC,2010-10-23 06:15:30,2010-10-23,2010,6,752,長片,電競賽事,keyword,,,False,none,0.0,,False,False,,30194,243.0,97.0,20,https://www.youtube.com/watch?v=EodzbbH1Cvk
mNUqbev43Xg,素人投稿:神族野雙BG需注意事項,2010-10-22 19:34:23,2010-10-22,2010,19,742,長片,未分類,none,,,False,none,0.0,,False,False,,8010,16.0,0.0,20,https://www.youtube.com/watch?v=mNUqbev43Xg
LY6AyM8aANo,DrHydra (P) 嗨爪哥 vs LoveCandy (T) King哥,2010-10-22 03:10:35,2010-10-22,2010,3,671,長片,電競賽事,keyword,,,False,override,,,False,False,,9344,12.0,12.0,20,https://www.youtube.com/watch?v=LY6AyM8aANo
gMpxG6RIG4A,神族光炮壓制裸雙,2010-10-21 22:11:28,2010-10-21,2010,22,266,長片,未分類,none,,,False,override,,,False,False,,28215,31.0,16.0,20,https://www.youtube.com/watch?v=gMpxG6RIG4A
hlb2vqFWmCc,哨衛力場能否阻止SCV維修雷神?,2010-10-21 21:18:46,2010-10-21,2010,21,465,長片,未分類,none,,,False,override,,,False,False,,16481,25.0,4.0,20,https://www.youtube.com/watch?v=hlb2vqFWmCc
iNsMMW6xGPU,Dimaga (Z) vs Tarson (T) Game-3 Part1,2010-10-21 04:21:32,2010-10-21,2010,4,776,長片,電競賽事,keyword,,,False,none,0.0,,False,False,,2009,4.0,0.0,20,https://www.youtube.com/watch?v=iNsMMW6xGPU
YQZ3BRRKp14,Dimaga (Z) vs Tarson (T) Game-3 Part2,2010-10-21 04:03:55,2010-10-21,2010,4,248,長片,電競賽事,keyword,,,False,none,0.0,,False,False,,1841,4.0,3.0,20,https://www.youtube.com/watch?v=YQZ3BRRKp14
8VLehQ9pw0k,Dimaga (Z) vs Tarson (T) Game-2 Part2,2010-10-21 03:35:30,2010-10-21,2010,3,360,長片,電競賽事,keyword,,,False,none,0.0,,False,False,,2328,3.0,2.0,20,https://www.youtube.com/watch?v=8VLehQ9pw0k
ikyxuHakyqc,Dimaga (Z) vs Tarson (T) Game-2 Part1,2010-10-21 02:50:17,2010-10-21,2010,2,784,長片,電競賽事,keyword,,,False,none,0.0,,False,False,,2970,5.0,0.0,20,https://www.youtube.com/watch?v=ikyxuHakyqc
EJPaGX0EdAw,Dimaga (Z) vs Tarson (T) Game-1 Part2,2010-10-21 01:13:32,2010-10-21,2010,1,418,長片,電競賽事,keyword,,,False,none,0.0,,False,False,,2985,7.0,1.0,20,https://www.youtube.com/watch?v=EJPaGX0EdAw
8uWAJChZYYk,Dimaga (Z) vs Tarson (T) Game-1 Part1,2010-10-20 22:51:04,2010-10-20,2010,22,565,長片,電競賽事,keyword,,,False,none,0.0,,False,False,,4263,9.0,1.0,20,https://www.youtube.com/watch?v=8uWAJChZYYk
beUyVkeRzdQ,SeleCT (T) vs HuK (P) 廢料處理場,2010-10-19 14:17:44,2010-10-19,2010,14,724,長片,電競賽事,keyword,,,False,none,0.0,,False,False,,7403,13.0,5.0,20,https://www.youtube.com/watch?v=beUyVkeRzdQ
m0egXDNtBS8,IdrA  (Z) vs KiWiKaKi (P)  MLG Game-1廢料處理場,2010-10-18 16:41:03,2010-10-18,2010,16,608,長片,電競賽事,keyword,,,False,none,0.0,,False,False,,8741,9.0,3.0,20,https://www.youtube.com/watch?v=m0egXDNtBS8
1Gs55GQeK1U,IdrA (Z) vs KiWiKaKi(P) MLG Game-2極熱沙漠,2010-10-17 22:39:05,2010-10-17,2010,22,507,長片,電競賽事,keyword,,,False,none,0.0,,False,False,,10068,11.0,7.0,20,https://www.youtube.com/watch?v=1Gs55GQeK1U
CoRFUJ_Zf0Q,IdrA (Z) vs Huk (P) 戰爭平原,2010-10-17 21:30:36,2010-10-17,2010,21,581,長片,電競賽事,keyword,,,False,none,0.0,,False,False,,7982,13.0,4.0,20,https://www.youtube.com/watch?v=CoRFUJ_Zf0Q
hD8TSVPy5d8,WhiteRa (P) vs KiWiKaKi (P) 失落神廟 Part-1,2010-10-17 18:53:49,2010-10-17,2010,18,769,長片,電競賽事,keyword,,,False,none,0.0,,False,False,,6016,11.0,4.0,20,https://www.youtube.com/watch?v=hD8TSVPy5d8
68Zp6WdN2x4,WhiteRa (P) vs KiWiKaKi (P) 失落神廟 Part-2,2010-10-17 18:33:46,2010-10-17,2010,18,154,長片,電競賽事,keyword,,,False,none,0.0,,False,False,,4935,5.0,7.0,20,https://www.youtube.com/watch?v=68Zp6WdN2x4
3M1-LpjiTyM,CheckPrime(Z) vs HanSin(T) 第四象限  Part-2,2010-10-17 03:52:37,2010-10-17,2010,3,793,長片,電競賽事,keyword,,,False,none,0.0,,False,False,,3725,5.0,3.0,20,https://www.youtube.com/watch?v=3M1-LpjiTyM
TFbRqJxsIz0,CheckPrime(Z) vs HanSin(T) 第四象限 Part-1,2010-10-17 03:27:03,2010-10-17,2010,3,806,長片,電競賽事,keyword,,,False,none,0.0,,False,False,,4048,4.0,4.0,20,https://www.youtube.com/watch?v=TFbRqJxsIz0
yxJuPPcoXCM,Fenix (T) vs KiWiKaKi (P) Part-3,2010-10-16 19:48:36,2010-10-16,2010,19,324,長片,電競賽事,keyword,,,False,none,0.0,,False,False,,5794,14.0,6.0,20,https://www.youtube.com/watch?v=yxJuPPcoXCM
d_mu_RpPg78,Fenix (T) vs KiWiKaKi (P) Part-2,2010-10-16 19:48:14,2010-10-16,2010,19,633,長片,電競賽事,keyword,,,False,none,0.0,,False,False,,8444,11.0,4.0,20,https://www.youtube.com/watch?v=d_mu_RpPg78
tjK4BjU6PJ4,Fenix (T) vs KiWiKaKi (P) Part-1,2010-10-16 19:37:48,2010-10-16,2010,19,725,長片,電競賽事,keyword,,,False,none,0.0,,False,False,,6888,12.0,6.0,20,https://www.youtube.com/watch?v=tjK4BjU6PJ4
cZjvtR37K74,IdrA (Z) VS Seoyeonji (T) Part2,2010-10-16 01:51:40,2010-10-16,2010,1,738,長片,電競賽事,keyword,,,False,none,0.0,,False,False,,8631,14.0,7.0,20,https://www.youtube.com/watch?v=cZjvtR37K74
zTyVVTyZmk8,IdrA (Z) VS Seoyeonji (T) Part1,2010-10-16 01:14:18,2010-10-16,2010,1,728,長片,電競賽事,keyword,,,False,none,0.0,,False,False,,9204,9.0,2.0,20,https://www.youtube.com/watch?v=zTyVVTyZmk8
ZrhQtlda4CY,BratOK (T) vs DarkForce (Z) Game-4,2010-10-15 18:32:23,2010-10-15,2010,18,651,長片,電競賽事,keyword,,,False,none,0.0,,False,False,,2287,7.0,2.0,20,https://www.youtube.com/watch?v=ZrhQtlda4CY
nsabiNz6lEg,BratOK (T) vs DarkForce (Z) Game-3 Part2,2010-10-15 13:34:40,2010-10-15,2010,13,799,長片,電競賽事,keyword,,,False,none,0.0,,False,False,,2671,7.0,2.0,20,https://www.youtube.com/watch?v=nsabiNz6lEg
i7WmJaySwG0,BratOK (T) vs DarkForce (Z) Game-3 Part2,2010-10-15 13:17:11,2010-10-15,2010,13,339,長片,電競賽事,keyword,,,False,none,0.0,,False,False,,2182,7.0,0.0,20,https://www.youtube.com/watch?v=i7WmJaySwG0
bRIhne2t1v8,BratOK (T) vs DarkForce (Z) Game-2 Part2,2010-10-15 02:02:08,2010-10-15,2010,2,851,長片,電競賽事,keyword,,,False,none,0.0,,False,False,,6355,8.0,3.0,20,https://www.youtube.com/watch?v=bRIhne2t1v8
sM2R5Yuflek,BratOK (T) vs DarkForce (Z) Game-2 Part3,2010-10-15 01:51:17,2010-10-15,2010,1,335,長片,電競賽事,keyword,,,False,none,0.0,,False,False,,5426,8.0,2.0,20,https://www.youtube.com/watch?v=sM2R5Yuflek
bOIxRx6vqUI,BratOK (T) vs DarkForce (Z) Game-2 Part1,2010-10-15 01:17:35,2010-10-15,2010,1,732,長片,電競賽事,keyword,,,False,none,0.0,,False,False,,10505,8.0,1.0,20,https://www.youtube.com/watch?v=bOIxRx6vqUI
T3WTyvXvFtA,BratOK (T) vs DarkForce (Z) Game-1,2010-10-14 21:30:33,2010-10-14,2010,21,813,長片,電競賽事,keyword,,,False,none,0.0,,False,False,,5478,9.0,7.0,20,https://www.youtube.com/watch?v=T3WTyvXvFtA
rAX5UINFaGc,IEM Fianl: qxc vs Fenix Game4-Part1,2010-10-14 03:20:51,2010-10-14,2010,3,776,長片,電競賽事,keyword,,,False,none,0.0,,False,False,,1896,7.0,0.0,20,https://www.youtube.com/watch?v=rAX5UINFaGc
FwHJ_wbH22k,IEM Fianl: qxc vs Fenix Game2-Part2,2010-10-14 02:33:45,2010-10-14,2010,2,354,長片,電競賽事,keyword,,,False,none,0.0,,False,False,,1849,7.0,0.0,20,https://www.youtube.com/watch?v=FwHJ_wbH22k
hGZMXU_giT8,IEM Fianl: qxc vs Fenix Game4-Part2,2010-10-14 02:33:28,2010-10-14,2010,2,386,長片,電競賽事,keyword,,,False,none,0.0,,False,False,,1505,6.0,0.0,20,https://www.youtube.com/watch?v=hGZMXU_giT8
Xg7qAA7Xtp8,IEM Fianl: qxc vs Fenix Game3-Part2,2010-10-14 01:27:23,2010-10-14,2010,1,649,長片,電競賽事,keyword,,,False,none,0.0,,False,False,,1198,9.0,2.0,20,https://www.youtube.com/watch?v=Xg7qAA7Xtp8
LLVtA756x0Q,IEM Fianl: qxc vs Fenix Game3-Part1,2010-10-14 01:09:05,2010-10-14,2010,1,731,長片,電競賽事,keyword,,,False,none,0.0,,False,False,,1719,7.0,3.0,20,https://www.youtube.com/watch?v=LLVtA756x0Q
W5QbIe4kfqA,IEM Fianl: qxc vs Fenix Game2-Part1,2010-10-14 00:23:43,2010-10-14,2010,0,604,長片,電競賽事,keyword,,,False,none,0.0,,False,False,,1964,10.0,2.0,20,https://www.youtube.com/watch?v=W5QbIe4kfqA
ueD-9eWlO7M,台灣戰隊NW-EX交流賽 Rich vs 漢堡王 Part-2,2010-10-13 14:16:50,2010-10-13,2010,14,403,長片,美食,keyword,,,False,override,,,False,False,,2330,7.0,2.0,20,https://www.youtube.com/watch?v=ueD-9eWlO7M
5bnLXlauJVs,台灣戰隊NW-EX交流賽 Rich vs 漢堡王 Part-1,2010-10-13 14:03:22,2010-10-13,2010,14,591,長片,美食,keyword,,,False,override,,,False,False,,3182,13.0,1.0,20,https://www.youtube.com/watch?v=5bnLXlauJVs
Jg8adfUFlPM,IEM Fianl: qxc vs Fenix Game1-Part2,2010-10-13 10:32:27,2010-10-13,2010,10,100,長片,電競賽事,keyword,,,False,none,0.0,,False,False,,2211,9.0,0.0,20,https://www.youtube.com/watch?v=Jg8adfUFlPM
fcpf_wJA9u8,IEM Fianl: qxc vs Fenix Game1-Part1,2010-10-13 10:01:43,2010-10-13,2010,10,855,長片,電競賽事,keyword,,,False,none,0.0,,False,False,,3799,11.0,0.0,20,https://www.youtube.com/watch?v=fcpf_wJA9u8
RTXy4RhNZx4,CheckPrime VS hyperdub,2010-10-13 00:44:28,2010-10-13,2010,0,760,長片,未分類,none,,,False,none,0.0,,False,False,,7675,34.0,13.0,20,https://www.youtube.com/watch?v=RTXy4RhNZx4
2yzW7jXUSsM,CheckPrime VS UFOmercy,2010-10-12 23:35:58,2010-10-12,2010,23,709,長片,未分類,none,,,False,none,0.0,,False,False,,1542,12.0,2.0,20,https://www.youtube.com/watch?v=2yzW7jXUSsM
wRoJ5bNdBXg,CheckPrime VS STX,2010-10-12 22:25:16,2010-10-12,2010,22,630,長片,未分類,none,,,False,none,0.0,,False,False,,2096,16.0,2.0,20,https://www.youtube.com/watch?v=wRoJ5bNdBXg
H0uELoOgBbY,Huk vs qxc IEM Semi Final game4-Part1,2010-10-12 16:22:02,2010-10-12,2010,16,720,長片,電競賽事,keyword,,,False,none,0.0,,False,False,,2330,16.0,1.0,20,https://www.youtube.com/watch?v=H0uELoOgBbY
04B3i1qonM8,Huk vs qxc IEM Semi Final game4-Part2,2010-10-12 16:22:00,2010-10-12,2010,16,461,長片,電競賽事,keyword,,,False,none,0.0,,False,False,,2146,14.0,3.0,20,https://www.youtube.com/watch?v=04B3i1qonM8
31ecum64YY4,Huk vs qxc IEM Semi Final game3-Part3,2010-10-12 15:37:38,2010-10-12,2010,15,450,長片,電競賽事,keyword,,,False,none,0.0,,False,False,,3686,18.0,2.0,20,https://www.youtube.com/watch?v=31ecum64YY4
CNACosCVkCU,Huk vs qxc IEM Semi Final game3-Part2,2010-10-12 14:39:31,2010-10-12,2010,14,721,長片,電競賽事,keyword,,,False,none,0.0,,False,False,,3142,20.0,3.0,20,https://www.youtube.com/watch?v=CNACosCVkCU
rzv0HBt9_h8,Huk vs qxc IEM Semi Final game3-Part1,2010-10-12 10:07:21,2010-10-12,2010,10,832,長片,電競賽事,keyword,,,False,none,0.0,,False,False,,4285,29.0,6.0,20,https://www.youtube.com/watch?v=rzv0HBt9_h8
dxxR4-Bovu8,Huk vs qxc IEM Semi Final game2,2010-10-11 23:18:48,2010-10-11,2010,23,768,長片,電競賽事,keyword,,,False,none,0.0,,False,False,,5932,44.0,14.0,20,https://www.youtube.com/watch?v=dxxR4-Bovu8
6a58xHUU0lM,Joeman的第一支Youtube影片 (2010年),2010-10-11 20:29:47,2010-10-11,2010,20,690,長片,未分類,none,,,False,none,0.0,,False,False,,71864,809.0,459.0,20,https://www.youtube.com/watch?v=6a58xHUU0lM
