影片鍵,video_id,影片標題,影片網址,發布時間,發布時段,影片長度秒,是首集,分類依據,業配分數,業配命中規則,官方付費宣傳旗標,含自營商品導流,自營商品,所屬播放清單,YouTube官方分類ID
1,6a58xHUU0lM,Joeman的第一支Youtube影片 (2010年),https://www.youtube.com/watch?v=6a58xHUU0lM,2010-10-11 20:29:47,20,690,False,none,0.0,,False,False,,,20
2,dxxR4-Bovu8,Huk vs qxc IEM Semi Final game2,https://www.youtube.com/watch?v=dxxR4-Bovu8,2010-10-11 23:18:48,23,768,False,keyword,0.0,,False,False,,,20
3,04B3i1qonM8,Huk vs qxc IEM Semi Final game4-Part2,https://www.youtube.com/watch?v=04B3i1qonM8,2010-10-12 16:22:00,16,461,False,keyword,0.0,,False,False,,,20
4,2yzW7jXUSsM,CheckPrime VS UFOmercy,https://www.youtube.com/watch?v=2yzW7jXUSsM,2010-10-12 23:35:58,23,709,False,none,0.0,,False,False,,,20
5,31ecum64YY4,Huk vs qxc IEM Semi Final game3-Part3,https://www.youtube.com/watch?v=31ecum64YY4,2010-10-12 15:37:38,15,450,False,keyword,0.0,,False,False,,,20
6,CNACosCVkCU,Huk vs qxc IEM Semi Final game3-Part2,https://www.youtube.com/watch?v=CNACosCVkCU,2010-10-12 14:39:31,14,721,False,keyword,0.0,,False,False,,,20
7,H0uELoOgBbY,Huk vs qxc IEM Semi Final game4-Part1,https://www.youtube.com/watch?v=H0uELoOgBbY,2010-10-12 16:22:02,16,720,False,keyword,0.0,,False,False,,,20
8,rzv0HBt9_h8,Huk vs qxc IEM Semi Final game3-Part1,https://www.youtube.com/watch?v=rzv0HBt9_h8,2010-10-12 10:07:21,10,832,False,keyword,0.0,,False,False,,,20
9,wRoJ5bNdBXg,CheckPrime VS STX,https://www.youtube.com/watch?v=wRoJ5bNdBXg,2010-10-12 22:25:16,22,630,False,none,0.0,,False,False,,,20
10,5bnLXlauJVs,台灣戰隊NW-EX交流賽 Rich vs 漢堡王 Part-1,https://www.youtube.com/watch?v=5bnLXlauJVs,2010-10-13 14:03:22,14,591,False,keyword,,,False,False,,,20
11,Jg8adfUFlPM,IEM Fianl: qxc vs Fenix Game1-Part2,https://www.youtube.com/watch?v=Jg8adfUFlPM,2010-10-13 10:32:27,10,100,False,keyword,0.0,,False,False,,,20
12,RTXy4RhNZx4,CheckPrime VS hyperdub,https://www.youtube.com/watch?v=RTXy4RhNZx4,2010-10-13 00:44:28,0,760,False,none,0.0,,False,False,,,20
13,fcpf_wJA9u8,IEM Fianl: qxc vs Fenix Game1-Part1,https://www.youtube.com/watch?v=fcpf_wJA9u8,2010-10-13 10:01:43,10,855,False,keyword,0.0,,False,False,,,20
14,ueD-9eWlO7M,台灣戰隊NW-EX交流賽 Rich vs 漢堡王 Part-2,https://www.youtube.com/watch?v=ueD-9eWlO7M,2010-10-13 14:16:50,14,403,False,keyword,,,False,False,,,20
15,FwHJ_wbH22k,IEM Fianl: qxc vs Fenix Game2-Part2,https://www.youtube.com/watch?v=FwHJ_wbH22k,2010-10-14 02:33:45,2,354,False,keyword,0.0,,False,False,,,20
16,LLVtA756x0Q,IEM Fianl: qxc vs Fenix Game3-Part1,https://www.youtube.com/watch?v=LLVtA756x0Q,2010-10-14 01:09:05,1,731,False,keyword,0.0,,False,False,,,20
17,T3WTyvXvFtA,BratOK (T) vs DarkForce (Z) Game-1,https://www.youtube.com/watch?v=T3WTyvXvFtA,2010-10-14 21:30:33,21,813,False,keyword,0.0,,False,False,,,20
18,W5QbIe4kfqA,IEM Fianl: qxc vs Fenix Game2-Part1,https://www.youtube.com/watch?v=W5QbIe4kfqA,2010-10-14 00:23:43,0,604,False,keyword,0.0,,False,False,,,20
19,Xg7qAA7Xtp8,IEM Fianl: qxc vs Fenix Game3-Part2,https://www.youtube.com/watch?v=Xg7qAA7Xtp8,2010-10-14 01:27:23,1,649,False,keyword,0.0,,False,False,,,20
20,hGZMXU_giT8,IEM Fianl: qxc vs Fenix Game4-Part2,https://www.youtube.com/watch?v=hGZMXU_giT8,2010-10-14 02:33:28,2,386,False,keyword,0.0,,False,False,,,20
21,rAX5UINFaGc,IEM Fianl: qxc vs Fenix Game4-Part1,https://www.youtube.com/watch?v=rAX5UINFaGc,2010-10-14 03:20:51,3,776,False,keyword,0.0,,False,False,,,20
22,ZrhQtlda4CY,BratOK (T) vs DarkForce (Z) Game-4,https://www.youtube.com/watch?v=ZrhQtlda4CY,2010-10-15 18:32:23,18,651,False,keyword,0.0,,False,False,,,20
23,bOIxRx6vqUI,BratOK (T) vs DarkForce (Z) Game-2 Part1,https://www.youtube.com/watch?v=bOIxRx6vqUI,2010-10-15 01:17:35,1,732,False,keyword,0.0,,False,False,,,20
24,bRIhne2t1v8,BratOK (T) vs DarkForce (Z) Game-2 Part2,https://www.youtube.com/watch?v=bRIhne2t1v8,2010-10-15 02:02:08,2,851,False,keyword,0.0,,False,False,,,20
25,i7WmJaySwG0,BratOK (T) vs DarkForce (Z) Game-3 Part2,https://www.youtube.com/watch?v=i7WmJaySwG0,2010-10-15 13:17:11,13,339,False,keyword,0.0,,False,False,,,20
26,nsabiNz6lEg,BratOK (T) vs DarkForce (Z) Game-3 Part2,https://www.youtube.com/watch?v=nsabiNz6lEg,2010-10-15 13:34:40,13,799,False,keyword,0.0,,False,False,,,20
27,sM2R5Yuflek,BratOK (T) vs DarkForce (Z) Game-2 Part3,https://www.youtube.com/watch?v=sM2R5Yuflek,2010-10-15 01:51:17,1,335,False,keyword,0.0,,False,False,,,20
28,cZjvtR37K74,IdrA (Z) VS Seoyeonji (T) Part2,https://www.youtube.com/watch?v=cZjvtR37K74,2010-10-16 01:51:40,1,738,False,keyword,0.0,,False,False,,,20
29,d_mu_RpPg78,Fenix (T) vs KiWiKaKi (P) Part-2,https://www.youtube.com/watch?v=d_mu_RpPg78,2010-10-16 19:48:14,19,633,False,keyword,0.0,,False,False,,,20
30,tjK4BjU6PJ4,Fenix (T) vs KiWiKaKi (P) Part-1,https://www.youtube.com/watch?v=tjK4BjU6PJ4,2010-10-16 19:37:48,19,725,False,keyword,0.0,,False,False,,,20
31,yxJuPPcoXCM,Fenix (T) vs KiWiKaKi (P) Part-3,https://www.youtube.com/watch?v=yxJuPPcoXCM,2010-10-16 19:48:36,19,324,False,keyword,0.0,,False,False,,,20
32,zTyVVTyZmk8,IdrA (Z) VS Seoyeonji (T) Part1,https://www.youtube.com/watch?v=zTyVVTyZmk8,2010-10-16 01:14:18,1,728,False,keyword,0.0,,False,False,,,20
33,1Gs55GQeK1U,IdrA (Z) vs KiWiKaKi(P) MLG Game-2極熱沙漠,https://www.youtube.com/watch?v=1Gs55GQeK1U,2010-10-17 22:39:05,22,507,False,keyword,0.0,,False,False,,,20
34,3M1-LpjiTyM,CheckPrime(Z) vs HanSin(T) 第四象限  Part-2,https://www.youtube.com/watch?v=3M1-LpjiTyM,2010-10-17 03:52:37,3,793,False,keyword,0.0,,False,False,,,20
35,68Zp6WdN2x4,WhiteRa (P) vs KiWiKaKi (P) 失落神廟 Part-2,https://www.youtube.com/watch?v=68Zp6WdN2x4,2010-10-17 18:33:46,18,154,False,keyword,0.0,,False,False,,,20
36,CoRFUJ_Zf0Q,IdrA (Z) vs Huk (P) 戰爭平原,https://www.youtube.com/watch?v=CoRFUJ_Zf0Q,2010-10-17 21:30:36,21,581,False,keyword,0.0,,False,False,,,20
37,TFbRqJxsIz0,CheckPrime(Z) vs HanSin(T) 第四象限 Part-1,https://www.youtube.com/watch?v=TFbRqJxsIz0,2010-10-17 03:27:03,3,806,False,keyword,0.0,,False,False,,,20
38,hD8TSVPy5d8,WhiteRa (P) vs KiWiKaKi (P) 失落神廟 Part-1,https://www.youtube.com/watch?v=hD8TSVPy5d8,2010-10-17 18:53:49,18,769,False,keyword,0.0,,False,False,,,20
39,m0egXDNtBS8,IdrA  (Z) vs KiWiKaKi (P)  MLG Game-1廢料處理場,https://www.youtube.com/watch?v=m0egXDNtBS8,2010-10-18 16:41:03,16,608,False,keyword,0.0,,False,False,,,20
40,beUyVkeRzdQ,SeleCT (T) vs HuK (P) 廢料處理場,https://www.youtube.com/watch?v=beUyVkeRzdQ,2010-10-19 14:17:44,14,724,False,keyword,0.0,,False,False,,,20
41,8uWAJChZYYk,Dimaga (Z) vs Tarson (T) Game-1 Part1,https://www.youtube.com/watch?v=8uWAJChZYYk,2010-10-20 22:51:04,22,565,False,keyword,0.0,,False,False,,,20
42,8VLehQ9pw0k,Dimaga (Z) vs Tarson (T) Game-2 Part2,https://www.youtube.com/watch?v=8VLehQ9pw0k,2010-10-21 03:35:30,3,360,False,keyword,0.0,,False,False,,,20
43,EJPaGX0EdAw,Dimaga (Z) vs Tarson (T) Game-1 Part2,https://www.youtube.com/watch?v=EJPaGX0EdAw,2010-10-21 01:13:32,1,418,False,keyword,0.0,,False,False,,,20
44,YQZ3BRRKp14,Dimaga (Z) vs Tarson (T) Game-3 Part2,https://www.youtube.com/watch?v=YQZ3BRRKp14,2010-10-21 04:03:55,4,248,False,keyword,0.0,,False,False,,,20
45,gMpxG6RIG4A,神族光炮壓制裸雙,https://www.youtube.com/watch?v=gMpxG6RIG4A,2010-10-21 22:11:28,22,266,False,none,,,False,False,,,20
46,hlb2vqFWmCc,哨衛力場能否阻止SCV維修雷神?,https://www.youtube.com/watch?v=hlb2vqFWmCc,2010-10-21 21:18:46,21,465,False,none,,,False,False,,,20
47,iNsMMW6xGPU,Dimaga (Z) vs Tarson (T) Game-3 Part1,https://www.youtube.com/watch?v=iNsMMW6xGPU,2010-10-21 04:21:32,4,776,False,keyword,0.0,,False,False,,,20
48,ikyxuHakyqc,Dimaga (Z) vs Tarson (T) Game-2 Part1,https://www.youtube.com/watch?v=ikyxuHakyqc,2010-10-21 02:50:17,2,784,False,keyword,0.0,,False,False,,,20
49,LY6AyM8aANo,DrHydra (P) 嗨爪哥 vs LoveCandy (T) King哥,https://www.youtube.com/watch?v=LY6AyM8aANo,2010-10-22 03:10:35,3,671,False,keyword,,,False,False,,,20
50,mNUqbev43Xg,素人投稿:神族野雙BG需注意事項,https://www.youtube.com/watch?v=mNUqbev43Xg,2010-10-22 19:34:23,19,742,False,none,0.0,,False,False,,,20
51,EodzbbH1Cvk,(台語轉播)  qxc(T) vs idra(Z) in MLG DC,https://www.youtube.com/watch?v=EodzbbH1Cvk,2010-10-23 06:15:30,6,752,False,keyword,0.0,,False,False,,,20
52,4Z6H8pIgCGc,BlizzCon: Sen(Z) vs TLO (Z) Game-2 Part2,https://www.youtube.com/watch?v=4Z6H8pIgCGc,2010-10-24 12:25:58,12,402,False,keyword,0.0,,False,False,,,20
53,H9-mT6W3UaA,BlizzCon: Sen(Z) vs MakaPrime (T) Game-2 Part2,https://www.youtube.com/watch?v=H9-mT6W3UaA,2010-10-24 20:58:17,20,518,False,keyword,0.0,,False,False,,,20
54,KdpsGXtvG1M,BlizzCon: Sen(Z) vs TLO (Z) Game-2 Part1,https://www.youtube.com/watch?v=KdpsGXtvG1M,2010-10-24 12:24:45,12,812,False,keyword,0.0,,False,False,,,20
55,L_791IVm85g,BlizzCon: Sen (Z) vs MakaPrime (T) Game-1,https://www.youtube.com/watch?v=L_791IVm85g,2010-10-24 14:39:54,14,696,False,keyword,0.0,,False,False,,,20
56,ZYXkk33FZKU,BlizzCon: Sen(Z) vs TLO (Z) Game-1,https://www.youtube.com/watch?v=ZYXkk33FZKU,2010-10-24 11:13:53,11,311,False,keyword,0.0,,False,False,,,20
57,n9WypkR8h0Y,BlizzCon: Sen(Z) vs MakaPrime (T) Game-3 Part2,https://www.youtube.com/watch?v=n9WypkR8h0Y,2010-10-24 21:38:26,21,282,False,keyword,0.0,,False,False,,,20
58,qy3YnPVf_fo,BlizzCon: Sen(Z) vs MakaPrime (T) Game-2 Part1,https://www.youtube.com/watch?v=qy3YnPVf_fo,2010-10-24 22:53:49,22,820,False,keyword,0.0,,False,False,,,20
59,z7HSOQPr8bU,BlizzCon: Sen(Z) vs MakaPrime (T) Game-3 Part1,https://www.youtube.com/watch?v=z7HSOQPr8bU,2010-10-24 21:45:14,21,721,False,keyword,0.0,,False,False,,,20
60,-M3Nt_7svoU,BlizzCon: FruitDealer(Z) vs SlayerSBoxeR(T) Game2-2,https://www.youtube.com/watch?v=-M3Nt_7svoU,2010-10-29 16:45:59,16,462,False,keyword,0.0,,False,False,,,20
61,CX16zM45VbI,BlizzCon: FruitDealer(Z) vs SlayerSBoxeR(T) Game1-1,https://www.youtube.com/watch?v=CX16zM45VbI,2010-10-29 14:08:02,14,815,False,keyword,0.0,,False,False,,,20
62,GJoN9NTkL4k,BlizzCon: Sen(Z) vs Loner (T) Game-2,https://www.youtube.com/watch?v=GJoN9NTkL4k,2010-10-29 08:56:01,8,541,False,keyword,0.0,,False,False,,,20
63,KZvXj4qbq30,BlizzCon: FruitDealer(Z) vs SlayerSBoxeR(T) Game1-2,https://www.youtube.com/watch?v=KZvXj4qbq30,2010-10-29 14:00:18,14,289,False,keyword,0.0,,False,False,,,20
64,OquJUte9P4M,BlizzCon: FruitDealer(Z) vs SlayerSBoxeR(T) Game2-1,https://www.youtube.com/watch?v=OquJUte9P4M,2010-10-29 17:25:56,17,699,False,keyword,0.0,,False,False,,,20
65,t2GCR0h_0ro,BlizzCon: Sen(Z) vs Loner (T) Game-1,https://www.youtube.com/watch?v=t2GCR0h_0ro,2010-10-29 08:55:26,8,794,False,keyword,0.0,,False,False,,,20
66,Cui3FDl4byA,Linda (P) vs Dzejna(P) Game1,https://www.youtube.com/watch?v=Cui3FDl4byA,2010-11-01 16:50:37,16,499,False,keyword,0.0,,False,False,,,20
67,kXjsBBuz8oQ,Tarson (T) vs Bly (Z),https://www.youtube.com/watch?v=kXjsBBuz8oQ,2010-11-01 12:26:29,12,828,False,keyword,0.0,,False,False,,,20
68,xQxEK_Pc2t0,Linda (P) vs Dzejna(P) Game2,https://www.youtube.com/watch?v=xQxEK_Pc2t0,2010-11-01 20:00:30,20,408,False,keyword,0.0,,False,False,,,20
69,5A6meVykk4Q,王蟲空降流-韓國玩家ZvP-Part1,https://www.youtube.com/watch?v=5A6meVykk4Q,2010-11-02 04:57:56,4,596,False,none,0.0,,False,False,,,20
70,UkJLTDlePCA,王蟲空降流-韓國玩家ZvP-Part2,https://www.youtube.com/watch?v=UkJLTDlePCA,2010-11-02 05:17:08,5,384,False,none,0.0,,False,False,,,20
71,hLVaSBcBp-U,神族裸雙開局-Idra(Z) vs Ddoro(P),https://www.youtube.com/watch?v=hLVaSBcBp-U,2010-11-02 11:58:35,11,636,False,keyword,0.0,,False,False,,,20
72,6cKM7DfJisQ,Sen (P) vs SoBaDRush (Z) Game2-1,https://www.youtube.com/watch?v=6cKM7DfJisQ,2010-11-03 17:04:04,17,750,False,keyword,0.0,,False,False,,,20
73,byGEd85AFck,Sen (P) vs SoBaDRush (Z) Game2-2,https://www.youtube.com/watch?v=byGEd85AFck,2010-11-03 19:00:47,19,631,False,keyword,0.0,,False,False,,,20
74,cUqS4SEzDlc,Sen (P) vs SoBaDRush (Z) Game1-1,https://www.youtube.com/watch?v=cUqS4SEzDlc,2010-11-03 17:21:52,17,513,False,keyword,0.0,,False,False,,,20
75,dIeHNcUwntI,Sen (P) vs SoBaDRush (Z) Game1-2,https://www.youtube.com/watch?v=dIeHNcUwntI,2010-11-03 14:07:22,14,563,False,keyword,0.0,,False,False,,,20
76,8fl3oz6Wskw,MLG Dallas:Sen(Z) vs TTOne(P) Game 1-2,https://www.youtube.com/watch?v=8fl3oz6Wskw,2010-11-07 17:35:18,17,342,False,keyword,0.0,,False,False,,,20
77,9EtAq0pXlJg,MLG Dallas:Sen(Z) vs StrifeCro(Z),https://www.youtube.com/watch?v=9EtAq0pXlJg,2010-11-07 04:48:08,4,764,False,keyword,0.0,,False,False,,,20
78,HVEU_aRmMkU,MLG Dallas:Sen(Z) vs TTOne(P) Game 1-1,https://www.youtube.com/watch?v=HVEU_aRmMkU,2010-11-07 17:24:37,17,715,False,keyword,0.0,,False,False,,,20
79,YlBI1I9DnP8,MLG Dallas:Sen(Z) vs Iron(T) Game1-2,https://www.youtube.com/watch?v=YlBI1I9DnP8,2010-11-07 03:24:15,3,136,False,keyword,0.0,,False,False,,,20
80,i793EixvCnk,MLG Dallas:Sen(Z) vs TTOne(P) Game2、Game3,https://www.youtube.com/watch?v=i793EixvCnk,2010-11-07 19:01:59,19,841,False,keyword,0.0,,False,False,,,20
81,tlbTQvbsC7E,MLG Dallas:Sen(Z) vs Iron(T) Game1-1,https://www.youtube.com/watch?v=tlbTQvbsC7E,2010-11-07 03:47:39,3,804,False,keyword,0.0,,False,False,,,20
82,xgEKJni5VEY,MLG Dallas:Sen(Z) vs Iron(T) Game2,https://www.youtube.com/watch?v=xgEKJni5VEY,2010-11-07 03:46:34,3,513,False,keyword,0.0,,False,False,,,20
83,Dta-RfQ1GXM,MLG Dallas:Sen(Z) vs Socke(P) Game 1-1,https://www.youtube.com/watch?v=Dta-RfQ1GXM,2010-11-08 21:31:36,21,744,False,keyword,0.0,,False,False,,,20
84,FRHBY1ZZ2cU,Joeman的Facebook粉絲專頁介紹,https://www.youtube.com/watch?v=FRHBY1ZZ2cU,2010-11-08 16:19:56,16,189,False,none,0.0,,False,False,,,20
85,5IrzGeP-sf8,MLG Dallas:TLO(Z) vs KiWiKaKi (P) Game3,https://www.youtube.com/watch?v=5IrzGeP-sf8,2010-11-09 19:42:01,19,844,False,keyword,0.0,,False,False,,,20
86,IN8j_4y8YC4,MLG Dallas:Sen(Z) vs Socke(P) Game 3-2,https://www.youtube.com/watch?v=IN8j_4y8YC4,2010-11-09 09:47:32,9,328,False,keyword,0.0,,False,False,,,20
87,PCeedZ5DzMk,MLG Dallas:Sen(Z) vs Socke(P) Game 1-2,https://www.youtube.com/watch?v=PCeedZ5DzMk,2010-11-09 03:08:28,3,900,False,keyword,0.0,,False,False,,,20
88,S9jw909KsFI,MLG Dallas:Sen(Z) vs Socke(P) Game 3-1,https://www.youtube.com/watch?v=S9jw909KsFI,2010-11-09 08:16:21,8,795,False,keyword,0.0,,False,False,,,20
89,a1AfNzavoQU,MLG Dallas:TLO(Z) vs KiWiKaKi (P) Game1,https://www.youtube.com/watch?v=a1AfNzavoQU,2010-11-09 17:58:23,17,541,False,keyword,0.0,,False,False,,,20
90,lPhg9jE_zhE,MLG Dallas:Sen(Z) vs Socke(P) Game 2-1,https://www.youtube.com/watch?v=lPhg9jE_zhE,2010-11-09 11:46:47,11,858,False,keyword,0.0,,False,False,,,20
91,lPriGU-1UH0,MLG Dallas:Sen(Z) vs Socke(P) Game 2-2,https://www.youtube.com/watch?v=lPriGU-1UH0,2010-11-09 05:46:49,5,61,False,keyword,0.0,,False,False,,,20
92,poLpF9aY6kM,MLG Dallas:TLO(Z) vs KiWiKaKi (P) Game2,https://www.youtube.com/watch?v=poLpF9aY6kM,2010-11-09 18:57:39,18,732,False,keyword,0.0,,False,False,,,20
93,w9wf2xolYZs,MLG Dallas:Sen(Z) vs Socke(P) Game 1-3,https://www.youtube.com/watch?v=w9wf2xolYZs,2010-11-09 03:47:54,3,603,False,keyword,0.0,,False,False,,,20
94,2A-j5A4u9c4,SoBad(Z) vs flash(Z) 韓服天梯 Part2,https://www.youtube.com/watch?v=2A-j5A4u9c4,2010-11-11 01:42:12,1,502,False,keyword,0.0,,False,False,,,20
95,4Q-mIds9Nck,MLG Dallas:Idra(Z) vs SeleCT(T) Game1,https://www.youtube.com/watch?v=4Q-mIds9Nck,2010-11-11 16:45:46,16,829,False,keyword,0.0,,False,False,,,20
96,96aw-FLLwq4,MLG Dallas:Socke(P) vs Jinro(T) Part2,https://www.youtube.com/watch?v=96aw-FLLwq4,2010-11-11 03:25:21,3,838,False,keyword,0.0,,False,False,,,20
97,OgGuGun_fu4,MLG Dallas:Socke(P) vs Jinro(T) Part1,https://www.youtube.com/watch?v=OgGuGun_fu4,2010-11-11 02:39:21,2,814,False,keyword,0.0,,False,False,,,20
98,UxgRbEn1UNA,MLG Dallas:Idra(Z) vs SeleCT(T) Game2-1,https://www.youtube.com/watch?v=UxgRbEn1UNA,2010-11-11 20:48:49,20,780,False,keyword,0.0,,False,False,,,20
99,aPEvMAHhc6Y,SoBad(Z) vs flash(Z) 韓服天梯 Part1,https://www.youtube.com/watch?v=aPEvMAHhc6Y,2010-11-11 01:31:32,1,899,False,keyword,0.0,,False,False,,,20
100,e3_sYJ1BDus,"MLG Dallas:Idra(Z) vs SeleCT(T) Game2-2,Game3",https://www.youtube.com/watch?v=e3_sYJ1BDus,2010-11-11 21:09:24,21,559,False,keyword,0.0,,False,False,,,20
101,kgJf0yT7Mew,蟲王對決:Sen(Z) vs Idra(Z) 美服天梯,https://www.youtube.com/watch?v=kgJf0yT7Mew,2010-11-11 00:35:39,0,862,False,keyword,0.0,,False,False,,,20
102,rB6kU6xwFyw,素人投稿-喵的星期天 vs LancerLagancy,https://www.youtube.com/watch?v=rB6kU6xwFyw,2010-11-11 21:18:36,21,640,False,none,0.0,,False,False,,,20
103,wPI6dPXzzLE,MLG Dallas:Socke(P) vs Jinro(T) Part3,https://www.youtube.com/watch?v=wPI6dPXzzLE,2010-11-11 02:48:28,2,184,False,keyword,0.0,,False,False,,,20
104,C5p8SuuJ7tM,KiWiKaKi(P) vs Tarson(T) Game2,https://www.youtube.com/watch?v=C5p8SuuJ7tM,2010-11-12 19:00:04,19,609,False,keyword,0.0,,False,False,,,20
105,Wz_5wOYfpUo,KiWiKaKi(P) vs Tarson(T) Game1,https://www.youtube.com/watch?v=Wz_5wOYfpUo,2010-11-12 14:39:06,14,664,False,keyword,0.0,,False,False,,,20
106,YFsxMZmxLZk,KiWiKaKi(P) vs Tarson(T) Game3,https://www.youtube.com/watch?v=YFsxMZmxLZk,2010-11-12 22:15:48,22,580,False,keyword,0.0,,False,False,,,20
107,OgK-gIAkPMM,KiWiKaKi(P) vs Tarson(T) Game4,https://www.youtube.com/watch?v=OgK-gIAkPMM,2010-11-13 01:40:17,1,554,False,keyword,0.0,,False,False,,,20
108,V0L0rley3ZA,KiWiKaKi(P) vs Tarson(T) Game5,https://www.youtube.com/watch?v=V0L0rley3ZA,2010-11-13 00:26:18,0,669,False,keyword,0.0,,False,False,,,20
109,0btJHrj0NaE,MLG Dallas:Huk(P) vs qxc(T) Game2,https://www.youtube.com/watch?v=0btJHrj0NaE,2010-11-14 19:36:47,19,504,False,keyword,0.0,,False,False,,,20
110,Bqb7USFcDEQ,MLG Dallas:Huk(P) vs qxc(T) Game1-1,https://www.youtube.com/watch?v=Bqb7USFcDEQ,2010-11-14 18:07:39,18,778,False,keyword,0.0,,False,False,,,20
111,PQuvA1JdRQA,MLG Dallas:Huk(P) vs qxc(T) Game3,https://www.youtube.com/watch?v=PQuvA1JdRQA,2010-11-14 20:35:45,20,674,False,keyword,0.0,,False,False,,,20
112,iTTuH4NFAks,MLG Dallas:Huk(P) vs qxc(T) Game1-2,https://www.youtube.com/watch?v=iTTuH4NFAks,2010-11-14 18:55:22,18,493,False,keyword,0.0,,False,False,,,20
113,-S6c1DXsBw0,KiWiKaKi(P) vs Slush(Z) Game1-1,https://www.youtube.com/watch?v=-S6c1DXsBw0,2010-11-15 19:11:25,19,698,False,keyword,0.0,,False,False,,,20
114,7yR0Ni7tE9M,KiWiKaKi(P) vs Slush(Z) Game2,https://www.youtube.com/watch?v=7yR0Ni7tE9M,2010-11-15 20:31:12,20,860,False,keyword,0.0,,False,False,,,20
115,DNsjQaRjM90,Socke(P) vs ServyOa(T)  Part3,https://www.youtube.com/watch?v=DNsjQaRjM90,2010-11-15 06:12:41,6,388,False,keyword,0.0,,False,False,,,20
116,Xsl6RRwTgC0,Socke(P) vs ServyOa(T)  Part2,https://www.youtube.com/watch?v=Xsl6RRwTgC0,2010-11-15 10:27:59,10,892,False,keyword,0.0,,False,False,,,20
117,ewhIQSKXNFY,KiWiKaKi(P) vs Slush(Z) Game1-2,https://www.youtube.com/watch?v=ewhIQSKXNFY,2010-11-15 19:14:24,19,263,False,keyword,0.0,,False,False,,,20
118,xsxv8ow3slE,Socke(P) vs ServyOa(T)  Part1,https://www.youtube.com/watch?v=xsxv8ow3slE,2010-11-15 08:19:10,8,815,False,keyword,0.0,,False,False,,,20
119,L0P-ae1jXLw,KiWiKaKi(P) vs Slush(Z) Game4-2,https://www.youtube.com/watch?v=L0P-ae1jXLw,2010-11-16 12:22:41,12,183,False,keyword,0.0,,False,False,,,20
120,dcUyqnc42sI,KiWiKaKi(P) vs Slush(Z) Game4-1,https://www.youtube.com/watch?v=dcUyqnc42sI,2010-11-16 13:32:26,13,779,False,keyword,0.0,,False,False,,,20
121,mF3z5Mf_XU8,KiWiKaKi(P) vs Slush(Z) Game3,https://www.youtube.com/watch?v=mF3z5Mf_XU8,2010-11-16 12:36:29,12,471,False,keyword,0.0,,False,False,,,20
122,EjMTYAL0Kfk,Jinro(T) vs PeGa(Z) Part2,https://www.youtube.com/watch?v=EjMTYAL0Kfk,2010-11-21 02:50:57,2,597,False,keyword,0.0,,False,False,,,20
123,QrDgV3r5Z_4,Jinro(T) vs PeGa(Z) Part1,https://www.youtube.com/watch?v=QrDgV3r5Z_4,2010-11-21 01:46:22,1,708,False,keyword,0.0,,False,False,,,20
124,4gYHX6hFK_w,YouRush(Z) vs LinYuNewLife(P) Game2,https://www.youtube.com/watch?v=4gYHX6hFK_w,2010-11-22 01:12:21,1,553,False,keyword,0.0,,False,False,,,20
125,5R3-KexF7Xg,DusRush(P) vs LinYuSuannai(T)Game1,https://www.youtube.com/watch?v=5R3-KexF7Xg,2010-11-22 13:30:43,13,535,False,keyword,0.0,,False,False,,,20
126,EOTy4QSTLE4,SoftBallRush(T) vs LYF(Z) Game2,https://www.youtube.com/watch?v=EOTy4QSTLE4,2010-11-22 11:56:38,11,830,False,keyword,0.0,,False,False,,,20
127,LMpGL_gA_mg,SoftBallRush(T) vs LYF(Z) Game1,https://www.youtube.com/watch?v=LMpGL_gA_mg,2010-11-22 11:27:34,11,683,False,keyword,0.0,,False,False,,,20
128,Nu42qyjgIHM,PencilRush(T) vs LinYuToNi(Z) Game3,https://www.youtube.com/watch?v=Nu42qyjgIHM,2010-11-22 03:35:14,3,277,False,keyword,0.0,,False,False,,,20
129,RCuEGvhwnbg,PencilRush(T) vs LinYuToNi(Z) Game2-2,https://www.youtube.com/watch?v=RCuEGvhwnbg,2010-11-22 03:31:58,3,302,False,keyword,0.0,,False,False,,,20
130,RJxa6ZYcum4,DusRush(P) vs LinYuSuannai(T) Game3,https://www.youtube.com/watch?v=RJxa6ZYcum4,2010-11-22 16:36:57,16,399,False,keyword,0.0,,False,False,,,20
131,TEAGC9fqeRY,YouRush(Z) vs LinYuNewLife(P) Game3-1,https://www.youtube.com/watch?v=TEAGC9fqeRY,2010-11-22 02:14:49,2,773,False,keyword,0.0,,False,False,,,20
132,YqmKgqB9Bb4,PencilRush(T) vs LinYuToNi(Z) Game2-1,https://www.youtube.com/watch?v=YqmKgqB9Bb4,2010-11-22 03:35:38,3,650,False,keyword,0.0,,False,False,,,20
133,Z4PlHBEj7Ko,YouRush(Z) vs LinYuNewLife(P) Game1,https://www.youtube.com/watch?v=Z4PlHBEj7Ko,2010-11-22 01:01:26,1,600,False,keyword,0.0,,False,False,,,20
134,dX25FTPL_98,YouRush(Z) vs LinYuNewLife(P) Game3-2,https://www.youtube.com/watch?v=dX25FTPL_98,2010-11-22 02:28:03,2,468,False,keyword,0.0,,False,False,,,20
135,vK29cIH4oJQ,DusRush(P) vs LinYuSuannai(T) Game2,https://www.youtube.com/watch?v=vK29cIH4oJQ,2010-11-22 16:56:27,16,882,False,keyword,0.0,,False,False,,,20
136,vX931V7wUvQ,PencilRush(T) vs LinYuToNi(Z) Game1,https://www.youtube.com/watch?v=vX931V7wUvQ,2010-11-22 02:59:09,2,414,False,keyword,0.0,,False,False,,,20
137,4kVn4bqT880,CrowlyRush(P) vs tmduhen(Z) Game3,https://www.youtube.com/watch?v=4kVn4bqT880,2010-11-23 17:18:01,17,557,False,keyword,0.0,,False,False,,,20
138,gLnN38dXJIQ,CrowlyRush(P) vs tmduhen(Z) Game2,https://www.youtube.com/watch?v=gLnN38dXJIQ,2010-11-23 17:04:35,17,625,False,keyword,0.0,,False,False,,,20
139,yGYNajmH8Mw,CrowlyRush(P) vs tmduhen(Z) Game1,https://www.youtube.com/watch?v=yGYNajmH8Mw,2010-11-23 16:53:13,16,870,False,keyword,0.0,,False,False,,,20
140,FKW6QY2QXpk,四軍營全家大小一波流:Joeman(T) vs ToloCat(P),https://www.youtube.com/watch?v=FKW6QY2QXpk,2010-11-24 00:56:02,0,669,False,keyword,0.0,,False,False,,,20
141,G0E1Q6qkrj0,BoxerPrime(T) vs TSLsSKS(P) Game1,https://www.youtube.com/watch?v=G0E1Q6qkrj0,2010-11-24 23:51:21,23,511,False,keyword,0.0,,False,False,,,20
142,GNU2CYFGuDI,NEXGenius(P) vs TSLsSKS(P) Game3,https://www.youtube.com/watch?v=GNU2CYFGuDI,2010-11-24 22:51:37,22,788,False,keyword,0.0,,False,False,,,20
143,NA-qELak_9g,NEXGenius(P) vs TSLsSKS(P) Game4,https://www.youtube.com/watch?v=NA-qELak_9g,2010-11-24 23:53:22,23,479,False,keyword,0.0,,False,False,,,20
144,YUXedZTb-Tw,NEXGenius(P) vs TSLsSKS(P) Game1,https://www.youtube.com/watch?v=YUXedZTb-Tw,2010-11-24 21:45:13,21,767,False,keyword,0.0,,False,False,,,20
145,fbdXnQHZt6I,NEXGenius(P) vs TSLsSKS(P) Game2,https://www.youtube.com/watch?v=fbdXnQHZt6I,2010-11-24 22:02:25,22,552,False,keyword,0.0,,False,False,,,20
146,BiZGQ1oaRx8,BoxerPrime(T) 0vs TSLsSKS(P) Game2,https://www.youtube.com/watch?v=BiZGQ1oaRx8,2010-11-25 00:05:57,0,345,False,keyword,0.0,,False,False,,,20
147,R90VEf9oSeQ,BoxerPrimeT vs TSLsSKSP Game3-1,https://www.youtube.com/watch?v=R90VEf9oSeQ,2010-11-25 03:15:12,3,736,False,keyword,0.0,,False,False,,,20
148,UlLvSE3iQgQ,BoxerPrime(T) vs TSLsSKS(P) Game3-2,https://www.youtube.com/watch?v=UlLvSE3iQgQ,2010-11-25 03:25:40,3,303,False,keyword,0.0,,False,False,,,20
149,Atwjj3UFGzI,戰術教學-TvP速雷神Game4,https://www.youtube.com/watch?v=Atwjj3UFGzI,2010-11-30 20:20:06,20,521,False,keyword,0.0,,False,False,,,20
150,BQ0-HtVr_pM,戰術教學-TvP速雷神Game2,https://www.youtube.com/watch?v=BQ0-HtVr_pM,2010-11-30 13:16:33,13,657,False,keyword,0.0,,False,False,,,20
151,UQLm1lizlnk,戰術教學-TvP速雷神Game1,https://www.youtube.com/watch?v=UQLm1lizlnk,2010-11-30 11:48:49,11,809,False,keyword,0.0,,False,False,,,20
152,fd9xWojxzMo,戰術教學-TvP速雷神Game3,https://www.youtube.com/watch?v=fd9xWojxzMo,2010-11-30 19:29:42,19,552,False,keyword,0.0,,False,False,,,20
153,HwzS3STeC00,Mana(P) vs Naama(T) Game1,https://www.youtube.com/watch?v=HwzS3STeC00,2010-12-01 16:51:56,16,723,False,keyword,0.0,,False,False,,,20
154,ZmWLAjuMPOQ,Mana(P) vs Naama(T) Game3-1,https://www.youtube.com/watch?v=ZmWLAjuMPOQ,2010-12-02 21:24:39,21,768,False,keyword,0.0,,False,False,,,20
155,io_PyddpcxE,Mana(P) vs Naama(T) Game3-2,https://www.youtube.com/watch?v=io_PyddpcxE,2010-12-02 23:42:44,23,816,False,keyword,0.0,,False,False,,,20
156,usC1DEoFWMo,Mana(P) vs Naama(T) Game4-2,https://www.youtube.com/watch?v=usC1DEoFWMo,2010-12-02 19:36:48,19,743,False,keyword,0.0,,False,False,,,20
157,xqMv7nfT-LI,Mana(P) vs Naama(T) Game4-1,https://www.youtube.com/watch?v=xqMv7nfT-LI,2010-12-02 07:16:12,7,797,False,keyword,0.0,,False,False,,,20
158,Deqr6q5YWbk,Mana(P) vs Naama(T) Game2,https://www.youtube.com/watch?v=Deqr6q5YWbk,2010-12-03 01:30:14,1,886,False,keyword,0.0,,False,False,,,20
159,hydvJzZfDS0,Mana(P) vs Naama(T) Game5-1,https://www.youtube.com/watch?v=hydvJzZfDS0,2010-12-03 04:06:18,4,604,False,keyword,0.0,,False,False,,,20
160,jtfcIFZWD5k,Mana(P) vs Naama(T) Game5-2,https://www.youtube.com/watch?v=jtfcIFZWD5k,2010-12-03 04:30:36,4,335,False,keyword,0.0,,False,False,,,20
161,1C_2LS1Szqk,Socke(P) vs MorroW(Z) Game1-1,https://www.youtube.com/watch?v=1C_2LS1Szqk,2010-12-04 12:40:48,12,630,False,keyword,0.0,,False,False,,,20
162,gJZzIvgaerM,Socke(P) vs MorroW(Z) Game3-2,https://www.youtube.com/watch?v=gJZzIvgaerM,2010-12-04 15:30:37,15,728,False,keyword,0.0,,False,False,,,20
163,kGLhUyodZRo,Socke(P) vs MorroW(Z) Game1-2,https://www.youtube.com/watch?v=kGLhUyodZRo,2010-12-04 12:44:13,12,345,False,keyword,0.0,,False,False,,,20
164,lUQXVxHy8Eg,Socke(P) vs MorroW(Z) Game2,https://www.youtube.com/watch?v=lUQXVxHy8Eg,2010-12-04 13:57:34,13,805,False,keyword,0.0,,False,False,,,20
165,zg_QYnrrPj4,Socke(P) vs MorroW(Z) Game3-1,https://www.youtube.com/watch?v=zg_QYnrrPj4,2010-12-04 15:06:20,15,897,False,keyword,0.0,,False,False,,,20
166,H_TWHCfg_mA,Sen(Z) vs Kyhol(T) Part2,https://www.youtube.com/watch?v=H_TWHCfg_mA,2010-12-06 22:39:04,22,471,False,keyword,0.0,,False,False,,,20
167,LPjhMlcZrh4,Sen(Z) vs Kyhol(T) Part1,https://www.youtube.com/watch?v=LPjhMlcZrh4,2010-12-06 20:46:50,20,603,False,keyword,0.0,,False,False,,,20
168,HtFX_bDK5yk,WhiteRa(P) vs BratOK(T) Game2,https://www.youtube.com/watch?v=HtFX_bDK5yk,2010-12-07 10:09:41,10,643,False,keyword,0.0,,False,False,,,20
169,XotoigyuxZQ,WhiteRa(P) vs BratOK(T) Game3,https://www.youtube.com/watch?v=XotoigyuxZQ,2010-12-07 14:00:44,14,759,False,keyword,0.0,,False,False,,,20
170,tw3MxSOfpGQ,WhiteRa(P) vs BratOK(T) Game1,https://www.youtube.com/watch?v=tw3MxSOfpGQ,2010-12-07 09:23:43,9,783,False,keyword,0.0,,False,False,,,20
171,Ys3C0kwUXC0,ZvP反野傳送門快攻Part2,https://www.youtube.com/watch?v=Ys3C0kwUXC0,2010-12-08 12:29:01,12,139,False,none,0.0,,False,False,,,20
172,eiEwQNfC_RE,ZvP反野傳送門快攻Part1,https://www.youtube.com/watch?v=eiEwQNfC_RE,2010-12-08 12:46:04,12,813,False,none,0.0,,False,False,,,20
173,uR6-BAdUSfU,qxc(T) vs Dimaga(Z) Game1,https://www.youtube.com/watch?v=uR6-BAdUSfU,2010-12-11 21:46:23,21,895,False,keyword,0.0,,False,False,,,20
174,aehXt0KqSbM,qxc(T) vs Dimaga(Z) Game4,https://www.youtube.com/watch?v=aehXt0KqSbM,2010-12-12 12:52:02,12,443,False,keyword,0.0,,False,False,,,20
175,kZQwF3VSFI8,qxc(T) vs Dimaga(Z) Game5-1,https://www.youtube.com/watch?v=kZQwF3VSFI8,2010-12-12 14:20:49,14,842,False,keyword,0.0,,False,False,,,20
176,q9TNMZZRCZw,qxc(T) vs Dimaga(Z) Game5-2,https://www.youtube.com/watch?v=q9TNMZZRCZw,2010-12-12 15:04:28,15,594,False,keyword,0.0,,False,False,,,20
177,rE2-7bk5KhQ,qxc(T) vs Dimaga(Z) Game3,https://www.youtube.com/watch?v=rE2-7bk5KhQ,2010-12-12 12:19:17,12,857,False,keyword,0.0,,False,False,,,20
178,vhc4gVwJi14,qxc(T) vs Dimaga(Z) Game2,https://www.youtube.com/watch?v=vhc4gVwJi14,2010-12-12 11:30:23,11,900,False,keyword,0.0,,False,False,,,20
179,-c0hPNk_Y-I,NwRich(P) vs LungWYD(Z) Part2,https://www.youtube.com/watch?v=-c0hPNk_Y-I,2010-12-13 18:37:59,18,341,False,keyword,0.0,,False,False,,,20
180,j8CXhphXPaA,NwRich(P) vs LungWYD(Z) Part1,https://www.youtube.com/watch?v=j8CXhphXPaA,2010-12-13 17:00:13,17,704,False,keyword,0.0,,False,False,,,20
181,DWr855P1i1A,知名RP網站介紹,https://www.youtube.com/watch?v=DWr855P1i1A,2010-12-14 23:05:19,23,319,False,none,0.0,,False,False,,,20
182,AFBj8PmcuN0,NwExia(P) vs proSCzergIMG(Z),https://www.youtube.com/watch?v=AFBj8PmcuN0,2010-12-15 08:22:26,8,830,False,keyword,0.0,,False,False,,,20
183,EHI3tSSN7dc,NwExia(P) vs 劉青(Z),https://www.youtube.com/watch?v=EHI3tSSN7dc,2010-12-15 05:14:29,5,795,False,keyword,0.0,,False,False,,,20
184,auLdwCPE-OM,美服知名玩家HasHe第一人稱視角Game1 (TvP),https://www.youtube.com/watch?v=auLdwCPE-OM,2010-12-16 19:27:51,19,760,False,keyword,0.0,,False,False,,,20
185,5017Sh9-OKs,第一人稱視角HasHe(T) vs EGInControl(P) Part1,https://www.youtube.com/watch?v=5017Sh9-OKs,2010-12-17 06:44:06,6,881,False,keyword,0.0,,False,False,,,20
186,dv65JIi32fg,第一人稱視角HasHe(T) vs EGInControl(P) Part2,https://www.youtube.com/watch?v=dv65JIi32fg,2010-12-17 05:56:50,5,60,False,keyword,0.0,,False,False,,,20
187,eC8dM24WSUY,lifeviva(P) vs 噩盡島(T) Part2,https://www.youtube.com/watch?v=eC8dM24WSUY,2010-12-17 09:52:49,9,873,False,keyword,0.0,,False,False,,,20
188,pioI8tt8EoA,lifeviva(P) vs 噩盡島(T) Part1,https://www.youtube.com/watch?v=pioI8tt8EoA,2010-12-17 07:39:54,7,753,False,keyword,0.0,,False,False,,,20
189,a5LjP8BKJes,NwBlanC(T) vs AkaiSola(Z) Part1,https://www.youtube.com/watch?v=a5LjP8BKJes,2010-12-18 07:18:58,7,765,False,keyword,0.0,,False,False,,,20
190,opLvpF8u5_I,NwBlanC(T) vs AkaiSola(Z) Part2,https://www.youtube.com/watch?v=opLvpF8u5_I,2010-12-18 10:08:48,10,711,False,keyword,0.0,,False,False,,,20
191,-RZl-ZfIBFQ,lifeviva(P) vs NwSeRious(Z),https://www.youtube.com/watch?v=-RZl-ZfIBFQ,2010-12-21 01:46:49,1,614,False,keyword,0.0,,False,False,,,20
192,WUf0jPHRgtw,美服知名玩家HasHe第一人稱視角Game3 (TvT),https://www.youtube.com/watch?v=WUf0jPHRgtw,2010-12-22 15:15:28,15,380,False,keyword,0.0,,False,False,,,20
193,pIOGAq5E1qY,人類機械化部隊:DIMAGA(Z) vs GooDy(T) Part2,https://www.youtube.com/watch?v=pIOGAq5E1qY,2010-12-22 15:02:35,15,724,False,keyword,0.0,,False,False,,,20
194,u36E9fbWevE,人類機械化部隊:DIMAGA(Z) vs GooDy(T) Part1,https://www.youtube.com/watch?v=u36E9fbWevE,2010-12-22 13:32:12,13,824,False,keyword,0.0,,False,False,,,20
195,3IZYKL-CTDM,不朽閃現猥褻流,https://www.youtube.com/watch?v=3IZYKL-CTDM,2010-12-23 13:43:44,13,813,False,none,0.0,,False,False,,,20
196,i2Zq9MZMIFY,月下紅茶(Z) vs 草稚素子(P),https://www.youtube.com/watch?v=i2Zq9MZMIFY,2010-12-29 12:57:15,12,901,False,keyword,0.0,,False,False,,,20
197,cwlvD77q6Zw,美服知名玩家HasHe第一人稱視角Gam4-1 (TvP),https://www.youtube.com/watch?v=cwlvD77q6Zw,2010-12-31 04:16:02,4,853,False,none,0.0,,False,False,,,20
198,g2tRUhBjMJ4,2011年台灣星海業餘戰隊聯賽開打!,https://www.youtube.com/watch?v=g2tRUhBjMJ4,2010-12-31 12:25:04,12,302,False,keyword,0.0,,False,False,,,20
199,hkKnvYlAbS8,美服知名玩家HasHe第一人稱視角Gam4-2 (TvP),https://www.youtube.com/watch?v=hkKnvYlAbS8,2010-12-31 06:37:31,6,784,False,none,0.0,,False,False,,,20
200,sV_b_IYS-PY,美服知名玩家HasHe第一人稱視角Gam4-3 (TvP),https://www.youtube.com/watch?v=sV_b_IYS-PY,2010-12-31 06:15:11,6,176,False,none,0.0,,False,False,,,20
201,_Fs3cOPGoBo,WhiteRa(P) vs Jimpo(T) Part2,https://www.youtube.com/watch?v=_Fs3cOPGoBo,2011-01-04 11:14:10,11,789,False,keyword,0.0,,False,False,,,20
202,jS0Xpuw4c7A,WhiteRa(P) vs Jimpo(T) Part1,https://www.youtube.com/watch?v=jS0Xpuw4c7A,2011-01-04 10:46:30,10,775,False,keyword,0.0,,False,False,,,20
203,ycyKiKcR-gU,WhiteRa(P) vs Jimpo(T) Part3,https://www.youtube.com/watch?v=ycyKiKcR-gU,2011-01-04 10:52:19,10,242,False,keyword,0.0,,False,False,,,20
204,mJnVfDqpNqA,素人投稿:ZvZ監察王蟲汙染流,https://www.youtube.com/watch?v=mJnVfDqpNqA,2011-01-06 14:31:27,14,712,False,none,0.0,,False,False,,,20
205,DpuzzrhHep0,薩爾納加洞穴-人類極限野BB,https://www.youtube.com/watch?v=DpuzzrhHep0,2011-01-10 22:41:41,22,434,False,none,0.0,,False,False,,,20
206,l1AgEOmcygM,TESL四強 榮榮(P) vs 鬼手輝(P),https://www.youtube.com/watch?v=l1AgEOmcygM,2011-01-10 22:47:58,22,605,False,keyword,0.0,,False,False,,,20
207,q5k_htRU_wQ,失落神廟速探Z點位-小技巧?BUG?,https://www.youtube.com/watch?v=q5k_htRU_wQ,2011-01-15 22:27:05,22,313,False,none,0.0,,False,False,,,20
208,dquxyDkQ_EQ,NesTea(Z) vs Huk(P) Part1,https://www.youtube.com/watch?v=dquxyDkQ_EQ,2011-01-18 11:36:22,11,762,False,keyword,0.0,,False,False,,,20
209,j5kkT9Rqyxo,NesTea(Z) vs Huk(P) Part3,https://www.youtube.com/watch?v=j5kkT9Rqyxo,2011-01-18 14:01:46,14,120,False,keyword,0.0,,False,False,,,20
210,rdexQEa8P94,NesTea(Z) vs Huk(P) Part2,https://www.youtube.com/watch?v=rdexQEa8P94,2011-01-18 14:30:37,14,845,False,keyword,0.0,,False,False,,,20
211,CbdP29vtArg,NwJeep(P) vs NwBlanc(T) 神族速提三防轉HT,https://www.youtube.com/watch?v=CbdP29vtArg,2011-01-20 14:19:26,14,1820,False,keyword,0.0,,False,False,,,20
212,QAGzn3Q9ejA,KiWiKaKi聖母鑑變態漩渦逆轉勝Part2,https://www.youtube.com/watch?v=QAGzn3Q9ejA,2011-01-20 08:08:00,8,452,False,none,0.0,,False,False,,,20
213,x6XTd5asck4,KiWiKaKi聖母鑑變態漩渦逆轉勝Part1,https://www.youtube.com/watch?v=x6XTd5asck4,2011-01-20 07:52:48,7,728,False,none,0.0,,False,False,,,20
214,ZaQsWc7r5is,徹底剖析PvT速聖堂武士,https://www.youtube.com/watch?v=ZaQsWc7r5is,2011-01-22 05:52:23,5,4944,False,none,,,False,False,,,20
215,dIxGXeLFFew,LiquidTLO(Z) vs KiWiKaKi(P),https://www.youtube.com/watch?v=dIxGXeLFFew,2011-01-26 10:32:41,10,944,False,keyword,0.0,,False,False,,,20
216,IYnBgrFqMEM,NwEthan(Z) vs NwRich(P),https://www.youtube.com/watch?v=IYnBgrFqMEM,2011-01-28 12:49:22,12,1482,False,keyword,0.0,,False,False,,,20
217,ScxMJrgy2ro,憂鬱的戀母少年KiWiKaKi(P) vs MYMxLoad(Z),https://www.youtube.com/watch?v=ScxMJrgy2ro,2011-01-29 14:17:58,14,2556,False,keyword,0.0,,False,False,,,20
218,4vgIQzl1qN0,TCL:MarsStorM(P) vs ChiKuoRush(Z),https://www.youtube.com/watch?v=4vgIQzl1qN0,2011-02-11 03:03:33,3,782,False,keyword,0.0,,False,False,,,20
219,5wYrNgxoieA,TCL:AkumaStorM(P) vs AkSolaRush(Z),https://www.youtube.com/watch?v=5wYrNgxoieA,2011-02-11 11:25:59,11,1474,False,keyword,0.0,,False,False,,,20
220,HedQmzkKQyg,TCL:HRUStorM(P) vs OrzRush(P),https://www.youtube.com/watch?v=HedQmzkKQyg,2011-02-11 12:50:51,12,1219,False,keyword,0.0,,False,False,,,20
221,L0NUy_SlFCY,TCL:BadKenStorM(Z) vs SorrowRush(P),https://www.youtube.com/watch?v=L0NUy_SlFCY,2011-02-11 04:19:24,4,1014,False,keyword,0.0,,False,False,,,20
222,Py6xz42GiVc,TCL:LoVeStorM(P) vs luwayRush(P),https://www.youtube.com/watch?v=Py6xz42GiVc,2011-02-11 06:45:40,6,1537,False,keyword,0.0,,False,False,,,20
223,hX0Lz0LWCdY,NwEthan(Z) vs EstanyolEx(T),https://www.youtube.com/watch?v=hX0Lz0LWCdY,2011-02-11 18:45:54,18,1950,False,keyword,0.0,,False,False,,,20
224,yfv2zymOEQE,SickNess(T) vs Korean(P),https://www.youtube.com/watch?v=yfv2zymOEQE,2011-02-11 02:15:23,2,1028,False,keyword,0.0,,False,False,,,20
225,IWMY9Og19c0,NwExia(P) vs CkyyEx(T),https://www.youtube.com/watch?v=IWMY9Og19c0,2011-02-12 04:48:46,4,1681,False,keyword,0.0,,False,False,,,20
226,JrEWJwkZUZI,NwBlanc(T) vs ChuckBass(T),https://www.youtube.com/watch?v=JrEWJwkZUZI,2011-02-12 02:23:41,2,1558,False,keyword,0.0,,False,False,,,26
227,RpMKtZDEOrY,NwAccel(Z) vs SonicYouthEx(Z),https://www.youtube.com/watch?v=RpMKtZDEOrY,2011-02-12 14:43:40,14,2065,False,keyword,0.0,,False,False,,,20
228,9Y5JodjjbJI,NwAccel(Z) vs HRUStorM(P),https://www.youtube.com/watch?v=9Y5JodjjbJI,2011-02-13 21:20:14,21,1333,False,keyword,0.0,,False,False,,,20
229,pWI9N-skiuE,NwRich(P) vs AlbusEx(Z),https://www.youtube.com/watch?v=pWI9N-skiuE,2011-02-13 06:51:55,6,2986,False,keyword,0.0,,False,False,,,20
230,vq-E2LheceY,NwMoonLight(Z) vs GreenStorM(Z).,https://www.youtube.com/watch?v=vq-E2LheceY,2011-02-13 19:44:43,19,1447,False,keyword,0.0,,False,False,,,20
231,Si9NiRVrXOk,NwBlacktea(Z) vs SlamStorM(Z),https://www.youtube.com/watch?v=Si9NiRVrXOk,2011-02-17 17:35:58,17,1072,False,keyword,0.0,,False,False,,,20
232,soTtT8zK4TY,NwRich(P) vs AkumaStorM(P),https://www.youtube.com/watch?v=soTtT8zK4TY,2011-02-17 16:07:25,16,577,False,keyword,0.0,,False,False,,,20
233,CtzHgpzy1zQ,NwBlanc(T) vs BadkenStorM(Z),https://www.youtube.com/watch?v=CtzHgpzy1zQ,2011-02-19 06:31:23,6,1794,False,keyword,0.0,,False,False,,,20
234,DngWqsukF3M,Razer星海女妖耳機開箱影片,https://www.youtube.com/watch?v=DngWqsukF3M,2011-02-19 02:59:40,2,501,False,keyword,0.0,,False,False,,,20
235,a5ykIs_D-PM,古劍奇譚-藏劍寶典開箱文,https://www.youtube.com/watch?v=a5ykIs_D-PM,2011-02-20 00:21:20,0,646,False,keyword,0.0,,False,False,,,20
236,JfaHt6kkIm0,北美星海聯盟介紹&快去投Sen一票!,https://www.youtube.com/watch?v=JfaHt6kkIm0,2011-02-22 17:11:24,17,452,False,keyword,0.0,,False,False,,,20
237,Hnl1RqZ5MTw,qxc(T) vs WhiteRa(P),https://www.youtube.com/watch?v=Hnl1RqZ5MTw,2011-02-26 15:02:30,15,1835,False,keyword,0.0,,False,False,,,20
238,Lg3Bz_KyVu0,FXOpen總冠軍賽:oGsHero(P) vs oGsStC(T),https://www.youtube.com/watch?v=Lg3Bz_KyVu0,2011-02-27 04:55:10,4,3025,False,keyword,0.0,,False,False,,,20
239,qgpGhnaVBkU,FXOpen:SeleCT(T) vs oGsStC(T),https://www.youtube.com/watch?v=qgpGhnaVBkU,2011-02-27 02:19:16,2,2655,False,keyword,0.0,,False,False,,,20
240,VvMtHFq700s,We Need Change!星海板主競選!,https://www.youtube.com/watch?v=VvMtHFq700s,2011-02-28 23:21:44,23,174,False,keyword,0.0,,False,False,,,25
241,SRNzur5qW84,亞洲蟲王對決 Sen(Z) vs IMNesTea(Z),https://www.youtube.com/watch?v=SRNzur5qW84,2011-03-01 01:48:24,1,465,False,keyword,0.0,,False,False,,,20
242,0JdzN__6Gcs,IEM:Moon(Z) vs StSquirtle(P) - 2 / 2,https://www.youtube.com/watch?v=0JdzN__6Gcs,2011-03-07 17:08:14,17,726,False,keyword,0.0,,False,False,,,22
243,7ZGim62t1M8,IEM Final:Moon(Z) vs AcE(P) Game3,https://www.youtube.com/watch?v=7ZGim62t1M8,2011-03-07 16:53:10,16,580,False,keyword,0.0,,False,False,,,22
244,DBuLCE2JNDU,IEM Final:Moon(Z) vs AcE(P) Game2,https://www.youtube.com/watch?v=DBuLCE2JNDU,2011-03-07 16:56:02,16,670,False,keyword,0.0,,False,False,,,22
245,T7r7jdTMMno,IEM Final:Moon(Z) vs AcE(P) Game1,https://www.youtube.com/watch?v=T7r7jdTMMno,2011-03-07 16:56:40,16,773,False,keyword,0.0,,False,False,,,22
246,_9INFfsbpSM,IEM:Moon(Z) vs StSquirtle(P) - 1 / 2,https://www.youtube.com/watch?v=_9INFfsbpSM,2011-03-07 17:02:43,17,900,False,keyword,0.0,,False,False,,,22
247,h_mTgG_Vq5s,IEM Final:Moon(Z) vs AcE(P) Game5 - 2 / 2,https://www.youtube.com/watch?v=h_mTgG_Vq5s,2011-03-07 17:03:16,17,409,False,keyword,0.0,,False,False,,,22
248,q-c2tYCtEeY,IEM Final:Moon(Z) vs AcE(P) Game5 - 1 / 2,https://www.youtube.com/watch?v=q-c2tYCtEeY,2011-03-07 17:06:31,17,901,False,keyword,0.0,,False,False,,,22
249,tnhFgUVv2OU,IEM Final:Moon(Z) vs AcE(P) Game4 - 1 / 2,https://www.youtube.com/watch?v=tnhFgUVv2OU,2011-03-07 17:05:45,17,612,False,keyword,0.0,,False,False,,,22
250,w7iaMHG_swQ,IEM Final:Moon(Z) vs AcE(P) Game4 - 2 / 2,https://www.youtube.com/watch?v=w7iaMHG_swQ,2011-03-07 17:06:44,17,309,False,keyword,0.0,,False,False,,,22
251,Y3DZWfc0cuU,TCL季後賽Game1 SlamStorM(Z) vs JessicaWYD(P),https://www.youtube.com/watch?v=Y3DZWfc0cuU,2011-03-13 05:48:40,5,2145,False,keyword,0.0,,False,False,,,20
252,C8OUaHBUl18,素人投稿-人類6BB極限大招,https://www.youtube.com/watch?v=C8OUaHBUl18,2011-03-14 11:37:04,11,417,False,none,0.0,,False,False,,,20
253,GEVRSvDyPbA,TCL季後賽 Game4 HRUStorM(P) vs YuHsuanWYD(Z),https://www.youtube.com/watch?v=GEVRSvDyPbA,2011-03-14 07:13:20,7,2386,False,keyword,0.0,,False,False,,,20
254,ICOvhgPsnqk,TCL季後賽 Game3GreenStorMZ vs MafiaWYDP,https://www.youtube.com/watch?v=ICOvhgPsnqk,2011-03-14 10:24:00,10,2963,False,keyword,0.0,,False,False,,,20
255,JOpLs-HaI4E,TCL季後賽 Game5 BadKenStorM(Z) vs FreddyWYD(P),https://www.youtube.com/watch?v=JOpLs-HaI4E,2011-03-14 10:20:18,10,75,False,keyword,0.0,,False,False,,,20
256,OPQhj4g9Kns,TCL季後賽 Game2 AkumaStorM(P) vs janyrWYD(Z),https://www.youtube.com/watch?v=OPQhj4g9Kns,2011-03-14 01:26:24,1,2372,False,keyword,0.0,,False,False,,,20
257,9IRSXUBTeG0,KiWiKaKi(P) vs Idra(Z),https://www.youtube.com/watch?v=9IRSXUBTeG0,2011-03-17 12:40:14,12,940,False,keyword,0.0,,False,False,,,20
258,kQL3y4Ed-sU,Dimaga(Z) vs Beastyqt(T),https://www.youtube.com/watch?v=kQL3y4Ed-sU,2011-03-21 17:07:14,17,1535,False,keyword,0.0,,False,False,,,20
259,oD-nIH_nKMs,WhiteRa(P) vs PredY(T),https://www.youtube.com/watch?v=oD-nIH_nKMs,2011-03-23 19:21:34,19,1633,False,keyword,0.0,,False,False,,,20
260,KnWNXlOGxGo,Nw P幣挑戰賽-luwayRush(P),https://www.youtube.com/watch?v=KnWNXlOGxGo,2011-03-24 16:53:07,16,1720,False,keyword,0.0,,False,False,,,20
261,ZLmIeZSdKmA,Nw P幣挑戰賽-挑戰者SoBaDRush(Z),https://www.youtube.com/watch?v=ZLmIeZSdKmA,2011-03-24 06:46:45,6,3124,False,keyword,0.0,,False,False,,,20
262,kt2G2Ms9tZM,Nw P幣挑戰賽-挑戰者十月春夢哥(T),https://www.youtube.com/watch?v=kt2G2Ms9tZM,2011-03-24 07:06:56,7,1052,False,keyword,0.0,,False,False,,,20
263,upD9VNWm9L4,Nw P幣挑戰賽-OrzRush(P),https://www.youtube.com/watch?v=upD9VNWm9L4,2011-03-24 15:34:13,15,2748,False,keyword,0.0,,False,False,,,20
264,9mmrtZ0Y1cY,"兩岸明星對抗賽(5v5,Kof)",https://www.youtube.com/watch?v=9mmrtZ0Y1cY,2011-03-25 09:00:03,9,5762,False,keyword,0.0,,False,False,,,20
265,yQa_KqDAB5E,TCL第二季賽事介紹(4/2正式開戰!),https://www.youtube.com/watch?v=yQa_KqDAB5E,2011-03-30 00:08:44,0,519,False,keyword,0.0,,False,False,,,20
266,0gxPfm-ULz8,TCL MVPxBlue(P) vs janyrWYD(Z),https://www.youtube.com/watch?v=0gxPfm-ULz8,2011-04-08 20:04:20,20,3041,False,keyword,0.0,,False,False,,,20
267,G_7dH9sC92k,TCL NewDS(P) vs MafiaWYD(P),https://www.youtube.com/watch?v=G_7dH9sC92k,2011-04-08 05:27:11,5,1159,False,keyword,0.0,,False,False,,,20
268,MAFOgLN1b-Q,TCL Greedy(T) vs FreddyWYD(Z),https://www.youtube.com/watch?v=MAFOgLN1b-Q,2011-04-08 23:36:04,23,1157,False,keyword,0.0,,False,False,,,20
269,pBHanSTUdWg,TCL 凌宇大叔(T) vs GilesWYD(P),https://www.youtube.com/watch?v=pBHanSTUdWg,2011-04-08 10:53:37,10,1389,False,keyword,0.0,,False,False,,,20
270,I2TJvOBmRNE,"NW戰隊 vs 武器戰隊(5v5,KOF)",https://www.youtube.com/watch?v=I2TJvOBmRNE,2011-04-09 08:56:39,8,3635,False,none,0.0,,False,False,,,20
271,UCe0AXCnVaM,TCL 暖暖(T) vs LungWYD(Z),https://www.youtube.com/watch?v=UCe0AXCnVaM,2011-04-09 01:35:59,1,1966,False,keyword,0.0,,False,False,,,20
272,pjmXauK_2Qw,"Huk韓國天梯第一人稱視角(vs Sen , TT1)",https://www.youtube.com/watch?v=pjmXauK_2Qw,2011-04-09 09:54:55,9,806,False,keyword,0.0,,False,False,,,20
273,wzrgG5RhcfQ,TCL2 WYD vs nGen,https://www.youtube.com/watch?v=wzrgG5RhcfQ,2011-04-10 13:14:59,13,7596,False,keyword,0.0,,False,False,,,20
274,j9jF7u0_WIY,TCL2 Etd vs nGen,https://www.youtube.com/watch?v=j9jF7u0_WIY,2011-04-14 09:20:44,9,7690,False,keyword,0.0,,False,False,,,20
275,nrQIoHEKVCk,TCL2 Nw vs StorM,https://www.youtube.com/watch?v=nrQIoHEKVCk,2011-04-15 07:06:54,7,6583,False,keyword,0.0,,False,False,,,20
276,D8lS59xEg_g,TCL2 Dhc vs Legacy,https://www.youtube.com/watch?v=D8lS59xEg_g,2011-04-20 09:43:49,9,6410,False,keyword,0.0,,False,False,,,20
277,s9by-Qsu5KI,TCL2 Dhc vs Ex,https://www.youtube.com/watch?v=s9by-Qsu5KI,2011-04-23 03:07:13,3,6048,False,keyword,0.0,,False,False,,,20
278,kcVfKD5xwEI,TCL2 Linyu vs Ex,https://www.youtube.com/watch?v=kcVfKD5xwEI,2011-04-24 09:13:19,9,5194,False,keyword,0.0,,False,False,,,20
279,5t8Z-h3wt-4,TCL2 A組最強對決Rush vs New,https://www.youtube.com/watch?v=5t8Z-h3wt-4,2011-04-27 16:52:21,16,8250,False,keyword,0.0,,False,False,,,20
280,FKYgSPRmufk,Beta盃職業競技組:WanStorM(Z) vs ASH(Z),https://www.youtube.com/watch?v=FKYgSPRmufk,2011-04-28 08:31:32,8,1013,False,keyword,0.0,,False,False,,,20
281,cFIkNP_qzYM,Beta盃職業競技組:Sen(Z) vs SoBaDRush(Z),https://www.youtube.com/watch?v=cFIkNP_qzYM,2011-04-28 11:38:06,11,1472,False,keyword,0.0,,False,False,,,20
282,rNwm6wz_EzE,Beta盃職業競技組:WanStorM(Z) vs WaterStorM(P),https://www.youtube.com/watch?v=rNwm6wz_EzE,2011-04-28 09:57:27,9,1499,False,keyword,0.0,,False,False,,,20
283,uMmkRePgPDY,Beta盃職業競技組:俊偉(T) vs ASH(Z),https://www.youtube.com/watch?v=uMmkRePgPDY,2011-04-28 07:40:20,7,2417,False,keyword,0.0,,False,False,,,20
284,5VHWeTn6o0w,IMYoDa(T) vs oGsCezanne(Z),https://www.youtube.com/watch?v=5VHWeTn6o0w,2011-05-03 10:27:42,10,2245,False,keyword,0.0,,False,False,,,20
285,livHlEjA8LY,大招失敗秀-第一集(When Cheese Fails TW Episode1),https://www.youtube.com/watch?v=livHlEjA8LY,2011-05-04 00:11:40,0,387,False,none,0.0,,False,False,,,20
286,fd0mmu2S6wQ,大招失敗秀第二集(When Cheese Fails TW Episode2),https://www.youtube.com/watch?v=fd0mmu2S6wQ,2011-05-05 07:56:40,7,1079,False,none,0.0,,False,False,,,20
287,ghY1wW40dbk,TCL2 WYD vs ETD,https://www.youtube.com/watch?v=ghY1wW40dbk,2011-05-05 14:04:39,14,6976,False,keyword,0.0,,False,False,,,20
288,sI9Zj4flqaE,TCL2 B組最強對決StorM vs Legacy,https://www.youtube.com/watch?v=sI9Zj4flqaE,2011-05-06 22:36:00,22,9557,False,keyword,0.0,,False,False,,,20
289,pQWORPQawcA,RC神秘客挑戰賽介紹與RC語音使用教學,https://www.youtube.com/watch?v=pQWORPQawcA,2011-05-08 21:15:10,21,965,True,title_series,1.0,品牌官方導流,False,False,,,20
290,OoOT6zwwsGI,RC TCL2 Ex vs Legacy,https://www.youtube.com/watch?v=OoOT6zwwsGI,2011-05-12 07:00:56,7,6114,False,keyword,0.0,,False,False,,,20
291,jDL7jaIt2w0,最終對決Rich(P) vs AlphaStorM(z),https://www.youtube.com/watch?v=jDL7jaIt2w0,2011-05-13 13:23:48,13,1203,False,keyword,0.0,,False,False,,,20
292,dhFSnId_5VM,TCL2 Linyu vs Dhc,https://www.youtube.com/watch?v=dhFSnId_5VM,2011-05-15 21:33:16,21,4531,False,keyword,0.0,,False,False,,,20
293,nQtlwCPq9Og,大招失敗秀-第三集(When Cheese Fails TW Episode3),https://www.youtube.com/watch?v=nQtlwCPq9Og,2011-05-15 04:06:03,4,476,False,none,0.0,,False,False,,,20
294,9fbFE4pvpO8,世紀對決Nw vs StorM,https://www.youtube.com/watch?v=9fbFE4pvpO8,2011-05-16 12:45:34,12,8416,False,keyword,0.0,,False,False,,,20
295,_ij1Bd0txvk,TCL2 Rush vs WYD,https://www.youtube.com/watch?v=_ij1Bd0txvk,2011-05-17 08:25:02,8,7158,False,keyword,0.0,,False,False,,,20
296,nzGsMgK75_M,曜越號的遠征線上賽,https://www.youtube.com/watch?v=nzGsMgK75_M,2011-05-17 11:19:58,11,2666,False,keyword,0.0,,False,False,,,20
297,0b9uOmnZtUU,TCL2 MaD vs nGen,https://www.youtube.com/watch?v=0b9uOmnZtUU,2011-05-18 16:51:33,16,7619,False,keyword,0.0,,False,False,,,20
298,zGzWHZPsTl8,TCL2 NEW vs Etd,https://www.youtube.com/watch?v=zGzWHZPsTl8,2011-05-21 16:24:53,16,6744,False,keyword,0.0,,False,False,,,20
299,zQoLZRZvGGs,NW三人KOF冠軍爭霸StorM vs Rush,https://www.youtube.com/watch?v=zQoLZRZvGGs,2011-05-21 10:06:01,10,3882,False,none,0.0,,False,False,,,20
300,_gRqrOI5xwU,韓國蟲王July線上挑戰賽,https://www.youtube.com/watch?v=_gRqrOI5xwU,2011-05-23 01:08:07,1,2097,False,keyword,0.0,,False,False,,,20
301,ctkUImGnmGg,星海時光屋-青銅救星 第一集 基礎觀念與運營,https://www.youtube.com/watch?v=ctkUImGnmGg,2011-05-24 16:56:53,16,8514,False,playlist,0.0,,False,False,,星海時光屋第一季-青銅救星,20
302,1bDek4lZg_c,阿福A-Fu 原來如此 專輯開箱,https://www.youtube.com/watch?v=1bDek4lZg_c,2011-05-27 14:24:47,14,262,False,keyword,0.0,,False,False,,,10
303,1xDNZ9XDkPc,MSI 急速體驗挑戰賽-挑戰蟲王SEn Part1,https://www.youtube.com/watch?v=1xDNZ9XDkPc,2011-05-30 09:48:43,9,7203,False,keyword,0.0,,False,False,,,20
304,QQy0vEmvMbQ,MSI 急速體驗挑戰賽-挑戰蟲王SEn Part2,https://www.youtube.com/watch?v=QQy0vEmvMbQ,2011-05-30 07:35:07,7,256,False,keyword,0.0,,False,False,,,20
305,S0h_e5sN19I,TT曜越號的遠征高雄場-WhiteRa特輯,https://www.youtube.com/watch?v=S0h_e5sN19I,2011-05-30 09:48:34,9,2111,False,keyword,0.0,,False,False,,,20
306,lfmFvpERs9E,星海時光屋-青銅救星 第二集 人類基本開局介紹,https://www.youtube.com/watch?v=lfmFvpERs9E,2011-05-31 19:09:21,19,7326,False,playlist,0.0,,False,False,,星海時光屋第一季-青銅救星,20
307,IPco3RbIwFw,暴雪友誼賽:WhiteRa vs MAX,https://www.youtube.com/watch?v=IPco3RbIwFw,2011-06-01 07:43:55,7,1940,False,none,0.0,,False,False,,,20
308,tdNz5Fwhd74,暴雪友誼賽:WhiteRa vs SEn,https://www.youtube.com/watch?v=tdNz5Fwhd74,2011-06-01 09:53:57,9,1083,False,none,0.0,,False,False,,,20
309,wnMcxedZyis,暴雪友誼賽:WhiteRa vs Croly,https://www.youtube.com/watch?v=wnMcxedZyis,2011-06-01 08:43:59,8,914,False,none,0.0,,False,False,,,20
310,nSSD_i1Abc8,Linda最新專輯-愛。現 介紹&開箱,https://www.youtube.com/watch?v=nSSD_i1Abc8,2011-06-04 19:55:13,19,613,False,keyword,0.0,,False,False,,,24
311,7ui8R_fm9UQ,星海時光屋-青銅救星 第三集 神族基本開局介紹(上),https://www.youtube.com/watch?v=7ui8R_fm9UQ,2011-06-07 13:27:29,13,4944,False,playlist,0.0,,False,False,,星海時光屋第一季-青銅救星,20
312,t8yq0PQbovI,滷味給青銅玩家的祝福,https://www.youtube.com/watch?v=t8yq0PQbovI,2011-06-07 01:57:28,1,110,False,none,0.0,,False,False,,,20
313,ouNpQhcRLIA,RC-QTT神秘客挑戰賽:All Star全明星賽,https://www.youtube.com/watch?v=ouNpQhcRLIA,2011-06-08 04:24:40,4,3415,False,title_series,0.0,,False,False,,,20
314,FVUtH_icRi0,RC-TCL2:Rush vs Etd,https://www.youtube.com/watch?v=FVUtH_icRi0,2011-06-12 13:32:45,13,7776,False,keyword,0.0,,False,False,,,20
315,vYtYqMmBT9s,變型蟲極限堵口,https://www.youtube.com/watch?v=vYtYqMmBT9s,2011-06-13 02:11:29,2,61,False,none,0.0,,False,False,,,20
316,nP8hAB6cgRE,星海時光屋-青銅救星 第四集 蟲族基本開局介紹(上),https://www.youtube.com/watch?v=nP8hAB6cgRE,2011-06-15 00:53:21,0,5444,False,playlist,0.0,,False,False,,星海時光屋第一季-青銅救星,20
317,_375NPGTfO8,RC-TCL2季後賽八強:Etd vs Dhc,https://www.youtube.com/watch?v=_375NPGTfO8,2011-06-16 11:07:13,11,6691,False,keyword,0.0,,False,False,,,20
318,n7tb2o5IJqw,WannaSing-星海哭的聲音,https://www.youtube.com/watch?v=n7tb2o5IJqw,2011-06-16 03:08:15,3,171,False,keyword,0.0,,False,False,,,20
319,X0vo4weBRoU,WannaSinging-探測的意義,https://www.youtube.com/watch?v=X0vo4weBRoU,2011-06-17 03:39:11,3,231,False,none,0.0,,False,False,,,10
320,CifF7Y4mdgs,TCL2:StorM VS New,https://www.youtube.com/watch?v=CifF7Y4mdgs,2011-06-18 09:51:50,9,5557,False,keyword,0.0,,False,False,,,10
321,LC6jwXD0EYg,TCL2:Rush vs Nw,https://www.youtube.com/watch?v=LC6jwXD0EYg,2011-06-18 04:47:38,4,5947,False,keyword,0.0,,False,False,,,10
322,-3ht_8QpoQ8,滑鼠開箱-Tt AZURUES MINI,https://www.youtube.com/watch?v=-3ht_8QpoQ8,2011-06-20 23:02:49,23,720,False,keyword,0.0,,False,False,,,20
323,EYkdD5E_DOU,呱呱神帝Dus逆轉勝精彩片段,https://www.youtube.com/watch?v=EYkdD5E_DOU,2011-06-22 00:40:41,0,187,False,none,0.0,,False,False,,,20
324,7gl9Fufgv2g,史詩戰役TCL2四強-Rush vs Dhc,https://www.youtube.com/watch?v=7gl9Fufgv2g,2011-06-25 10:07:41,10,10650,False,keyword,0.0,,False,False,,,20
325,V4RziHigpgQ,TCL2 nGen vs Legacy,https://www.youtube.com/watch?v=V4RziHigpgQ,2011-06-29 16:38:41,16,3568,False,keyword,0.0,,False,False,,,20
326,vFLMeUeFGB4,神秘客 vs StorM,https://www.youtube.com/watch?v=vFLMeUeFGB4,2011-06-29 13:37:27,13,6311,False,title_series,0.0,,False,False,,,20
327,2IXCQ100K48,星海時光屋-青銅救星 第六集 蟲族基本開局介紹(下),https://www.youtube.com/watch?v=2IXCQ100K48,2011-07-03 23:47:07,23,5362,False,playlist,0.0,,False,False,,星海時光屋第一季-青銅救星,20
328,U56vXM_G2Dc,星海時光屋-青銅救星 第五集 神族基本開局介紹(下),https://www.youtube.com/watch?v=U56vXM_G2Dc,2011-07-03 08:37:45,8,5289,False,playlist,0.0,,False,False,,星海時光屋第一季-青銅救星,20
329,Fl5N0fbY9dQ,史詩戰役TCL2四強-nGen vs NEW,https://www.youtube.com/watch?v=Fl5N0fbY9dQ,2011-07-05 12:34:06,12,14240,False,keyword,0.0,,False,False,,,20
330,s_TcuBGFp7w,TCL2 總決賽 Rush vs nGen,https://www.youtube.com/watch?v=s_TcuBGFp7w,2011-07-05 17:57:04,17,9871,False,keyword,0.0,,False,False,,,20
331,NZ1EQKUHB78,電競賽評網路票選影片-Joeman,https://www.youtube.com/watch?v=NZ1EQKUHB78,2011-07-06 12:45:43,12,1174,False,keyword,0.0,,False,False,,,20
332,p-1XNJ2hICQ,Nw遠征北美第一站:The KiwiClone Army,https://www.youtube.com/watch?v=p-1XNJ2hICQ,2011-07-06 02:36:04,2,7599,False,none,0.0,,False,False,,,20
333,OL2YJrfPq2Q,榮榮SKTB vs Slayers_Dragon,https://www.youtube.com/watch?v=OL2YJrfPq2Q,2011-07-07 02:42:46,2,738,False,none,0.0,,False,False,,,20
334,T3RoPQk1jTQ,Sen vs Slayers_Dragon,https://www.youtube.com/watch?v=T3RoPQk1jTQ,2011-07-07 02:15:25,2,2018,False,none,0.0,,False,False,,,20
335,q9t13SCMm2Y,《仙劍奇俠傳五》平裝版開箱影片,https://www.youtube.com/watch?v=q9t13SCMm2Y,2011-07-07 10:45:05,10,304,False,keyword,0.0,,False,False,,,20
336,7DvGuXRrjgE,樂陞鋼鐵人XpecIMHui鬼手輝唱歌,https://www.youtube.com/watch?v=7DvGuXRrjgE,2011-07-11 22:23:55,22,122,False,none,0.0,,False,False,,,20
337,TONyUwW8btY,華擎Beta盃32強-ChiKuoRush vs Error G1,https://www.youtube.com/watch?v=TONyUwW8btY,2011-07-27 23:48:42,23,1003,False,none,0.0,,False,False,,,20
338,f5ZkvWgTfh4,TCL3例行賽: WYD vs Ex,https://www.youtube.com/watch?v=f5ZkvWgTfh4,2011-07-27 13:41:09,13,10859,False,keyword,0.0,,False,False,,,20
339,llweDdDTX7o,華擎貝塔盃32強:ChiKuoRush vs Error G3-2,https://www.youtube.com/watch?v=llweDdDTX7o,2011-07-27 23:53:12,23,208,False,none,0.0,,False,False,,,20
340,stwdP7wPx1E,ChiKuoRush vs Error G3-1,https://www.youtube.com/watch?v=stwdP7wPx1E,2011-07-27 23:58:18,23,879,False,none,0.0,,False,False,,,20
341,hz5_W-pZH4c,華擎Beta盃32強-ChiKuoRush vs Error G2,https://www.youtube.com/watch?v=hz5_W-pZH4c,2011-07-28 00:10:12,0,1522,False,none,0.0,,False,False,,,20
342,Su-SN5v27hQ,TCL3 StorM vs Nw,https://www.youtube.com/watch?v=Su-SN5v27hQ,2011-07-29 20:56:49,20,11257,False,keyword,0.0,,False,False,,,20
343,BQBdJWFBWc4,東南亞國際邀請賽Slam vs aLtiaguz Part1,https://www.youtube.com/watch?v=BQBdJWFBWc4,2011-08-02 14:51:29,14,1821,False,none,0.0,,False,False,,,20
344,V8Ht36GYV8s,東南亞國際邀請賽Dus vs TAEdgE Part2,https://www.youtube.com/watch?v=V8Ht36GYV8s,2011-08-02 10:49:42,10,378,False,none,0.0,,False,False,,,20
345,Y2Bt3XNk-yQ,東南亞國際邀請賽Dus vs TAEdgE,https://www.youtube.com/watch?v=Y2Bt3XNk-yQ,2011-08-02 11:19:55,11,1342,False,none,0.0,,False,False,,,20
346,Yg5wcWjxK1M,東南亞國際邀請賽Slam vs aLtiaguz Part2,https://www.youtube.com/watch?v=Yg5wcWjxK1M,2011-08-02 11:03:00,11,1272,False,none,0.0,,False,False,,,20
347,if-wkzz8qk4,東南亞國際邀請賽HRU vs TAdeth,https://www.youtube.com/watch?v=if-wkzz8qk4,2011-08-02 11:16:22,11,1070,False,none,0.0,,False,False,,,20
348,sZDNWqDIM2Q,東南亞國際邀請賽luway vs mOOnGlade,https://www.youtube.com/watch?v=sZDNWqDIM2Q,2011-08-02 11:33:11,11,1837,False,none,0.0,,False,False,,,20
349,ww3HN3g4XIo,東南亞國際邀請賽SoftBall vs YoonYJ,https://www.youtube.com/watch?v=ww3HN3g4XIo,2011-08-02 11:53:25,11,2266,False,none,0.0,,False,False,,,20
350,jBQ_CyZ6VzU,TCL3 Nw vs WYD,https://www.youtube.com/watch?v=jBQ_CyZ6VzU,2011-08-06 11:11:22,11,8350,False,keyword,0.0,,False,False,,,20
351,BtlNIMe-sVo,實用小技巧-自動爆炸的埋地毒暴,https://www.youtube.com/watch?v=BtlNIMe-sVo,2011-08-23 02:06:10,2,304,False,none,0.0,,False,False,,,20
352,MnxmItS7gmQ,英雄傳說-零之軌跡 魔王特典 開箱影片,https://www.youtube.com/watch?v=MnxmItS7gmQ,2011-09-13 15:02:29,15,1005,False,keyword,0.0,,False,False,,,20
353,xOvvpV_T6eI,英雄傳說-零之軌跡 全程遊戲實錄-序章 Part1,https://www.youtube.com/watch?v=xOvvpV_T6eI,2011-09-14 00:59:53,0,4017,False,keyword,0.0,,False,False,,,20
354,IZHstG0Td0M,英雄傳說-零之軌跡 全程遊戲實錄-序章 Part3,https://www.youtube.com/watch?v=IZHstG0Td0M,2011-09-15 06:36:42,6,432,False,keyword,0.0,,False,False,,,20
355,RJfitAL3VDk,英雄傳說-零之軌跡 全程遊戲實錄-序章 Part2,https://www.youtube.com/watch?v=RJfitAL3VDk,2011-09-15 11:57:44,11,7210,False,keyword,0.0,,False,False,,,20
356,fgt-PpZ5Iis,英雄傳說-零之軌跡 全程遊戲實錄-序章 Part4,https://www.youtube.com/watch?v=fgt-PpZ5Iis,2011-09-16 12:35:57,12,5093,False,keyword,0.0,,False,False,,,20
357,qIE--6nPbJI,英雄傳說-零之軌跡 全程遊戲實錄-第一章 Part1,https://www.youtube.com/watch?v=qIE--6nPbJI,2011-09-16 09:48:30,9,696,False,keyword,0.0,,False,False,,,20
358,SNXgc4HV9HE,TCL3官方宣傳影片(字幕版),https://www.youtube.com/watch?v=SNXgc4HV9HE,2011-09-21 22:59:59,22,79,False,keyword,0.0,,False,False,,,20
359,Swn8_Lh50bU,英雄傳說-零之軌跡 全程遊戲實錄-第一章 Part2,https://www.youtube.com/watch?v=Swn8_Lh50bU,2011-09-21 16:57:10,16,5975,False,keyword,0.0,,False,False,,,20
360,hscIbFuLK28,英雄傳說-零之軌跡 全程遊戲實錄-第一章 Part1,https://www.youtube.com/watch?v=hscIbFuLK28,2011-09-21 13:02:28,13,3531,False,keyword,0.0,,False,False,,,20
361,V61jr8eLDBM,展元這次你沒墨鏡了吧!,https://www.youtube.com/watch?v=V61jr8eLDBM,2011-09-22 00:01:05,0,23,False,none,0.0,,False,False,,,24
362,N_p8eToFNWk,MLG :TLO vs Hero,https://www.youtube.com/watch?v=N_p8eToFNWk,2011-09-23 02:26:44,2,2066,False,keyword,0.0,,False,False,,,20
363,R5eymu_HqO8,Diablo3 Beta封測 - 野蠻人Barbarian,https://www.youtube.com/watch?v=R5eymu_HqO8,2011-09-28 01:38:42,1,5984,False,none,0.0,,False,False,,,20
364,x6dJ1IfZM6Q,Diablo3 Beta封測 - 惡魔獵人DemonHunter,https://www.youtube.com/watch?v=x6dJ1IfZM6Q,2011-09-28 03:34:49,3,5995,False,none,0.0,,False,False,,,20
365,Fj3lZp5JEbA,BlizzCon 敗部: Sen vs Naniwa,https://www.youtube.com/watch?v=Fj3lZp5JEbA,2011-10-28 13:40:53,13,2654,False,keyword,0.0,,False,False,,,20
366,exKGTaXHLO8,ST_Bomber天梯講解,https://www.youtube.com/watch?v=exKGTaXHLO8,2011-12-07 06:37:45,6,2257,False,keyword,0.0,,False,False,,,20
367,g-Ro-n93hso,2012BarCraft銅猴子台韓選手交流賽,https://www.youtube.com/watch?v=g-Ro-n93hso,2012-02-01 13:20:37,13,6488,False,none,0.0,,False,False,,,20
368,Tfv_1GifhgE,台北電玩展MKP vs WhiteRa,https://www.youtube.com/watch?v=Tfv_1GifhgE,2012-02-07 20:15:43,20,2907,False,keyword,0.0,,False,False,,,20
369,VO1Lp903B6U,台北電玩展MKP vs HRU & AK,https://www.youtube.com/watch?v=VO1Lp903B6U,2012-02-07 20:07:55,20,1792,False,keyword,0.0,,False,False,,,20
370,cCRxXrAcEjE,台北電玩展MKP vs ball & apro,https://www.youtube.com/watch?v=cCRxXrAcEjE,2012-02-07 20:52:31,20,1432,False,keyword,0.0,,False,False,,,20
371,w96rZVaGE1s,台北電玩展精華MKP生化操作,https://www.youtube.com/watch?v=w96rZVaGE1s,2012-02-08 19:30:31,19,188,False,keyword,0.0,,False,False,,,20
372,dI2CjTfoRyc,SpiderDS vs ST_Curious Part2,https://www.youtube.com/watch?v=dI2CjTfoRyc,2012-02-12 13:08:54,13,976,False,none,0.0,,False,False,,,20
373,eGhtPeYpj44,Hui天梯RP解說,https://www.youtube.com/watch?v=eGhtPeYpj44,2012-02-12 13:39:59,13,5513,False,keyword,0.0,,False,False,,,20
374,lkfQJP-bYNM,GamaniaSlam vs Choya,https://www.youtube.com/watch?v=lkfQJP-bYNM,2012-02-12 13:19:26,13,2907,False,none,0.0,,False,False,,,20
375,m5vtd08j9AI,SpiderDS vs ST_Curious Part1,https://www.youtube.com/watch?v=m5vtd08j9AI,2012-02-12 13:03:05,13,688,False,none,0.0,,False,False,,,20
376,ypw6FKU8xig,WulongRP講解(最後一場遇到Boxer!),https://www.youtube.com/watch?v=ypw6FKU8xig,2012-02-12 22:36:11,22,3352,False,none,0.0,,False,False,,,20
377,xhZvn3lB2Us,KSL Final:MarineKing vs IMTrue,https://www.youtube.com/watch?v=xhZvn3lB2Us,2012-02-14 00:10:11,0,4318,False,none,0.0,,False,False,,,20
378,KLTBAN3Epw8,SpiderWulong RP,https://www.youtube.com/watch?v=KLTBAN3Epw8,2012-03-08 00:47:32,0,2067,False,none,0.0,,False,False,,,20
379,HABCLyxHCqI,IEM Final:MC vs PuMa,https://www.youtube.com/watch?v=HABCLyxHCqI,2012-03-21 02:26:08,2,5688,False,keyword,0.0,,False,False,,,20
380,5g_yUu_k-9g,RC語音《神秘客挑戰賽》StorM Part2,https://www.youtube.com/watch?v=5g_yUu_k-9g,2012-03-23 15:13:35,15,1568,False,title_series,0.0,,False,False,,,20
381,zfTABRccHHg,RC語音《神秘客挑戰賽》StorM Part1,https://www.youtube.com/watch?v=zfTABRccHHg,2012-03-23 15:13:35,15,7200,False,title_series,0.0,,False,False,,,20
382,UAk_AcqfOmg,UeSG 星海八強 交大VS元智  ; 北醫 VS 世新,https://www.youtube.com/watch?v=UAk_AcqfOmg,2012-03-29 00:29:34,0,4347,False,keyword,0.0,,False,False,,,20
383,e2v_xL4P95g,《RC神秘客挑戰賽》 vs XGKing,https://www.youtube.com/watch?v=e2v_xL4P95g,2012-03-29 00:52:38,0,7209,False,title_series,0.0,,False,False,,,20
384,AugERc48Llw,Dota2 封測試玩,https://www.youtube.com/watch?v=AugERc48Llw,2012-04-03 23:39:09,23,5777,False,none,0.0,,False,False,,,20
385,sgFCkmA3HPY,《RC神秘客挑戰賽》vs NewBlitZ Part1,https://www.youtube.com/watch?v=sgFCkmA3HPY,2012-04-05 23:32:51,23,7194,False,title_series,0.0,,False,False,,,20
386,zDe2rgqw49k,《RC神秘客挑戰賽》vs NewBlitZ Part2,https://www.youtube.com/watch?v=zDe2rgqw49k,2012-04-05 22:08:16,22,3505,False,title_series,0.0,,False,False,,,20
387,PUP04Y-m1eQ,《RC神秘客挑戰賽》 vs aLive Part2,https://www.youtube.com/watch?v=PUP04Y-m1eQ,2012-04-11 23:57:00,23,1442,False,title_series,0.0,,False,False,,,20
388,yYjceQ0JhmI,《RC神秘客挑戰賽》 vs aLive Part1,https://www.youtube.com/watch?v=yYjceQ0JhmI,2012-04-11 23:57:00,23,4081,False,title_series,0.0,,False,False,,,20
389,-yoz9B4ol6s,ETD女子分部貓隊交流賽 Part1,https://www.youtube.com/watch?v=-yoz9B4ol6s,2012-04-13 09:34:33,9,7187,False,none,0.0,,False,False,,,20
390,H9LnpFp29fE,ETD女子分部貓隊交流賽 Part3,https://www.youtube.com/watch?v=H9LnpFp29fE,2012-04-13 09:34:33,9,1496,False,none,0.0,,False,False,,,20
391,jnOVYFmIhaI,ETD女子分部貓隊交流賽 Part2,https://www.youtube.com/watch?v=jnOVYFmIhaI,2012-04-13 09:34:33,9,7198,False,none,0.0,,False,False,,,20
392,T9SUIUXNzvM,《RC神秘客挑戰賽》 vs Rush Part2,https://www.youtube.com/watch?v=T9SUIUXNzvM,2012-04-19 15:22:59,15,1855,False,title_series,0.0,,False,False,,,20
393,cXGszpik5LU,《RC神秘客挑戰賽》 vs Rush Part1,https://www.youtube.com/watch?v=cXGszpik5LU,2012-04-19 15:21:29,15,6257,False,title_series,0.0,,False,False,,,20
394,wZF4ETeCjJk,金佳暎台中挑戰賽,https://www.youtube.com/watch?v=wZF4ETeCjJk,2012-04-25 02:58:07,2,5698,False,keyword,0.0,,False,False,,,20
395,93B86z1FO9E,《RC神秘客挑戰賽》 VS Infi Part1,https://www.youtube.com/watch?v=93B86z1FO9E,2012-04-26 00:05:26,0,4838,False,title_series,0.0,,False,False,,,20
396,9t-YFrBnAhw,《RC神秘客挑戰賽》 VS Infi 採訪神秘客,https://www.youtube.com/watch?v=9t-YFrBnAhw,2012-04-26 00:05:26,0,388,False,title_series,0.0,,False,False,,,20
397,cbcjkVSm1ss,《RC神秘客挑戰賽》 VS Infi Part2,https://www.youtube.com/watch?v=cbcjkVSm1ss,2012-04-26 00:05:26,0,1081,False,title_series,0.0,,False,False,,,20
398,y27rK5T1FmQ,《RC神秘客挑戰賽》 VS Infi Part3,https://www.youtube.com/watch?v=y27rK5T1FmQ,2012-04-26 00:05:26,0,1581,False,title_series,0.0,,False,False,,,20
399,2AK014olaNs,極機密！破曉ZvZ點位差異測試！,https://www.youtube.com/watch?v=2AK014olaNs,2012-04-27 03:19:57,3,437,False,none,0.0,,False,False,,,20
400,2c8xiBLBiuI,《RC神秘客挑戰賽》 vs Zeros Part2,https://www.youtube.com/watch?v=2c8xiBLBiuI,2012-05-03 14:07:42,14,901,False,title_series,0.0,,False,False,,,20
401,9uP_yYdTG-4,《RC神秘客挑戰賽》 vs Zeros Part1,https://www.youtube.com/watch?v=9uP_yYdTG-4,2012-05-03 14:07:42,14,7200,False,title_series,0.0,,False,False,,,20
402,oC--enBG5ss,《RC神秘客挑戰賽》 vs Zeros Part3,https://www.youtube.com/watch?v=oC--enBG5ss,2012-05-03 14:07:42,14,900,False,title_series,0.0,,False,False,,,20
403,ppUqJkBoOSY,《RC神秘客挑戰賽》 vs Zeros Part4,https://www.youtube.com/watch?v=ppUqJkBoOSY,2012-05-03 14:07:42,14,801,False,title_series,0.0,,False,False,,,20
404,kb8hybpnwSI,《RC神秘客挑戰賽》 vs Zeros Part2,https://www.youtube.com/watch?v=kb8hybpnwSI,2012-05-09 14:43:38,14,2601,False,title_series,0.0,,False,False,,,20
405,F_mTGK77m7s,《RC神秘客挑戰賽》 VS Dhc Part2,https://www.youtube.com/watch?v=F_mTGK77m7s,2012-05-10 03:58:14,3,224,False,title_series,0.0,,False,False,,,20
406,Ghq9M9urMEY,《RC神秘客挑戰賽》 vs Dhc Part1,https://www.youtube.com/watch?v=Ghq9M9urMEY,2012-05-10 03:57:48,3,7200,False,title_series,0.0,,False,False,,,20
407,x9HaR8OslqE,大招失敗秀-第四集(LoveCD vs 神秘客),https://www.youtube.com/watch?v=x9HaR8OslqE,2012-05-10 03:22:12,3,1149,False,title_series,0.0,,False,False,,,20
408,7fOGAh3AbHM,台大KSL星海決賽 Part2,https://www.youtube.com/watch?v=7fOGAh3AbHM,2012-05-12 23:50:57,23,6383,False,keyword,0.0,,False,False,,,20
409,wlRsj-QnCAM,台大KSL星海決賽 Part1,https://www.youtube.com/watch?v=wlRsj-QnCAM,2012-05-12 23:50:57,23,3516,False,keyword,0.0,,False,False,,,20
410,_z81-RByRzM,《RC神秘客挑戰賽》 vs eQ,https://www.youtube.com/watch?v=_z81-RByRzM,2012-05-16 23:55:45,23,6982,False,title_series,0.0,,False,False,,,20
411,mdAgcDDFWrs,《RC神秘客挑戰賽》 vs NW,https://www.youtube.com/watch?v=mdAgcDDFWrs,2012-05-25 11:44:19,11,6298,False,title_series,0.0,,False,False,,,20
412,YVgSdu_51c4,《暗黑破壞神3》遊戲筆電測試(MSI-GE60),https://www.youtube.com/watch?v=YVgSdu_51c4,2012-05-28 17:50:34,17,240,False,keyword,0.0,,False,False,,,26
413,Vd_0NpyCzgQ,帶著泰瑞爾去流浪(速刷煉獄4-4 & 踢罐子),https://www.youtube.com/watch?v=Vd_0NpyCzgQ,2012-06-01 12:47:19,12,996,False,none,0.0,,False,False,,,20
414,-eDzdhYh5SM,微星盃暗黑激鬥賽影片錄製教學,https://www.youtube.com/watch?v=-eDzdhYh5SM,2012-07-24 00:25:17,0,752,False,keyword,0.0,,False,False,,,20
415,0CihuyGc2I8,微星盃暗黑激鬥賽範例影片,https://www.youtube.com/watch?v=0CihuyGc2I8,2012-07-24 00:25:17,0,523,False,keyword,0.0,,False,False,,,20
416,I4w2HwKhj78,msi微星盃暗黑激鬥賽-首週例行賽:彼列挑戰賽!,https://www.youtube.com/watch?v=I4w2HwKhj78,2012-07-27 23:32:01,23,5153,False,keyword,0.0,,False,False,,,20
417,1dNhqpjVsrU,msi微星盃暗黑激鬥賽-第二周例行賽:屁王岡姆千年殺! Part1,https://www.youtube.com/watch?v=1dNhqpjVsrU,2012-08-06 00:56:13,0,7196,False,keyword,0.0,,False,False,,,20
418,SiBXkBUZWZY,msi微星盃暗黑激鬥賽-第二周例行賽:屁王岡姆千年殺! Part2,https://www.youtube.com/watch?v=SiBXkBUZWZY,2012-08-06 00:56:13,0,1325,False,keyword,0.0,,False,False,,,20
419,UvmoaZIQSUw,伊蘇七(繁體中文版) 至尊勇者特典 開箱影片,https://www.youtube.com/watch?v=UvmoaZIQSUw,2012-08-09 04:03:50,4,1144,False,keyword,0.0,,False,False,,,20
420,ezT0ReTLysA,青島啤酒節-樂在工作的烤肉男子,https://www.youtube.com/watch?v=ezT0ReTLysA,2012-08-14 21:02:40,21,78,False,none,1.0,提及廠商,False,False,,,20
421,YM5uuzyg5_s,微星盃趣味表演賽大公開!彼列綠水閃閃樂!,https://www.youtube.com/watch?v=YM5uuzyg5_s,2012-08-16 11:01:18,11,4350,False,keyword,0.0,,False,False,,,20
422,3ZlejyX3W38,MSI激鬥賽！鬼門開首日直播！墮落天使伊卒爾！,https://www.youtube.com/watch?v=3ZlejyX3W38,2012-08-19 00:54:34,0,5319,False,keyword,0.0,,False,False,,,20
423,h5OSd1_NIFU,MSI暗黑激鬥賽例行賽最終回-Diablo!,https://www.youtube.com/watch?v=h5OSd1_NIFU,2012-09-13 23:22:23,23,4628,False,none,0.0,,False,False,,,20
424,sFTf03aCOcc,AMD打寶列車長-首周賽事 DPS47萬秘術出列!,https://www.youtube.com/watch?v=sFTf03aCOcc,2012-10-23 11:20:37,11,6935,False,none,2.0,行銷活動用語,False,False,,,20
425,pDiRAOphKhU,AMD打寶列車長-第二週DenKa殿下駕到,https://www.youtube.com/watch?v=pDiRAOphKhU,2012-10-30 21:23:04,21,7213,False,none,2.0,行銷活動用語,False,False,,,20
426,3Qfm5uiqfF0,TvP速二礦開局.wmv,https://www.youtube.com/watch?v=3Qfm5uiqfF0,2012-11-01 01:52:05,1,972,False,none,0.0,,False,False,,,20
427,3pv3A2RB2g4,NwExia(P) vs YuHsuaWYD(Z),https://www.youtube.com/watch?v=3pv3A2RB2g4,2012-11-01 01:54:26,1,596,False,keyword,0.0,,False,False,,,20
428,5mA2zrvprHI,TCL TEST2,https://www.youtube.com/watch?v=5mA2zrvprHI,2012-11-01 01:52:34,1,5471,False,keyword,0.0,,False,False,,,20
429,N5a2koTTxDg,星海時光屋 4.wmv,https://www.youtube.com/watch?v=N5a2koTTxDg,2012-11-01 01:51:57,1,2453,False,keyword,0.0,,False,False,,,20
430,PFgq8zovNyQ,NwExia(P) vs LinYuTerry(T),https://www.youtube.com/watch?v=PFgq8zovNyQ,2012-11-01 01:54:38,1,812,False,keyword,0.0,,False,False,,,20
431,S5Cn4xUV0oM,NwExia韓國天梯(PvT) Part2,https://www.youtube.com/watch?v=S5Cn4xUV0oM,2012-11-01 01:54:26,1,297,False,keyword,0.0,,False,False,,,20
432,U4S6vRJlCUI,Nw隊內賽16強:NwExia(P) vs NwEthan(Z)Part1,https://www.youtube.com/watch?v=U4S6vRJlCUI,2012-11-01 01:54:34,1,851,False,keyword,0.0,,False,False,,,20
433,_0EyEhTCPio,NwExia(P) vs LungWYD(Z)Part1,https://www.youtube.com/watch?v=_0EyEhTCPio,2012-11-01 01:54:28,1,694,False,keyword,0.0,,False,False,,,20
434,eLNwcaTqjqM,星海哭的聲音,https://www.youtube.com/watch?v=eLNwcaTqjqM,2012-11-01 01:51:56,1,141,False,keyword,0.0,,False,False,,,20
435,ehRta6hg9zM,NwExia韓國天梯(PvT) Part1,https://www.youtube.com/watch?v=ehRta6hg9zM,2012-11-01 01:54:26,1,840,False,keyword,0.0,,False,False,,,20
436,fDmhXUlNxl8,TvZ雙兵營開局.wmv,https://www.youtube.com/watch?v=fDmhXUlNxl8,2012-11-01 01:52:07,1,992,False,none,0.0,,False,False,,,20
437,gGyzpRxFZ0I,Luway4BG.wmv,https://www.youtube.com/watch?v=gGyzpRxFZ0I,2012-11-01 01:51:59,1,1851,False,none,0.0,,False,False,,,24
438,hWUxMxuHZ8A,TvP雙兵營開局.wmv,https://www.youtube.com/watch?v=hWUxMxuHZ8A,2012-11-01 01:52:06,1,785,False,none,0.0,,False,False,,,20
439,luIQ5tuqN1Y,TvZ速二礦開局.wmv,https://www.youtube.com/watch?v=luIQ5tuqN1Y,2012-11-01 01:52:05,1,758,False,none,0.0,,False,False,,,20
440,pwtPnNJRrjI,NwExia(P) vs LungWYD(Z)Part2,https://www.youtube.com/watch?v=pwtPnNJRrjI,2012-11-01 01:54:28,1,367,False,keyword,0.0,,False,False,,,20
441,vtp-bQ90jmk,TvT 111開局.wmv,https://www.youtube.com/watch?v=vtp-bQ90jmk,2012-11-01 01:52:04,1,697,False,none,0.0,,False,False,,,20
442,xDnHPYF-Mu4,Nw隊內賽16強:NwExia(P) vs NwEthan(Z)Part2,https://www.youtube.com/watch?v=xDnHPYF-Mu4,2012-11-01 01:54:34,1,434,False,keyword,0.0,,False,False,,,20
443,yk0-i7k2blk,極熱沙漠-神族力場示範,https://www.youtube.com/watch?v=yk0-i7k2blk,2012-11-01 01:54:30,1,738,False,none,0.0,,False,False,,,20
444,umxcxg3rzTg,AMD打寶列車長-第三週Spring潘恩綺駕到!,https://www.youtube.com/watch?v=umxcxg3rzTg,2012-11-06 19:19:49,19,7206,False,none,2.0,行銷活動用語,False,False,,,20
445,hY-onuivHGE,MSI GT60/GT70 Bigfoot DoubleShot Comparison,https://www.youtube.com/watch?v=hY-onuivHGE,2012-12-12 16:30:23,16,398,False,none,0.0,,False,False,,,20
446,8sGAHc9Lb4o,201314之小王子特技,https://www.youtube.com/watch?v=8sGAHc9Lb4o,2013-01-04 22:01:00,22,95,False,none,0.0,,False,False,,,15
447,Q52s3CIcPrc,AverMedia圓剛C985直播卡  FuLL HD直播測試,https://www.youtube.com/watch?v=Q52s3CIcPrc,2013-01-14 00:00:54,0,140,False,keyword,0.0,,False,False,,,20
448,obXwspjNoSQ,曜越TGS表演賽:Sen(Z) VS SoftBall(T),https://www.youtube.com/watch?v=obXwspjNoSQ,2013-01-31 16:26:26,16,2987,False,keyword,0.0,,False,False,,,20
449,vdhkwLx4_fs,曜越TGS表演賽:AK(Z) VS Slam(Z),https://www.youtube.com/watch?v=vdhkwLx4_fs,2013-01-31 16:23:09,16,2124,False,keyword,0.0,,False,False,,,20
450,AFEtFXzC0f8,曜越TGS表演賽:Creator(P) VS SoftBall(T),https://www.youtube.com/watch?v=AFEtFXzC0f8,2013-02-01 23:29:04,23,2710,False,keyword,0.0,,False,False,,,20
451,Peb3HYvkOeo,曜越TGS表演賽:AK(Z) V Byun(T),https://www.youtube.com/watch?v=Peb3HYvkOeo,2013-02-01 23:30:28,23,1854,False,keyword,0.0,,False,False,,,20
452,F4NFxkTUgOw,曜越TGS表演賽:Sen(Z) V Creator(P),https://www.youtube.com/watch?v=F4NFxkTUgOw,2013-02-02 23:49:00,23,2365,False,keyword,0.0,,False,False,,,20
453,QiIs-J36O8U,曜越TGS表演賽:Byun+AK  vs  Sen+Creator,https://www.youtube.com/watch?v=QiIs-J36O8U,2013-02-02 23:51:02,23,2282,False,keyword,0.0,,False,False,,,20
454,1d2Y0eljeko,曜越TGS表演賽:Slam(Z) vs Creator(P),https://www.youtube.com/watch?v=1d2Y0eljeko,2013-02-03 18:43:33,18,3955,False,keyword,0.0,,False,False,,,20
455,EohjZ_51EtU,曜越TGS表演賽:Jex + Creator vs Slam+Byun,https://www.youtube.com/watch?v=EohjZ_51EtU,2013-02-03 18:23:17,18,2368,False,keyword,0.0,,False,False,,,20
456,_naeGhqgCNA,戰車世界-超好運的自走砲SU-8,https://www.youtube.com/watch?v=_naeGhqgCNA,2013-02-08 02:47:44,2,672,False,keyword,0.0,,False,False,,,20
457,KIgjpfw83Ww,戰車世界-德軍衝鋒小雲豹Leopard,https://www.youtube.com/watch?v=KIgjpfw83Ww,2013-02-15 01:39:02,1,405,False,keyword,0.0,,False,False,,,20
458,qn6EYTf7CgM,戰車世界-超刺激自走砲Grille,https://www.youtube.com/watch?v=qn6EYTf7CgM,2013-02-17 02:14:55,2,918,False,keyword,0.0,,False,False,,,20
459,VGTXOTb-HdM,TCT 台灣業餘星海戰隊聯賽冠亞軍 EX vs ER,https://www.youtube.com/watch?v=VGTXOTb-HdM,2013-02-25 04:21:58,4,8428,False,keyword,0.0,,False,False,,,20
460,HQ8jB8BCTG0,神狙Bella不解釋,https://www.youtube.com/watch?v=HQ8jB8BCTG0,2013-03-03 18:31:27,18,109,False,none,0.0,,False,False,,,20
461,7APqOjccrCE,神鬼戰車營-第一集:註冊、下載與安裝,https://www.youtube.com/watch?v=7APqOjccrCE,2013-03-10 21:22:52,21,1010,False,none,0.0,,False,False,,,20
462,Fd5XJllAt8k,神鬼戰車營-第二集:基本戰鬥演練,https://www.youtube.com/watch?v=Fd5XJllAt8k,2013-03-13 12:26:43,12,1527,False,none,0.0,,False,False,,,20
463,_-du9V4D4A8,微星盃海峽兩岸明星賽-首周賽事,https://www.youtube.com/watch?v=_-du9V4D4A8,2013-03-15 07:40:27,7,9210,False,keyword,0.0,,False,False,,,20
464,QI5YTQiQsWU,微星盃海峽兩岸明星賽-GX60 CF,https://www.youtube.com/watch?v=QI5YTQiQsWU,2013-03-18 15:33:55,15,97,False,keyword,0.0,,False,False,,,20
465,SdO-qOPSdMo,微星盃海峽兩岸明星賽-Roccat Pure CF,https://www.youtube.com/watch?v=SdO-qOPSdMo,2013-03-18 15:33:23,15,63,False,keyword,0.0,,False,False,,,20
466,_jxwrZNw6go,微星盃海峽兩岸明星賽-ThermalTake Level10 CF,https://www.youtube.com/watch?v=_jxwrZNw6go,2013-03-18 14:23:11,14,62,False,keyword,0.0,,False,False,,,20
467,csPVONsbZMs,《Joeman脫口秀》誰比較高,https://www.youtube.com/watch?v=csPVONsbZMs,2013-03-18 19:10:35,19,39,True,playlist,0.0,,False,False,,Joeman脫口秀,20
468,-tkBT10f_y4,微星盃海峽兩岸明星賽-第二週賽事,https://www.youtube.com/watch?v=-tkBT10f_y4,2013-03-22 02:03:15,2,9237,False,keyword,0.0,,False,False,,,20
469,PYEcVnbxSAM,微星盃海峽兩岸明星賽-第三周賽事,https://www.youtube.com/watch?v=PYEcVnbxSAM,2013-03-29 08:06:08,8,8584,False,keyword,0.0,,False,False,,,20
470,cn6T978hfwU,神鬼戰車營-第三集:五大車種簡介,https://www.youtube.com/watch?v=cn6T978hfwU,2013-03-30 15:28:07,15,1290,False,none,0.0,,False,False,,,20
471,Z1EmQDH49YU,第四週微星盃海峽兩岸明星賽 Part1,https://www.youtube.com/watch?v=Z1EmQDH49YU,2013-04-04 15:59:16,15,8880,False,keyword,0.0,,False,False,,,20
472,j4VqKVoETwc,第四週微星盃海峽兩岸明星賽 Part2,https://www.youtube.com/watch?v=j4VqKVoETwc,2013-04-04 15:59:16,15,1787,False,keyword,0.0,,False,False,,,20
473,x0ZY_OwOBOo,第四週微星盃海峽兩岸明星賽 Part3,https://www.youtube.com/watch?v=x0ZY_OwOBOo,2013-04-04 15:59:16,15,2577,False,keyword,0.0,,False,False,,,20
474,hJ172_gLR1k,神鬼戰車營-第四集:金幣與加值,https://www.youtube.com/watch?v=hJ172_gLR1k,2013-04-15 00:41:04,0,782,False,none,0.0,,False,False,,,20
475,pTQ63hjWC1I,碧之軌跡-神之特典 開箱,https://www.youtube.com/watch?v=pTQ63hjWC1I,2013-04-15 10:51:11,10,859,False,keyword,1.0,品牌官方導流,False,False,,,20
476,YcPPSgg3C5g,Bella被誤認為羅姐,https://www.youtube.com/watch?v=YcPPSgg3C5g,2013-04-20 19:34:51,19,52,False,none,0.0,,False,False,,,20
477,hD7r0Bt2iaI,進擊的蟲群,https://www.youtube.com/watch?v=hD7r0Bt2iaI,2013-05-04 00:33:35,0,95,False,none,0.0,,False,False,,,20
478,-cQUeFRpnYU,《戰車世界》華語賽評選拔賽（Joeman）,https://www.youtube.com/watch?v=-cQUeFRpnYU,2013-05-06 09:15:50,9,874,False,keyword,0.0,,False,False,,,20
479,bN6lKmCEi9c,大招失敗秀-2013年特別篇(When Cheese Fails TW 2013 Special Edition),https://www.youtube.com/watch?v=bN6lKmCEi9c,2013-05-17 20:58:24,20,709,False,none,0.0,,False,False,,,20
480,_cIc5E4amOw,ASH NT1000 Challenge,https://www.youtube.com/watch?v=_cIc5E4amOw,2013-05-23 23:49:01,23,1111,False,none,0.0,,False,False,,,20
481,RJV-4MIBWGY,星海爭霸II-蟲王再臨 中文預告片,https://www.youtube.com/watch?v=RJV-4MIBWGY,2013-06-01 22:14:09,22,136,False,playlist,0.0,,False,False,,Joeman脫口秀,20
482,OqvBRpf0K6c,暴雪AMD夢想盃(中原大學校內賽),https://www.youtube.com/watch?v=OqvBRpf0K6c,2013-06-03 21:59:00,21,5973,False,none,0.0,,False,False,,,20
483,mDYn9u9oLHQ,《Joeman脫口秀》名偵探柯南,https://www.youtube.com/watch?v=mDYn9u9oLHQ,2013-07-08 23:34:32,23,327,False,playlist,0.0,,False,False,,Joeman脫口秀,20
484,9ccsYi3uupg,暴雪AMD夢想盃-台北科技大學,https://www.youtube.com/watch?v=9ccsYi3uupg,2013-07-09 02:17:16,2,9659,False,none,0.0,,False,False,,,20
485,AR4_VMIlGvQ,2013 蟲王再起？再殞？－最終決戰 Game2,https://www.youtube.com/watch?v=AR4_VMIlGvQ,2013-08-03 19:57:52,19,357,False,keyword,0.0,,False,False,,,20
486,cJnlBYhtR4E,2013 蟲王再起？再殞？－最終決戰 Game1,https://www.youtube.com/watch?v=cJnlBYhtR4E,2013-08-03 19:57:52,19,708,False,keyword,0.0,,False,False,,,20
487,rM3qGLbDrbg,2013 蟲王再起？再殞？－最終決戰 Game3,https://www.youtube.com/watch?v=rM3qGLbDrbg,2013-08-03 19:57:52,19,686,False,keyword,0.0,,False,False,,,20
488,t7E1HHnCOrE,2013 蟲王再起？再殞？－最終決戰 Trailer,https://www.youtube.com/watch?v=t7E1HHnCOrE,2013-08-03 19:57:52,19,123,False,playlist,0.0,,False,False,,Joeman脫口秀,20
489,4UcW9P0-Kd4,《Joeman脫口秀》台灣好星海,https://www.youtube.com/watch?v=4UcW9P0-Kd4,2013-08-19 04:22:24,4,248,False,playlist,0.0,,False,False,,Joeman脫口秀,20
490,t-MhEEcEimg,《古劍奇譚二》遊戲實況第一集- Opening,https://www.youtube.com/watch?v=t-MhEEcEimg,2013-08-21 02:32:06,2,5487,False,keyword,0.0,,False,False,,,20
491,DuXwrgBpGC0,企業盃-joeman慶生,https://www.youtube.com/watch?v=DuXwrgBpGC0,2013-08-29 01:45:47,1,227,False,playlist,0.0,,False,False,,Joeman脫口秀,20
492,MRoHRNbKB0Q,企業盃-joeman表演賽,https://www.youtube.com/watch?v=MRoHRNbKB0Q,2013-08-29 01:58:36,1,759,False,keyword,0.0,,False,False,,,20
493,GQLEI6YoYBA,企業慈善盃之我要爐石序號!!!!!,https://www.youtube.com/watch?v=GQLEI6YoYBA,2013-10-17 00:41:03,0,1230,False,playlist,0.0,,False,False,,Joeman脫口秀,20
494,vAWlFJFbn_k,小八vs Joeman 爐石盃 -練習賽,https://www.youtube.com/watch?v=vAWlFJFbn_k,2013-10-21 02:43:14,2,945,False,keyword,0.0,,False,False,,,20
495,FOhytM9gQrw,小八VS Joeman 爐石盃 -小八視角,https://www.youtube.com/watch?v=FOhytM9gQrw,2013-10-22 16:15:27,16,3518,False,keyword,0.0,,False,False,,,20
496,1aO8XgobVec,《爐石小時光》第三集-傲嬌系法師,https://www.youtube.com/watch?v=1aO8XgobVec,2013-10-28 15:49:38,15,1734,False,keyword,0.0,,False,False,,,20
497,6G_v10PDlq8,《爐石小時光》第二集-沉默流牧師,https://www.youtube.com/watch?v=6G_v10PDlq8,2013-10-28 15:49:37,15,820,False,keyword,0.0,,False,False,,,20
498,pMdQ4a5tca0,《爐石小時光》第一集-基本戰鬥,https://www.youtube.com/watch?v=pMdQ4a5tca0,2013-10-28 15:49:37,15,1061,False,keyword,0.0,,False,False,,,20
499,gRjahafwLKA,《爐石小時光》第四集-放狗流獵人,https://www.youtube.com/watch?v=gRjahafwLKA,2013-11-01 04:32:14,4,2211,False,keyword,,,False,False,,,20
500,wnc6Czh9NNk,《爐石小時光》第五集-平民流聖騎士,https://www.youtube.com/watch?v=wnc6Czh9NNk,2013-11-23 13:43:41,13,2176,False,keyword,0.0,,False,False,,,20
501,u93RPO49noo,X行動,https://www.youtube.com/watch?v=u93RPO49noo,2013-12-20 22:59:47,22,4646,False,none,0.0,,False,False,,,20
502,-j1Hb1kTfLw,《星海戰隊經典賽》Rush vs StorM Part6,https://www.youtube.com/watch?v=-j1Hb1kTfLw,2014-01-20 20:52:13,20,1801,False,keyword,0.0,,False,False,,,20
503,1ysOsxbNV44,《星海戰隊經典賽》Rush vs StorM Part2,https://www.youtube.com/watch?v=1ysOsxbNV44,2014-01-20 20:56:03,20,1801,False,keyword,0.0,,False,False,,,20
504,5mE0nyfVZHs,《星海戰隊經典賽》Rush vs StorM Part5,https://www.youtube.com/watch?v=5mE0nyfVZHs,2014-01-20 20:50:56,20,1801,False,keyword,0.0,,False,False,,,20
505,R4o9_2bUZzU,《星海戰隊經典賽》Rush vs StorM Part3,https://www.youtube.com/watch?v=R4o9_2bUZzU,2014-01-20 20:48:58,20,1801,False,keyword,0.0,,False,False,,,20
506,agzV8lR59DY,《星海戰隊經典賽》Rush vs StorM Part7,https://www.youtube.com/watch?v=agzV8lR59DY,2014-01-20 20:53:25,20,1801,False,keyword,0.0,,False,False,,,20
507,miBTlphlwWY,《星海戰隊經典賽》Rush vs StorM Part1,https://www.youtube.com/watch?v=miBTlphlwWY,2014-01-20 20:49:37,20,1800,False,keyword,0.0,,False,False,,,20
508,n8ktXMOzhkw,《星海戰隊經典賽》Rush vs StorM Part4,https://www.youtube.com/watch?v=n8ktXMOzhkw,2014-01-20 20:50:00,20,1801,False,keyword,0.0,,False,False,,,20
509,ylrQj5oUMAo,《Joeman脫口秀》科科的故事,https://www.youtube.com/watch?v=ylrQj5oUMAo,2014-01-23 21:46:26,21,80,False,playlist,0.0,,False,False,,Joeman脫口秀,20
510,cwdbnPjNFqo,《暗黑破壞神3》 一次開17包A1禮包拼華戒!!!!,https://www.youtube.com/watch?v=cwdbnPjNFqo,2014-04-21 00:42:14,0,126,False,keyword,0.0,,False,False,,,20
511,ikfbzoQdXWc,《暗黑破壞神3》跑酷流-速刷丞相祭壇 (一小時五億經驗),https://www.youtube.com/watch?v=ikfbzoQdXWc,2014-04-22 06:41:46,6,632,False,keyword,0.0,,False,False,,,20
512,lGYf0aIiYRE,《暗黑破壞神3》華戒二部曲!一次開20包!,https://www.youtube.com/watch?v=lGYf0aIiYRE,2014-04-30 00:22:12,0,57,False,keyword,0.0,,False,False,,,20
513,2VaO67C14BY,《暗黑破壞神3》華戒完結篇!都市傳說篇,https://www.youtube.com/watch?v=2VaO67C14BY,2014-05-11 03:03:44,3,145,False,keyword,0.0,,False,False,,,20
514,fVx5JWZnlQE,《暴雪英霸日常》-黑心灣-Lili第一人稱,https://www.youtube.com/watch?v=fVx5JWZnlQE,2014-06-07 02:58:43,2,1078,False,playlist,0.0,,False,False,,《暴雪英霸》日常,20
515,F_S3orPbSxc,《暴雪英霸日常》-亡骨礦坑 -Nova第一人稱,https://www.youtube.com/watch?v=F_S3orPbSxc,2014-06-10 00:34:07,0,1110,False,playlist,0.0,,False,False,,《暴雪英霸》日常,20
516,Y6drPkmWqGg,《英霸時光屋》輔助型英雄-莉莉(Lili) 介紹/攻略,https://www.youtube.com/watch?v=Y6drPkmWqGg,2014-06-22 06:20:37,6,1004,False,playlist,0.0,,False,False,,《暴雪英霸》日常,20
517,4SEr0i7Glkw,星海足球台灣隊隊呼-NG篇,https://www.youtube.com/watch?v=4SEr0i7Glkw,2014-07-03 00:44:16,0,434,False,keyword,0.0,,False,False,,,20
518,tQSsxqhZHz0,星海足球世界杯-台灣VS義大利,https://www.youtube.com/watch?v=tQSsxqhZHz0,2014-07-03 01:00:34,1,917,False,keyword,0.0,,False,False,,,20
519,RzVt3R58fMM,星海足球世界杯-台灣VS義大利《精華篇》,https://www.youtube.com/watch?v=RzVt3R58fMM,2014-07-04 02:50:47,2,414,False,playlist,0.0,,False,False,,Joeman脫口秀,20
520,OINUsiDaRek,星海足球-台灣代表隊 vs 少驢時代 Part2,https://www.youtube.com/watch?v=OINUsiDaRek,2014-07-09 21:43:08,21,1225,False,keyword,0.0,,False,False,,,20
521,T_6lGXMg3yE,星海足球-台灣代表隊 vs 少驢時代 Part3,https://www.youtube.com/watch?v=T_6lGXMg3yE,2014-07-09 21:55:54,21,1460,False,keyword,0.0,,False,False,,,20
522,x7ud-hjTL_g,星海足球-台灣代表隊 vs 少驢時代 Part1,https://www.youtube.com/watch?v=x7ud-hjTL_g,2014-07-09 21:44:49,21,1282,False,keyword,0.0,,False,False,,,20
523,AA3gmDOTANE,星海足球-台灣代表隊 vs 少驢時代《精華版》,https://www.youtube.com/watch?v=AA3gmDOTANE,2014-07-14 04:12:40,4,891,False,playlist,0.0,,False,False,,Joeman脫口秀,20
524,mgDLO9kpSks,《英霸小時光》塔薩達(Tassadar)-月井戰術,https://www.youtube.com/watch?v=mgDLO9kpSks,2014-07-19 20:08:25,20,277,False,playlist,0.0,,False,False,,《暴雪英霸》日常,20
525,1P6T6ED80wg,[TYSL] U18總決賽(12強) YungStorM(P) vs CellAN(Z),https://www.youtube.com/watch?v=1P6T6ED80wg,2014-07-26 21:52:26,21,3446,False,keyword,0.0,,False,False,,,20
526,cZMx0m8NoKc,《暴雪英霸日常》Diablo(狄亞布羅) with 羅密歐、阿森、Biesen、海棒子,https://www.youtube.com/watch?v=cZMx0m8NoKc,2014-07-26 02:44:41,2,1050,False,playlist,0.0,,False,False,,《暴雪英霸》日常,20
527,jIslK0JsyeA,[TYSL] U18總決賽(6強) SpeedTwenty(P) vs BlastSR(P),https://www.youtube.com/watch?v=jIslK0JsyeA,2014-07-26 21:26:20,21,1068,False,keyword,0.0,,False,False,,,20
528,4vrAcF2FaDs,[TYSL] U18總決賽(3強第一場) TOYZ(Z) vs 正恩神族遊韓服(P),https://www.youtube.com/watch?v=4vrAcF2FaDs,2014-07-27 22:05:47,22,2302,False,keyword,0.0,,False,False,,,20
529,qRkBuxA_hEE,[TYSL] U18總決賽(3強第二場) TOYZ(Z) vs Speedtwenty(P),https://www.youtube.com/watch?v=qRkBuxA_hEE,2014-07-27 21:53:14,21,2088,False,keyword,0.0,,False,False,,,20
530,rPSa_3wmeT0,[TYSL] U18總決賽(3強第三場) Speedtwenty(P) vs 正恩神族遊韓服(P),https://www.youtube.com/watch?v=rPSa_3wmeT0,2014-07-27 21:41:52,21,1062,False,keyword,0.0,,False,False,,,20
531,1-vwTK2EyUk,《TWOP精華》Ian vs Jaedong 正面對決,https://www.youtube.com/watch?v=1-vwTK2EyUk,2014-08-12 22:39:00,22,396,False,playlist,0.0,,False,False,,TWOP精華,20
532,liJkX1oHj-k,《TWOP精華》Sen vs Hyun 絕殺第六局,https://www.youtube.com/watch?v=liJkX1oHj-k,2014-08-13 22:20:17,22,621,False,playlist,0.0,,False,False,,TWOP精華,20
533,duy1bcYiPSo,《TWOP精華》Sen 王者回歸 精華剪輯版,https://www.youtube.com/watch?v=duy1bcYiPSo,2014-08-14 18:06:25,18,6996,False,playlist,0.0,,False,False,,TWOP精華,20
534,bZmkstIMbss,[TCL7] 八強C組 第三場 我很大(Z) vs optimus(T),https://www.youtube.com/watch?v=bZmkstIMbss,2014-08-23 23:25:15,23,3042,False,keyword,0.0,,False,False,,,20
535,d0PJIt3Id6Q,[TCL7] 八強C組 第二場 大奶妹(P) VS toyz(Z),https://www.youtube.com/watch?v=d0PJIt3Id6Q,2014-08-23 22:29:50,22,1665,False,keyword,0.0,,False,False,,,20
536,sulYg17Eay0,[TCL7] 八強C組 第四場 Speedtweenty(P) vs XiloEX(Z),https://www.youtube.com/watch?v=sulYg17Eay0,2014-08-23 22:18:30,22,1797,False,keyword,0.0,,False,False,,,20
537,HcrLty70HL4,[TCL7] 八強C組 第一場 CookingCatEx(Z) vs YaMeDe(P),https://www.youtube.com/watch?v=HcrLty70HL4,2014-08-24 02:24:53,2,1160,False,keyword,0.0,,False,False,,,20
538,XVlLmhbwnDU,test,https://www.youtube.com/watch?v=XVlLmhbwnDU,2014-08-28 16:47:45,16,0,False,none,0.0,,False,False,,,20
539,mBG8qFP11rY,WirForce - Sobad Joeman 長毛  白瑞 跳舞,https://www.youtube.com/watch?v=mBG8qFP11rY,2014-08-30 05:19:54,5,327,False,playlist,0.0,,False,False,,Joeman脫口秀,20
540,2AoEHPBtXPo,全新手遊《Dungeon Clash》搶先試玩!群眾募資中!,https://www.youtube.com/watch?v=2AoEHPBtXPo,2014-10-06 13:50:29,13,1629,False,keyword,0.0,,False,False,,,20
541,ckqd7ZgikEI,"暴雪英霸 中文化上線首日直播- Part2(Joeman,Sobad, 羅密歐,Sara , 六月 )",https://www.youtube.com/watch?v=ckqd7ZgikEI,2014-10-15 23:42:37,23,2037,False,playlist,0.0,,False,False,,《暴雪英霸》日常,20
542,JFftqCsysLo,"暴雪英霸 中文化上線首日直播- Part1 (Joeman,Sobad, 羅密歐,Sara , 六月 )",https://www.youtube.com/watch?v=JFftqCsysLo,2014-10-16 00:21:33,0,3256,False,playlist,0.0,,False,False,,《暴雪英霸》日常,20
543,2Q3Ypot72dU,《CONM》14強:QQQ vs Arthur- 恐怖花園,https://www.youtube.com/watch?v=2Q3Ypot72dU,2014-10-18 01:39:17,1,1591,False,playlist,0.0,,False,False,,Champion of New Maelstrom盃,20
544,4P9JCfgq95Q,《CONM》14強:Dh9 vs TNL- 亡骸礦坑,https://www.youtube.com/watch?v=4P9JCfgq95Q,2014-10-18 01:15:37,1,1046,False,playlist,0.0,,False,False,,Champion of New Maelstrom盃,20
545,55RnSdCO9xc,《CONM》8強:Orz vs Dissent- 3/3 恐怖花園,https://www.youtube.com/watch?v=55RnSdCO9xc,2014-10-18 23:07:50,23,849,False,playlist,0.0,,False,False,,Champion of New Maelstrom盃,20
546,Aj_l9JjA88s,《CONM》14強:SnowFlake vs CG- 巨龍郡,https://www.youtube.com/watch?v=Aj_l9JjA88s,2014-10-18 01:50:31,1,1155,False,playlist,0.0,,False,False,,Champion of New Maelstrom盃,20
547,Ep__XCrZqpw,《CONM》14強:ORZ vs IAW- 黑心灣,https://www.youtube.com/watch?v=Ep__XCrZqpw,2014-10-18 01:35:01,1,1480,False,playlist,0.0,,False,False,,Champion of New Maelstrom盃,20
548,JPtrouBRVmE,《CONM》14強:Dissent vs SuperBoys- 亡骸礦坑,https://www.youtube.com/watch?v=JPtrouBRVmE,2014-10-18 01:15:33,1,922,False,playlist,0.0,,False,False,,Champion of New Maelstrom盃,20
549,O5ghvXgm_Kg,《CONM》14強:MYW vs DMC- 巨龍郡,https://www.youtube.com/watch?v=O5ghvXgm_Kg,2014-10-18 02:18:03,2,2064,False,playlist,0.0,,False,False,,Champion of New Maelstrom盃,20
550,UYqEII7SKNI,《CONM》8強:Orz vs Dissent- 2/3 亡骸礦坑,https://www.youtube.com/watch?v=UYqEII7SKNI,2014-10-18 23:07:51,23,1012,False,playlist,0.0,,False,False,,Champion of New Maelstrom盃,20
551,VyMPjqFsY2s,《CONM》8強:Orz vs Dissent- 1/3 巨龍郡,https://www.youtube.com/watch?v=VyMPjqFsY2s,2014-10-18 23:07:51,23,1195,False,playlist,0.0,,False,False,,Champion of New Maelstrom盃,20
552,bZKPNlrDEJA,《CONM》14強:ZNH vs GLORIOUS- 詛咒谷地,https://www.youtube.com/watch?v=bZKPNlrDEJA,2014-10-18 01:31:44,1,972,False,playlist,0.0,,False,False,,Champion of New Maelstrom盃,20
553,wsrbyGn-Ry4,暴雪英霸送帳號抽獎直播,https://www.youtube.com/watch?v=wsrbyGn-Ry4,2014-10-18 00:38:24,0,206,False,keyword,0.0,,False,False,,,20
554,5qQpnSMhs_w,《CONM》4強:SMG vs Dissent- 1/2 詛咒谷地,https://www.youtube.com/watch?v=5qQpnSMhs_w,2014-10-26 15:28:30,15,786,False,playlist,0.0,,False,False,,Champion of New Maelstrom盃,20
555,8PF1SjbDTpY,《CONM》冠亞:SMG vs Glorious- 3/3 巨龍郡,https://www.youtube.com/watch?v=8PF1SjbDTpY,2014-10-26 15:28:27,15,956,False,playlist,0.0,,False,False,,Champion of New Maelstrom盃,20
556,R_DTyYG0Trc,《CONM》4強:SMG vs Dissent- 2/2 黑心灣,https://www.youtube.com/watch?v=R_DTyYG0Trc,2014-10-26 15:28:35,15,955,False,playlist,0.0,,False,False,,Champion of New Maelstrom盃,20
557,f9_ozzNKu3Q,《CONM》冠亞:SMG vs Glorious- 1/3 詛咒谷地,https://www.youtube.com/watch?v=f9_ozzNKu3Q,2014-10-26 15:28:20,15,1390,False,playlist,0.0,,False,False,,Champion of New Maelstrom盃,20
558,yt00OZRocOg,《CONM》冠亞:SMG vs Glorious- 2/3 詛咒谷地,https://www.youtube.com/watch?v=yt00OZRocOg,2014-10-26 15:28:24,15,1023,False,playlist,0.0,,False,False,,Champion of New Maelstrom盃,20
559,vwp84wBrS5w,"《暴雪英霸日常》縫合怪、阿努巴拉克 (隊友:Sobad , 羅密歐 , Huhu , Sola )",https://www.youtube.com/watch?v=vwp84wBrS5w,2014-11-06 01:46:16,1,6409,False,playlist,0.0,,False,False,,《暴雪英霸》日常,20
560,bXc-ZeQfIt0,"暴雪英霸日常 - 詛咒谷地 - 阿努巴拉克  (隊友:羅密歐,sara ,小花)",https://www.youtube.com/watch?v=bXc-ZeQfIt0,2014-11-07 01:06:38,1,1541,False,playlist,0.0,,False,False,,《暴雪英霸》日常,20
561,cxstWzmDawE,"暴雪英霸日常 - 恐懼花園 - 阿努巴拉克 (隊友:羅密歐,sara)",https://www.youtube.com/watch?v=cxstWzmDawE,2014-11-07 00:59:04,0,1309,False,playlist,0.0,,False,False,,《暴雪英霸》日常,20
562,rMtPCCoBj4k,"暴雪英霸日常 - 詛咒谷地 - 狄亞布羅  (隊友:羅密歐,sara)",https://www.youtube.com/watch?v=rMtPCCoBj4k,2014-11-07 00:57:49,0,1542,False,playlist,0.0,,False,False,,《暴雪英霸》日常,20
563,CHk7DB3jBbU,"《暴雪英霸日常》阿巴瑟 11/10-1 (隊友:Sobad , 羅密歐 , Huhu , EZ )",https://www.youtube.com/watch?v=CHk7DB3jBbU,2014-11-11 11:43:05,11,902,False,playlist,0.0,,False,False,,《暴雪英霸》日常,20
564,F4P07_I3U3Q,"《暴雪英霸日常》阿巴瑟 11/10-2 (隊友:Sobad , 羅密歐 , Huhu , EZ )",https://www.youtube.com/watch?v=F4P07_I3U3Q,2014-11-11 11:47:37,11,902,False,playlist,0.0,,False,False,,《暴雪英霸》日常,20
565,No-RHot-6QA,"《暴雪英霸日常》阿巴瑟 11/10-4 (隊友:Sobad , 羅密歐 , Huhu , EZ )",https://www.youtube.com/watch?v=No-RHot-6QA,2014-11-11 11:43:45,11,854,False,playlist,0.0,,False,False,,《暴雪英霸》日常,20
566,tY6NMvXCPOc,"《暴雪英霸日常》阿巴瑟 11/10-3 (隊友:Sobad , 羅密歐 , Huhu , EZ )",https://www.youtube.com/watch?v=tY6NMvXCPOc,2014-11-11 12:00:09,12,901,False,playlist,0.0,,False,False,,《暴雪英霸》日常,20
567,e07mSDFWyjQ,《Joeman 脫口秀 》第一集 - 轉打一波,https://www.youtube.com/watch?v=e07mSDFWyjQ,2014-11-16 18:22:20,18,688,False,playlist,0.0,,False,False,,Joeman脫口秀,20
568,4TDAXPM-ulY,《Joeman 脫口秀 》第二集 - 死神的綠光,https://www.youtube.com/watch?v=4TDAXPM-ulY,2014-11-17 23:32:32,23,121,False,playlist,0.0,,False,False,,Joeman脫口秀,20
569,Q-EOOpqYM2Y,刀塔傳奇《台港澳巔峰競技》北區精華- 光法vs狙擊手,https://www.youtube.com/watch?v=Q-EOOpqYM2Y,2014-12-01 14:14:50,14,390,False,playlist,0.0,,False,False,,刀塔傳奇,20
570,rmZpbNJvcbk,《Joeman 脫口秀 》第三集 - 星海柯P,https://www.youtube.com/watch?v=rmZpbNJvcbk,2014-12-01 18:25:33,18,1062,False,playlist,0.0,,False,False,,Joeman脫口秀,20
571,yGenWUxe1-c,《刀塔時光屋》台版 召喚師 介紹 / 競技場實戰 影片,https://www.youtube.com/watch?v=yGenWUxe1-c,2014-12-02 09:41:10,9,836,False,playlist,0.0,,False,False,,刀塔傳奇,20
572,_BOeeqgWUts,刀塔傳奇《台港澳巔峰競技》北區精華- 全控場流 + 聖堂SOLO秀,https://www.youtube.com/watch?v=_BOeeqgWUts,2014-12-07 23:58:54,23,462,False,playlist,0.0,,False,False,,刀塔傳奇,20
573,Jrww7EGqi5I,刀塔傳奇《台港澳巔峰競技》北區精華: 十個卡爾九個菜，剩下一個......,https://www.youtube.com/watch?v=Jrww7EGqi5I,2014-12-08 00:33:57,0,287,False,playlist,0.0,,False,False,,刀塔傳奇,20
574,LX1noW6zmuU,刀塔傳奇《台港澳巔峰競技》北區決賽: 華賢 vs 大安古天樂,https://www.youtube.com/watch?v=LX1noW6zmuU,2014-12-08 00:13:19,0,1245,False,playlist,0.0,,False,False,,刀塔傳奇,20
575,BMUzzkKsyuo,刀塔傳奇《台港澳巔峰競技》中區四強: 鬼鬼 vs 魔幻,https://www.youtube.com/watch?v=BMUzzkKsyuo,2014-12-15 01:12:28,1,1411,False,playlist,0.0,,False,False,,刀塔傳奇,20
576,K9MD5pXXISc,刀塔傳奇《台港澳巔峰競技》中區四強:JJ vs 尾巴,https://www.youtube.com/watch?v=K9MD5pXXISc,2014-12-15 01:12:28,1,1443,False,playlist,0.0,,False,False,,刀塔傳奇,20
577,WgY8uTKmnr0,刀塔傳奇《台港澳巔峰競技》中區冠亞 : JJ vs 鬼鬼,https://www.youtube.com/watch?v=WgY8uTKmnr0,2014-12-15 01:12:28,1,1028,False,playlist,0.0,,False,False,,刀塔傳奇,20
578,fzOlNau3gC0,刀塔傳奇《台港澳巔峰競技》中區季殿 : 尾巴 vs 魔幻,https://www.youtube.com/watch?v=fzOlNau3gC0,2014-12-15 01:12:29,1,1317,False,playlist,0.0,,False,False,,刀塔傳奇,20
579,6jgxdk7ZsCQ,"刀塔小技巧-10秒打完巔峰競技場  (無須外掛,不用越獄)",https://www.youtube.com/watch?v=6jgxdk7ZsCQ,2014-12-18 23:05:30,23,196,False,playlist,0.0,,False,False,,刀塔傳奇,20
580,2JjJn6GrF7Q,刀塔傳奇《台港澳巔峰競技》南區冠亞 : 彰化人 vs 吉初,https://www.youtube.com/watch?v=2JjJn6GrF7Q,2014-12-20 23:13:49,23,1384,False,playlist,0.0,,False,False,,刀塔傳奇,20
581,HnxpS9gN6M4,刀塔冷知識-第一集- 修補匠你到底射了幾次,https://www.youtube.com/watch?v=HnxpS9gN6M4,2014-12-20 00:42:31,0,495,False,playlist,0.0,,False,False,,刀塔冷知識|刀塔傳奇,20
582,1H-j0c5ZHNE,刀塔冷知識-第二集 巫妖的神秘冰球,https://www.youtube.com/watch?v=1H-j0c5ZHNE,2014-12-27 17:07:38,17,762,False,playlist,0.0,,False,False,,刀塔冷知識|刀塔傳奇,20
583,kD6kCJBuMBQ,《Joeman 脫口秀 》第四集 - 歡迎光臨my縫,https://www.youtube.com/watch?v=kD6kCJBuMBQ,2014-12-28 02:06:29,2,1234,False,playlist,0.0,,False,False,,Joeman脫口秀,20
584,_OvCidUgZ00,刀塔小技巧  一根樹枝就可以解掉附魔任務,https://www.youtube.com/watch?v=_OvCidUgZ00,2014-12-30 16:13:21,16,172,False,playlist,0.0,,False,False,,刀塔傳奇,20
585,eB6G99ED1gM,刀塔冷知識 第三集 遊俠的箭筒裡有幾根箭,https://www.youtube.com/watch?v=eB6G99ED1gM,2015-01-03 00:51:15,0,1152,False,playlist,0.0,,False,False,,刀塔冷知識|刀塔傳奇,20
586,taTn_QO43MQ,刀塔傳奇 86級 - 遠征觀念解說 (全通關三次 使用劍聖、法系),https://www.youtube.com/watch?v=taTn_QO43MQ,2015-01-06 19:11:15,19,3602,False,playlist,0.0,,False,False,,刀塔傳奇,20
587,YBC6xkVGXv0,刀塔傳奇 流言破解者 三白一金 開遠征寶箱,https://www.youtube.com/watch?v=YBC6xkVGXv0,2015-01-09 06:01:17,6,81,False,playlist,0.0,,False,False,,刀塔傳奇,20
588,Y2nUw8La9sc,刀塔冷知識 第四集 藍胖 多重施法機率實測,https://www.youtube.com/watch?v=Y2nUw8La9sc,2015-01-10 22:08:38,22,725,False,playlist,0.0,,False,False,,刀塔冷知識|刀塔傳奇,20
589,IUNmPEo_gDg,台港澳WCS S1 64強 Has vs RedFeet,https://www.youtube.com/watch?v=IUNmPEo_gDg,2015-01-13 22:19:52,22,1912,False,playlist,0.0,,False,False,,2015 台港澳WCS 第一季,19
590,_1J5fqmexsk,台港澳WCS S1 64強 Fist vs Slam,https://www.youtube.com/watch?v=_1J5fqmexsk,2015-01-13 23:40:51,23,4047,False,playlist,0.0,,False,False,,2015 台港澳WCS 第一季,20
591,9Kw433B380o,台港澳WCS S1 16強 AK vs Vanilla,https://www.youtube.com/watch?v=9Kw433B380o,2015-01-14 23:39:57,23,3509,False,playlist,0.0,,False,False,,2015 台港澳WCS 第一季,20
592,gqbHODsm1-c,台港澳WCS S1 32強 Sen vs Cheetos,https://www.youtube.com/watch?v=gqbHODsm1-c,2015-01-14 22:35:30,22,1259,False,playlist,0.0,,False,False,,2015 台港澳WCS 第一季,20
593,6QFM8eXWu34,刀塔冷知識 第五集 光之守衛的動感光波,https://www.youtube.com/watch?v=6QFM8eXWu34,2015-01-17 17:58:10,17,843,False,playlist,0.0,,False,False,,刀塔冷知識,20
594,FkCvJv0Bx-Y,爐石戰記-直播精華 心控神逆轉,https://www.youtube.com/watch?v=FkCvJv0Bx-Y,2015-01-24 02:20:11,2,328,False,playlist,0.0,,False,False,,爐石戰記 直播精華,20
595,g1LWpWk5Hjk,刀塔冷知識 第六集 猴子的分身指南,https://www.youtube.com/watch?v=g1LWpWk5Hjk,2015-01-25 02:14:46,2,763,False,playlist,0.0,,False,False,,刀塔冷知識,20
596,A2qN_Auc8DE,刀塔傳奇 從60級用到90級的萬用遠征隊,https://www.youtube.com/watch?v=A2qN_Auc8DE,2015-01-27 19:44:05,19,1069,False,playlist,0.0,,False,False,,刀塔傳奇,20
597,V4fOFOj1P2M,刀塔傳奇 五種最浪費鑽石的行為,https://www.youtube.com/watch?v=V4fOFOj1P2M,2015-01-27 19:44:05,19,613,False,playlist,0.0,,False,False,,刀塔傳奇,20
598,PPkvhFGO8Mk,刀塔冷知識 第七集 月騎的旋轉飛刃,https://www.youtube.com/watch?v=PPkvhFGO8Mk,2015-01-31 12:00:00,12,643,False,playlist,0.0,,False,False,,刀塔冷知識,20
599,dd1RO76XBdk,台港澳顛峰競技VIP邀請賽 冠亞軍 - 自由天空 vs 好棒棒,https://www.youtube.com/watch?v=dd1RO76XBdk,2015-02-01 05:58:16,5,1242,False,playlist,0.0,,False,False,,刀塔傳奇,20
600,2SoMTNTwIL0,爐石名人 Amaz vs 爐石製作人Jason,https://www.youtube.com/watch?v=2SoMTNTwIL0,2015-02-04 18:15:48,18,654,False,playlist,0.0,,False,False,,爐石戰記 直播精華,20
601,-lyXfAVo840,CMStorm邀請賽-四強 Has vs Revival,https://www.youtube.com/watch?v=-lyXfAVo840,2015-02-05 02:33:51,2,1694,False,none,0.0,,False,False,,,20
602,5QoM-RP9Skw,CMSTORM邀請賽-冠亞 Has vs Polt,https://www.youtube.com/watch?v=5QoM-RP9Skw,2015-02-05 04:01:20,4,2326,False,none,0.0,,False,False,,,20
603,gH1RpcLmkP0,CMSTORM邀請賽-四強 Sen vs Polt,https://www.youtube.com/watch?v=gH1RpcLmkP0,2015-02-05 09:03:32,9,1780,False,none,0.0,,False,False,,,20
604,AcWUe58L0Rw,暴雪AMD夢想聯賽決賽 ImSoHappy vs HKAShadeSea,https://www.youtube.com/watch?v=AcWUe58L0Rw,2015-02-06 10:36:42,10,5247,False,playlist,0.0,,False,False,,爐石戰記 直播精華,20
605,OpzFcGwpjJ8,刀塔傳奇 團副研究院 11章 開場關卡 最高傷害 示範,https://www.youtube.com/watch?v=OpzFcGwpjJ8,2015-02-06 14:18:25,14,216,False,playlist,0.0,,False,False,,刀塔傳奇 團副研究院|刀塔傳奇,20
606,KSKo9oCfcRw,《Dying Light 垂死之光 》Gameplay Walkthrough 實況 劇情模式 第一集,https://www.youtube.com/watch?v=KSKo9oCfcRw,2015-02-07 03:50:38,3,6848,False,playlist,0.0,,False,False,,《Dying Light 垂死之光 》實況,19
607,qfeq3z9J2ZE,《Dying Light 垂死之光 》Game Review 實況精華 第一集,https://www.youtube.com/watch?v=qfeq3z9J2ZE,2015-02-07 07:17:56,7,1370,False,playlist,0.0,,False,False,,《Dying Light 垂死之光 》實況,20
608,DvrLz-sU628,刀塔冷知識 第八集 扣甲技能是否能疊加 (魚人、召喚師),https://www.youtube.com/watch?v=DvrLz-sU628,2015-02-08 04:03:31,4,468,False,playlist,0.0,,False,False,,刀塔冷知識,20
609,wrsDfIV9El0,《Dying Light 垂死之光 》Gameplay Walkthrough 實況 劇情模式 第二集,https://www.youtube.com/watch?v=wrsDfIV9El0,2015-02-08 02:50:02,2,6105,False,playlist,0.0,,False,False,,《Dying Light 垂死之光 》實況,19
610,0WDoyWF7ClM,《Dying Light 垂死之光 》Gameplay Walkthrough 實況 劇情模式 第三集,https://www.youtube.com/watch?v=0WDoyWF7ClM,2015-02-09 02:47:27,2,8946,False,playlist,0.0,,False,False,,《Dying Light 垂死之光 》實況,19
611,IHRERdVOzXs,《Dying Light 垂死之光 》實況精華 game review look my foot  佛山無影腳,https://www.youtube.com/watch?v=IHRERdVOzXs,2015-02-09 01:56:15,1,179,False,playlist,0.0,,False,False,,《Dying Light 垂死之光 》實況,20
612,2-o3n0hERx8,《Dying Light 垂死之光 》Gameplay Walkthrough 實況 劇情模式 第四集 Part1,https://www.youtube.com/watch?v=2-o3n0hERx8,2015-02-10 00:55:30,0,3295,False,playlist,0.0,,False,False,,《Dying Light 垂死之光 》實況,19
613,hZ0RZ0dKI8w,《Dying Light 垂死之光 》Gameplay Walkthrough 實況 劇情模式 第四集 Part2,https://www.youtube.com/watch?v=hZ0RZ0dKI8w,2015-02-10 01:34:56,1,9048,False,playlist,0.0,,False,False,,《Dying Light 垂死之光 》實況,19
614,nEsbLmv5w4c,刀塔傳奇 團副研究院 12、13章 BOSS 頭目 200萬 高傷害教學,https://www.youtube.com/watch?v=nEsbLmv5w4c,2015-02-10 19:05:13,19,669,False,playlist,0.0,,False,False,,刀塔傳奇 團副研究院|刀塔傳奇,20
615,zH82xjlYXSY,《Dying Light 垂死之光 》實況精華 Game review the DARK is coming 黑夜降臨,https://www.youtube.com/watch?v=zH82xjlYXSY,2015-02-10 01:52:37,1,329,False,playlist,0.0,,False,False,,《Dying Light 垂死之光 》實況,20
616,3r2WH2zdJ3U,《Dying Light 垂死之光 》Gameplay Walkthrough 實況 劇情模式 第五集 Part1,https://www.youtube.com/watch?v=3r2WH2zdJ3U,2015-02-11 01:22:09,1,5283,False,playlist,0.0,,False,False,,《Dying Light 垂死之光 》實況,19
617,H6LWhyFrnD0,《Dying Light 垂死之光 》Gameplay Walkthrough 實況 劇情模式 第五集 Part2,https://www.youtube.com/watch?v=H6LWhyFrnD0,2015-02-11 01:05:04,1,3108,False,playlist,0.0,,False,False,,《Dying Light 垂死之光 》實況,19
618,Z6tOJ2FekoE,《Dying Light 垂死之光 》實況精華  Demolisher Boss review 決戰粉碎者,https://www.youtube.com/watch?v=Z6tOJ2FekoE,2015-02-11 02:17:42,2,375,False,playlist,0.0,,False,False,,《Dying Light 垂死之光 》實況,20
619,lsMriAgu1mc,《Dying Light 垂死之光 》實況精華 game review 下水道大逃殺,https://www.youtube.com/watch?v=lsMriAgu1mc,2015-02-11 02:24:03,2,620,False,playlist,0.0,,False,False,,《Dying Light 垂死之光 》實況,20
620,Y1OzuuoX2M4,英雄決勝團 主播挑戰賽,https://www.youtube.com/watch?v=Y1OzuuoX2M4,2015-02-12 04:10:55,4,4226,False,keyword,0.0,,False,False,,,19
621,_lq-uxKcRiY,《Dying Light 垂死之光 》Gameplay Walkthrough 實況 劇情模式 第六集,https://www.youtube.com/watch?v=_lq-uxKcRiY,2015-02-12 02:21:20,2,7888,False,playlist,0.0,,False,False,,《Dying Light 垂死之光 》實況,19
622,w_4SSGKmy3s,《Dying Light 垂死之光 》實況精華 佛山無影腳(失敗篇) Kick Fail,https://www.youtube.com/watch?v=w_4SSGKmy3s,2015-02-12 01:01:03,1,24,False,playlist,0.0,,False,False,,《Dying Light 垂死之光 》實況,20
623,xrARG_dp6_k,《Dying Light 垂死之光 》實況精華 火烤殭屍就是美味 Burning Zombie,https://www.youtube.com/watch?v=xrARG_dp6_k,2015-02-12 01:33:14,1,112,False,playlist,0.0,,False,False,,《Dying Light 垂死之光 》實況,20
624,DK7l-XfM6iA,刀塔傳奇 團副研究院 13章Boss頭目 泰坦 228萬傷害講解 (無魂夾英雄),https://www.youtube.com/watch?v=DK7l-XfM6iA,2015-02-13 00:41:25,0,197,False,playlist,0.0,,False,False,,刀塔傳奇 團副研究院|刀塔傳奇,20
625,GnubCDFSza8,《Dying Light 垂死之光 》Gameplay Walkthrough 實況 劇情模式 第七集,https://www.youtube.com/watch?v=GnubCDFSza8,2015-02-13 03:20:50,3,11983,False,playlist,0.0,,False,False,,《Dying Light 垂死之光 》實況,19
626,V1m3v5p0OR8,《Dying Light 垂死之光 》實況精華 嬰靈小屁孩 justin bieber zombie,https://www.youtube.com/watch?v=V1m3v5p0OR8,2015-02-13 01:12:44,1,109,False,playlist,0.0,,False,False,,《Dying Light 垂死之光 》實況,20
627,hOZ1fld1Ieo,《Dying Light 垂死之光 》Gameplay Walkthrough 實況 劇情模式 第八集(劇終),https://www.youtube.com/watch?v=hOZ1fld1Ieo,2015-02-14 01:02:17,1,8599,False,playlist,0.0,,False,False,,《Dying Light 垂死之光 》實況,19
628,qWWQmDnKQcQ,《Dying Light 垂死之光 》實況精華 最終跑酷難關 final Parkour,https://www.youtube.com/watch?v=qWWQmDnKQcQ,2015-02-14 00:49:04,0,1852,False,playlist,0.0,,False,False,,《Dying Light 垂死之光 》實況,19
629,D0LB2o3okcI,刀塔冷知識 第九集 巨魔與藍胖的加速可否疊加,https://www.youtube.com/watch?v=D0LB2o3okcI,2015-02-15 02:47:00,2,781,False,playlist,0.0,,False,False,,刀塔冷知識,20
630,7MbCMbhlSCA,刀塔傳奇 預言之池 瘋狂之血 難度6 高閃避隊伍通關解說,https://www.youtube.com/watch?v=7MbCMbhlSCA,2015-02-17 02:06:49,2,229,False,playlist,0.0,,False,False,,刀塔傳奇,20
631,yP7xgvZkRNw,刀塔傳奇 團副研究院 13章頭目Boss 泰坦 239萬傷害講解 ( 帶先知),https://www.youtube.com/watch?v=yP7xgvZkRNw,2015-02-17 02:16:40,2,209,False,playlist,0.0,,False,False,,刀塔傳奇 團副研究院|刀塔傳奇,20
632,QckSQZqE6II,刀塔傳奇 覺醒英雄 娜迦海妖 全面剖析與競技場講解,https://www.youtube.com/watch?v=QckSQZqE6II,2015-02-21 21:25:33,21,731,False,playlist,0.0,,False,False,,刀塔傳奇,20
633,T4C_01jeaqk,刀塔冷知識 第十集 死亡先知大絕次數與吸血比例,https://www.youtube.com/watch?v=T4C_01jeaqk,2015-02-22 20:02:06,20,646,False,playlist,0.0,,False,False,,刀塔冷知識,20
634,D3CizPsw2kU,《惡靈古堡 - 啟示》中字 劇情直播 Day1  Resident Evil Biohazard Revelations GamePlay Walkthrough Chinese Sub,https://www.youtube.com/watch?v=D3CizPsw2kU,2015-02-23 03:25:21,3,6410,False,playlist,0.0,,False,False,,《惡靈古堡 啟示》劇情直播 Resident Evil Biohazard Revelations GamePlay  Walkthrough,19
635,yS5m6x2Nyf8,刀塔傳奇 團副研究院 12章BOSS頭目 船長 223萬傷害 (使用冰女!),https://www.youtube.com/watch?v=yS5m6x2Nyf8,2015-02-23 04:19:11,4,385,False,playlist,0.0,,False,False,,刀塔傳奇 團副研究院,20
636,GKbHta9gTjg,《惡靈古堡 - 啟示》中字 劇情直播 Day2-Part2 Resident Evil Biohazard Revelations GamePlay  Walkthrough Chinese Sub,https://www.youtube.com/watch?v=GKbHta9gTjg,2015-02-24 00:17:24,0,1488,False,playlist,0.0,,False,False,,《惡靈古堡 啟示》劇情直播 Resident Evil Biohazard Revelations GamePlay  Walkthrough,19
637,eSN1StghXsk,《惡靈古堡 - 啟示》 中字 劇情直播 Day2-Part1 Resident Evil Biohazard Revelations GamePlay  Walkthrough Chinese Sub,https://www.youtube.com/watch?v=eSN1StghXsk,2015-02-24 01:56:53,1,7220,False,playlist,0.0,,False,False,,《惡靈古堡 啟示》劇情直播 Resident Evil Biohazard Revelations GamePlay  Walkthrough,19
638,iiOLlsuv6W8,《惡靈古堡 - 啟示》直播到一半 小公主入鏡,https://www.youtube.com/watch?v=iiOLlsuv6W8,2015-02-24 11:29:05,11,229,False,playlist,0.0,,False,False,,《惡靈古堡 啟示》劇情直播 Resident Evil Biohazard Revelations GamePlay  Walkthrough,19
639,GVJPsXMJHv0,怪物彈珠 MonsterStrike モンスターストライク -蛋黃哥與小紅龍 Gudetama ぐでたま 副本與合成,https://www.youtube.com/watch?v=GVJPsXMJHv0,2015-02-25 11:13:21,11,1504,False,none,0.0,,False,False,,,20
640,6BF1DMFGL5M,《惡靈古堡 - 啟示》中字 劇情直播 Day4(End) Resident Evil Biohazard Revelations GamePlay  Walkthrough Chinese Sub,https://www.youtube.com/watch?v=6BF1DMFGL5M,2015-02-28 01:53:11,1,6199,False,playlist,0.0,,False,False,,《惡靈古堡 啟示》劇情直播 Resident Evil Biohazard Revelations GamePlay  Walkthrough,19
641,DL-4ABP4A_8,《惡靈古堡 - 啟示》中字 劇情直播 Day3-Part2 Resident Evil Biohazard Revelations GamePlay  Walkthrough Chinese Sub,https://www.youtube.com/watch?v=DL-4ABP4A_8,2015-02-28 18:10:16,18,1544,False,playlist,0.0,,False,False,,《惡靈古堡 啟示》劇情直播 Resident Evil Biohazard Revelations GamePlay  Walkthrough,20
642,azprAboy5mc,《惡靈古堡 - 啟示》中字 劇情直播 Day3-Part1 Resident Evil Biohazard Revelations GamePlay  Walkthrough Chinese Sub,https://www.youtube.com/watch?v=azprAboy5mc,2015-02-28 01:50:34,1,9434,False,playlist,0.0,,False,False,,《惡靈古堡 啟示》劇情直播 Resident Evil Biohazard Revelations GamePlay  Walkthrough,19
643,e6_NIzkvIvQ,《惡靈古堡 - 啟示2》中字劇情直播 Episode1 Resident Evil Biohazard Revelations GamePlay  Walkthrough Chinese Sub,https://www.youtube.com/watch?v=e6_NIzkvIvQ,2015-02-28 18:19:06,18,9900,False,playlist,0.0,,False,False,,《惡靈古堡 啟示2》劇情直播 Resident Evil Biohazard Revelations 2 GamePlay  Walkthrough,19
644,yVzFY5kHz9s,刀塔冷知識 第十一集 小鹿令人噴飯的媚惑效果,https://www.youtube.com/watch?v=yVzFY5kHz9s,2015-03-01 01:58:32,1,583,False,playlist,0.0,,False,False,,刀塔冷知識,20
645,YJdLexufkMM,《惡靈古堡 - 啟示2》第一章精華 Episode1 Summary Resident Evil Biohazard Revelations GamePlay  Walkthrough,https://www.youtube.com/watch?v=YJdLexufkMM,2015-03-02 10:40:09,10,1110,False,playlist,0.0,,False,False,,《惡靈古堡 啟示2》劇情直播 Resident Evil Biohazard Revelations 2 GamePlay  Walkthrough,20
646,0O4HUZujpww,SPL2015/03/02 Part4 : sOs vs Solar / Rogue vs Shine / Trap vs Dear,https://www.youtube.com/watch?v=0O4HUZujpww,2015-03-03 01:11:17,1,3603,False,playlist,0.0,,False,False,,《Starcraft2 SPL2015》 Round 2,20
647,2jxTUmojoas,SPL2015/03/03 Part3 : Zest vs herO / Flash vs ByuL / Life vs Bbyong,https://www.youtube.com/watch?v=2jxTUmojoas,2015-03-03 23:48:00,23,3601,False,playlist,0.0,,False,False,,《Starcraft2 SPL2015》 Round 2,20
648,8vvbMG719_w,刀塔傳奇 團副研究院 12章BOSS頭目 船長 245萬傷害 (一樣陣容 只講解卡爾),https://www.youtube.com/watch?v=8vvbMG719_w,2015-03-03 01:08:49,1,218,False,playlist,0.0,,False,False,,刀塔傳奇 團副研究院,20
649,9ZBRO0KfGhM,SPL2015/03/03 Part1 : INnoVation vs Creator / Dark vs MyuNgSiK / soO vs YoDa,https://www.youtube.com/watch?v=9ZBRO0KfGhM,2015-03-03 23:53:59,23,3601,False,playlist,0.0,,False,False,,《Starcraft2 SPL2015》 Round 2,20
650,Sat-2Ip_hqE,SPL2015/03/02 Part3 : Losira vs aLive / Trap vs Hurricane / Maru vs Dear,https://www.youtube.com/watch?v=Sat-2Ip_hqE,2015-03-03 01:04:36,1,3602,False,playlist,0.0,,False,False,,《Starcraft2 SPL2015》 Round 2,20
651,Xs8I6V415Sc,SPL2015/03/02 Part2 : HerO vs Curios / YongHwa vs San / Losira vs aLive,https://www.youtube.com/watch?v=Xs8I6V415Sc,2015-03-03 01:21:19,1,3602,False,playlist,0.0,,False,False,,《Starcraft2 SPL2015》 Round 2,20
652,ffnc_2A20vw,SPL2015/03/03 Part4 : Life vs Bbyong / Stats vs Sora / Zest vs herO,https://www.youtube.com/watch?v=ffnc_2A20vw,2015-03-03 23:53:20,23,2947,False,playlist,0.0,,False,False,,《Starcraft2 SPL2015》 Round 2,20
653,kSbLQHMHceg,SPL2015/03/02 Part1 : MarineKing vs Leenock /  Losira vs aLive / HerO vs Curios,https://www.youtube.com/watch?v=kSbLQHMHceg,2015-03-03 01:03:59,1,3602,False,playlist,0.0,,False,False,,《Starcraft2 SPL2015》 Round 2,20
654,kVYTLqe89BQ,SPL2015/03/02 Part5 : Trap vs Dear,https://www.youtube.com/watch?v=kVYTLqe89BQ,2015-03-03 00:53:22,0,457,False,playlist,0.0,,False,False,,《Starcraft2 SPL2015》 Round 2,20
655,aTe20j7TqFg,SPL2015/03/03 Part2 : soO vs YoDa / Dream vs KeeN,https://www.youtube.com/watch?v=aTe20j7TqFg,2015-03-04 00:36:42,0,3601,False,playlist,0.0,,False,False,,《Starcraft2 SPL2015》 Round 2,20
656,6itPVHAMUJA,NSSL2015/03/05 Part2 : Maru vs Stats,https://www.youtube.com/watch?v=6itPVHAMUJA,2015-03-06 01:52:32,1,3602,False,keyword,0.0,,False,False,,,20
657,X2SqYtNfo-w,Maru的神空投! Maru fantastic drops,https://www.youtube.com/watch?v=X2SqYtNfo-w,2015-03-06 01:01:54,1,353,False,none,0.0,,False,False,,,20
658,Z8PetbI3gXE,NSSL2015/03/05 Part4 : Life vs Dream,https://www.youtube.com/watch?v=Z8PetbI3gXE,2015-03-06 01:27:07,1,3603,False,keyword,0.0,,False,False,,,20
659,gg4Npu_u-3U,NSSL2015/03/05 Part1 : Maru vs Stats,https://www.youtube.com/watch?v=gg4Npu_u-3U,2015-03-06 01:26:41,1,3603,False,keyword,0.0,,False,False,,,20
660,nK768_du__0,NSSL2015/03/05 Part5 : Life vs Dream,https://www.youtube.com/watch?v=nK768_du__0,2015-03-06 00:54:16,0,1089,False,keyword,0.0,,False,False,,,20
661,t6Ih032TAAU,NSSL2015/03/05 Part3 : Life vs Dream,https://www.youtube.com/watch?v=t6Ih032TAAU,2015-03-06 01:28:21,1,3602,False,keyword,0.0,,False,False,,,20
662,ywY2MBs9hos,刀塔小技巧 卡黑屏  (以地穴領主 難度6 為例),https://www.youtube.com/watch?v=ywY2MBs9hos,2015-03-06 02:18:12,2,323,False,playlist,0.0,,False,False,,刀塔傳奇,20
663,llUr6yOdaQk,【Joeman解說】刀塔傳奇 噩夢等級遠征 國家隊通關與技巧講解 與 掃蕩示範,https://www.youtube.com/watch?v=llUr6yOdaQk,2015-03-07 01:02:18,1,970,False,keyword,0.0,,False,False,,,20
664,2-sd5tVHzd8,還是忍不住.... 幻影刺客 要幾抽才抽得到?,https://www.youtube.com/watch?v=2-sd5tVHzd8,2015-03-15 00:26:22,0,151,False,playlist,0.0,,False,False,,刀塔傳奇,20
665,dQPNadhm7M4,刀塔冷知識 第十二集 拍拍熊的覺醒技能與大絕次數,https://www.youtube.com/watch?v=dQPNadhm7M4,2015-03-15 04:00:17,4,617,False,playlist,0.0,,False,False,,刀塔冷知識|刀塔傳奇,20
666,I4KAiEF4Rcg,猴子也會的 AfreecaTV 辣椒艾菲卡 高畫質直播教學,https://www.youtube.com/watch?v=I4KAiEF4Rcg,2015-03-16 16:11:28,16,645,False,keyword,1.0,品牌官方導流,False,False,,,20
667,5CNIrknZ50A,波可龍迷宮 - 華麗的女舞神 30連抽 !,https://www.youtube.com/watch?v=5CNIrknZ50A,2015-03-17 17:28:36,17,253,False,playlist,0.0,,False,False,,《波可龍迷宮》,20
668,GCPy84-J8ts,SPL2015/03/16 Part1 : sOs vs Losira / Pigbaby vs DeParture / Symbol vs Center,https://www.youtube.com/watch?v=GCPy84-J8ts,2015-03-17 08:29:24,8,3602,False,playlist,0.0,,False,False,,《Starcraft2 SPL2015》 Round 2,20
669,Ku4vDGsmID0,SPL2015/03/16 Part2 : Rogue vs MarineKing / sOs vs HerO,https://www.youtube.com/watch?v=Ku4vDGsmID0,2015-03-17 08:29:24,8,3603,False,playlist,0.0,,False,False,,《Starcraft2 SPL2015》 Round 2,20
670,w0i2hxLLqd0,SPL2015/03/16 Part3 : soO vs Action / Classic vs Stats / Dream vs First,https://www.youtube.com/watch?v=w0i2hxLLqd0,2015-03-17 08:29:24,8,3298,False,playlist,0.0,,False,False,,《Starcraft2 SPL2015》 Round 2,20
671,3qMEZAa8h7E,刀塔冷知識 第十三集 召換師卡爾徹底解秘,https://www.youtube.com/watch?v=3qMEZAa8h7E,2015-03-22 13:00:20,13,936,False,playlist,0.0,,False,False,,刀塔冷知識|刀塔傳奇,20
672,ghqS9VHXhh4,NSSL2015/03/22  Season1 Final:Maru vs Dream Part2,https://www.youtube.com/watch?v=ghqS9VHXhh4,2015-03-22 11:21:50,11,3338,False,keyword,0.0,,False,False,,,20
673,hjYi8W8Hz70,NSSL2015/03/22  Season1 Final:Maru vs Dream Part1,https://www.youtube.com/watch?v=hjYi8W8Hz70,2015-03-22 11:07:12,11,3601,False,keyword,0.0,,False,False,,,20
674,3PAw5zC7Ldg,刀塔傳奇 團副研究院 14章 火龍 BOSS頭目 298萬傷害,https://www.youtube.com/watch?v=3PAw5zC7Ldg,2015-03-23 09:42:07,9,230,False,playlist,0.0,,False,False,,刀塔傳奇 團副研究院,20
675,K49fywpugDg,SPL2015/03/23 Part2: Rogue vs Life / sOs vs Flash,https://www.youtube.com/watch?v=K49fywpugDg,2015-03-24 13:09:46,13,3603,False,playlist,0.0,,False,False,,《Starcraft2 SPL2015》 Round 2,20
676,aWe1xNoCXQE,SPL2015/03/23 Part1: YoDa vs Shine / BBoongBBoong vs Dear / Creator vs Armani,https://www.youtube.com/watch?v=aWe1xNoCXQE,2015-03-24 13:20:54,13,3603,False,playlist,0.0,,False,False,,《Starcraft2 SPL2015》 Round 2,20
677,cqKASYqXDlw,SPL2015/03/23 Part4:Maru vs Zest,https://www.youtube.com/watch?v=cqKASYqXDlw,2015-03-24 13:09:38,13,805,False,playlist,0.0,,False,False,,《Starcraft2 SPL2015》 Round 2,20
678,dPby51ubRXw,SPL2015/03/23 Part3: Trap vs Zest / Cure vs Stats / Maru vs Zest,https://www.youtube.com/watch?v=dPby51ubRXw,2015-03-24 13:14:09,13,3602,False,playlist,0.0,,False,False,,《Starcraft2 SPL2015》 Round 2,20
679,biU15Hhw2vM,2015 年式 超夢幻高階電競筆電 Alienware 17 (GTX980M) 開箱介紹 Unboxing review / intro,https://www.youtube.com/watch?v=biU15Hhw2vM,2015-03-25 23:40:42,23,645,False,keyword,0.0,,False,False,,,19
680,ZZRUgbW57Ec,《惡靈古堡 - 啟示2》中字劇情直播 Episode2-1 Resident Evil Biohazard Revelations GamePlay Walkthrough Chinese Sub,https://www.youtube.com/watch?v=ZZRUgbW57Ec,2015-03-26 02:27:04,2,9642,False,playlist,0.0,,False,False,,《惡靈古堡 啟示2》劇情直播 Resident Evil Biohazard Revelations 2 GamePlay  Walkthrough,19
681,fOJHD2JPjFY,《惡靈古堡 - 啟示2》中字劇情直播 Episode3-1 Resident Evil Biohazard Revelations GamePlay Walkthrough Chinese Sub,https://www.youtube.com/watch?v=fOJHD2JPjFY,2015-03-29 12:55:00,12,5982,False,playlist,0.0,,False,False,,《惡靈古堡 啟示2》劇情直播 Resident Evil Biohazard Revelations 2 GamePlay  Walkthrough,19
682,p6lUFVXB9t4,《惡靈古堡 - 啟示2》中字劇情直播 Episode2-2 Resident Evil Biohazard Revelations GamePlay Walkthrough Chinese Sub,https://www.youtube.com/watch?v=p6lUFVXB9t4,2015-03-29 12:54:54,12,3723,False,playlist,0.0,,False,False,,《惡靈古堡 啟示2》劇情直播 Resident Evil Biohazard Revelations 2 GamePlay  Walkthrough,19
683,GPpFu9ttw5g,C875 圓剛高畫質行動錄影盒 開箱&實測 C875 AVerMedia unboxing review,https://www.youtube.com/watch?v=GPpFu9ttw5g,2015-03-30 23:31:00,23,807,False,keyword,0.0,,False,False,,,20
684,cCf5K_wXJtE,刀塔傳奇 王座之塔 平民控場流  通關教學,https://www.youtube.com/watch?v=cCf5K_wXJtE,2015-03-30 23:12:58,23,308,False,playlist,0.0,,False,False,,刀塔傳奇,20
685,eIr9Lob_XZ0,《惡靈古堡 - 啟示2》第二集精華 Episode2 Summary Resident Evil Biohazard Revelations GamePlay Walkthrough,https://www.youtube.com/watch?v=eIr9Lob_XZ0,2015-03-30 21:41:47,21,1389,False,playlist,0.0,,False,False,,《惡靈古堡 啟示2》劇情直播 Resident Evil Biohazard Revelations 2 GamePlay  Walkthrough,20
686,RFNGlEoYcHk,SPL2015/03/30 Part2: aLive vs ByuL / San vs herO,https://www.youtube.com/watch?v=RFNGlEoYcHk,2015-03-31 00:43:28,0,3603,False,keyword,0.0,,False,False,,,20
687,ZxNyKj3UAgU,波可龍迷宮 太神啦! 一場超上就掉星塵之龍亞種 這你敢信?,https://www.youtube.com/watch?v=ZxNyKj3UAgU,2015-03-31 13:21:02,13,66,False,playlist,0.0,,False,False,,《波可龍迷宮》,20
688,_w3iKMQijzo,SPL2015/03/30 Part4: Panic vs TerrOr,https://www.youtube.com/watch?v=_w3iKMQijzo,2015-03-31 00:43:28,0,840,False,keyword,0.0,,False,False,,,20
689,bxKF2Ah6_v8,波可龍迷宮 星塵之龍亞種 猛毒技能 一次扣10%,https://www.youtube.com/watch?v=bxKF2Ah6_v8,2015-03-31 14:44:34,14,38,False,playlist,0.0,,False,False,,《波可龍迷宮》,20
690,jhR0L5EE9c4,SPL2015/03/30 Part3: Losira vs YoDa / DeParture vs Zoun / YongHwa vs KeeN,https://www.youtube.com/watch?v=jhR0L5EE9c4,2015-03-31 00:46:55,0,3602,False,keyword,0.0,,False,False,,,20
691,sunzfAAWJXo,SPL2015/03/30 Part1: Leenock vs sKyHigh / Pet vs Bbyong / aLive vs ByuL,https://www.youtube.com/watch?v=sunzfAAWJXo,2015-03-31 01:19:40,1,3602,False,keyword,0.0,,False,False,,,20
692,yUXzpj8bnKA,《Joeman 脫口秀 》第五集 - 頂尖神族不探點位,https://www.youtube.com/watch?v=yUXzpj8bnKA,2015-03-31 16:57:55,16,253,False,playlist,0.0,,False,False,,Joeman脫口秀,20
693,LBSCIbSSIu4,星海爭霸 虛空之遺 4K極限畫質實測 Part2 Starcraft LotV Ultra HD ( Alienware 17 GTX980M),https://www.youtube.com/watch?v=LBSCIbSSIu4,2015-04-02 06:06:59,6,381,False,keyword,0.0,,False,False,,,20
694,skEGjyN6tSo,星海爭霸 虛空之遺 4K極限畫質實測  Part1  Starcraft LotV Ultra HD ( Alienware 17 GTX980M),https://www.youtube.com/watch?v=skEGjyN6tSo,2015-04-02 06:06:59,6,86,False,keyword,0.0,,False,False,,,20
695,t398vfAUoFs,《惡靈古堡 - 啟示2》中字劇情直播 Episode3-2 Resident Evil Biohazard Revelations GamePlay Walkthrough Chinese Sub,https://www.youtube.com/watch?v=t398vfAUoFs,2015-04-02 05:34:23,5,5668,False,playlist,0.0,,False,False,,《惡靈古堡 啟示2》劇情直播 Resident Evil Biohazard Revelations 2 GamePlay  Walkthrough,19
696,DT8QKHlcxKQ,《惡靈古堡 - 啟示2》第三集精華 打奶奶!,https://www.youtube.com/watch?v=DT8QKHlcxKQ,2015-04-03 19:32:23,19,665,False,playlist,0.0,,False,False,,《惡靈古堡 啟示2》劇情直播 Resident Evil Biohazard Revelations 2 GamePlay  Walkthrough,20
697,2JyFLFYrUa0,刀塔冷知識 第十四集 獸人術士的地獄火到底有多硬?,https://www.youtube.com/watch?v=2JyFLFYrUa0,2015-04-05 01:26:27,1,402,False,playlist,0.0,,False,False,,刀塔冷知識,20
698,DH9N1MXDQuA,SPL2015/04/06 Part1:DeParture vs soO / Panic vs Billowy / Losira vs INnoVation / YongHwa vs Classic,https://www.youtube.com/watch?v=DH9N1MXDQuA,2015-04-09 01:33:40,1,3601,False,playlist,0.0,,False,False,,《Starcraft2 SPL2015》 Round 2,20
699,EkU-rzBqI_s,SPL2015/04/06 Part2: Center vs soO,https://www.youtube.com/watch?v=EkU-rzBqI_s,2015-04-09 01:36:07,1,3601,False,playlist,0.0,,False,False,,《Starcraft2 SPL2015》 Round 2,20
700,FW5UPVoFYFA,《惡靈古堡 - 啟示2》中字劇情直播 Episode3-3 Resident Evil Biohazard Revelations GamePlay Walkthrough Chinese Sub,https://www.youtube.com/watch?v=FW5UPVoFYFA,2015-04-09 01:12:39,1,9864,False,playlist,0.0,,False,False,,《惡靈古堡 啟示2》劇情直播 Resident Evil Biohazard Revelations 2 GamePlay  Walkthrough,19
701,_Qh8-hgWllo,SPL2015/04/06 Part3: Dear vs sKyHigh / Hurricane vs Bbyong / Reality vs herO,https://www.youtube.com/watch?v=_Qh8-hgWllo,2015-04-09 01:17:53,1,2674,False,playlist,0.0,,False,False,,《Starcraft2 SPL2015》 Round 2,20
702,-cxSL6D0Q3Q,【Joeman解說】刀塔傳奇 覺醒電魂+卡爾隊 徹底解析與優劣解說(非純雷卡),https://www.youtube.com/watch?v=-cxSL6D0Q3Q,2015-04-10 16:43:22,16,800,False,playlist,0.0,,False,False,,刀塔傳奇,20
703,TxmYq0CmEfo,《惡靈古堡 - 啟示2》第四集精華 刺客教條我最厲害啦,https://www.youtube.com/watch?v=TxmYq0CmEfo,2015-04-10 07:11:54,7,22,False,playlist,0.0,,False,False,,《惡靈古堡 啟示2》劇情直播 Resident Evil Biohazard Revelations 2 GamePlay  Walkthrough,20
704,JPJ4cbE9hYE,《波可龍迷宮》墮天使的降臨 超上難度直播,https://www.youtube.com/watch?v=JPJ4cbE9hYE,2015-04-11 02:34:00,2,6256,False,keyword,0.0,,False,False,,,19
705,jvZs8XgOcBI,《惡靈古堡-啟示2》 Chapter4,https://www.youtube.com/watch?v=jvZs8XgOcBI,2015-04-11 02:31:32,2,6606,False,keyword,0.0,,False,False,,,19
706,TLUl_2yvVh8,刀塔冷知識 第十五集 控場英雄大排名,https://www.youtube.com/watch?v=TLUl_2yvVh8,2015-04-12 04:55:22,4,558,False,playlist,0.0,,False,False,,刀塔冷知識|刀塔傳奇,20
707,_ix-52jtVEs,【Joeman直播】《GTA5 俠盜獵車手5》 故事模式 直播第二天,https://www.youtube.com/watch?v=_ix-52jtVEs,2015-04-16 20:15:11,20,7661,False,playlist,0.0,,False,False,,《GTAV 俠盜獵車手5》,19
708,ejBPLzGoxvc,【Joeman直播】《GTA5 俠盜獵車手5》 故事模式 直播第一天,https://www.youtube.com/watch?v=ejBPLzGoxvc,2015-04-16 06:35:10,6,4747,False,playlist,0.0,,False,False,,《GTAV 俠盜獵車手5》,19
709,5uiGWua6xF4,【Joeman直播】《GTA5 俠盜獵車手5》 故事模式 直播第三天 Part1,https://www.youtube.com/watch?v=5uiGWua6xF4,2015-04-17 20:34:26,20,7708,False,playlist,0.0,,False,False,,《GTAV 俠盜獵車手5》,19
710,Bx8viFYAQeI,【Joeman直播】《GTA5 俠盜獵車手5》 故事模式 直播第三天 Part2,https://www.youtube.com/watch?v=Bx8viFYAQeI,2015-04-17 19:43:29,19,3889,False,playlist,0.0,,False,False,,《GTAV 俠盜獵車手5》,19
711,QRwj9yhmxq8,【Joeman直播】《GTA5 俠盜獵車手5》精華快剪-草莓族麥可,https://www.youtube.com/watch?v=QRwj9yhmxq8,2015-04-17 14:31:30,14,21,False,playlist,0.0,,False,False,,《GTAV 俠盜獵車手5》,20
712,KvaV4qc_gFY,【Joeman直播】《GTA5 俠盜獵車手5》精華快剪-查理出任務,https://www.youtube.com/watch?v=KvaV4qc_gFY,2015-04-18 11:40:39,11,76,False,playlist,0.0,,False,False,,《GTAV 俠盜獵車手5》,20
713,BjzALjrjywo,【Joeman直播】《GTA5 俠盜獵車手5》精華快剪-不科學迴旋,https://www.youtube.com/watch?v=BjzALjrjywo,2015-04-19 18:39:26,18,34,False,playlist,0.0,,False,False,,《GTAV 俠盜獵車手5》,20
714,NsAFXLFQvPg,刀塔冷知識 第十六集番外 鳳凰大絕時被補血會發生甚麼事情?,https://www.youtube.com/watch?v=NsAFXLFQvPg,2015-04-19 13:17:42,13,110,False,playlist,0.0,,False,False,,刀塔冷知識|刀塔傳奇,20
715,XQ5R18HVdyk,【Joeman直播】《GTA5 俠盜獵車手5》 故事模式 直播第四天,https://www.youtube.com/watch?v=XQ5R18HVdyk,2015-04-19 12:19:10,12,6561,False,playlist,0.0,,False,False,,《GTAV 俠盜獵車手5》,19
716,g8gye0fxpDE,刀塔冷知識 第十六集 鳳凰大絕原理解析,https://www.youtube.com/watch?v=g8gye0fxpDE,2015-04-19 12:41:42,12,429,False,playlist,0.0,,False,False,,刀塔冷知識|刀塔傳奇,20
717,DXY8x2y6ANg,【Joeman直播】《GTA5 俠盜獵車手5》精華快剪-我要喝奶,https://www.youtube.com/watch?v=DXY8x2y6ANg,2015-04-20 20:37:40,20,35,False,playlist,0.0,,False,False,,《GTAV 俠盜獵車手5》,20
718,IdbATO4E1sI,【Joeman直播】《GTA5 俠盜獵車手5》 故事模式 直播第五天,https://www.youtube.com/watch?v=IdbATO4E1sI,2015-04-20 12:08:49,12,10131,False,playlist,0.0,,False,False,,《GTAV 俠盜獵車手5》,19
719,otHYz1YuPlE,【Joeman老實說】仙劍奇俠傳,https://www.youtube.com/watch?v=otHYz1YuPlE,2015-04-22 11:31:30,11,145,False,keyword,0.0,,False,False,,,20
720,WHm3QHs4doc,【Joeman直播】《GTA5 俠盜獵車手5》 故事模式 直播第六天,https://www.youtube.com/watch?v=WHm3QHs4doc,2015-05-04 02:15:56,2,11371,False,playlist,0.0,,False,False,,《GTAV 俠盜獵車手5》,19
721,a_BAWa7j4Vw,【Joeman直播】《GTA5 俠盜獵車手5》精華快剪-行俠仗義的下場,https://www.youtube.com/watch?v=a_BAWa7j4Vw,2015-05-05 03:16:26,3,153,False,playlist,0.0,,False,False,,《GTAV 俠盜獵車手5》,20
722,5DWrNp0uZcc,【Joeman直播】《GTA5 俠盜獵車手5》 故事模式 直播第七天,https://www.youtube.com/watch?v=5DWrNp0uZcc,2015-05-06 03:15:37,3,12148,False,playlist,0.0,,False,False,,《GTAV 俠盜獵車手5》,19
723,PDK6wF4dtTU,【Joeman直播】《GTA5 俠盜獵車手5》精華快剪-買一送一,https://www.youtube.com/watch?v=PDK6wF4dtTU,2015-05-06 19:21:27,19,58,False,playlist,0.0,,False,False,,《GTAV 俠盜獵車手5》,20
724,T9JzlnOWdCY,【Joeman直播】《GTA5 俠盜獵車手5》 故事模式 直播第8天 Part1,https://www.youtube.com/watch?v=T9JzlnOWdCY,2015-05-07 15:48:31,15,6391,False,playlist,0.0,,False,False,,《GTAV 俠盜獵車手5》,19
725,vlc3rB2_RY8,【Joeman直播】《GTA5 俠盜獵車手5》精華快剪-被警察眷顧的男子,https://www.youtube.com/watch?v=vlc3rB2_RY8,2015-05-07 15:43:18,15,185,False,playlist,0.0,,False,False,,《GTAV 俠盜獵車手5》,20
726,C_OExN1-lsk,【Joeman直播】《GTA5 俠盜獵車手5》 故事模式 直播第9天 Part2,https://www.youtube.com/watch?v=C_OExN1-lsk,2015-05-09 16:31:28,16,6365,False,playlist,0.0,,False,False,,《GTAV 俠盜獵車手5》,19
727,p6PDwb1Mf9U,【Joeman直播】《GTA5 俠盜獵車手5》精華快剪- 機車終結者,https://www.youtube.com/watch?v=p6PDwb1Mf9U,2015-05-09 19:39:52,19,102,False,playlist,0.0,,False,False,,《GTAV 俠盜獵車手5》,20
728,xP0cNV2_9V4,【Joeman直播】《GTA5 俠盜獵車手5》 故事模式 直播第9天 Part1,https://www.youtube.com/watch?v=xP0cNV2_9V4,2015-05-09 16:51:04,16,7397,False,playlist,0.0,,False,False,,《GTAV 俠盜獵車手5》,19
729,-trj8imc8CE,【Joeman馬路三寶台】GTA5 故事模式 第10天,https://www.youtube.com/watch?v=-trj8imc8CE,2015-05-10 01:56:20,1,6680,False,keyword,0.0,,False,False,,,19
730,FbtiGeiCMs4,《GTA5俠盜獵車手 小劇場》不要讓媽媽不開心,https://www.youtube.com/watch?v=FbtiGeiCMs4,2015-05-10 20:19:07,20,27,False,playlist,0.0,,False,False,,《GTA5俠盜獵車手 小劇場》,20
731,uvsmGGpW-zw,《GTA5俠盜獵車手 小劇場》狙擊槍串燒,https://www.youtube.com/watch?v=uvsmGGpW-zw,2015-05-11 16:33:32,16,31,False,playlist,0.0,,False,False,,《GTA5俠盜獵車手 小劇場》,20
732,YlHGzUFp6mg,【Joeman直播】《GTA5 俠盜獵車手5》精華快剪- 崔佛計程車行,https://www.youtube.com/watch?v=YlHGzUFp6mg,2015-05-12 16:37:52,16,56,False,playlist,0.0,,False,False,,《GTAV 俠盜獵車手5》,20
733,sbI3HQ1C9bc,【Joeman馬路三寶台】GTA5 故事模式 第11天,https://www.youtube.com/watch?v=sbI3HQ1C9bc,2015-05-12 17:48:26,17,10320,False,keyword,0.0,,False,False,,,19
734,0oaSWOvTYzY,SPL2015/05/11 Part3: BBoongBBoong vs Bomber / Creator vs DRG,https://www.youtube.com/watch?v=0oaSWOvTYzY,2015-05-13 21:55:42,21,3603,False,playlist,0.0,,False,False,,《Starcraft2 SPL2015》 Round 3,20
735,9gbm_Bs4r3k,【Joeman馬路三寶台】GTA5 故事模式 第12天,https://www.youtube.com/watch?v=9gbm_Bs4r3k,2015-05-13 03:28:30,3,8850,False,keyword,0.0,,False,False,,,19
736,Anw6GK8HBQg,SPL2015/05/11 Part1: Flash vs Cure/ Zest vs sOs / Life vs Rogue,https://www.youtube.com/watch?v=Anw6GK8HBQg,2015-05-13 21:55:42,21,3603,False,playlist,0.0,,False,False,,《Starcraft2 SPL2015》 Round 3,20
737,FW9PIjzMPKU,2015 KeSPA Cup Season1 決賽 herO vs Dark (Part1),https://www.youtube.com/watch?v=FW9PIjzMPKU,2015-05-13 21:55:42,21,3601,False,playlist,0.0,,False,False,,2015 KeSPA Cup Season1,20
738,WTOIaUJ8ET4,SPL2015/05/11 Part4: YoDa vs MyuNgSiK,https://www.youtube.com/watch?v=WTOIaUJ8ET4,2015-05-13 21:55:43,21,1677,False,playlist,0.0,,False,False,,《Starcraft2 SPL2015》 Round 3,20
739,ZW8cWBuMJ6U,2015 KeSPA Cup Season1 決賽 herO vs Dark (Part3),https://www.youtube.com/watch?v=ZW8cWBuMJ6U,2015-05-13 21:55:42,21,2760,False,playlist,0.0,,False,False,,2015 KeSPA Cup Season1,20
740,h6PFi1O3LuU,SPL2015/05/11 Part2: Life vs Rogue / Stats vs Maru / Zest vs Maru,https://www.youtube.com/watch?v=h6PFi1O3LuU,2015-05-13 21:55:43,21,3601,False,playlist,0.0,,False,False,,《Starcraft2 SPL2015》 Round 3,20
741,mkr092aEpHg,2015 KeSPA Cup Season1 準決賽 Dark vs Life,https://www.youtube.com/watch?v=mkr092aEpHg,2015-05-13 21:55:43,21,3601,False,keyword,0.0,,False,False,,,20
742,t2nfcMynW_s,2015 KeSPA Cup Season1 決賽 herO vs Dark (Part2),https://www.youtube.com/watch?v=t2nfcMynW_s,2015-05-13 21:55:42,21,3601,False,playlist,0.0,,False,False,,2015 KeSPA Cup Season1,20
743,w4ehW-xZpy8,2015 KeSPA Cup Season1 準決賽 herO vs ByuL,https://www.youtube.com/watch?v=w4ehW-xZpy8,2015-05-13 21:55:42,21,3602,False,playlist,0.0,,False,False,,2015 KeSPA Cup Season1,20
744,iJkPY4-rf34,【Joeman馬路三寶台】GTA5 故事模式 第13天,https://www.youtube.com/watch?v=iJkPY4-rf34,2015-05-14 05:24:29,5,11268,False,keyword,0.0,,False,False,,,19
745,LWN6_57JYMI,GTA5 故事模式 第14天 part2,https://www.youtube.com/watch?v=LWN6_57JYMI,2015-05-15 01:04:24,1,2846,False,keyword,0.0,,False,False,,,19
746,cHELHeM5qxs,GTA5 故事模式 第14天 Part1,https://www.youtube.com/watch?v=cHELHeM5qxs,2015-05-15 01:17:20,1,5486,False,keyword,0.0,,False,False,,,19
747,aV9xuU47rnc,【Joeman直播】《GTA5 俠盜獵車手5》精華快剪-放心躲這裡不會有火車,https://www.youtube.com/watch?v=aV9xuU47rnc,2015-05-16 03:29:03,3,183,False,playlist,0.0,,False,False,,《GTAV 俠盜獵車手5》,20
748,nDYggUB_2Y8,刀塔傳奇 團副研究院 15章 梅杜莎 BOSS頭目 503萬傷害,https://www.youtube.com/watch?v=nDYggUB_2Y8,2015-05-16 17:20:10,17,117,False,playlist,0.0,,False,False,,刀塔傳奇 團副研究院,20
749,eBMRL0ck0XI,【Joeman解說】《波可龍迷宮》 五大武器系統介紹與分析,https://www.youtube.com/watch?v=eBMRL0ck0XI,2015-05-18 15:54:53,15,1148,False,playlist,0.0,,False,False,,《波可龍迷宮》,20
750,wrRNyXSDG9g,【Joeman直播】《GTA5 俠盜獵車手5》精華快剪-你為什麼不開進來一點接我,https://www.youtube.com/watch?v=wrRNyXSDG9g,2015-05-18 15:58:21,15,180,False,playlist,0.0,,False,False,,《GTAV 俠盜獵車手5》,20
751,-gc_DPdB6bk,巫師3 中文劇情台 第一天,https://www.youtube.com/watch?v=-gc_DPdB6bk,2015-05-20 18:10:45,18,10037,False,none,0.0,,False,False,,,19
752,TJwrf7_gIyw,《超激!遊戲名模主播生死鬥》精華-小舅舅請選我,https://www.youtube.com/watch?v=TJwrf7_gIyw,2015-05-21 19:17:08,19,241,False,playlist,0.0,,False,False,,《超激!遊戲名模主播生死鬥》,20
753,5wuTkNLA5HQ,俠盜獵車手5 每日任務 超危險跳傘 超簡單解法 (Joeman & 猴子),https://www.youtube.com/watch?v=5wuTkNLA5HQ,2015-05-23 01:09:09,1,174,False,playlist,0.0,,False,False,,《GTAV 俠盜獵車手5》,19
754,ogZyy1MK6eM,巫師3 中文劇情台 第二天,https://www.youtube.com/watch?v=ogZyy1MK6eM,2015-05-23 01:25:11,1,3606,False,none,0.0,,False,False,,,19
755,ppVjLChUV4A,【Joeman直播】《GTA5 俠盜獵車手5》挑戰同花順 Day1 (Joeman Hui 羅密歐 子龍),https://www.youtube.com/watch?v=ppVjLChUV4A,2015-05-23 21:49:29,21,6410,False,keyword,0.0,,False,False,,,19
756,EelCQ57NMqc,【Joeman工商】 《X行動》反恐任務 試玩,https://www.youtube.com/watch?v=EelCQ57NMqc,2015-05-24 01:40:15,1,4040,False,none,0.0,,False,False,,,19
757,foLn8_XZvqc,【Joeman直播】《GTA5 俠盜獵車手5》精華快剪-神跳加油站,https://www.youtube.com/watch?v=foLn8_XZvqc,2015-05-24 01:02:52,1,70,False,playlist,0.0,,False,False,,《GTAV 俠盜獵車手5》,19
758,jXoCZcCy0jU,【Joeman直播】《GTA5 俠盜獵車手5》挑戰同花順 Day2 (Joeman Hui 羅密歐 子龍),https://www.youtube.com/watch?v=jXoCZcCy0jU,2015-05-24 03:03:56,3,11740,False,keyword,0.0,,False,False,,,19
759,Hup3AjpIj8U,【Joeman工商】 《我是MT2》 試玩,https://www.youtube.com/watch?v=Hup3AjpIj8U,2015-05-25 00:59:15,0,993,False,none,0.0,,False,False,,,19
760,LZwONleWh_Q,【Joeman直播】《GTA5 俠盜獵車手5》挑戰同花順 Day3-2 (Joeman Hui 羅密歐 子龍),https://www.youtube.com/watch?v=LZwONleWh_Q,2015-05-25 01:28:15,1,5282,False,playlist,0.0,,False,False,,《GTAV 俠盜獵車手5》,19
761,QU4ANysrV4o,【Joeman直播】《GTA5 俠盜獵車手5》挑戰同花順 Day3-1 (Joeman Hui 羅密歐 子龍),https://www.youtube.com/watch?v=QU4ANysrV4o,2015-05-25 01:40:04,1,5695,False,playlist,0.0,,False,False,,《GTAV 俠盜獵車手5》,19
762,N6HebsiMNIM,【Joeman直播】《GTA5 俠盜獵車手5》挑戰同花順 Day4 (Joeman Hui 羅密歐 子龍),https://www.youtube.com/watch?v=N6HebsiMNIM,2015-05-26 18:22:16,18,11443,False,keyword,0.0,,False,False,,,19
763,C5GTmJfLBGQ,【Joeman工商】 《全民槍戰》 試玩,https://www.youtube.com/watch?v=C5GTmJfLBGQ,2015-05-29 01:14:04,1,924,False,none,1.0,品牌官方導流,False,False,,,20
764,kjR259c35mU,【Joeman解說】《波可龍迷宮》 最新首抽排行,https://www.youtube.com/watch?v=kjR259c35mU,2015-06-01 21:47:18,21,855,False,playlist,0.0,,False,False,,《波可龍迷宮》,20
765,xv2a0E1tlZI,【Joeman直播】《GTA5 俠盜獵車手5》挑戰同花順 Day5 (Joeman Hui 羅密歐 子龍),https://www.youtube.com/watch?v=xv2a0E1tlZI,2015-06-01 01:18:08,1,4052,False,keyword,0.0,,False,False,,,19
766,hvQBEICliDI,"【Joeman直播】《Paper,Please》 請出示文件 Day1 叔叔你去死吧",https://www.youtube.com/watch?v=hvQBEICliDI,2015-06-02 01:54:32,1,6946,False,playlist,0.0,,False,False,,"《Paper,Please》 請出示文件-海關人生",19
767,6Ntkpw5tnuc,"【Joeman直播】《Paper,Please》 請出示文件 Day2  岳母你不能死阿",https://www.youtube.com/watch?v=6Ntkpw5tnuc,2015-06-03 04:32:56,4,7790,False,playlist,0.0,,False,False,,"《Paper,Please》 請出示文件-海關人生",19
768,P-TF2E5TfGs,"【Joeman直播】《Paper,Please》 請出示文件 隨時讓你開心",https://www.youtube.com/watch?v=P-TF2E5TfGs,2015-06-03 20:58:18,20,45,False,playlist,0.0,,False,False,,"《Paper,Please》 請出示文件-海關人生",20
769,cWe36vSePJI,"【Joeman直播】《Paper,Please》 請出示文件 精華第一集",https://www.youtube.com/watch?v=cWe36vSePJI,2015-06-03 21:21:22,21,881,False,playlist,0.0,,False,False,,"《Paper,Please》 請出示文件-海關人生",20
770,BJVY54gz0-k,"【Joeman直播】《Paper,Please》 請出示文件 Day3  帶姪女浪跡天涯",https://www.youtube.com/watch?v=BJVY54gz0-k,2015-06-04 02:37:58,2,7893,False,playlist,0.0,,False,False,,"《Paper,Please》 請出示文件-海關人生",19
771,_nj-HJdHJ9w,【Joeman直播花絮】0604開台前閒聊,https://www.youtube.com/watch?v=_nj-HJdHJ9w,2015-06-04 00:30:10,0,326,False,playlist,0.0,,False,False,,Joeman 直播花絮,19
772,VtLnbZbpCf4,【Joeman解說】《波可龍迷宮》 共鬥小技巧,https://www.youtube.com/watch?v=VtLnbZbpCf4,2015-06-05 18:04:28,18,455,False,playlist,0.0,,False,False,,《波可龍迷宮》,20
773,sHMMqtESGO4,《俠盜獵車手5》疑似加到駭客地圖 走在路上會噴複製錢袋 GTA5 Money Hack,https://www.youtube.com/watch?v=sHMMqtESGO4,2015-06-05 09:00:02,9,41,False,keyword,0.0,,False,False,,,20
774,jJXF-JPprCs,【Joeman直播花絮】轉播4Gamers雜誌結果收到100美金斗內!!,https://www.youtube.com/watch?v=jJXF-JPprCs,2015-06-06 01:53:33,1,149,False,playlist,0.0,,False,False,,Joeman 直播花絮,19
775,-XB5JY0zNX0,"【Joeman直播】《Paper,Please》 請出示文件 精華第二集",https://www.youtube.com/watch?v=-XB5JY0zNX0,2015-06-07 12:28:23,12,1904,False,playlist,0.0,,False,False,,"《Paper,Please》 請出示文件-海關人生",20
776,zVKZheSnxGY,【Joeman直播花絮】大乾爹駿哥斗內一張GTX980,https://www.youtube.com/watch?v=zVKZheSnxGY,2015-06-07 03:09:58,3,240,False,playlist,0.0,,False,False,,Joeman 直播花絮,19
777,T5fZh5oKSf8,【Joeman直播花絮】用子龍的line貼圖洗頻Sobad,https://www.youtube.com/watch?v=T5fZh5oKSf8,2015-06-08 00:50:05,0,278,False,playlist,0.0,,False,False,,Joeman 直播花絮,19
778,mtLOVMKz_LY,【Joeman直播】《GTA5 俠盜獵車手5》騎小綿羊解搶劫  Day1 (Joeman 羅密歐 子龍 猴子),https://www.youtube.com/watch?v=mtLOVMKz_LY,2015-06-08 02:34:52,2,8432,False,playlist,0.0,,False,False,,《GTAV 俠盜獵車手5》,19
779,GDmRszC8Iyk,【Joeman直播】《BroForce》武裝兄弟連 精華第一集,https://www.youtube.com/watch?v=GDmRszC8Iyk,2015-06-09 11:39:54,11,708,False,playlist,0.0,,False,False,,BroForce 武裝兄弟連,20
780,RZlENgHGAaE,【Joeman直播花絮】Twitch訂閱超過100人!,https://www.youtube.com/watch?v=RZlENgHGAaE,2015-06-09 01:14:30,1,123,False,playlist,0.0,,False,False,,Joeman 直播花絮,19
781,DDOqsNNgzmM,【Joeman直播】《BroForce》武裝兄弟連 精華第二集,https://www.youtube.com/watch?v=DDOqsNNgzmM,2015-06-10 19:23:28,19,1392,False,playlist,0.0,,False,False,,BroForce 武裝兄弟連,20
782,Rp0GJjh7qV8,【Joeman直播】《GTA5 俠盜獵車手5》騎小綿羊解搶劫 Day2 (Joeman 羅密歐 子龍 猴子),https://www.youtube.com/watch?v=Rp0GJjh7qV8,2015-06-13 05:15:39,5,10844,False,playlist,0.0,,False,False,,《GTAV 俠盜獵車手5》,19
783,u6u7wiynD1Y,《Prison Architect》監獄建築師 漢化 教學 (Alpha33版),https://www.youtube.com/watch?v=u6u7wiynD1Y,2015-06-13 18:18:37,18,319,False,playlist,0.0,,False,False,,Prison Architect 《監獄建築師》,20
784,7ejjIODU4yE,"【Joeman直播】《Paper,Please》 請出示文件 精華第三集 (感人大結局)",https://www.youtube.com/watch?v=7ejjIODU4yE,2015-06-14 14:27:46,14,2522,False,playlist,0.0,,False,False,,"《Paper,Please》 請出示文件-海關人生",20
785,P8gR_ErVT7M,【Joeman直播花絮】處罰 : 超噁精力湯 (正在吃飯者慎入),https://www.youtube.com/watch?v=P8gR_ErVT7M,2015-06-15 08:59:36,8,404,False,playlist,0.0,,False,False,,Joeman 直播花絮,20
786,GSCR9kpi24c,【Joeman直播】《BroForce》武裝兄弟連 精華第四集 異形大魔王,https://www.youtube.com/watch?v=GSCR9kpi24c,2015-06-16 16:21:45,16,1339,False,playlist,0.0,,False,False,,BroForce 武裝兄弟連,20
787,uusnkKLhgUc,【Joeman直播】《BroForce》武裝兄弟連 精華第三集 遲來的機器戰警,https://www.youtube.com/watch?v=uusnkKLhgUc,2015-06-16 15:50:29,15,1163,False,playlist,0.0,,False,False,,BroForce 武裝兄弟連,20
788,qw4OgPf0Iq4,【Joeman直播花絮】捐款目標:絕命異次元  秒達成...,https://www.youtube.com/watch?v=qw4OgPf0Iq4,2015-06-17 01:00:27,1,92,False,playlist,0.0,,False,False,,Joeman 直播花絮,19
789,zsB8_5WYzQ0,【Joeman直播】Prison Architect《監獄建築師》第一集 大浴室草圖,https://www.youtube.com/watch?v=zsB8_5WYzQ0,2015-06-17 12:54:26,12,724,False,playlist,0.0,,False,False,,Prison Architect 《監獄建築師》,20
790,mMtejQ5EQ9s,【Joeman直播】Prison Architect《監獄建築師》第二集 犯人進監啦!,https://www.youtube.com/watch?v=mMtejQ5EQ9s,2015-06-18 14:51:04,14,859,False,playlist,0.0,,False,False,,Prison Architect 《監獄建築師》,20
791,JQskaZSn_Ac,【Joeman直播花絮】7月份乾爹感謝祭公布,https://www.youtube.com/watch?v=JQskaZSn_Ac,2015-06-19 01:49:41,1,346,False,playlist,0.0,,False,False,,Joeman 直播花絮,19
792,Sy1nCs9C9e4,【Joeman直播花絮】六月份乾爹感謝祭 MSI GTX980抽獎!,https://www.youtube.com/watch?v=Sy1nCs9C9e4,2015-06-19 01:47:06,1,696,False,playlist,0.0,,False,False,,Joeman 直播花絮,19
793,e9bXkZNSDxk,【Joeman直播花絮】把手機號碼打在ID上的下場...,https://www.youtube.com/watch?v=e9bXkZNSDxk,2015-06-19 17:49:59,17,226,False,playlist,0.0,,False,False,,Joeman 直播花絮,20
794,xe5KcIYPank,【Joeman直播】Prison Architect《監獄建築師》第三集 個人牢房完工!,https://www.youtube.com/watch?v=xe5KcIYPank,2015-06-21 00:44:02,0,723,False,playlist,0.0,,False,False,,Prison Architect 《監獄建築師》,20
795,AFrsnqaukY4,【Joeman直播】Dead Space《絕命異次元》第一章 新來訪者,https://www.youtube.com/watch?v=AFrsnqaukY4,2015-06-22 02:53:14,2,1810,False,playlist,0.0,,False,False,,Dead Space 《絕命異次元》,20
796,WBd1fAMpWak,【Joeman直播】Prison Architect《監獄建築師》第四集 蓋馬桶蓋到有人斗內,https://www.youtube.com/watch?v=WBd1fAMpWak,2015-06-22 15:59:18,15,1019,False,playlist,0.0,,False,False,,Prison Architect 《監獄建築師》,20
797,cCF23yBF67Y,【Joeman直播】Dead Space《絕命異次元》第二章 重症監護,https://www.youtube.com/watch?v=cCF23yBF67Y,2015-06-23 16:32:36,16,2261,False,playlist,0.0,,False,False,,Dead Space 《絕命異次元》,20
798,VLIxce5i9Zw,【Joeman直播】Dead Space《絕命異次元》第三章 修正航道,https://www.youtube.com/watch?v=VLIxce5i9Zw,2015-06-24 19:16:50,19,2137,False,playlist,0.0,,False,False,,Dead Space 《絕命異次元》,20
799,gJkWvIKWVVM,【Joeman試玩】魔物獵人FRONTIER G,https://www.youtube.com/watch?v=gJkWvIKWVVM,2015-06-24 17:12:31,17,1400,False,none,1.0,品牌官方導流,False,False,,,20
800,2u8sqfXgz3w,【Joeman直播】Dead Space《絕命異次元》第五章 致命獻祭,https://www.youtube.com/watch?v=2u8sqfXgz3w,2015-06-25 18:56:52,18,1816,False,playlist,0.0,,False,False,,Dead Space 《絕命異次元》,20
801,8mC6MpTzw-0,【Joeman直播】Dead Space《絕命異次元》第四章 大難臨頭,https://www.youtube.com/watch?v=8mC6MpTzw-0,2015-06-25 04:37:23,4,1868,False,playlist,0.0,,False,False,,Dead Space 《絕命異次元》,20
802,gL2YuhSVckY,【Joeman解說】刀塔傳奇 預言之池 瘋狂之血 難度8,https://www.youtube.com/watch?v=gL2YuhSVckY,2015-06-25 16:53:51,16,95,False,playlist,0.0,,False,False,,刀塔傳奇 團副研究院,20
803,taz-4l5gyBc,刀塔傳奇 團副研究院 14章 火龍 BOSS頭目 432萬傷害,https://www.youtube.com/watch?v=taz-4l5gyBc,2015-06-25 04:34:28,4,231,False,playlist,0.0,,False,False,,刀塔傳奇 團副研究院,20
804,PTMt8KqBAbg,【Joeman直播】Dead Space《絕命異次元》第六章 環境危機,https://www.youtube.com/watch?v=PTMt8KqBAbg,2015-06-26 02:42:40,2,2661,False,playlist,0.0,,False,False,,Dead Space 《絕命異次元》,20
805,dBIq9OH1mKY,【Joeman解說】刀塔傳奇 永生夢境 大地之斧 164萬傷害 (無機甲浣熊打法),https://www.youtube.com/watch?v=dBIq9OH1mKY,2015-06-27 20:26:03,20,216,False,playlist,0.0,,False,False,,刀塔傳奇 團副研究院,20
806,kCMH5RBG4sY,【Joeman直播】Prison Architect《監獄建築師》第五集 醫療室與公共休息區,https://www.youtube.com/watch?v=kCMH5RBG4sY,2015-06-27 03:06:15,3,848,False,playlist,0.0,,False,False,,Prison Architect 《監獄建築師》,20
807,qrx_KivVKuU,【Joeman直播】Dead Space《絕命異次元》第七章 進入虛空,https://www.youtube.com/watch?v=qrx_KivVKuU,2015-06-27 21:04:48,21,2732,False,playlist,0.0,,False,False,,Dead Space 《絕命異次元》,20
808,E1JqSmboBIQ,【Joeman解說】刀塔傳奇 預言之池 影魔 (影之魔王) 難度8,https://www.youtube.com/watch?v=E1JqSmboBIQ,2015-06-28 07:12:30,7,245,False,playlist,0.0,,False,False,,刀塔傳奇 團副研究院,20
809,MC3ruN5OHck,【Joeman直播】Dead Space《絕命異次元》第八章 搜索與救援,https://www.youtube.com/watch?v=MC3ruN5OHck,2015-06-28 19:33:46,19,1556,False,playlist,0.0,,False,False,,Dead Space 《絕命異次元》,20
810,YaTJvjV6DXQ,【Joeman直播】《南方公園 真實之杖》第二集 招集夥伴 South Park Stick of Truth ep2,https://www.youtube.com/watch?v=YaTJvjV6DXQ,2015-06-28 03:21:50,3,2777,False,playlist,0.0,,False,False,,South Park Stick of Truth 《南方公園 真實之杖》,20
811,g1OHHyLE8Gs,【Joeman直播】《南方公園 真實之杖》第一集 展開旅途 South Park Stick of Truth ep1,https://www.youtube.com/watch?v=g1OHHyLE8Gs,2015-06-28 02:24:06,2,2052,False,playlist,0.0,,False,False,,South Park Stick of Truth 《南方公園 真實之杖》,20
812,Hby_ovidyrw,【Joeman解說】刀塔傳奇 預言之池 雷神 (雷電之神) 難度8,https://www.youtube.com/watch?v=Hby_ovidyrw,2015-06-29 07:24:00,7,241,False,playlist,0.0,,False,False,,刀塔傳奇 團副研究院,20
813,P2xp2YYSyLY,【Joeman直播】《南方公園 真實之杖》第三集 奪回寶杖 South Park Stick of Truth ep3,https://www.youtube.com/watch?v=P2xp2YYSyLY,2015-06-29 11:25:31,11,1890,False,playlist,0.0,,False,False,,South Park Stick of Truth 《南方公園 真實之杖》,20
814,XoUOmkH5EkM,【Joeman直播】《南方公園 真實之杖》第四集 外星幽浮 South Park Stick of Truth ep4,https://www.youtube.com/watch?v=XoUOmkH5EkM,2015-06-29 12:34:22,12,2223,False,playlist,0.0,,False,False,,South Park Stick of Truth 《南方公園 真實之杖》,20
815,sAKVv4TvLl0,【Joeman直播】《南方公園 真實之杖》第五集 黃金先生 South Park Stick of Truth ep5,https://www.youtube.com/watch?v=sAKVv4TvLl0,2015-06-29 14:33:27,14,2424,False,playlist,0.0,,False,False,,South Park Stick of Truth 《南方公園 真實之杖》,20
816,HEFiybYfTT4,【Joeman直播】《GTA5 俠盜獵車手5》騎小綿羊解搶劫 Day3 (Joeman 羅密歐 子龍 猴子),https://www.youtube.com/watch?v=HEFiybYfTT4,2015-06-30 01:38:59,1,2500,False,playlist,0.0,,False,False,,《GTAV 俠盜獵車手5》,19
817,WbzhC_-qvP0,【Joeman直播】《GTA5 俠盜獵車手5》帶Iris去搶奪,https://www.youtube.com/watch?v=WbzhC_-qvP0,2015-06-30 01:33:16,1,3377,False,playlist,0.0,,False,False,,《GTAV 俠盜獵車手5》,19
818,U76pQGL6IwE,【Joeman直播】《GTA5 俠盜獵車手5》騎小綿羊解搶劫 Day4 (Joeman 羅密歐 子龍 猴子),https://www.youtube.com/watch?v=U76pQGL6IwE,2015-07-01 03:05:26,3,11005,False,playlist,0.0,,False,False,,《GTAV 俠盜獵車手5》,19
819,YJmIBZQ3u9s,【Joeman直播】Dead Space《絕命異次元》第九章 死亡迫近,https://www.youtube.com/watch?v=YJmIBZQ3u9s,2015-07-01 21:01:32,21,2404,False,playlist,0.0,,False,False,,Dead Space 《絕命異次元》,20
820,vJANpSWIjr0,【Joeman直播】《GTA5 俠盜獵車手5》騎小綿羊解搶劫 Day5 (Joeman 羅密歐 子龍 猴子),https://www.youtube.com/watch?v=vJANpSWIjr0,2015-07-03 03:35:56,3,15451,False,playlist,0.0,,False,False,,《GTAV 俠盜獵車手5》,19
821,vEkyy5e8BZo,【Joeman直播】《GTA5 俠盜獵車手5》騎小綿羊解搶劫 Day6 (Joeman 羅密歐 子龍 猴子),https://www.youtube.com/watch?v=vEkyy5e8BZo,2015-07-04 04:52:01,4,9555,False,playlist,0.0,,False,False,,《GTAV 俠盜獵車手5》,19
822,Ocgla1c0rPw,【Joeman直播】Dead Space《絕命異次元》 驚嚇精華 第一集,https://www.youtube.com/watch?v=Ocgla1c0rPw,2015-07-05 18:45:20,18,323,False,playlist,0.0,,False,False,,Dead Space 《絕命異次元》,20
823,P1O4bOAzjZY,【Joeman直播】《南方公園 真實之杖》第六集 納粹殭屍 South Park Stick of Truth ep6,https://www.youtube.com/watch?v=P1O4bOAzjZY,2015-07-05 15:03:20,15,2298,False,playlist,0.0,,False,False,,South Park Stick of Truth 《南方公園 真實之杖》,20
824,nDU1j4rNVx0,【Joeman直播】《南方公園 真實之杖》第七集 父母床戰 South Park Stick of Truth ep7,https://www.youtube.com/watch?v=nDU1j4rNVx0,2015-07-05 18:48:38,18,1834,False,playlist,0.0,,False,False,,South Park Stick of Truth 《南方公園 真實之杖》,20
825,BhsMRvjVbbw,【Joeman直播花絮】爐石戰記 開60包 + 導讀4Gamers雜誌(封面Sobad),https://www.youtube.com/watch?v=BhsMRvjVbbw,2015-07-06 01:19:05,1,1729,False,playlist,0.0,,False,False,,爐石戰記 直播精華,19
826,T_JRER1Adpo,【Joeman直播】《GTA5 俠盜獵車手5》精華快剪-搶劫時偷吃零食的下場,https://www.youtube.com/watch?v=T_JRER1Adpo,2015-07-06 01:13:59,1,48,False,playlist,0.0,,False,False,,《GTAV 俠盜獵車手5》,20
827,YXGPNFpRJ0I,【Joeman直播】Dead Space《絕命異次元》第十章 終結之日,https://www.youtube.com/watch?v=YXGPNFpRJ0I,2015-07-07 13:25:11,13,2512,False,playlist,0.0,,False,False,,Dead Space 《絕命異次元》,20
828,mchZ3Ui6toM,【Joeman直播花絮】爐石戰記 把視訊拉去英雄框,https://www.youtube.com/watch?v=mchZ3Ui6toM,2015-07-07 10:00:52,10,565,False,playlist,0.0,,False,False,,爐石戰記 直播精華,19
829,p5x0hJfEWfU,【Joeman直播】Dead Space《絕命異次元》第十一章 備選方案,https://www.youtube.com/watch?v=p5x0hJfEWfU,2015-07-08 06:59:14,6,1397,False,playlist,0.0,,False,False,,Dead Space 《絕命異次元》,20
830,63X09rFzVRI,【Joeman直播】Dead Space《絕命異次元》 驚嚇精華 第二集,https://www.youtube.com/watch?v=63X09rFzVRI,2015-07-10 21:01:09,21,265,False,playlist,0.0,,False,False,,Dead Space 《絕命異次元》,20
831,Zd4m-ptngBg,【Joeman直播】《仙劍奇俠傳6》劇情影片 第二集 落日部族 Chinese Paladin 6 ep2,https://www.youtube.com/watch?v=Zd4m-ptngBg,2015-07-10 22:05:06,22,3913,False,playlist,0.0,,False,False,,《仙劍奇俠傳6》,20
832,qXEQYmReoB0,【Joeman直播】《仙劍奇俠傳6》劇情影片 第一集 邪教現蹤 Chinese Paladin 6  ep1,https://www.youtube.com/watch?v=qXEQYmReoB0,2015-07-10 10:47:08,10,4841,False,playlist,0.0,,False,False,,《仙劍奇俠傳6》,20
833,9LagG3k6_-4,【Joeman直播】《GTA5 俠盜獵車手5》跟Sobad、猴子、Iris 競速,https://www.youtube.com/watch?v=9LagG3k6_-4,2015-07-11 02:19:37,2,773,False,keyword,0.0,,False,False,,,19
834,U-fVg_--AfY,【Joeman直播】《仙劍奇俠傳6》劇情影片 第三集 押解囚犯 Chinese Paladin 6 ep3,https://www.youtube.com/watch?v=U-fVg_--AfY,2015-07-11 10:20:40,10,4568,False,playlist,0.0,,False,False,,《仙劍奇俠傳6》,20
835,couJvuixfzY,【Joeman直播】《仙劍奇俠傳6》劇情影片 第四集 整裝待發 Chinese Paladin 6 ep4,https://www.youtube.com/watch?v=couJvuixfzY,2015-07-11 22:44:18,22,4519,False,playlist,0.0,,False,False,,《仙劍奇俠傳6》,20
836,TRb7xPwhxQo,【Joeman直播】《仙劍奇俠傳6》劇情影片 第五集 九泉寒髓 Chinese Paladin 6 ep5,https://www.youtube.com/watch?v=TRb7xPwhxQo,2015-07-12 11:16:29,11,3709,False,playlist,0.0,,False,False,,《仙劍奇俠傳6》,20
837,gqbOvD7HAvc,【Joeman直播】《仙劍奇俠傳6》劇情影片 第六集 天晴之海 Chinese Paladin 6 ep6,https://www.youtube.com/watch?v=gqbOvD7HAvc,2015-07-12 19:34:17,19,4381,False,playlist,0.0,,False,False,,《仙劍奇俠傳6》,20
838,0gJ1XAssiHY,【Joeman直播】《仙劍奇俠傳6》劇情影片 第八集 邪教總壇 Chinese Paladin 6 ep8,https://www.youtube.com/watch?v=0gJ1XAssiHY,2015-07-13 13:13:33,13,3674,False,playlist,0.0,,False,False,,《仙劍奇俠傳6》,20
839,UOd4PTF8ECg,【Joeman直播】《仙劍奇俠傳6》劇情影片 第七集 追蹤邪教 Chinese Paladin 6 ep7,https://www.youtube.com/watch?v=UOd4PTF8ECg,2015-07-13 10:12:18,10,3824,False,playlist,0.0,,False,False,,《仙劍奇俠傳6》,20
840,WPYhmdeepd0,【Joeman直播】《仙劍奇俠傳6》劇情影片 第十集 決戰應龍 Chinese Paladin 6 ep10,https://www.youtube.com/watch?v=WPYhmdeepd0,2015-07-13 19:18:25,19,3381,False,playlist,0.0,,False,False,,《仙劍奇俠傳6》,20
841,u9UQmzkN42c,【Joeman直播】《仙劍奇俠傳6》劇情影片 第九集 九泉龍潭 Chinese Paladin 6 ep9,https://www.youtube.com/watch?v=u9UQmzkN42c,2015-07-13 16:20:13,16,4172,False,playlist,0.0,,False,False,,《仙劍奇俠傳6》,20
842,Q5J1k1Zgn1g,【Joeman直播】《仙劍奇俠傳6》劇情影片 第十三集 九泉霧魂 Chinese Paladin 6 ep13,https://www.youtube.com/watch?v=Q5J1k1Zgn1g,2015-07-14 12:43:26,12,4019,False,playlist,0.0,,False,False,,《仙劍奇俠傳6》,20
843,hcPILEO6hTI,【Joeman直播】《仙劍奇俠傳6》劇情影片 第十二集 鎖河山 Chinese Paladin 6 ep12,https://www.youtube.com/watch?v=hcPILEO6hTI,2015-07-14 16:48:31,16,3429,False,playlist,0.0,,False,False,,《仙劍奇俠傳6》,20
844,nYDiqO9jZQM,【Joeman直播】《仙劍奇俠傳6》劇情影片 第十一集 洛家血祭 Chinese Paladin 6 ep11,https://www.youtube.com/watch?v=nYDiqO9jZQM,2015-07-14 02:02:00,2,4937,False,playlist,0.0,,False,False,,《仙劍奇俠傳6》,20
845,q6tjnntTUCA,【Joeman直播】《仙劍奇俠傳6》劇情影片 第十四集 回到過去 Chinese Paladin 6 ep14,https://www.youtube.com/watch?v=q6tjnntTUCA,2015-07-14 20:17:47,20,5363,False,playlist,0.0,,False,False,,《仙劍奇俠傳6》,20
846,u89T7xqyJPY,【Joeman直播】《仙劍奇俠傳6》劇情影片 第十五集 決戰柷敔 Chinese Paladin 6 ep15,https://www.youtube.com/watch?v=u89T7xqyJPY,2015-07-14 21:42:02,21,5416,False,playlist,0.0,,False,False,,《仙劍奇俠傳6》,20
847,yltF7C4XGkQ,【Joeman直播】《仙劍奇俠傳6》劇情影片 第十六集 珍重再見(完) Chinese Paladin 6 ep16,https://www.youtube.com/watch?v=yltF7C4XGkQ,2015-07-15 03:44:09,3,3735,False,playlist,0.0,,False,False,,《仙劍奇俠傳6》,20
848,OmHEdSpgzFA,【Joeman】《仙劍奇俠傳6》令人崩潰的Bug大合集 Chinese Paladin 6 Bug Remix,https://www.youtube.com/watch?v=OmHEdSpgzFA,2015-07-16 14:24:46,14,654,False,playlist,0.0,,False,False,,《仙劍奇俠傳6》,20
849,rC6kl6rEhCE,【Joeman直播】Dead Space《絕命異次元》第十二章 死亡空間(完),https://www.youtube.com/watch?v=rC6kl6rEhCE,2015-07-18 18:51:16,18,2284,False,playlist,0.0,,False,False,,Dead Space 《絕命異次元》,20
850,1AJlZT-bIhY,【Joeman直播】《南方公園 真實之杖》十一集 真實之杖(完) South Park Stick of Truth ep11,https://www.youtube.com/watch?v=1AJlZT-bIhY,2015-07-19 13:54:26,13,1918,False,playlist,0.0,,False,False,,South Park Stick of Truth 《南方公園 真實之杖》,20
851,2zo3TPPgMSE,【Joeman直播】《南方公園 真實之杖》第九集 北方國度 South Park Stick of Truth ep9,https://www.youtube.com/watch?v=2zo3TPPgMSE,2015-07-19 12:25:04,12,1796,False,playlist,0.0,,False,False,,South Park Stick of Truth 《南方公園 真實之杖》,20
852,56FZ-MuHASU,【Joeman直播】《南方公園 真實之杖》第十集 肛門探險 South Park Stick of Truth ep10,https://www.youtube.com/watch?v=56FZ-MuHASU,2015-07-19 13:29:58,13,2429,False,playlist,0.0,,False,False,,South Park Stick of Truth 《南方公園 真實之杖》,20
853,IjYQg5j5kgE,《Prison Architect》監獄建築師 繁體中文 漢化 教學 (Alpha34版),https://www.youtube.com/watch?v=IjYQg5j5kgE,2015-07-19 13:56:18,13,161,False,playlist,0.0,,False,False,,Prison Architect 《監獄建築師》,20
854,nHMgMgJivVQ,【Joeman直播】《南方公園 真實之杖》第八集 墮胎醫院 South Park Stick of Truth ep8,https://www.youtube.com/watch?v=nHMgMgJivVQ,2015-07-19 11:32:29,11,1755,False,playlist,0.0,,False,False,,South Park Stick of Truth 《南方公園 真實之杖》,20
855,81nWFgwShn8,7月份乾爹感謝祭抽獎+8月份獎項公布,https://www.youtube.com/watch?v=81nWFgwShn8,2015-07-20 13:06:06,13,1232,False,keyword,0.0,,False,False,,,19
856,-JDdIEKpMSI,【Joeman直播花絮】《爐石戰記》 該死的凱贊秘術師,https://www.youtube.com/watch?v=-JDdIEKpMSI,2015-07-21 13:33:50,13,299,False,playlist,0.0,,False,False,,爐石戰記 直播精華,20
857,YEunmkmgSIo,【Joeman直播花絮】《爐石戰記》 要去囉!死亡之翼!,https://www.youtube.com/watch?v=YEunmkmgSIo,2015-07-21 12:35:05,12,120,False,playlist,0.0,,False,False,,爐石戰記 直播精華,20
858,pMzR4EcJYFM,【Joeman/Hui解說】SPL Flash vs herO  (2015/07/22),https://www.youtube.com/watch?v=pMzR4EcJYFM,2015-07-22 18:23:32,18,797,False,playlist,0.0,,False,False,,2015 SPL 精華,20
859,U8lhpcNuKI4,【Joeman直播】《手術模擬器》第一集 心臟移植 Surgeon Simulator ep1,https://www.youtube.com/watch?v=U8lhpcNuKI4,2015-07-27 03:05:24,3,1317,False,playlist,0.0,,False,False,,Surgeon Simulator 《手術模擬器》,20
860,UPp-bg1SBQw,【Joeman直播】《手術模擬器》第二集 腎臟移植 Surgeon Simulator ep2,https://www.youtube.com/watch?v=UPp-bg1SBQw,2015-07-27 16:32:07,16,1286,False,playlist,0.0,,False,False,,Surgeon Simulator 《手術模擬器》,20
861,GNwycvokxb4,【Joeman直播】《手術模擬器》第三集 大腦移植 Surgeon Simulator ep3,https://www.youtube.com/watch?v=GNwycvokxb4,2015-07-28 17:01:42,17,544,False,playlist,0.0,,False,False,,Surgeon Simulator 《手術模擬器》,20
862,hBaeztJ2tls,【Joeman直播】《手術模擬器》第四集 眼球移植 Surgeon Simulator ep4,https://www.youtube.com/watch?v=hBaeztJ2tls,2015-07-28 21:56:44,21,1072,False,playlist,0.0,,False,False,,Surgeon Simulator 《手術模擬器》,20
863,-qb_9gNhozA,【Joeman直播】《手術模擬器》第五集 牙齒移植 Surgeon Simulator ep5,https://www.youtube.com/watch?v=-qb_9gNhozA,2015-07-29 02:39:07,2,642,False,playlist,0.0,,False,False,,Surgeon Simulator 《手術模擬器》,20
864,CjmYLF8Bx3M,【Joeman直播】Dead Space《絕命異次元》第四章 驚嚇精華,https://www.youtube.com/watch?v=CjmYLF8Bx3M,2015-07-29 01:26:47,1,197,False,playlist,0.0,,False,False,,Dead Space 《絕命異次元》,20
865,LWRM6dxoVsA,【Joeman直播】Dead Space《絕命異次元》第五章 驚嚇精華,https://www.youtube.com/watch?v=LWRM6dxoVsA,2015-07-29 01:27:50,1,202,False,playlist,0.0,,False,False,,Dead Space 《絕命異次元》,20
866,Z9PyGm-NBEA,【Joeman直播】Dead Space《絕命異次元》第三章 驚嚇精華,https://www.youtube.com/watch?v=Z9PyGm-NBEA,2015-07-29 01:26:16,1,202,False,playlist,0.0,,False,False,,Dead Space 《絕命異次元》,20
867,vmf1q-B6iH4,【Joeman直播】《手術模擬器》第六集 奔跑的心臟移植 Surgeon Simulator ep6,https://www.youtube.com/watch?v=vmf1q-B6iH4,2015-07-29 03:51:08,3,1251,False,playlist,0.0,,False,False,,Surgeon Simulator 《手術模擬器》,20
868,NBzv8MQJRUg,【Joeman/Hui解說】SPL精華 Rogue vs INnovation (2015/07/28),https://www.youtube.com/watch?v=NBzv8MQJRUg,2015-07-30 12:17:49,12,1868,False,keyword,0.0,,False,False,,,20
869,kOaNrPRqnUE,【Joeman/Hui解說】SPL精華 Maru vs Classic (2015/07/28),https://www.youtube.com/watch?v=kOaNrPRqnUE,2015-07-30 10:54:29,10,1732,False,playlist,0.0,,False,False,,2015 SPL 精華,20
870,2QYpDe1hGrE,【Joeman直播】《佛萊迪的五夜驚魂4》被斗內驚嚇 Five Nights at Freddy's 4,https://www.youtube.com/watch?v=2QYpDe1hGrE,2015-07-31 01:44:23,1,310,False,playlist,0.0,,False,False,,《佛萊迪的午夜驚魂4》,20
871,D08eMW0JUPI,【Joeman直播】《佛萊迪的五夜驚魂4》驚嚇實錄 Five Nights at Freddy's 4,https://www.youtube.com/watch?v=D08eMW0JUPI,2015-07-31 01:41:29,1,317,False,playlist,0.0,,False,False,,《佛萊迪的午夜驚魂4》,20
872,K75FTUqH4r8,【Joeman直播】《俠客風雲傳》劇情影片 第二集 拜師學藝 ep2 (新武林群俠傳),https://www.youtube.com/watch?v=K75FTUqH4r8,2015-07-31 00:32:27,0,1762,False,playlist,0.0,,False,False,,《俠客風雲傳》,20
873,d1okmmxsGpc,【Joeman直播】《俠客風雲傳》劇情影片 第三集 追殺淫賊 ep3 (新武林群俠傳),https://www.youtube.com/watch?v=d1okmmxsGpc,2015-07-31 14:47:06,14,1312,False,playlist,0.0,,False,False,,《俠客風雲傳》,20
874,sW4e5Q1LJ-s,【Joeman直播】《俠客風雲傳》劇情影片 第四集 初識神醫 ep4 (新武林群俠傳),https://www.youtube.com/watch?v=sW4e5Q1LJ-s,2015-08-01 01:58:58,1,1614,False,playlist,0.0,,False,False,,《俠客風雲傳》,20
875,umUSCmHZfew,【Joeman直播】《俠客風雲傳》劇情影片 第六集 送禮風波 ep6 (新武林群俠傳),https://www.youtube.com/watch?v=umUSCmHZfew,2015-08-01 04:50:14,4,2169,False,playlist,0.0,,False,False,,《俠客風雲傳》,20
876,wWhniqu4GZU,【Joeman直播】《俠客風雲傳》劇情影片 第五集 洛陽閒逛 ep5 (新武林群俠傳),https://www.youtube.com/watch?v=wWhniqu4GZU,2015-08-01 03:04:05,3,1561,False,playlist,0.0,,False,False,,《俠客風雲傳》,20
877,1rugGjsdcMw,【Joeman直播】《俠客風雲傳》劇情影片 第八集 少林激戰 ep8 (新武林群俠傳),https://www.youtube.com/watch?v=1rugGjsdcMw,2015-08-02 03:26:05,3,1581,False,playlist,0.0,,False,False,,《俠客風雲傳》,20
878,IYkuBRgAgBo,【Joeman直播】《俠客風雲傳》劇情影片 第十集 杭州妓院 ep10 (新武林群俠傳),https://www.youtube.com/watch?v=IYkuBRgAgBo,2015-08-02 05:35:19,5,1231,False,playlist,0.0,,False,False,,《俠客風雲傳》,20
879,PByRckqSAb4,【Joeman直播】《俠客風雲傳》劇情影片 第七集 攻略妹子 ep7 (新武林群俠傳),https://www.youtube.com/watch?v=PByRckqSAb4,2015-08-02 02:21:26,2,1331,False,playlist,0.0,,False,False,,《俠客風雲傳》,20
880,eEyflYeBaSM,【Joeman直播】《俠客風雲傳》劇情影片 第九集 毒術大師 ep9 (新武林群俠傳),https://www.youtube.com/watch?v=eEyflYeBaSM,2015-08-02 04:25:43,4,1238,False,playlist,0.0,,False,False,,《俠客風雲傳》,20
881,AiEb0q8doS8,【Joeman直播】《俠客風雲傳》劇情影片 第十三集 黑風寨 ep13 (新武林群俠傳),https://www.youtube.com/watch?v=AiEb0q8doS8,2015-08-04 06:46:11,6,1996,False,playlist,0.0,,False,False,,《俠客風雲傳》,20
882,DONgiR81OII,【Joeman直播】《俠客風雲傳》劇情影片 第十二集 送禮達人 ep12 (新武林群俠傳),https://www.youtube.com/watch?v=DONgiR81OII,2015-08-04 05:09:05,5,1782,False,playlist,0.0,,False,False,,《俠客風雲傳》,20
883,smikVOVxRIg,【Joeman直播】《俠客風雲傳》劇情影片 第十一集 港口混戰 ep11 (新武林群俠傳),https://www.youtube.com/watch?v=smikVOVxRIg,2015-08-04 03:10:32,3,1482,False,playlist,0.0,,False,False,,《俠客風雲傳》,20
884,2L2pSiDRYIY,【Joeman直播】《俠客風雲傳》劇情影片 第十四集 拜訪成都 ep14 (新武林群俠傳),https://www.youtube.com/watch?v=2L2pSiDRYIY,2015-08-05 01:48:32,1,1244,False,playlist,0.0,,False,False,,《俠客風雲傳》,20
885,3EEBtA9rhUA,【Joeman直播】《俠客風雲傳》劇情影片 第十六集 絕命毒師 ep16 (新武林群俠傳),https://www.youtube.com/watch?v=3EEBtA9rhUA,2015-08-05 03:50:02,3,1660,False,playlist,0.0,,False,False,,《俠客風雲傳》,20
886,CUBPLfnj7xA,【Joeman直播】《俠客風雲傳》劇情影片 第十七集 殘花寶鑑 ep17 (新武林群俠傳),https://www.youtube.com/watch?v=CUBPLfnj7xA,2015-08-05 05:19:37,5,1944,False,playlist,0.0,,False,False,,《俠客風雲傳》,20
887,kO6cTPv4U_0,【Joeman直播】《俠客風雲傳》劇情影片 第十五集 廚藝大賽 ep15 (新武林群俠傳),https://www.youtube.com/watch?v=kO6cTPv4U_0,2015-08-05 02:47:50,2,1585,False,playlist,0.0,,False,False,,《俠客風雲傳》,20
888,7BXSyrBcI64,【Joeman直播】《俠客風雲傳》劇情影片 第十八集 少年英雄會 ep18 (新武林群俠傳),https://www.youtube.com/watch?v=7BXSyrBcI64,2015-08-06 07:34:44,7,1679,False,playlist,0.0,,False,False,,《俠客風雲傳》,20
889,K22Sp0cuZlw,【Joeman直播】《俠客風雲傳》劇情影片 第二十一集 身世之謎 ep21 (新武林群俠傳),https://www.youtube.com/watch?v=K22Sp0cuZlw,2015-08-06 07:43:30,7,1459,False,playlist,0.0,,False,False,,《俠客風雲傳》,20
890,a7r39DXJ3jU,【Joeman直播】《俠客風雲傳》劇情影片 第十九集 陰謀奪青城 ep19 (新武林群俠傳),https://www.youtube.com/watch?v=a7r39DXJ3jU,2015-08-06 07:34:45,7,1124,False,playlist,0.0,,False,False,,《俠客風雲傳》,20
891,dDTO4ryN7S8,【Joeman直播】《俠客風雲傳》劇情影片 第二十二集 佛劍魔刀 ep22 (新武林群俠傳),https://www.youtube.com/watch?v=dDTO4ryN7S8,2015-08-06 10:36:30,10,1934,False,playlist,0.0,,False,False,,《俠客風雲傳》,20
892,mRVVD_ahKVo,【Joeman直播】《俠客風雲傳》劇情影片 第二十集 陰謀奪武當 ep20 (新武林群俠傳),https://www.youtube.com/watch?v=mRVVD_ahKVo,2015-08-06 07:34:45,7,1274,False,playlist,0.0,,False,False,,《俠客風雲傳》,20
893,BHO6LM9ny8k,【Joeman直播】《俠客風雲傳》劇情影片 第二十四集 叛出師門 ep24 (新武林群俠傳),https://www.youtube.com/watch?v=BHO6LM9ny8k,2015-08-08 07:16:15,7,1550,False,playlist,0.0,,False,False,,《俠客風雲傳》,20
894,CvPFJlm3us0,【Joeman直播】《俠客風雲傳》劇情影片 第二十三集 七夕告白 ep23 (新武林群俠傳),https://www.youtube.com/watch?v=CvPFJlm3us0,2015-08-08 07:00:22,7,1610,False,playlist,0.0,,False,False,,《俠客風雲傳》,20
895,DS2mJYQUP-E,【Joeman直播】《俠客風雲傳》劇情影片 第二十八集 欺師滅祖 ep28 (新武林群俠傳),https://www.youtube.com/watch?v=DS2mJYQUP-E,2015-08-08 18:33:25,18,1629,False,playlist,0.0,,False,False,,《俠客風雲傳》,20
896,_ZhCqRaLr-g,【Joeman直播】《俠客風雲傳》劇情影片 第二十九集 決戰龍王 ep29 (新武林群俠傳),https://www.youtube.com/watch?v=_ZhCqRaLr-g,2015-08-08 19:35:33,19,2924,False,playlist,0.0,,False,False,,《俠客風雲傳》,20
897,kvc6WPidSNg,【Joeman直播】《俠客風雲傳》劇情影片 第二十五集 煉製毒藥 ep25 (新武林群俠傳),https://www.youtube.com/watch?v=kvc6WPidSNg,2015-08-08 17:51:37,17,1650,False,playlist,0.0,,False,False,,《俠客風雲傳》,20
898,u5VWXx_eDwU,【Joeman直播】《俠客風雲傳》劇情影片 第二十六集 徹底邪化 ep26 (新武林群俠傳),https://www.youtube.com/watch?v=u5VWXx_eDwU,2015-08-08 18:17:09,18,1900,False,playlist,0.0,,False,False,,《俠客風雲傳》,20
899,wQHQ801OOpM,【Joeman直播】《俠客風雲傳》劇情影片 第三十集 武林霸主(邪派路線完) ep30 (新武林群俠傳),https://www.youtube.com/watch?v=wQHQ801OOpM,2015-08-08 20:39:03,20,4352,False,playlist,0.0,,False,False,,《俠客風雲傳》,20
900,xTTohAq-MBo,【Joeman直播】《俠客風雲傳》劇情影片 第二十七集 魯蛇大隊長 ep27 (新武林群俠傳),https://www.youtube.com/watch?v=xTTohAq-MBo,2015-08-08 18:49:49,18,2555,False,playlist,0.0,,False,False,,《俠客風雲傳》,20
901,4jdRhJh7NV8,【Joeman直播】《俠客風雲傳》劇情影片 第三十四集 聖堂之路(完) ep34 (新武林群俠傳),https://www.youtube.com/watch?v=4jdRhJh7NV8,2015-08-18 23:07:03,23,5008,False,playlist,0.0,,False,False,,《俠客風雲傳》,20
902,AL1AT-2n3Os,【Joeman直播】《俠客風雲傳》劇情影片 第三十三集 招集妹子 ep33 (新武林群俠傳),https://www.youtube.com/watch?v=AL1AT-2n3Os,2015-08-18 18:13:20,18,2550,False,playlist,0.0,,False,False,,《俠客風雲傳》,20
903,U-AVCPWKTyo,【Joeman直播】《俠客風雲傳》劇情影片 第三十一集 改邪歸正 ep31 (新武林群俠傳),https://www.youtube.com/watch?v=U-AVCPWKTyo,2015-08-18 18:19:06,18,2158,False,playlist,0.0,,False,False,,《俠客風雲傳》,20
904,k2xXwdJSyTw,【Joeman直播】《俠客風雲傳》劇情影片 第三十二集 三根鑰匙 ep32 (新武林群俠傳),https://www.youtube.com/watch?v=k2xXwdJSyTw,2015-08-18 17:50:20,17,1538,False,playlist,0.0,,False,False,,《俠客風雲傳》,20
905,6o5M6Es7zZU,【Joeman直播】《奇妙人生》劇情影片 第三集  女生宿舍  Life is Strange ep3,https://www.youtube.com/watch?v=6o5M6Es7zZU,2015-08-19 18:29:33,18,1945,False,playlist,0.0,,False,False,,Life is Strange《奇妙人生》,20
906,_PfUmTsSUN4,【Joeman直播】《奇妙人生》劇情影片 第一集  噩夢甦醒  Life is Strange ep1,https://www.youtube.com/watch?v=_PfUmTsSUN4,2015-08-19 08:36:09,8,1415,False,playlist,0.0,,False,False,,Life is Strange《奇妙人生》,20
907,tXmKGpsn9-M,【Joeman直播】《奇妙人生》劇情影片 第二集  時間回朔  Life is Strange ep2,https://www.youtube.com/watch?v=tXmKGpsn9-M,2015-08-19 18:29:33,18,1395,False,playlist,0.0,,False,False,,Life is Strange《奇妙人生》,20
908,zb9iy1L_NzM,【Joeman直播】《奇妙人生》劇情影片 第四集 重逢好友  Life is Strange ep4,https://www.youtube.com/watch?v=zb9iy1L_NzM,2015-08-19 18:29:33,18,3539,False,playlist,0.0,,False,False,,Life is Strange《奇妙人生》,20
909,It4l2kPUsu4,[Joeman開箱] 技嘉 GTX950  《戰艦世界》特效全開 遊戲測試 GTX950 Unboxing Test World of warship,https://www.youtube.com/watch?v=It4l2kPUsu4,2015-08-20 23:27:00,23,508,False,keyword,9.0,專屬導購連結|導購區塊標題|電商賣場連結,False,False,,,20
910,Cpye1RwR9rw,【Joeman直播】《奇妙人生》劇情影片 第六集 展示能力 Life is Strange ep6,https://www.youtube.com/watch?v=Cpye1RwR9rw,2015-08-22 02:22:14,2,2124,False,playlist,0.0,,False,False,,Life is Strange《奇妙人生》,20
911,LSC12fIgfo4,【Joeman直播】《奇妙人生》劇情影片 第五集 偷拍事件 Life is Strange ep5,https://www.youtube.com/watch?v=LSC12fIgfo4,2015-08-22 01:54:33,1,1806,False,playlist,0.0,,False,False,,Life is Strange《奇妙人生》,20
912,YRzZh60dxy0,【Joeman直播】《奇妙人生》劇情影片 第八集 自殺事件 Life is Strange ep8,https://www.youtube.com/watch?v=YRzZh60dxy0,2015-08-22 15:43:22,15,2266,False,playlist,0.0,,False,False,,Life is Strange《奇妙人生》,20
913,ygHaLzQCYJA,【Joeman直播】《奇妙人生》劇情影片 第七集 攔截火車 Life is Strange ep7,https://www.youtube.com/watch?v=ygHaLzQCYJA,2015-08-22 02:06:19,2,1895,False,playlist,0.0,,False,False,,Life is Strange《奇妙人生》,20
914,5LR1c3QyCb0,【Joeman直播】《奇妙人生》劇情影片 第十二集 重新抉擇 Life is Strange ep12,https://www.youtube.com/watch?v=5LR1c3QyCb0,2015-08-23 21:54:39,21,2685,False,playlist,0.0,,False,False,,Life is Strange《奇妙人生》,20
915,C_4B9r_Vgx0,【Joeman直播】《奇妙人生》劇情影片 第十一集 混沌理論 Life is Strange ep11,https://www.youtube.com/watch?v=C_4B9r_Vgx0,2015-08-23 21:12:41,21,1113,False,playlist,0.0,,False,False,,Life is Strange《奇妙人生》,20
916,SVc07hzAH9k,【Joeman直播】《奇妙人生》劇情影片 第十四集 殺人兇手 Life is Strange ep14,https://www.youtube.com/watch?v=SVc07hzAH9k,2015-08-23 23:11:07,23,3878,False,playlist,0.0,,False,False,,Life is Strange《奇妙人生》,20
917,ZOoUPUX3vIk,【Joeman直播】《奇妙人生》劇情影片 第十三集 關鍵線索 Life is Strange ep13,https://www.youtube.com/watch?v=ZOoUPUX3vIk,2015-08-23 22:43:31,22,4001,False,playlist,0.0,,False,False,,Life is Strange《奇妙人生》,20
918,Zk4kqcCJKbg,【Joeman直播】《奇妙人生》劇情影片 第十集 瑞秋的秘密 Life is Strange ep10,https://www.youtube.com/watch?v=Zk4kqcCJKbg,2015-08-23 22:00:46,22,4150,False,playlist,0.0,,False,False,,Life is Strange《奇妙人生》,20
919,zLLJM8-SbMc,【Joeman直播】《奇妙人生》劇情影片 第九集 潛入校長室 Life is Strange ep9,https://www.youtube.com/watch?v=zLLJM8-SbMc,2015-08-23 21:14:34,21,3336,False,playlist,0.0,,False,False,,Life is Strange《奇妙人生》,20
920,5iVZZ5QlX8w,【Joeman直播】《直到黎明》劇情影片 第二章 忌妒  Until Dawn ep2,https://www.youtube.com/watch?v=5iVZZ5QlX8w,2015-08-26 07:31:25,7,3821,False,playlist,0.0,,False,False,,《直到黎明》Until Dawn,19
921,7X7XudRjwK8,【Joeman直播】《直到黎明》劇情影片 第九章 惡業 Until Dawn ep9,https://www.youtube.com/watch?v=7X7XudRjwK8,2015-08-26 07:46:44,7,2092,False,playlist,0.0,,False,False,,《直到黎明》Until Dawn,19
922,9YZNZnWFrz8,【Joeman直播】《直到黎明》劇情影片 第四章 惡毒 Until Dawn ep4,https://www.youtube.com/watch?v=9YZNZnWFrz8,2015-08-26 07:04:59,7,1654,False,playlist,0.0,,False,False,,《直到黎明》Until Dawn,19
923,FjEpjk6Zrbg,【Joeman直播】《直到黎明》劇情影片 第七章 暴力 Until Dawn ep7,https://www.youtube.com/watch?v=FjEpjk6Zrbg,2015-08-26 07:05:59,7,2159,False,playlist,0.0,,False,False,,《直到黎明》Until Dawn,19
924,J5ThVCRTlE8,【Joeman直播】《直到黎明》劇情影片 第五章 懼怕 Until Dawn ep5,https://www.youtube.com/watch?v=J5ThVCRTlE8,2015-08-26 07:16:37,7,2875,False,playlist,0.0,,False,False,,《直到黎明》Until Dawn,19
925,OlrByp6Rfd8,【Joeman直播】《直到黎明》劇情影片 第一章 死亡象徵 Until Dawn ep1,https://www.youtube.com/watch?v=OlrByp6Rfd8,2015-08-26 06:39:32,6,3248,False,playlist,0.0,,False,False,,《直到黎明》Until Dawn,19
926,TL6mKdJbRyU,【Joeman直播】爐石戰記 銀白聯賽 58包 開卡實錄,https://www.youtube.com/watch?v=TL6mKdJbRyU,2015-08-26 06:28:32,6,1815,False,playlist,0.0,,False,False,,爐石戰記 直播精華,19
927,ZIDoakhqLrI,【Joeman直播】《直到黎明》劇情影片 第十章 決心 Until Dawn ep10,https://www.youtube.com/watch?v=ZIDoakhqLrI,2015-08-26 07:40:18,7,1879,False,playlist,0.0,,False,False,,《直到黎明》Until Dawn,19
928,ds3w8dDus5E,【Joeman直播】《直到黎明》劇情影片 特別收錄 Until Dawn,https://www.youtube.com/watch?v=ds3w8dDus5E,2015-08-26 07:32:45,7,939,False,playlist,0.0,,False,False,,《直到黎明》Until Dawn,19
929,j6TyLQDx70s,【Joeman直播】《直到黎明》劇情影片 第六章 復仇 Until Dawn ep6,https://www.youtube.com/watch?v=j6TyLQDx70s,2015-08-26 07:13:23,7,2419,False,playlist,0.0,,False,False,,《直到黎明》Until Dawn,19
930,s1eH1fZrd1M,【Joeman直播】《直到黎明》劇情影片 第八章 真相 Until Dawn ep8,https://www.youtube.com/watch?v=s1eH1fZrd1M,2015-08-26 07:19:25,7,1914,False,playlist,0.0,,False,False,,《直到黎明》Until Dawn,19
931,t0Y4CCrDir8,【Joeman直播】《直到黎明》劇情影片 第三章 孤立 Until Dawn ep3,https://www.youtube.com/watch?v=t0Y4CCrDir8,2015-08-26 07:13:55,7,2525,False,playlist,0.0,,False,False,,《直到黎明》Until Dawn,19
932,zksdJWLiSPs,《Joeman 脫口秀 》Tap Titans 頂尖對決！,https://www.youtube.com/watch?v=zksdJWLiSPs,2015-08-27 02:54:02,2,343,False,playlist,0.0,,False,False,,Joeman脫口秀,20
933,5STQoZOsj1U,[Joeman Vlog]  《古墓奇兵：崛起》 試玩 @ PAX2015,https://www.youtube.com/watch?v=5STQoZOsj1U,2015-08-30 06:33:39,6,473,True,playlist,0.0,,False,False,,Joeman Vlog,23
934,OYShv3_PMEQ,[Joeman Vlog] 快打炫風5 試玩 Streetfighter V Demo@ PAX2015,https://www.youtube.com/watch?v=OYShv3_PMEQ,2015-08-30 05:41:49,5,235,True,playlist,0.0,,False,False,,Joeman Vlog,23
935,i4QJH3TT0_E,[Joeman Vlog] Super Mario Maker 超級馬力歐製作器 試玩 @ PAX2015,https://www.youtube.com/watch?v=i4QJH3TT0_E,2015-08-30 06:03:12,6,88,True,playlist,0.0,,False,False,,Joeman Vlog,23
936,0OVxMr-zkys,[Joeman實況] 西雅圖PAX戰利品,https://www.youtube.com/watch?v=0OVxMr-zkys,2015-09-04 23:50:02,23,289,False,keyword,0.0,,False,False,,,19
937,7cs3qAFaov0,[Joeman Vlog] XBox ONE歲趴 遊戲介紹/現場直擊,https://www.youtube.com/watch?v=7cs3qAFaov0,2015-09-04 18:37:07,18,280,False,playlist,0.0,,False,False,,Joeman Vlog,20
938,l16I3hBO7ZU,[Joeman Vlog] 西雅圖星海轉播 幕後花絮,https://www.youtube.com/watch?v=l16I3hBO7ZU,2015-09-04 18:40:42,18,478,False,playlist,0.0,,False,False,,Joeman Vlog,20
939,SyQWzvjwGy4,【Joeman直播】《瘋狂麥斯》劇情影片 第二集 Mad Max ep2,https://www.youtube.com/watch?v=SyQWzvjwGy4,2015-09-08 12:54:48,12,1223,False,keyword,0.0,,False,False,,,20
940,nNVYagRTQ0Q,【Joeman直播】《瘋狂麥斯》劇情影片 第三集 Mad Max ep3,https://www.youtube.com/watch?v=nNVYagRTQ0Q,2015-09-08 14:04:59,14,1391,False,keyword,0.0,,False,False,,,20
941,sZL7RxsGdbw,【Joeman直播】《瘋狂麥斯》劇情影片 第一集 Mad Max ep1,https://www.youtube.com/watch?v=sZL7RxsGdbw,2015-09-08 11:52:14,11,1163,False,keyword,0.0,,False,False,,,20
942,Q5o1WJ8WKEo,【Joeman直播】《瘋狂麥斯》劇情影片 第七集 Mad Max ep7,https://www.youtube.com/watch?v=Q5o1WJ8WKEo,2015-09-09 18:00:22,18,912,False,keyword,0.0,,False,False,,,20
943,U6ytUAlWwFQ,【Joeman直播】《瘋狂麥斯》劇情影片 第四集 Mad Max ep4,https://www.youtube.com/watch?v=U6ytUAlWwFQ,2015-09-09 17:45:30,17,1198,False,keyword,0.0,,False,False,,,20
944,kgjfm1tv4Gc,【Joeman直播】《瘋狂麥斯》劇情影片 第六集 Mad Max ep6,https://www.youtube.com/watch?v=kgjfm1tv4Gc,2015-09-09 18:06:41,18,1530,False,keyword,0.0,,False,False,,,20
945,xUhEdrq3dAI,【Joeman直播】《瘋狂麥斯》劇情影片 第五集 Mad Max ep5,https://www.youtube.com/watch?v=xUhEdrq3dAI,2015-09-09 18:04:02,18,1728,False,keyword,0.0,,False,False,,,20
946,8sX4mXaXamY,【Joeman直播】《瘋狂麥斯》劇情影片 第九集 Mad Max ep9,https://www.youtube.com/watch?v=8sX4mXaXamY,2015-09-11 19:48:20,19,1341,False,keyword,0.0,,False,False,,,20
947,H_VaMZgaDNw,【Joeman直播】《瘋狂麥斯》劇情影片 第十集 Mad Max ep10,https://www.youtube.com/watch?v=H_VaMZgaDNw,2015-09-11 19:56:15,19,1362,False,keyword,0.0,,False,False,,,20
948,hPTwEXo15nw,【Joeman直播】《瘋狂麥斯》劇情影片 第八集 Mad Max ep8,https://www.youtube.com/watch?v=hPTwEXo15nw,2015-09-11 19:42:27,19,1458,False,keyword,0.0,,False,False,,,20
949,JmDKhnHicnw,【Joeman直播】《瘋狂麥斯》劇情影片 第十一集 Mad Max ep11,https://www.youtube.com/watch?v=JmDKhnHicnw,2015-09-14 22:19:41,22,1739,False,keyword,0.0,,False,False,,,20
950,La40BBMoatA,【Joeman直播】《瘋狂麥斯》劇情影片 第十二集 Mad Max ep12,https://www.youtube.com/watch?v=La40BBMoatA,2015-09-14 22:24:41,22,1429,False,keyword,0.0,,False,False,,,20
951,s2X_r725wMY,【Joeman直播】《瘋狂麥斯》劇情影片 第十三集 Mad Max ep13,https://www.youtube.com/watch?v=s2X_r725wMY,2015-09-14 19:23:11,19,893,False,keyword,0.0,,False,False,,,20
952,SlTzZee9Qf0,【Joeman直播】《瘋狂麥斯》劇情影片 第十四集 Mad Max ep14,https://www.youtube.com/watch?v=SlTzZee9Qf0,2015-09-17 14:45:48,14,1909,False,keyword,0.0,,False,False,,,20
953,TBX--OPEijI,【Joeman直播】《瘋狂麥斯》劇情影片 第十五集 Mad Max ep15,https://www.youtube.com/watch?v=TBX--OPEijI,2015-09-17 14:59:48,14,1602,False,keyword,0.0,,False,False,,,20
954,_J1VBbOi7UA,【Joeman直播】《瘋狂麥斯》劇情影片 第十六集 Mad Max ep16,https://www.youtube.com/watch?v=_J1VBbOi7UA,2015-09-17 14:56:15,14,1311,False,keyword,0.0,,False,False,,,20
955,qS4HAxNcn-o,【Joeman直播】《瘋狂麥斯》劇情影片 第十七集 Mad Max ep17(完),https://www.youtube.com/watch?v=qS4HAxNcn-o,2015-09-17 15:28:20,15,2365,False,keyword,0.0,,False,False,,,20
956,6YYDuupRQiw,《Joeman 脫口秀 》如何對抗網路霸凌?,https://www.youtube.com/watch?v=6YYDuupRQiw,2015-09-20 06:37:13,6,278,False,playlist,0.0,,False,False,,Joeman脫口秀,20
957,DKKqzE1TotM,【Joeman直播】《潛龍諜影5:幻痛》 第三集 Metal Gear Solid V : The Phantom Pain ep3,https://www.youtube.com/watch?v=DKKqzE1TotM,2015-09-23 21:30:37,21,2605,False,playlist,0.0,,False,False,,《潛龍諜影5:幻痛》Metal Gear Solid V : The Phantom Pain,20
958,DLJ2f267giY,【Joeman直播】《潛龍諜影5:幻痛》 第二集 Metal Gear Solid V : The Phantom Pain ep2,https://www.youtube.com/watch?v=DLJ2f267giY,2015-09-23 21:10:53,21,2709,False,playlist,0.0,,False,False,,《潛龍諜影5:幻痛》Metal Gear Solid V : The Phantom Pain,20
959,GYT9j7CSrWs,【Joeman直播】《潛龍諜影5:幻痛》 第四集 Metal Gear Solid V : The Phantom Pain ep4,https://www.youtube.com/watch?v=GYT9j7CSrWs,2015-09-23 21:42:46,21,2631,False,playlist,0.0,,False,False,,《潛龍諜影5:幻痛》Metal Gear Solid V : The Phantom Pain,20
960,r0KPTl8Wsmk,【Joeman直播】《潛龍諜影5:幻痛》 第一集 Metal Gear Solid V : The Phantom Pain ep1,https://www.youtube.com/watch?v=r0KPTl8Wsmk,2015-09-23 21:19:33,21,4248,False,playlist,0.0,,False,False,,《潛龍諜影5:幻痛》Metal Gear Solid V : The Phantom Pain,20
961,-l4RUrqm7zg,【Joeman直播】《潛龍諜影5:幻痛》 第十集 Metal Gear Solid V : The Phantom Pain ep10,https://www.youtube.com/watch?v=-l4RUrqm7zg,2015-09-24 21:04:36,21,3844,False,playlist,0.0,,False,False,,《潛龍諜影5:幻痛》Metal Gear Solid V : The Phantom Pain,20
962,5wkiLLZEHYw,【Joeman直播】《潛龍諜影5:幻痛》 第七集 Metal Gear Solid V : The Phantom Pain ep7,https://www.youtube.com/watch?v=5wkiLLZEHYw,2015-09-24 03:34:26,3,6519,False,playlist,0.0,,False,False,,《潛龍諜影5:幻痛》Metal Gear Solid V : The Phantom Pain,20
963,6olRTB-2hPw,【Joeman直播】《潛龍諜影5:幻痛》 第六集 Metal Gear Solid V : The Phantom Pain ep6,https://www.youtube.com/watch?v=6olRTB-2hPw,2015-09-24 01:46:25,1,3185,False,playlist,0.0,,False,False,,《潛龍諜影5:幻痛》Metal Gear Solid V : The Phantom Pain,20
964,Nj2XxSsdBTc,【Joeman直播】《潛龍諜影5:幻痛》 第八集 Metal Gear Solid V : The Phantom Pain ep8,https://www.youtube.com/watch?v=Nj2XxSsdBTc,2015-09-24 03:13:49,3,3373,False,playlist,0.0,,False,False,,《潛龍諜影5:幻痛》Metal Gear Solid V : The Phantom Pain,20
965,TY8E4G-coVc,【Joeman直播】《潛龍諜影5:幻痛》 第九集 Metal Gear Solid V : The Phantom Pain ep9,https://www.youtube.com/watch?v=TY8E4G-coVc,2015-09-24 20:31:13,20,4042,False,playlist,0.0,,False,False,,《潛龍諜影5:幻痛》Metal Gear Solid V : The Phantom Pain,20
966,emfT2nDcTB0,【Joeman直播】《潛龍諜影5:幻痛》 第五集 Metal Gear Solid V : The Phantom Pain ep5,https://www.youtube.com/watch?v=emfT2nDcTB0,2015-09-24 01:04:53,1,1346,False,playlist,0.0,,False,False,,《潛龍諜影5:幻痛》Metal Gear Solid V : The Phantom Pain,20
967,oyz2vG8VBBY,【Joeman直播】《潛龍諜影5:幻痛》 第十一集 Metal Gear Solid V : The Phantom Pain ep11,https://www.youtube.com/watch?v=oyz2vG8VBBY,2015-09-24 21:59:09,21,4379,False,playlist,0.0,,False,False,,《潛龍諜影5:幻痛》Metal Gear Solid V : The Phantom Pain,20
968,36jxgIP2qGE,【Joeman直播】《潛龍諜影5:幻痛》 第十二集 Metal Gear Solid V : The Phantom Pain ep12,https://www.youtube.com/watch?v=36jxgIP2qGE,2015-09-26 16:06:47,16,3286,False,playlist,0.0,,False,False,,《潛龍諜影5:幻痛》Metal Gear Solid V : The Phantom Pain,20
969,3afTM_-pxZA,【Joeman直播】《潛龍諜影5:幻痛》 門的另一端 世界的真實,https://www.youtube.com/watch?v=3afTM_-pxZA,2015-09-26 15:30:54,15,111,False,playlist,0.0,,False,False,,《潛龍諜影5:幻痛》Metal Gear Solid V : The Phantom Pain,20
970,LU8Qms65w1w,[Joeman Vlog] 戰艦世界X德陽艦,https://www.youtube.com/watch?v=LU8Qms65w1w,2015-09-26 02:58:27,2,327,False,playlist,0.0,,False,False,,Joeman Vlog,20
971,0kUw6H1-W7I,【Joeman直播】《潛龍諜影5:幻痛》 第十四集 Metal Gear Solid V : The Phantom Pain ep14,https://www.youtube.com/watch?v=0kUw6H1-W7I,2015-09-28 10:30:48,10,3030,False,playlist,0.0,,False,False,,《潛龍諜影5:幻痛》Metal Gear Solid V : The Phantom Pain,20
972,SVdagZekwjA,【Joeman直播】《潛龍諜影5:幻痛》 第十三集 Metal Gear Solid V : The Phantom Pain ep13,https://www.youtube.com/watch?v=SVdagZekwjA,2015-09-28 10:29:12,10,3423,False,playlist,0.0,,False,False,,《潛龍諜影5:幻痛》Metal Gear Solid V : The Phantom Pain,20
973,vSUzlwX19Vk,【Joeman直播】《潛龍諜影5:幻痛》 第十五集 Metal Gear Solid V : The Phantom Pain ep15,https://www.youtube.com/watch?v=vSUzlwX19Vk,2015-09-28 11:17:41,11,4277,False,playlist,0.0,,False,False,,《潛龍諜影5:幻痛》Metal Gear Solid V : The Phantom Pain,20
974,hZSmprVwPMo,【Joeman直播】《潛龍諜影5:幻痛》 第十六集 Metal Gear Solid V : The Phantom Pain ep16,https://www.youtube.com/watch?v=hZSmprVwPMo,2015-09-29 14:38:46,14,6335,False,playlist,0.0,,False,False,,《潛龍諜影5:幻痛》Metal Gear Solid V : The Phantom Pain,20
975,bmpLARbqx8o,[Joeman開箱] XBOX ONE 極限競速6 限量同捆機 開箱介紹  Forza6 Unboxing,https://www.youtube.com/watch?v=bmpLARbqx8o,2015-09-30 09:51:45,9,483,False,keyword,0.0,,False,False,,,20
976,1M7mpZIp6I0,【Joeman直播】《潛龍諜影5:幻痛》 第十七集 Metal Gear Solid V : The Phantom Pain ep17,https://www.youtube.com/watch?v=1M7mpZIp6I0,2015-10-01 20:02:56,20,6325,False,playlist,0.0,,False,False,,《潛龍諜影5:幻痛》Metal Gear Solid V : The Phantom Pain,20
977,yRtU0gfTe5c,【Joeman直播】《潛龍諜影5:幻痛》 第十八集 Metal Gear Solid V : The Phantom Pain ep18,https://www.youtube.com/watch?v=yRtU0gfTe5c,2015-10-02 12:05:07,12,4498,False,playlist,0.0,,False,False,,《潛龍諜影5:幻痛》Metal Gear Solid V : The Phantom Pain,20
978,OrL32cyR21o,【Joeman直播】《潛龍諜影5:幻痛》 女主角靜 戲水&洗澡畫面  Taking Shower / Playing Water with Quiet Metal Gear Solid V,https://www.youtube.com/watch?v=OrL32cyR21o,2015-10-03 03:23:05,3,293,False,playlist,0.0,,False,False,,《潛龍諜影5:幻痛》Metal Gear Solid V : The Phantom Pain,20
979,iUr3IbEwwHs,【Joeman直播】《潛龍諜影5:幻痛》 第十九集 Metal Gear Solid V : The Phantom Pain ep19,https://www.youtube.com/watch?v=iUr3IbEwwHs,2015-10-03 14:59:42,14,4538,False,playlist,0.0,,False,False,,《潛龍諜影5:幻痛》Metal Gear Solid V : The Phantom Pain,20
980,v4qL2B3dk7c,【Joeman直播】《潛龍諜影5:幻痛》 第二十集(完) Metal Gear Solid V : The Phantom Pain ep20,https://www.youtube.com/watch?v=v4qL2B3dk7c,2015-10-05 13:06:44,13,5205,False,playlist,0.0,,False,False,,《潛龍諜影5:幻痛》Metal Gear Solid V : The Phantom Pain,20
981,-glCjnhuLPY,【Joeman玩什麼】 極限競速6 遊戲介紹 Forza6 review,https://www.youtube.com/watch?v=-glCjnhuLPY,2015-10-06 12:31:11,12,1024,False,playlist,0.0,,False,False,,《Joeman玩什麼》,20
982,5IvSm6mBHGw,【Joeman直播】《最後生還者》 第一集 The Last of Us ep1,https://www.youtube.com/watch?v=5IvSm6mBHGw,2015-10-07 10:50:41,10,2717,False,playlist,0.0,,False,False,,《最後生還者》The Last of Us,20
983,GzYgkICvCAA,[Joeman Vlog] 特別企劃！GTX980Ti到你家!,https://www.youtube.com/watch?v=GzYgkICvCAA,2015-10-07 00:28:08,0,795,False,playlist,0.0,,False,False,,Joeman Vlog,20
984,P0n6Qkt8wUU,【Joeman直播】《最後生還者》 第二集 The Last of Us ep2,https://www.youtube.com/watch?v=P0n6Qkt8wUU,2015-10-07 11:05:45,11,2584,False,playlist,0.0,,False,False,,《最後生還者》The Last of Us,20
985,7wsKS10X0Ls,【Joeman老實說】《潛龍諜影5:幻痛》 Metal Gear Solid V  : The Phantom Pain,https://www.youtube.com/watch?v=7wsKS10X0Ls,2015-10-08 15:26:39,15,259,False,keyword,0.0,,False,False,,,20
986,J0vSn3OGIz8,【Joeman直播】 秘境探險：黃金城秘寶 第二集 Uncharted: Drake's Fortune ep2,https://www.youtube.com/watch?v=J0vSn3OGIz8,2015-10-08 08:41:22,8,1651,False,playlist,0.0,,False,False,,《秘境探險：黃金城秘寶》Uncharted: Drake's Fortune,20
987,sQjpPBSu1vw,【Joeman直播】 秘境探險：黃金城秘寶 第一集 Uncharted: Drake's Fortune ep1,https://www.youtube.com/watch?v=sQjpPBSu1vw,2015-10-08 08:28:00,8,1610,False,playlist,0.0,,False,False,,《秘境探險：黃金城秘寶》Uncharted: Drake's Fortune,20
988,T95agrCD_ck,【Joeman直播】 秘境探險：黃金城秘寶 第四集 Uncharted: Drake's Fortune ep4,https://www.youtube.com/watch?v=T95agrCD_ck,2015-10-10 12:34:21,12,1738,False,playlist,0.0,,False,False,,《秘境探險：黃金城秘寶》Uncharted: Drake's Fortune,20
989,YSJhEtV-P04,【Joeman直播】 秘境探險：黃金城秘寶 第三集 Uncharted: Drake's Fortune ep3,https://www.youtube.com/watch?v=YSJhEtV-P04,2015-10-10 12:21:32,12,1911,False,playlist,0.0,,False,False,,《秘境探險：黃金城秘寶》Uncharted: Drake's Fortune,20
990,EIMIwb6nJAA,【Joeman直播】《最後生還者》 第三集 The Last of Us ep3,https://www.youtube.com/watch?v=EIMIwb6nJAA,2015-10-12 00:31:34,0,2012,False,playlist,0.0,,False,False,,《最後生還者》The Last of Us,20
991,wED0tJIeINE,【Joeman直播】 秘境探險：黃金城秘寶 第五集(完) Uncharted: Drake's Fortune ep5,https://www.youtube.com/watch?v=wED0tJIeINE,2015-10-12 00:30:35,0,1912,False,playlist,0.0,,False,False,,《秘境探險：黃金城秘寶》Uncharted: Drake's Fortune,20
992,2pnV3w09h-g,【Joeman直播】《最後生還者》 第四集 The Last of Us ep4,https://www.youtube.com/watch?v=2pnV3w09h-g,2015-10-13 13:39:36,13,1672,False,playlist,0.0,,False,False,,《最後生還者》The Last of Us,20
993,mfr9dQhY6wQ,【Joeman直播】《最後生還者》 第五集 The Last of Us ep5,https://www.youtube.com/watch?v=mfr9dQhY6wQ,2015-10-13 12:24:05,12,1904,False,playlist,0.0,,False,False,,《最後生還者》The Last of Us,20
994,m1K-8QhELVk,【Joeman直播】《最後生還者》 第八集 The Last of Us ep8,https://www.youtube.com/watch?v=m1K-8QhELVk,2015-10-14 15:55:11,15,1473,False,playlist,0.0,,False,False,,《最後生還者》The Last of Us,20
995,o-HUrA0-FAI,【Joeman直播】《最後生還者》 第七集 The Last of Us ep7,https://www.youtube.com/watch?v=o-HUrA0-FAI,2015-10-14 15:59:37,15,2272,False,playlist,0.0,,False,False,,《最後生還者》The Last of Us,20
996,tmuL8-DBtVI,【Joeman直播】《最後生還者》 第六集 The Last of Us ep6,https://www.youtube.com/watch?v=tmuL8-DBtVI,2015-10-14 16:01:35,16,2092,False,playlist,0.0,,False,False,,《最後生還者》The Last of Us,20
997,1UBAFp2lIzo,【Joeman直播】《最後生還者》 第九集 The Last of Us ep9,https://www.youtube.com/watch?v=1UBAFp2lIzo,2015-10-16 13:17:50,13,1743,False,playlist,0.0,,False,False,,《最後生還者》The Last of Us,20
998,KI-fKIJDHAs,【Joeman直播】《最後生還者》 第十集 The Last of Us ep10 （完）,https://www.youtube.com/watch?v=KI-fKIJDHAs,2015-10-16 13:29:25,13,1940,False,playlist,0.0,,False,False,,《最後生還者》The Last of Us,20
999,A3CtLT_be_w,【Joeman直播】《最後生還者》拋諸腦後  第二集(完) The Last of Us  Left Behind ep2,https://www.youtube.com/watch?v=A3CtLT_be_w,2015-10-20 06:40:08,6,2178,False,playlist,0.0,,False,False,,《最後生還者》The Last of Us,20
1000,FBFdf_zEOP8,【Joeman直播】《最後生還者》拋諸腦後  第一集 The Last of Us  Left Behind ep1,https://www.youtube.com/watch?v=FBFdf_zEOP8,2015-10-20 06:21:10,6,1906,False,playlist,0.0,,False,False,,《最後生還者》The Last of Us,20
1001,GaVQPzefj1A,【Joeman直播】 秘境探險2 第三集 重逢前女友 Uncharted 2 Among Thieves Ep3,https://www.youtube.com/watch?v=GaVQPzefj1A,2015-10-22 00:32:07,0,1610,False,playlist,0.0,,False,False,,《秘境探險2 : 盜亦有道》Uncharted 2 Among Thieves,20
1002,LOClSv1znFU,【Joeman直播】 秘境探險2 第一集 潛入博物館 Uncharted 2 Among Thieves Ep1,https://www.youtube.com/watch?v=LOClSv1znFU,2015-10-22 00:32:04,0,1929,False,playlist,0.0,,False,False,,《秘境探險2 : 盜亦有道》Uncharted 2 Among Thieves,20
1003,ZJT5ydcRKHQ,【Joeman直播】 秘境探險2 第二集 奪取藏寶圖 Uncharted 2 Among Thieves Ep2,https://www.youtube.com/watch?v=ZJT5ydcRKHQ,2015-10-22 00:32:06,0,1648,False,playlist,0.0,,False,False,,《秘境探險2 : 盜亦有道》Uncharted 2 Among Thieves,20
1004,mF5TlE5Z--M,【Joeman直播】 秘境探險2 第四集 地城探險 Uncharted 2 Among Thieves Ep4,https://www.youtube.com/watch?v=mF5TlE5Z--M,2015-10-22 00:32:08,0,1472,False,playlist,0.0,,False,False,,《秘境探險2 : 盜亦有道》Uncharted 2 Among Thieves,20
1005,1TrSdixZPQI,【Joeman直播】 刺客教條 梟雄 第五集 殘忍的實驗 Assassin's Creed Syndicate EP5,https://www.youtube.com/watch?v=1TrSdixZPQI,2015-10-23 16:02:40,16,2217,False,playlist,0.0,,False,False,,《刺客教條 梟雄》Assassin's Creed Syndicate,20
1006,6CozFX3GK_o,【Joeman直播】 刺客教條 梟雄 第三集 拜訪大笨鐘 Assassin's Creed Syndicate EP3,https://www.youtube.com/watch?v=6CozFX3GK_o,2015-10-23 16:02:40,16,1900,False,playlist,0.0,,False,False,,《刺客教條 梟雄》Assassin's Creed Syndicate,20
1007,Cw3QMN_gcnk,【Joeman直播】 刺客教條 梟雄 第二集 抵達倫敦 Assassin's Creed Syndicate EP2,https://www.youtube.com/watch?v=Cw3QMN_gcnk,2015-10-23 14:24:11,14,1722,False,playlist,0.0,,False,False,,《刺客教條 梟雄》Assassin's Creed Syndicate,20
1008,YmLqJT_tv8Y,【Joeman直播】 刺客教條 梟雄 第一集 雙胞胎出擊 Assassin's Creed Syndicate EP1,https://www.youtube.com/watch?v=YmLqJT_tv8Y,2015-10-23 14:13:01,14,2019,False,playlist,0.0,,False,False,,《刺客教條 梟雄》Assassin's Creed Syndicate,20
1009,chcnY4n2vY8,【Joeman直播】 刺客教條 梟雄 第四集 黑旗的遺跡 Assassin's Creed Syndicate EP4,https://www.youtube.com/watch?v=chcnY4n2vY8,2015-10-23 16:02:40,16,1764,False,playlist,0.0,,False,False,,《刺客教條 梟雄》Assassin's Creed Syndicate,20
1010,vq8AXNyNwcw,[Joeman Vlog] 殘忍砸派機,https://www.youtube.com/watch?v=vq8AXNyNwcw,2015-10-23 18:12:45,18,228,False,playlist,0.0,,False,False,,Joeman Vlog,20
1011,A4K7C02MfUU,【Joeman直播】《奇妙人生》劇情影片 第十五集 幕後黑手 Life is Strange ep15,https://www.youtube.com/watch?v=A4K7C02MfUU,2015-10-24 04:15:21,4,3159,False,playlist,0.0,,False,False,,Life is Strange《奇妙人生》,20
1012,HS5iwaHIzfg,【Joeman直播】 刺客教條 梟雄 第六集 邂逅白富美 Assassin's Creed Syndicate EP6,https://www.youtube.com/watch?v=HS5iwaHIzfg,2015-10-24 13:35:08,13,2562,False,playlist,0.0,,False,False,,《刺客教條 梟雄》Assassin's Creed Syndicate,20
1013,fWn2XcQrS5Y,【Joeman直播】《奇妙人生》劇情影片 第十七集 最後抉擇(完) Life is Strange ep17,https://www.youtube.com/watch?v=fWn2XcQrS5Y,2015-10-24 04:15:18,4,1078,False,playlist,0.0,,False,False,,Life is Strange《奇妙人生》,20
1014,gbLJSTzEDhI,【Joeman直播】 刺客教條 梟雄 第七集 盟友的真相 Assassin's Creed Syndicate EP7,https://www.youtube.com/watch?v=gbLJSTzEDhI,2015-10-24 13:44:41,13,2417,False,playlist,0.0,,False,False,,《刺客教條 梟雄》Assassin's Creed Syndicate,20
1015,yAJYZT0MfZ8,【Joeman直播】《奇妙人生》劇情影片 第十六集 一一道別 Life is Strange ep16,https://www.youtube.com/watch?v=yAJYZT0MfZ8,2015-10-24 05:05:12,5,4088,False,playlist,0.0,,False,False,,Life is Strange《奇妙人生》,20
1016,crHJ_gmLjpc,【Joeman直播】 刺客教條 梟雄 第九集 潛入倫敦銀行 Assassin's Creed Syndicate EP9,https://www.youtube.com/watch?v=crHJ_gmLjpc,2015-10-26 03:10:23,3,1441,False,playlist,0.0,,False,False,,《刺客教條 梟雄》Assassin's Creed Syndicate,20
1017,mrJpNoRVFl0,【Joeman直播】 刺客教條 梟雄 第八集 刺殺露西 Assassin's Creed Syndicate EP8,https://www.youtube.com/watch?v=mrJpNoRVFl0,2015-10-26 03:20:04,3,2270,False,playlist,0.0,,False,False,,《刺客教條 梟雄》Assassin's Creed Syndicate,20
1018,BmOuqKgxSW8,【Joeman直播】 刺客教條 梟雄 第十集 破壞偽鈔計畫 Assassin's Creed Syndicate EP10,https://www.youtube.com/watch?v=BmOuqKgxSW8,2015-10-28 18:04:29,18,2163,False,playlist,0.0,,False,False,,《刺客教條 梟雄》Assassin's Creed Syndicate,20
1019,HCDV4bzeBhE,【Joeman直播】 刺客教條 梟雄 第十二集 潛入國會大廈 Assassin's Creed Syndicate EP12,https://www.youtube.com/watch?v=HCDV4bzeBhE,2015-10-28 18:18:30,18,1981,False,playlist,0.0,,False,False,,《刺客教條 梟雄》Assassin's Creed Syndicate,20
1020,uzO39v4RG9Q,【Joeman直播】 刺客教條 梟雄 第十一集 與熟女約會 Assassin's Creed Syndicate EP11,https://www.youtube.com/watch?v=uzO39v4RG9Q,2015-10-28 18:03:20,18,1561,False,playlist,0.0,,False,False,,《刺客教條 梟雄》Assassin's Creed Syndicate,20
1021,Idx5IGzx4Zc,【Joeman直播】 刺客教條 梟雄 第十五集 最終之戰(完) Assassin's Creed Syndicate EP15,https://www.youtube.com/watch?v=Idx5IGzx4Zc,2015-10-29 14:47:47,14,2387,False,playlist,0.0,,False,False,,《刺客教條 梟雄》Assassin's Creed Syndicate,20
1022,m2Hf0ngvfbk,【Joeman直播】 刺客教條 梟雄 第十四集 終戰前的準備 Assassin's Creed Syndicate EP14,https://www.youtube.com/watch?v=m2Hf0ngvfbk,2015-10-29 14:26:08,14,2188,False,playlist,0.0,,False,False,,《刺客教條 梟雄》Assassin's Creed Syndicate,20
1023,tt8oYhAfatc,【Joeman直播】 刺客教條 梟雄 第十三集 致命的音樂會 Assassin's Creed Syndicate EP13,https://www.youtube.com/watch?v=tt8oYhAfatc,2015-10-29 14:11:07,14,2634,False,playlist,0.0,,False,False,,《刺客教條 梟雄》Assassin's Creed Syndicate,20
1024,a-69myjJIZU,【Joeman玩什麼】 最後一戰5 守護者 遊戲介紹 Halo 5 Guardians review,https://www.youtube.com/watch?v=a-69myjJIZU,2015-11-03 11:57:59,11,695,False,playlist,0.0,,False,False,,《Joeman玩什麼》,20
1025,bxHm1u5yBPI,【Joeman直播】 秘境探險2 第五集 火車大逃殺 Uncharted 2 Among Thieves Ep5,https://www.youtube.com/watch?v=bxHm1u5yBPI,2015-11-04 12:18:12,12,1845,False,playlist,0.0,,False,False,,《秘境探險2 : 盜亦有道》Uncharted 2 Among Thieves,20
1026,tqghZbq25-o,【Joeman直播】 秘境探險2 第六集 雪山驚魂 Uncharted 2 Among Thieves Ep6,https://www.youtube.com/watch?v=tqghZbq25-o,2015-11-04 13:19:08,13,1475,False,playlist,0.0,,False,False,,《秘境探險2 : 盜亦有道》Uncharted 2 Among Thieves,20
1027,5LTxwWujAVc,【Joeman直播】 秘境探險2 第八集 坦克大對決 Uncharted 2 Among Thieves Ep8,https://www.youtube.com/watch?v=5LTxwWujAVc,2015-11-07 12:18:24,12,958,False,playlist,0.0,,False,False,,《秘境探險2 : 盜亦有道》Uncharted 2 Among Thieves,20
1028,nT_l8w_I4Zo,【Joeman直播】 秘境探險2 第七集 機關重重 Uncharted 2 Among Thieves Ep7,https://www.youtube.com/watch?v=nT_l8w_I4Zo,2015-11-07 12:20:49,12,1564,False,playlist,0.0,,False,False,,《秘境探險2 : 盜亦有道》Uncharted 2 Among Thieves,20
1029,KkFueo-Bi5A,《古墓奇兵 崛起》劇情電影 (全) 繁體中文 Rise of the Tomb Raider Game Movie,https://www.youtube.com/watch?v=KkFueo-Bi5A,2015-11-09 18:25:02,18,9174,False,playlist,0.0,,False,False,,《古墓奇兵 崛起》Rise of the Tomb Raider,20
1030,A5kHdbxmPi4,【Joeman直播】 《古墓奇兵 崛起》第三集 真實謊言 Rise of the Tomb Raider  Ep3,https://www.youtube.com/watch?v=A5kHdbxmPi4,2015-11-10 19:11:13,19,1988,False,playlist,0.0,,False,False,,《古墓奇兵 崛起》Rise of the Tomb Raider,20
1031,FNmQtThyYBU,【Joeman直播】 《古墓奇兵 崛起》第四集 血洗營地 Rise of the Tomb Raider  Ep4,https://www.youtube.com/watch?v=FNmQtThyYBU,2015-11-10 19:11:14,19,2782,False,playlist,0.0,,False,False,,《古墓奇兵 崛起》Rise of the Tomb Raider,20
1032,ZKW8Y-PlFPw,【Joeman直播】 《古墓奇兵 崛起》第二集 與熊共舞 Rise of the Tomb Raider  Ep2,https://www.youtube.com/watch?v=ZKW8Y-PlFPw,2015-11-10 19:11:12,19,1635,False,playlist,0.0,,False,False,,《古墓奇兵 崛起》Rise of the Tomb Raider,20
1033,sK3ZwXzHkl8,【Joeman直播】 《古墓奇兵 崛起》第一集 先知之墓 Rise of the Tomb Raider  Ep1,https://www.youtube.com/watch?v=sK3ZwXzHkl8,2015-11-10 19:11:10,19,1902,False,playlist,0.0,,False,False,,《古墓奇兵 崛起》Rise of the Tomb Raider,20
1034,YH9UsKPwnPw,【Joeman直播】 《古墓奇兵 崛起》第六集 遺民部落 Rise of the Tomb Raider Ep6,https://www.youtube.com/watch?v=YH9UsKPwnPw,2015-11-12 13:23:11,13,1483,False,playlist,0.0,,False,False,,《古墓奇兵 崛起》Rise of the Tomb Raider,20
1035,mo2HgvQrMpg,【Joeman直播】 《古墓奇兵 崛起》第五集 礦坑冒險 Rise of the Tomb Raider Ep5,https://www.youtube.com/watch?v=mo2HgvQrMpg,2015-11-12 11:57:08,11,1721,False,playlist,0.0,,False,False,,《古墓奇兵 崛起》Rise of the Tomb Raider,20
1036,SayBEH-4nxY,《Joeman 脫口秀》每個人都有一個價碼,https://www.youtube.com/watch?v=SayBEH-4nxY,2015-11-13 13:16:37,13,334,False,playlist,0.0,,False,False,,Joeman脫口秀,20
1037,ObBLCzSbAOo,【Joeman直播】 《古墓奇兵 崛起》第八集 發現地圖 Rise of the Tomb Raider Ep8,https://www.youtube.com/watch?v=ObBLCzSbAOo,2015-11-14 03:57:31,3,2023,False,playlist,0.0,,False,False,,《古墓奇兵 崛起》Rise of the Tomb Raider,20
1038,nMq16EId_eI,【Joeman直播】 《古墓奇兵 崛起》第七集 深山夜襲 Rise of the Tomb Raider Ep7,https://www.youtube.com/watch?v=nMq16EId_eI,2015-11-14 04:12:04,4,2915,False,playlist,0.0,,False,False,,《古墓奇兵 崛起》Rise of the Tomb Raider,20
1039,ItxbAMznZ_g,【Joeman直播】 《古墓奇兵 崛起》第十集 基特之城 Rise of the Tomb Raider Ep10,https://www.youtube.com/watch?v=ItxbAMznZ_g,2015-11-17 17:35:30,17,2524,False,playlist,0.0,,False,False,,《古墓奇兵 崛起》Rise of the Tomb Raider,20
1040,hqJjaAAFhHg,【Joeman直播】 《古墓奇兵 崛起》第十一集 神聖之源(完) Rise of the Tomb Raider Ep11,https://www.youtube.com/watch?v=hqJjaAAFhHg,2015-11-17 17:35:31,17,2585,False,playlist,0.0,,False,False,,《古墓奇兵 崛起》Rise of the Tomb Raider,20
1041,t3p2YnVvnfk,【Joeman直播】 《古墓奇兵 崛起》第九集 先知現身 Rise of the Tomb Raider Ep9,https://www.youtube.com/watch?v=t3p2YnVvnfk,2015-11-17 17:35:28,17,1744,False,playlist,0.0,,False,False,,《古墓奇兵 崛起》Rise of the Tomb Raider,20
1042,fDMckocHYhE,【Joeman直播】 秘境探險2 第十集 進入香巴拉 Uncharted 2 Among Thieves Ep10,https://www.youtube.com/watch?v=fDMckocHYhE,2015-11-18 20:13:22,20,2072,False,playlist,0.0,,False,False,,《秘境探險2 : 盜亦有道》Uncharted 2 Among Thieves,20
1043,oSqxx-WIvZg,【Joeman直播】 秘境探險2 第十一集 生命之樹(完) Uncharted 2 Among Thieves Ep11,https://www.youtube.com/watch?v=oSqxx-WIvZg,2015-11-18 19:37:24,19,2366,False,playlist,0.0,,False,False,,《秘境探險2 : 盜亦有道》Uncharted 2 Among Thieves,20
1044,udnWzL9kPN0,【Joeman直播】 秘境探險2 第九集 追蹤雪佛 Uncharted 2 Among Thieves Ep9,https://www.youtube.com/watch?v=udnWzL9kPN0,2015-11-18 19:37:26,19,1667,False,playlist,0.0,,False,False,,《秘境探險2 : 盜亦有道》Uncharted 2 Among Thieves,20
1045,4uC6yMeoS3w,【Joeman直播】 《進化之地2》第四集  地下道探險 Evoland2 Ep4,https://www.youtube.com/watch?v=4uC6yMeoS3w,2015-11-19 22:00:15,22,2605,False,playlist,0.0,,False,False,,《進化之地2》Evoland2,20
1046,GOS5MdNxSOc,【Joeman直播】 《進化之地2》第一集  失憶的勇者 Evoland2 Ep1,https://www.youtube.com/watch?v=GOS5MdNxSOc,2015-11-19 22:00:15,22,1597,False,playlist,0.0,,False,False,,《進化之地2》Evoland2,20
1047,X-DdPnXlS8E,【Joeman直播】 《進化之地2》第三集  逃離監獄 Evoland2 Ep3,https://www.youtube.com/watch?v=X-DdPnXlS8E,2015-11-19 22:00:16,22,1781,False,playlist,0.0,,False,False,,《進化之地2》Evoland2,20
1048,tcfg9Xz-lp4,【Joeman直播】 《進化之地2》第二集  穿越到過去 Evoland2 Ep2,https://www.youtube.com/watch?v=tcfg9Xz-lp4,2015-11-19 22:00:16,22,1296,False,playlist,0.0,,False,False,,《進化之地2》Evoland2,20
1049,TEFeXq4lgL0,【Joeman直播】 《進化之地2》第六集 3D紀元！ Evoland2 Ep6,https://www.youtube.com/watch?v=TEFeXq4lgL0,2015-11-20 18:27:25,18,2714,False,playlist,0.0,,False,False,,《進化之地2》Evoland2,20
1050,sVja85MalV4,【Joeman直播】 《進化之地2》第五集 鬼之森林 Evoland2 Ep5,https://www.youtube.com/watch?v=sVja85MalV4,2015-11-20 17:21:33,17,1593,False,playlist,0.0,,False,False,,《進化之地2》Evoland2,20
1051,vexG25TCGrc,【Joeman直播】秘境探險2 精華 我絕對不能死在這裡,https://www.youtube.com/watch?v=vexG25TCGrc,2015-11-20 15:51:06,15,204,False,playlist,0.0,,False,False,,《秘境探險2 : 盜亦有道》Uncharted 2 Among Thieves,20
1052,Gu_7_3dHDyo,【Joeman直播】 《進化之地2》第八集 八大難題 Evoland2 Ep8,https://www.youtube.com/watch?v=Gu_7_3dHDyo,2015-11-23 21:19:39,21,2241,False,playlist,0.0,,False,False,,《進化之地2》Evoland2,20
1053,ZXVMmRW2HZI,【Joeman直播】 《進化之地2》第七集 斯瑪格文化 Evoland2 Ep7,https://www.youtube.com/watch?v=ZXVMmRW2HZI,2015-11-23 21:19:38,21,1125,False,playlist,0.0,,False,False,,《進化之地2》Evoland2,20
1054,3pWQ58wHsyU,【Joeman直播】 《進化之地2》第十集 飛行少年 Evoland2 Ep10,https://www.youtube.com/watch?v=3pWQ58wHsyU,2015-11-25 19:55:36,19,1959,False,playlist,0.0,,False,False,,《進化之地2》Evoland2,20
1055,3sVsMeAfRMs,【Joeman直播】 《進化之地2》第十一集 卡牌少年 Evoland2 Ep11,https://www.youtube.com/watch?v=3sVsMeAfRMs,2015-11-25 19:55:35,19,2446,False,playlist,0.0,,False,False,,《進化之地2》Evoland2,20
1056,E1WXWxnxaJ8,【Joeman直播】 《進化之地2》第十二集 洛克人 Evoland2 Ep12,https://www.youtube.com/watch?v=E1WXWxnxaJ8,2015-11-25 19:55:34,19,1256,False,playlist,0.0,,False,False,,《進化之地2》Evoland2,20
1057,JlOJuGBH_KY,【Joeman直播】 《進化之地2》第九集 前往風之谷 Evoland2 Ep9,https://www.youtube.com/watch?v=JlOJuGBH_KY,2015-11-25 19:55:37,19,1671,False,playlist,0.0,,False,False,,《進化之地2》Evoland2,20
1058,bWElvnOwezc,Twitch聊天室失去連線的好幫手： Chatty 安裝 使用教學,https://www.youtube.com/watch?v=bWElvnOwezc,2015-11-25 00:54:10,0,172,False,none,0.0,,False,False,,,20
1059,GWBMkISy0AE,【Joeman直播】 《進化之地2》第十六集 精靈之淚  Evoland2 Ep16,https://www.youtube.com/watch?v=GWBMkISy0AE,2015-11-28 02:22:51,2,2045,False,playlist,0.0,,False,False,,《進化之地2》Evoland2,20
1060,NQbShdnE7nU,【Joeman直播】 《進化之地2》第十三集 炸彈超人  Evoland2 Ep13,https://www.youtube.com/watch?v=NQbShdnE7nU,2015-11-28 01:48:18,1,2097,False,playlist,0.0,,False,False,,《進化之地2》Evoland2,20
1061,huRNJPaFQRE,【Joeman直播】 《進化之地2》第十五集 熱血高校  Evoland2 Ep15,https://www.youtube.com/watch?v=huRNJPaFQRE,2015-11-28 02:17:15,2,1860,False,playlist,0.0,,False,False,,《進化之地2》Evoland2,20
1062,riqM1BoCmY0,【Joeman直播】 《進化之地2》第十四集 廢棄實驗室  Evoland2 Ep14,https://www.youtube.com/watch?v=riqM1BoCmY0,2015-11-28 02:33:39,2,3788,False,playlist,0.0,,False,False,,《進化之地2》Evoland2,20
1063,Lmq4kofiW3Y,【Joeman直播】 《進化之地2》第二十集 拯救惡魔 Evoland2 Ep20,https://www.youtube.com/watch?v=Lmq4kofiW3Y,2015-12-02 20:57:39,20,2870,False,playlist,0.0,,False,False,,《進化之地2》Evoland2,20
1064,ZOk9cnLn6TA,【Joeman直播】 《進化之地2》第十九集 維京王國 Evoland2 Ep19,https://www.youtube.com/watch?v=ZOk9cnLn6TA,2015-12-02 20:57:36,20,2994,False,playlist,0.0,,False,False,,《進化之地2》Evoland2,20
1065,ZgbNwKGQkF8,【Joeman直播】 《進化之地2》第十七集 馬基文化 Evoland2 Ep17,https://www.youtube.com/watch?v=ZgbNwKGQkF8,2015-12-02 20:57:30,20,2493,False,playlist,0.0,,False,False,,《進化之地2》Evoland2,20
1066,ugOzQ-Oycy8,【Joeman直播】 《進化之地2》第十八集 異相漩渦 Evoland2 Ep18,https://www.youtube.com/watch?v=ugOzQ-Oycy8,2015-12-02 20:57:34,20,2125,False,playlist,0.0,,False,False,,《進化之地2》Evoland2,20
1067,Kp3rpdtcIVw,【Joeman直播】 《進化之地2》第二十一集 吉他之神 Evoland2 Ep21,https://www.youtube.com/watch?v=Kp3rpdtcIVw,2015-12-04 23:27:54,23,2228,False,playlist,0.0,,False,False,,《進化之地2》Evoland2,20
1068,RRFPFQO3Vfo,【Joeman直播】 《進化之地2》第二十二集 時間抹除(完) Evoland2 Ep22,https://www.youtube.com/watch?v=RRFPFQO3Vfo,2015-12-04 23:27:56,23,3030,False,playlist,0.0,,False,False,,《進化之地2》Evoland2,20
1069,-7jE5lN3GvU,【Joeman直播】 《超能殺機：兩個靈魂》第二集  加入CIA! Beyond：Two Souls Ep2,https://www.youtube.com/watch?v=-7jE5lN3GvU,2015-12-05 03:32:38,3,2371,False,playlist,0.0,,False,False,,《超能殺機：兩個靈魂》Beyond : Two Souls,20
1070,uXmqQEJo-bw,【Joeman直播】 《超能殺機：兩個靈魂》第一集  超能力少女 Beyond：Two Souls Ep1,https://www.youtube.com/watch?v=uXmqQEJo-bw,2015-12-05 03:16:27,3,2012,False,playlist,0.0,,False,False,,《超能殺機：兩個靈魂》Beyond : Two Souls,20
1071,GyOnvs4SGBA,《Joeman 脫口秀》特別來賓 瑄瑄 (吳于瑄),https://www.youtube.com/watch?v=GyOnvs4SGBA,2015-12-06 06:31:16,6,269,False,playlist,0.0,,False,False,,Joeman脫口秀,20
1072,ZFM3FvheRxg,【Joeman直播】 《超能殺機：兩個靈魂》第三集 火車大逃殺 Beyond：Two Souls Ep3,https://www.youtube.com/watch?v=ZFM3FvheRxg,2015-12-06 05:59:28,5,1525,False,playlist,0.0,,False,False,,《超能殺機：兩個靈魂》Beyond : Two Souls,19
1073,IsClHGmtD9Y,【Joeman直播】 《超能殺機：兩個靈魂》第八集 遭遇色伯伯 Beyond：Two Souls Ep8,https://www.youtube.com/watch?v=IsClHGmtD9Y,2015-12-08 16:30:44,16,2228,False,playlist,0.0,,False,False,,《超能殺機：兩個靈魂》Beyond : Two Souls,20
1074,JsKiiAuACq8,【Joeman直播】 《超能殺機：兩個靈魂》第九集 沙漠奇遇 Beyond：Two Souls Ep9,https://www.youtube.com/watch?v=JsKiiAuACq8,2015-12-08 16:30:44,16,2569,False,playlist,0.0,,False,False,,《超能殺機：兩個靈魂》Beyond : Two Souls,20
1075,LSBwrqtvqQQ,【Joeman直播】 《超能殺機：兩個靈魂》第七集 接生達人 Beyond：Two Souls Ep7,https://www.youtube.com/watch?v=LSBwrqtvqQQ,2015-12-08 16:30:44,16,1753,False,playlist,0.0,,False,False,,《超能殺機：兩個靈魂》Beyond : Two Souls,20
1076,Vq3jW8YbnS4,【Joeman直播】 《超能殺機：兩個靈魂》第六集 乞討人生 Beyond：Two Souls Ep6,https://www.youtube.com/watch?v=Vq3jW8YbnS4,2015-12-08 16:30:44,16,1771,False,playlist,0.0,,False,False,,《超能殺機：兩個靈魂》Beyond : Two Souls,20
1077,iZ6s1vkW4BU,【Joeman直播】 《超能殺機：兩個靈魂》第五集 實驗室驚魂 Beyond：Two Souls Ep5,https://www.youtube.com/watch?v=iZ6s1vkW4BU,2015-12-08 16:30:44,16,2116,False,playlist,0.0,,False,False,,《超能殺機：兩個靈魂》Beyond : Two Souls,20
1078,jmDAUHeaZOA,【Joeman直播】 《超能殺機：兩個靈魂》第四集 悲慘童年 Beyond：Two Souls Ep4,https://www.youtube.com/watch?v=jmDAUHeaZOA,2015-12-08 16:30:44,16,1603,False,playlist,0.0,,False,False,,《超能殺機：兩個靈魂》Beyond : Two Souls,20
1079,oJdOUH0UmXM,【Joeman直播】 《超能殺機：兩個靈魂》第十集 解放聖靈 Beyond：Two Souls Ep10,https://www.youtube.com/watch?v=oJdOUH0UmXM,2015-12-08 16:30:44,16,2104,False,playlist,0.0,,False,False,,《超能殺機：兩個靈魂》Beyond : Two Souls,20
1080,34Zg5tiG24E,【Joeman直播】 《超能殺機：兩個靈魂》第十五集 現世結局 Beyond：Two Souls Ep15,https://www.youtube.com/watch?v=34Zg5tiG24E,2015-12-13 01:40:43,1,3973,False,playlist,0.0,,False,False,,《超能殺機：兩個靈魂》Beyond : Two Souls,19
1081,6Us5tl-fWPM,【Joeman直播】 《超能殺機：兩個靈魂》第十二集 解放非洲 Beyond：Two Souls Ep12,https://www.youtube.com/watch?v=6Us5tl-fWPM,2015-12-13 01:40:00,1,3253,False,playlist,0.0,,False,False,,《超能殺機：兩個靈魂》Beyond : Two Souls,20
1082,Q_eMbw92lwI,【Joeman直播】 《超能殺機：兩個靈魂》第十四集 龍的藏身之處 Beyond：Two Souls Ep14,https://www.youtube.com/watch?v=Q_eMbw92lwI,2015-12-13 01:40:07,1,2900,False,playlist,0.0,,False,False,,《超能殺機：兩個靈魂》Beyond : Two Souls,20
1083,rfbEt7Pm6OM,【Joeman直播】 《超能殺機：兩個靈魂》第十三集 母親的真相 Beyond：Two Souls Ep13,https://www.youtube.com/watch?v=rfbEt7Pm6OM,2015-12-13 01:40:03,1,1661,False,playlist,0.0,,False,False,,《超能殺機：兩個靈魂》Beyond : Two Souls,20
1084,u0o24W-lApk,【Joeman直播】 《超能殺機：兩個靈魂》第十一集 甜蜜約會 Beyond：Two Souls Ep11,https://www.youtube.com/watch?v=u0o24W-lApk,2015-12-13 01:39:59,1,3363,False,playlist,0.0,,False,False,,《超能殺機：兩個靈魂》Beyond : Two Souls,20
1085,AIkUGWe1KpE,【Joeman直播】 《人中之龍0 誓約的場所》第一集 流氓報到 Ep1,https://www.youtube.com/watch?v=AIkUGWe1KpE,2015-12-15 17:33:42,17,1121,False,playlist,0.0,,False,False,,《人中之龍0 誓約的場所》,20
1086,MK6iq3_nPVE,【Joeman直播】 《超能殺機：兩個靈魂》第十六集 結局補完 Beyond：Two Souls Ep16,https://www.youtube.com/watch?v=MK6iq3_nPVE,2015-12-15 16:36:50,16,1507,False,playlist,0.0,,False,False,,《超能殺機：兩個靈魂》Beyond : Two Souls,20
1087,adFnCqUptQY,【Joeman直播】 《人中之龍0 誓約的場所》第二集 卡拉OK魂 Ep2,https://www.youtube.com/watch?v=adFnCqUptQY,2015-12-15 17:34:10,17,2088,False,playlist,0.0,,False,False,,《人中之龍0 誓約的場所》,20
1088,30LKs6C5us8,【Joeman直播】 《人中之龍0 誓約的場所》第三集 一坪的空地 Ep3,https://www.youtube.com/watch?v=30LKs6C5us8,2015-12-16 16:59:46,16,1661,False,playlist,0.0,,False,False,,《人中之龍0 誓約的場所》,20
1089,3VGzs64MP3w,【Joeman直播】 《人中之龍0 誓約的場所》第五集 拳王挑戰賽 Ep5,https://www.youtube.com/watch?v=3VGzs64MP3w,2015-12-16 17:03:58,17,2589,False,playlist,0.0,,False,False,,《人中之龍0 誓約的場所》,20
1090,xCiVKPBnZDg,【Joeman直播】 《人中之龍0 誓約的場所》第四集 久瀨的威脅 Ep4,https://www.youtube.com/watch?v=xCiVKPBnZDg,2015-12-16 16:59:46,16,1948,False,playlist,0.0,,False,False,,《人中之龍0 誓約的場所》,20
1091,6YI5Tt5HaN4,【Joeman直播】 《人中之龍0 誓約的場所》第九集 SM調教課程 Ep9,https://www.youtube.com/watch?v=6YI5Tt5HaN4,2015-12-18 10:53:00,10,1459,False,playlist,0.0,,False,False,,《人中之龍0 誓約的場所》,20
1092,ABtmHZh-Lz4,【Joeman直播】 《人中之龍0 誓約的場所》第七集 出賣性的少女 Ep7,https://www.youtube.com/watch?v=ABtmHZh-Lz4,2015-12-18 10:52:58,10,1864,False,playlist,0.0,,False,False,,《人中之龍0 誓約的場所》,20
1093,Ag6pw3GKvfM,【Joeman直播】 《人中之龍0 誓約的場所》第六集 攻略超商店員 Ep6,https://www.youtube.com/watch?v=Ag6pw3GKvfM,2015-12-18 10:52:57,10,2499,False,playlist,0.0,,False,False,,《人中之龍0 誓約的場所》,20
1094,ouWy8XWdl1I,【Joeman直播】 《人中之龍0 誓約的場所》第八集 大戰日本殭屍 Ep8,https://www.youtube.com/watch?v=ouWy8XWdl1I,2015-12-18 10:52:59,10,2723,False,playlist,0.0,,False,False,,《人中之龍0 誓約的場所》,20
1095,FUqOhMGxT40,【Joeman直播】 《人中之龍0 誓約的場所》第十集 趕走釘子戶 Ep10,https://www.youtube.com/watch?v=FUqOhMGxT40,2015-12-20 14:13:21,14,1896,False,playlist,0.0,,False,False,,《人中之龍0 誓約的場所》,20
1096,LcVc7Np9OZU,【Joeman直播】 《人中之龍0 誓約的場所》第十一集 撿到四百萬 Ep11,https://www.youtube.com/watch?v=LcVc7Np9OZU,2015-12-20 14:04:46,14,1461,False,playlist,0.0,,False,False,,《人中之龍0 誓約的場所》,20
1097,-NJouXehlqA,【Joeman直播】 《人中之龍0 誓約的場所》第十四集 挖角小姐 Ep14,https://www.youtube.com/watch?v=-NJouXehlqA,2015-12-22 17:48:50,17,2070,False,playlist,0.0,,False,False,,《人中之龍0 誓約的場所》,20
1098,9FSlDjSlpV8,【Joeman直播】 《人中之龍0 誓約的場所》第十六集 偽裝男朋友 Ep16,https://www.youtube.com/watch?v=9FSlDjSlpV8,2015-12-22 17:48:50,17,2541,False,playlist,0.0,,False,False,,《人中之龍0 誓約的場所》,20
1099,A6eNVINRBjM,【Joeman直播】 《人中之龍0 誓約的場所》第十三集 酒店經理真島 Ep13,https://www.youtube.com/watch?v=A6eNVINRBjM,2015-12-22 17:48:50,17,1953,False,playlist,0.0,,False,False,,《人中之龍0 誓約的場所》,20
1100,LvTFolHU5rA,【Joeman直播】 《人中之龍0 誓約的場所》第十二集 萬磁王登場 Ep12,https://www.youtube.com/watch?v=LvTFolHU5rA,2015-12-22 17:48:51,17,2154,False,playlist,0.0,,False,False,,《人中之龍0 誓約的場所》,20
1101,PzUg_DdB0cI,【Joeman直播】 《人中之龍0 誓約的場所》第十五集 華麗的幹架師 Ep15,https://www.youtube.com/watch?v=PzUg_DdB0cI,2015-12-22 17:48:50,17,2066,False,playlist,0.0,,False,False,,《人中之龍0 誓約的場所》,20
1102,inL6VYHyGcM,變臉軟體Facerig  大偽娘時代來臨,https://www.youtube.com/watch?v=inL6VYHyGcM,2015-12-22 17:06:50,17,176,False,none,0.0,,False,False,,,20
1103,Ef1AMIfMQMw,【Joeman直播】 《人中之龍0 誓約的場所》第二十集 正妹按摩師 Ep20,https://www.youtube.com/watch?v=Ef1AMIfMQMw,2015-12-25 11:40:11,11,2575,False,playlist,0.0,,False,False,,《人中之龍0 誓約的場所》,20
1104,IxEH80t9qTw,【Joeman直播】 《人中之龍0 誓約的場所》第二十二集 繼承地產王 Ep22,https://www.youtube.com/watch?v=IxEH80t9qTw,2015-12-25 11:40:13,11,2061,False,playlist,0.0,,False,False,,《人中之龍0 誓約的場所》,20
1105,R-zqLBKyU1E,【Joeman直播】 《人中之龍0 誓約的場所》第二十一集 驅趕海蟑螂 Ep21,https://www.youtube.com/watch?v=R-zqLBKyU1E,2015-12-25 11:40:12,11,3018,False,playlist,0.0,,False,False,,《人中之龍0 誓約的場所》,20
1106,c4TqbgGUQKw,【Joeman直播】 《人中之龍0 誓約的場所》第十八集 揭穿邪教 Ep18,https://www.youtube.com/watch?v=c4TqbgGUQKw,2015-12-25 11:40:08,11,1996,False,playlist,0.0,,False,False,,《人中之龍0 誓約的場所》,20
1107,qUW-yHLJCGo,【Joeman直播】 《人中之龍0 誓約的場所》第十九集 電話交友時間! Ep19,https://www.youtube.com/watch?v=qUW-yHLJCGo,2015-12-25 11:40:10,11,2469,False,playlist,0.0,,False,False,,《人中之龍0 誓約的場所》,20
1108,vjUzpJW82nA,【Joeman直播】 《人中之龍0 誓約的場所》第十七集 殺手之路 Ep17,https://www.youtube.com/watch?v=vjUzpJW82nA,2015-12-25 11:40:07,11,2100,False,playlist,0.0,,False,False,,《人中之龍0 誓約的場所》,20
1109,5CDOKmIdjPw,【Joeman直播】 《人中之龍0 誓約的場所》第二十三集 絕殺令發布 Ep23,https://www.youtube.com/watch?v=5CDOKmIdjPw,2015-12-28 01:48:25,1,2066,False,playlist,0.0,,False,False,,《人中之龍0 誓約的場所》,20
1110,Dge3PlSuVuw,【Joeman直播】 《人中之龍0 誓約的場所》第二十四集 乾坤一擲 Ep24,https://www.youtube.com/watch?v=Dge3PlSuVuw,2015-12-28 01:51:32,1,1199,False,playlist,0.0,,False,False,,《人中之龍0 誓約的場所》,20
1111,EB_BvBOVsWg,【Joeman直播】 《人中之龍0 誓約的場所》第二十六集 流氓養成導師 Ep26,https://www.youtube.com/watch?v=EB_BvBOVsWg,2015-12-29 20:45:57,20,1408,False,playlist,0.0,,False,False,,《人中之龍0 誓約的場所》,20
1112,kD_pij93U9o,【Joeman直播】 《人中之龍0 誓約的場所》第二十七集 再戰久瀨 Ep27,https://www.youtube.com/watch?v=kD_pij93U9o,2015-12-29 20:45:58,20,1690,False,playlist,0.0,,False,False,,《人中之龍0 誓約的場所》,20
1113,nAuYGHgnCnI,【Joeman直播】 《人中之龍0 誓約的場所》第二十八集 兄弟之情 Ep28,https://www.youtube.com/watch?v=nAuYGHgnCnI,2015-12-29 20:45:59,20,2000,False,playlist,0.0,,False,False,,《人中之龍0 誓約的場所》,20
1114,nfX1YtFnO9w,【Joeman直播】 《人中之龍0 誓約的場所》第二十五集 女子摔角大賽 Ep25,https://www.youtube.com/watch?v=nfX1YtFnO9w,2015-12-29 20:45:56,20,1575,False,playlist,0.0,,False,False,,《人中之龍0 誓約的場所》,20
1115,4eGiGf8sSJI,【Joeman直播】 《人中之龍0 誓約的場所》第三十三集 乳癌檢測 Ep33,https://www.youtube.com/watch?v=4eGiGf8sSJI,2016-01-02 10:01:22,10,2446,False,playlist,0.0,,False,False,,《人中之龍0 誓約的場所》,20
1116,Gu8iHXJ8e5o,【Joeman直播】 《人中之龍0 誓約的場所》第二十九集 小實的身世 Ep29,https://www.youtube.com/watch?v=Gu8iHXJ8e5o,2016-01-02 10:01:17,10,2517,False,playlist,0.0,,False,False,,《人中之龍0 誓約的場所》,20
1117,PsgBlXLIsWw,【Joeman直播】 《人中之龍0 誓約的場所》第三十集 酒店經營指南 Ep30,https://www.youtube.com/watch?v=PsgBlXLIsWw,2016-01-02 10:01:18,10,3940,False,playlist,0.0,,False,False,,《人中之龍0 誓約的場所》,20
1118,bOZxPUptk6M,【Joeman直播】 《人中之龍0 誓約的場所》第三十二集 替身陰謀 Ep32,https://www.youtube.com/watch?v=bOZxPUptk6M,2016-01-02 10:01:21,10,2344,False,playlist,0.0,,False,False,,《人中之龍0 誓約的場所》,20
1119,e3xnTtbkWWc,【Joeman直播】 《人中之龍0 誓約的場所》第三十四集 壽司店女孩 Ep34,https://www.youtube.com/watch?v=e3xnTtbkWWc,2016-01-02 10:01:23,10,2626,False,playlist,0.0,,False,False,,《人中之龍0 誓約的場所》,20
1120,wmdFbPn2A-k,【Joeman直播】 《人中之龍0 誓約的場所》第三十一集 填字遊戲 Ep31,https://www.youtube.com/watch?v=wmdFbPn2A-k,2016-01-02 10:01:19,10,1807,False,playlist,0.0,,False,False,,《人中之龍0 誓約的場所》,20
1121,7_zyhDYJNOc,【Joeman直播】 《人中之龍0 誓約的場所》第三十六集 絕處逢生 Ep36,https://www.youtube.com/watch?v=7_zyhDYJNOc,2016-01-07 04:53:39,4,1661,False,playlist,0.0,,False,False,,《人中之龍0 誓約的場所》,20
1122,8Lkgv-xLP7M,【Joeman直播】 《人中之龍0 誓約的場所》第三十九集 飆車手立華 Ep39,https://www.youtube.com/watch?v=8Lkgv-xLP7M,2016-01-07 04:53:43,4,3666,False,playlist,0.0,,False,False,,《人中之龍0 誓約的場所》,20
1123,GUWgvVlZGl4,【Joeman直播】 《人中之龍0 誓約的場所》第四十一集 東城會血戰 Ep41,https://www.youtube.com/watch?v=GUWgvVlZGl4,2016-01-07 04:53:45,4,2692,False,playlist,0.0,,False,False,,《人中之龍0 誓約的場所》,20
1124,VFzddYvDPkA,【Joeman直播】 《人中之龍0 誓約的場所》第三十七集 廣納人才 Ep37,https://www.youtube.com/watch?v=VFzddYvDPkA,2016-01-07 04:53:41,4,1826,False,playlist,0.0,,False,False,,《人中之龍0 誓約的場所》,20
1125,fpUOjfgLH-g,【Joeman直播】 《人中之龍0 誓約的場所》第三十五集 偽造大師 Ep35,https://www.youtube.com/watch?v=fpUOjfgLH-g,2016-01-07 04:53:38,4,1751,False,playlist,0.0,,False,False,,《人中之龍0 誓約的場所》,20
1126,o65Uk2fBsRI,【Joeman直播】 《人中之龍0 誓約的場所》第四十集 露宿街頭 Ep40,https://www.youtube.com/watch?v=o65Uk2fBsRI,2016-01-07 04:53:44,4,1902,False,playlist,0.0,,False,False,,《人中之龍0 誓約的場所》,20
1127,wghpqXoyrIU,【Joeman直播】 《人中之龍0 誓約的場所》第三十八集 迪斯可舞王 Ep38,https://www.youtube.com/watch?v=wghpqXoyrIU,2016-01-07 04:53:42,4,1766,False,playlist,0.0,,False,False,,《人中之龍0 誓約的場所》,20
1128,FZPxaygVzTg,【Joeman直播】 《人中之龍0 誓約的場所》第四十二集 電話交友之王 Ep42,https://www.youtube.com/watch?v=FZPxaygVzTg,2016-01-08 01:44:41,1,2594,False,playlist,0.0,,False,False,,《人中之龍0 誓約的場所》,20
1129,ms7OjsuvCi8,【Joeman直播】 《人中之龍0 誓約的場所》第四十三集 天才小釣手 Ep43,https://www.youtube.com/watch?v=ms7OjsuvCi8,2016-01-08 01:43:26,1,2711,False,playlist,0.0,,False,False,,《人中之龍0 誓約的場所》,20
1130,BWX4RW7R4l0,【Joeman直播】 《人中之龍0 誓約的場所》第四十五集 酒店上手 Ep45,https://www.youtube.com/watch?v=BWX4RW7R4l0,2016-01-12 18:09:24,18,2732,False,playlist,0.0,,False,False,,《人中之龍0 誓約的場所》,20
1131,UUyV07HvFUw,【Joeman直播】 《人中之龍0 誓約的場所》第四十七集 阿罵當公關 Ep47,https://www.youtube.com/watch?v=UUyV07HvFUw,2016-01-12 18:09:24,18,1849,False,playlist,0.0,,False,False,,《人中之龍0 誓約的場所》,20
1132,dOyrSpX_Ao8,【Joeman直播】 《人中之龍0 誓約的場所》第四十四集 巧遇龍司 Ep44,https://www.youtube.com/watch?v=dOyrSpX_Ao8,2016-01-12 18:09:24,18,1723,False,playlist,0.0,,False,False,,《人中之龍0 誓約的場所》,20
1133,flG6OrDq73s,【Joeman直播】 《人中之龍0 誓約的場所》第四十八集 爭奪亞衣之戰 Ep48,https://www.youtube.com/watch?v=flG6OrDq73s,2016-01-12 18:09:24,18,1628,False,playlist,0.0,,False,False,,《人中之龍0 誓約的場所》,20
1134,sHCwwtbtwL0,【Joeman直播】 《人中之龍0 誓約的場所》第四十六集 上原亞衣登場! Ep46,https://www.youtube.com/watch?v=sHCwwtbtwL0,2016-01-12 18:09:24,18,2611,False,playlist,0.0,,False,False,,《人中之龍0 誓約的場所》,20
1135,-6FBuHQB_3w,【Joeman直播】 《人中之龍0 誓約的場所》第五十一集 挖角沙西小姐 Ep51,https://www.youtube.com/watch?v=-6FBuHQB_3w,2016-01-13 07:56:51,7,2206,False,playlist,0.0,,False,False,,《人中之龍0 誓約的場所》,20
1136,7D7yhh-n5GE,【Joeman直播】 《人中之龍0 誓約的場所》第五十二集 地下格鬥擂台 Ep52,https://www.youtube.com/watch?v=7D7yhh-n5GE,2016-01-13 07:56:51,7,1824,False,playlist,0.0,,False,False,,《人中之龍0 誓約的場所》,20
1137,mZWc6GYLaA0,【Joeman直播】 《人中之龍0 誓約的場所》第四十九集 跟蹤小雪 Ep49,https://www.youtube.com/watch?v=mZWc6GYLaA0,2016-01-13 07:56:49,7,1546,False,playlist,0.0,,False,False,,《人中之龍0 誓約的場所》,20
1138,uLInLg_Odeo,【Joeman直播】 《人中之龍0 誓約的場所》第五十集 特訓亞衣 Ep50,https://www.youtube.com/watch?v=uLInLg_Odeo,2016-01-13 07:56:50,7,1780,False,playlist,0.0,,False,False,,《人中之龍0 誓約的場所》,20
1139,J8SopAvLZDY,【Joeman直播】 《人中之龍0 誓約的場所》第五十七集 悲慘的重逢 Ep57,https://www.youtube.com/watch?v=J8SopAvLZDY,2016-01-16 00:10:07,0,1992,False,playlist,0.0,,False,False,,《人中之龍0 誓約的場所》,20
1140,NgYzX5T42hA,【Joeman直播】 《人中之龍0 誓約的場所》第五十四集 大戰人妖大叔 Ep54,https://www.youtube.com/watch?v=NgYzX5T42hA,2016-01-16 00:10:03,0,2513,False,playlist,0.0,,False,False,,《人中之龍0 誓約的場所》,20
1141,TCfZHXk2WAU,【Joeman直播】 《人中之龍0 誓約的場所》第五十八集 失蹤的小實 Ep58,https://www.youtube.com/watch?v=TCfZHXk2WAU,2016-01-16 00:10:08,0,2937,False,playlist,0.0,,False,False,,《人中之龍0 誓約的場所》,20
1142,tieg9crbllM,【Joeman直播】 《人中之龍0 誓約的場所》第五十六集 殺手老鬼登場 Ep56,https://www.youtube.com/watch?v=tieg9crbllM,2016-01-16 00:10:06,0,1586,False,playlist,0.0,,False,False,,《人中之龍0 誓約的場所》,20
1143,ua-9daknZtk,【Joeman直播】 《人中之龍0 誓約的場所》第五十三集 拘留所的告白 Ep53,https://www.youtube.com/watch?v=ua-9daknZtk,2016-01-16 00:10:02,0,1512,False,playlist,0.0,,False,False,,《人中之龍0 誓約的場所》,20
1144,wp4tD9k1_TU,【Joeman直播】 《人中之龍0 誓約的場所》第五十五集 小實的身世 Ep55,https://www.youtube.com/watch?v=wp4tD9k1_TU,2016-01-16 00:10:04,0,3529,False,playlist,0.0,,False,False,,《人中之龍0 誓約的場所》,20
1145,FMSzwLLr5CU,【Joeman直播】 《人中之龍0 誓約的場所》第六十集 久瀨的真心話 Ep60,https://www.youtube.com/watch?v=FMSzwLLr5CU,2016-01-22 09:53:54,9,2214,False,playlist,0.0,,False,False,,《人中之龍0 誓約的場所》,20
1146,XJEvL5aBKJk,【Joeman直播】 《人中之龍 極》第二集 堂島血案 Ep2,https://www.youtube.com/watch?v=XJEvL5aBKJk,2016-01-22 14:58:18,14,1472,False,playlist,0.0,,False,False,,《人中之龍 極》實況影片,20
1147,ZoxN-OnPU-8,【Joeman直播】 《人中之龍0 誓約的場所》第六十一集 阿波野的背影 Ep61,https://www.youtube.com/watch?v=ZoxN-OnPU-8,2016-01-22 09:53:53,9,2872,False,playlist,0.0,,False,False,,《人中之龍0 誓約的場所》,20
1148,aNwe3L31Wfo,【Joeman直播】 《人中之龍0 誓約的場所》第五十九集 致命的談判 Ep59,https://www.youtube.com/watch?v=aNwe3L31Wfo,2016-01-22 09:53:56,9,2596,False,playlist,0.0,,False,False,,《人中之龍0 誓約的場所》,20
1149,htv6gpIAODA,【Joeman直播】 《人中之龍0 誓約的場所》第六十二集 雙龍對決 Ep62,https://www.youtube.com/watch?v=htv6gpIAODA,2016-01-22 09:53:30,9,1766,False,playlist,0.0,,False,False,,《人中之龍0 誓約的場所》,20
1150,mCGfOSfwBs0,【Joeman直播】 《人中之龍0 誓約的場所》第六十三集 踏上旅程 Ep63,https://www.youtube.com/watch?v=mCGfOSfwBs0,2016-01-22 09:53:49,9,2562,False,playlist,0.0,,False,False,,《人中之龍0 誓約的場所》,20
1151,p3PM836S1xw,《人中之龍 極》劇情電影 第一章  殺害老大的宿命 繁體中文 EP1,https://www.youtube.com/watch?v=p3PM836S1xw,2016-01-22 19:23:35,19,2857,False,playlist,0.0,,False,False,,《人中之龍》劇情電影,20
1152,pDc2_5onajw,【Joeman直播】 《人中之龍 極》第三集 消失的十年 Ep3,https://www.youtube.com/watch?v=pDc2_5onajw,2016-01-22 14:58:19,14,1614,False,playlist,0.0,,False,False,,《人中之龍 極》實況影片,20
1153,t2uK3N3h1Tk,【Joeman直播】 《人中之龍 極》第一集 久違的桐生 Ep1,https://www.youtube.com/watch?v=t2uK3N3h1Tk,2016-01-22 14:58:17,14,2825,False,playlist,0.0,,False,False,,《人中之龍 極》實況影片,20
1154,1zH9GfyNuwU,《人中之龍 極》劇情電影 第二章  消失的十年 繁體中文 EP2,https://www.youtube.com/watch?v=1zH9GfyNuwU,2016-01-24 15:23:07,15,1764,False,playlist,0.0,,False,False,,《人中之龍》劇情電影,20
1155,2iT0RPgGiYw,【Joeman直播】 《人中之龍 極》第五集 火爆的喪禮 Ep5,https://www.youtube.com/watch?v=2iT0RPgGiYw,2016-01-24 15:23:08,15,3095,False,playlist,0.0,,False,False,,《人中之龍 極》實況影片,20
1156,AGjqDV1_VM8,《人中之龍 極》劇情電影 第三章  火爆喪禮 繁體中文 EP3,https://www.youtube.com/watch?v=AGjqDV1_VM8,2016-01-24 15:23:07,15,1047,False,playlist,0.0,,False,False,,《人中之龍》劇情電影,20
1157,TDpI4W-EZhw,《人中之龍 極》劇情電影 第五章  賽之河原 繁體中文 EP5,https://www.youtube.com/watch?v=TDpI4W-EZhw,2016-01-24 15:23:07,15,1975,False,playlist,0.0,,False,False,,《人中之龍》劇情電影,20
1158,owHKsLBGkgY,【Joeman直播】 《人中之龍 極》第六集 母蟲摔角大賽 Ep6,https://www.youtube.com/watch?v=owHKsLBGkgY,2016-01-24 15:23:08,15,3972,False,playlist,0.0,,False,False,,《人中之龍 極》實況影片,20
1159,uUWpuhYFFIM,【Joeman直播】 《人中之龍 極》第四集 男公關俱樂部 Ep4,https://www.youtube.com/watch?v=uUWpuhYFFIM,2016-01-24 15:23:08,15,1847,False,playlist,0.0,,False,False,,《人中之龍 極》實況影片,20
1160,xm23wWh2dDI,【Joeman直播】 《人中之龍 極》第七集 神秘的小女孩 Ep7,https://www.youtube.com/watch?v=xm23wWh2dDI,2016-01-24 15:23:08,15,1389,False,playlist,0.0,,False,False,,《人中之龍 極》實況影片,20
1161,yMM8WhFSzvg,《人中之龍 極》劇情電影 第四章  邂逅 繁體中文 EP4,https://www.youtube.com/watch?v=yMM8WhFSzvg,2016-01-24 15:23:07,15,1746,False,playlist,0.0,,False,False,,《人中之龍》劇情電影,20
1162,8XC0RrM72mw,《人中之龍 極》劇情電影 第六章 父與子 繁體中文 EP6,https://www.youtube.com/watch?v=8XC0RrM72mw,2016-01-27 10:29:26,10,2186,False,playlist,0.0,,False,False,,《人中之龍》劇情電影,20
1163,KazL_H4FG60,《人中之龍 極》劇情電影 第八章 計謀 繁體中文 EP8,https://www.youtube.com/watch?v=KazL_H4FG60,2016-01-27 10:29:30,10,1143,False,playlist,0.0,,False,False,,《人中之龍》劇情電影,20
1164,h02Vlv3HPB8,《人中之龍 極》劇情電影 第七章 龍與錦 繁體中文 EP7,https://www.youtube.com/watch?v=h02Vlv3HPB8,2016-01-27 10:29:28,10,2441,False,playlist,0.0,,False,False,,《人中之龍》劇情電影,20
1165,urgYhZ28J6Y,《人中之龍 極》劇情電影 第九章 奪還 繁體中文 EP9,https://www.youtube.com/watch?v=urgYhZ28J6Y,2016-01-27 10:29:32,10,930,False,playlist,0.0,,False,False,,《人中之龍》劇情電影,20
1166,BPZ_D3oDB30,【Joeman直播】 《人中之龍 極》第十一集 地下格鬥場 Ep11,https://www.youtube.com/watch?v=BPZ_D3oDB30,2016-01-29 11:05:25,11,2151,False,playlist,0.0,,False,False,,《人中之龍 極》實況影片,20
1167,DFh40raE6v8,【Joeman直播】 《人中之龍 極》第十集 女公關真島 Ep10,https://www.youtube.com/watch?v=DFh40raE6v8,2016-01-29 11:08:14,11,2941,False,playlist,0.0,,False,False,,《人中之龍 極》實況影片,20
1168,VyR18jVVsOo,【Joeman直播】 《人中之龍 極》第十三集 私奔的少年 Ep13,https://www.youtube.com/watch?v=VyR18jVVsOo,2016-01-29 11:06:13,11,2197,False,playlist,0.0,,False,False,,《人中之龍 極》實況影片,20
1169,_KQVbi8TtQ8,【Joeman直播】 《人中之龍 極》第十四集 殭屍化真島 Ep14,https://www.youtube.com/watch?v=_KQVbi8TtQ8,2016-01-29 11:37:59,11,1871,False,playlist,0.0,,False,False,,《人中之龍 極》實況影片,20
1170,gVb1i_84lfs,【Joeman直播】 《人中之龍 極》第八集 由美的酒吧 Ep8,https://www.youtube.com/watch?v=gVb1i_84lfs,2016-01-29 11:07:25,11,1417,False,playlist,0.0,,False,False,,《人中之龍 極》實況影片,20
1171,mvrGOZQA2zc,【Joeman直播】 《人中之龍 極》第九集 F罩杯的價格 Ep9,https://www.youtube.com/watch?v=mvrGOZQA2zc,2016-01-29 11:07:57,11,1954,False,playlist,0.0,,False,False,,《人中之龍 極》實況影片,20
1172,4cDHICeAAiw,《人中之龍 極》劇情電影 第十二章 重逢 繁體中文 EP12,https://www.youtube.com/watch?v=4cDHICeAAiw,2016-02-01 19:49:21,19,1444,False,keyword,0.0,,False,False,,,20
1173,SlmIxWlvOXo,《人中之龍 極》劇情電影 第十一章 仁義 繁體中文 EP11,https://www.youtube.com/watch?v=SlmIxWlvOXo,2016-02-01 19:35:00,19,2008,False,playlist,0.0,,False,False,,《人中之龍》劇情電影,20
1174,WzNoX5EE-ps,《人中之龍 極》劇情電影 第十章 愛的形式 繁體中文 EP10,https://www.youtube.com/watch?v=WzNoX5EE-ps,2016-02-01 19:13:19,19,955,False,playlist,0.0,,False,False,,《人中之龍》劇情電影,20
1175,1nwgBJRpiN4,【Joeman直播】 《人中之龍 極》第十五集 對決柔道之王 Ep15,https://www.youtube.com/watch?v=1nwgBJRpiN4,2016-02-02 11:53:48,11,2458,False,playlist,0.0,,False,False,,《人中之龍 極》實況影片,20
1176,FgHlLLnEQNM,【Joeman直播】 《人中之龍 極》第十六集 徬徨的少女 Ep16,https://www.youtube.com/watch?v=FgHlLLnEQNM,2016-02-02 11:54:18,11,1246,False,playlist,0.0,,False,False,,《人中之龍 極》實況影片,20
1177,Rk8PR51Sojg,【Joeman直播】 《人中之龍 極》第十八集 賭后小遙 Ep18,https://www.youtube.com/watch?v=Rk8PR51Sojg,2016-02-02 12:17:27,12,1394,False,playlist,0.0,,False,False,,《人中之龍 極》實況影片,20
1178,iDqM2_StAr8,【Joeman直播】 《人中之龍 極》第十七集 贖回小遙 Ep17,https://www.youtube.com/watch?v=iDqM2_StAr8,2016-02-02 12:21:25,12,2030,False,playlist,0.0,,False,False,,《人中之龍 極》實況影片,20
1179,xBMbRf4ZmS4,【Joeman直播】 《人中之龍 極》第十二集 保齡球之神 Ep12,https://www.youtube.com/watch?v=xBMbRf4ZmS4,2016-02-04 19:22:36,19,2961,False,playlist,0.0,,False,False,,《人中之龍 極》實況影片,20
1180,8fy6yXhCGGo,【Joeman直播】 《人中之龍 極》第二十四集 對決惡魔獵人 Ep24,https://www.youtube.com/watch?v=8fy6yXhCGGo,2016-02-05 19:18:33,19,1650,False,playlist,0.0,,False,False,,《人中之龍 極》實況影片,20
1181,AglThwKWxgM,【Joeman直播】 《人中之龍 極》第二十七集 風間的秘密 Ep27,https://www.youtube.com/watch?v=AglThwKWxgM,2016-02-05 19:18:36,19,2307,False,playlist,0.0,,False,False,,《人中之龍 極》實況影片,20
1182,HykfX_A2wY0,【Joeman直播】 《人中之龍 極》第二十三集 麗奈的真面目 Ep23,https://www.youtube.com/watch?v=HykfX_A2wY0,2016-02-05 19:18:32,19,2017,False,playlist,0.0,,False,False,,《人中之龍 極》實況影片,20
1183,IUBDxGVjCVY,【Joeman直播】 《人中之龍 極》第二十一集 三大幫派 Ep21,https://www.youtube.com/watch?v=IUBDxGVjCVY,2016-02-05 19:18:30,19,1189,False,playlist,0.0,,False,False,,《人中之龍 極》實況影片,20
1184,MtDdrOy89kA,【Joeman直播】 《人中之龍 極》第二十二集 蛇華劉家龍 Ep22,https://www.youtube.com/watch?v=MtDdrOy89kA,2016-02-05 19:18:31,19,1386,False,playlist,0.0,,False,False,,《人中之龍 極》實況影片,20
1185,ZVQrqaqXoT0,【Joeman直播】 《人中之龍 極》第二十六集 泡泡浴冒險記 Ep26,https://www.youtube.com/watch?v=ZVQrqaqXoT0,2016-02-05 19:18:35,19,1217,False,playlist,0.0,,False,False,,《人中之龍 極》實況影片,20
1186,f2mk1l_mRhE,【Joeman直播】 《人中之龍 極》第十九集 與錦山的對話 Ep19,https://www.youtube.com/watch?v=f2mk1l_mRhE,2016-02-05 19:18:28,19,1381,False,playlist,0.0,,False,False,,《人中之龍 極》實況影片,20
1187,jB9wd7uGjXY,【Joeman直播】 《人中之龍 極》第二十集 打擊訓練中心 Ep20,https://www.youtube.com/watch?v=jB9wd7uGjXY,2016-02-05 19:18:29,19,1522,False,playlist,0.0,,False,False,,《人中之龍 極》實況影片,20
1188,ubpDnFILIU4,【Joeman直播】 《人中之龍 極》第二十五集 尋找人邊師 Ep25,https://www.youtube.com/watch?v=ubpDnFILIU4,2016-02-05 19:18:34,19,2493,False,playlist,0.0,,False,False,,《人中之龍 極》實況影片,20
1189,3N-mPxd7h80,【Joeman直播】 《人中之龍 極》番外篇 攻略波多野結依！,https://www.youtube.com/watch?v=3N-mPxd7h80,2016-02-14 20:22:31,20,10597,False,playlist,0.0,,False,False,,《人中之龍 極》實況影片,20
1190,SjSQGBoMQy0,【Joeman直播】 《人中之龍 6》體驗版 試玩,https://www.youtube.com/watch?v=SjSQGBoMQy0,2016-02-14 19:44:12,19,2644,False,keyword,0.0,,False,False,,,20
1191,xgpNnn1S_OA,賓館型實況主,https://www.youtube.com/watch?v=xgpNnn1S_OA,2016-02-15 00:17:28,0,302,False,keyword,0.0,,False,False,,,20
1192,va6zzUyrHUw,【Joeman直播】《GTA5 俠盜獵車手5》 久違的復健 (feat. 羅密歐),https://www.youtube.com/watch?v=va6zzUyrHUw,2016-02-19 10:55:04,10,827,False,playlist,0.0,,False,False,,《GTAV 俠盜獵車手5》,20
1193,d1BVfVVXE6M,【Joeman直播】 秘境探險3 第一集 戒指的秘密 Uncharted 3: Drake's Deception Ep1,https://www.youtube.com/watch?v=d1BVfVVXE6M,2016-02-22 00:21:14,0,2210,False,keyword,0.0,,False,False,,,20
1194,mWI2dL8XPi0,【Joeman直播】 秘境探險3 第三集 詭異的屍體 Uncharted 3: Drake's Deception Ep3,https://www.youtube.com/watch?v=mWI2dL8XPi0,2016-02-22 00:57:45,0,1118,False,keyword,0.0,,False,False,,,20
1195,o0hM5Suv0SY,【Joeman直播】 秘境探險3 第二集 女王的密令 Uncharted 3: Drake's Deception Ep2,https://www.youtube.com/watch?v=o0hM5Suv0SY,2016-02-22 00:40:38,0,2035,False,keyword,0.0,,False,False,,,20
1196,tMQASG-TZFw,【Joeman直播】 秘境探險3 第四集 老舊實驗室 Uncharted 3: Drake's Deception Ep4,https://www.youtube.com/watch?v=tMQASG-TZFw,2016-02-27 18:01:11,18,1718,False,keyword,0.0,,False,False,,,20
1197,toNYZttGTC8,【Joeman直播】 秘境探險3 第六集 私約前女友 Uncharted 3: Drake's Deception Ep6,https://www.youtube.com/watch?v=toNYZttGTC8,2016-02-27 18:01:57,18,2130,False,keyword,0.0,,False,False,,,20
1198,z92h6N4qimU,【Joeman直播】 秘境探險3 第五集 敘利亞古堡 Uncharted 3: Drake's Deception Ep5,https://www.youtube.com/watch?v=z92h6N4qimU,2016-02-27 18:01:35,18,2426,False,keyword,0.0,,False,False,,,20
1199,kGuyVkXYfvg,【Joeman閒聊】日本大阪 環球影城 心得分享,https://www.youtube.com/watch?v=kGuyVkXYfvg,2016-03-05 13:11:45,13,2149,False,none,0.0,,False,False,,,20
1200,BOQjVHCtN3Q,【Joeman直播】 秘境探險3 第九集 鐵達尼號 Uncharted 3: Drake's Deception Ep9,https://www.youtube.com/watch?v=BOQjVHCtN3Q,2016-03-06 00:25:35,0,1454,False,keyword,0.0,,False,False,,,20
1201,D9ImI1jO9JU,【Joeman直播】 秘境探險3 第十一集 只有槍沒有水 Uncharted 3: Drake's Deception Ep11,https://www.youtube.com/watch?v=D9ImI1jO9JU,2016-03-06 00:26:14,0,1720,False,keyword,0.0,,False,False,,,20
1202,E6FCizmPGZY,【Joeman直播】 暴雨殺機 第二集 悲傷的妓女 Heavy Rain Ep2,https://www.youtube.com/watch?v=E6FCizmPGZY,2016-03-06 20:46:07,20,1721,False,keyword,0.0,,False,False,,,20
1203,H7-UuxUptBM,【Joeman直播】 暴雨殺機 第三集 超科技警探 Heavy Rain Ep2,https://www.youtube.com/watch?v=H7-UuxUptBM,2016-03-06 20:46:26,20,1233,False,keyword,0.0,,False,False,,,20
1204,HSGvcGK__wg,【Joeman直播】 秘境探險3 第十集 玩命關頭 Uncharted 3: Drake's Deception Ep10,https://www.youtube.com/watch?v=HSGvcGK__wg,2016-03-06 00:25:55,0,1553,False,keyword,0.0,,False,False,,,20
1205,NXMH66cXF54,【Joeman直播】 秘境探險3 第八集 港口激戰 Uncharted 3: Drake's Deception Ep8,https://www.youtube.com/watch?v=NXMH66cXF54,2016-03-06 00:25:17,0,2507,False,keyword,0.0,,False,False,,,20
1206,W38b13-62-o,【Joeman直播】 秘境探險3 第十二集 亞特蘭提斯 Uncharted 3: Drake's Deception Ep12,https://www.youtube.com/watch?v=W38b13-62-o,2016-03-06 00:27:17,0,1984,False,keyword,0.0,,False,False,,,20
1207,WBuVpTOpsq0,【Joeman直播】 暴雨殺機 第一集 破碎的家庭 Heavy Rain Ep1,https://www.youtube.com/watch?v=WBuVpTOpsq0,2016-03-06 20:45:34,20,1126,False,keyword,0.0,,False,False,,,20
1208,Yu06PvTKwXc,【Joeman直播】 暴雨殺機 第五集 被追殺的裸女 Heavy Rain Ep5,https://www.youtube.com/watch?v=Yu06PvTKwXc,2016-03-06 20:47:13,20,1805,False,keyword,0.0,,False,False,,,20
1209,emdCvtQFxgQ,【Joeman直播】 秘境探險3 第十三集 最後的告白 Uncharted 3: Drake's Deception Ep13,https://www.youtube.com/watch?v=emdCvtQFxgQ,2016-03-06 00:26:58,0,2079,False,keyword,0.0,,False,False,,,20
1210,lnSzl_fek74,【Joeman直播】 暴雨殺機 第四集 摺紙殺人魔 Heavy Rain Ep4,https://www.youtube.com/watch?v=lnSzl_fek74,2016-03-06 20:46:46,20,1866,False,keyword,0.0,,False,False,,,20
1211,mbKgYgX8xv8,【Joeman直播】 秘境探險3 第七集 危機重重 Uncharted 3: Drake's Deception Ep7,https://www.youtube.com/watch?v=mbKgYgX8xv8,2016-03-06 00:24:39,0,2783,False,keyword,0.0,,False,False,,,20
1212,4DNjDbnTDXQ,【Joeman直播】 暴雨殺機 第七集 逆向的三寶 Heavy Rain Ep7,https://www.youtube.com/watch?v=4DNjDbnTDXQ,2016-03-08 12:52:30,12,1506,False,keyword,0.0,,False,False,,,20
1213,kZlW1cIFYCw,【Joeman直播】 暴雨殺機 第八集 質問富二代 Heavy Rain Ep8,https://www.youtube.com/watch?v=kZlW1cIFYCw,2016-03-08 12:54:23,12,1951,False,keyword,0.0,,False,False,,,20
1214,ph2Y4AMbu-Y,【Joeman直播】 暴雨殺機 第十集 掩屍滅跡 Heavy Rain Ep10,https://www.youtube.com/watch?v=ph2Y4AMbu-Y,2016-03-08 12:55:31,12,2338,False,keyword,0.0,,False,False,,,20
1215,tx9nrxDfYu4,【Joeman直播】 暴雨殺機 第九集 崩潰的抉擇 Heavy Rain Ep9,https://www.youtube.com/watch?v=tx9nrxDfYu4,2016-03-08 12:54:56,12,1603,False,keyword,0.0,,False,False,,,20
1216,uBgJiF2GMa8,【Joeman直播】 暴雨殺機 第六集 第一次當保姆 Heavy Rain Ep6,https://www.youtube.com/watch?v=uBgJiF2GMa8,2016-03-08 12:55:44,12,1644,False,keyword,0.0,,False,False,,,20
1217,Nk2hWyPz1vM,【Joeman直播】 暴雨殺機 第十五集 第二種結局(完) Heavy Rain Ep15 (END),https://www.youtube.com/watch?v=Nk2hWyPz1vM,2016-03-11 17:02:34,17,2352,False,keyword,0.0,,False,False,,,20
1218,bchWKkBcXZs,【Joeman直播】 暴雨殺機 第十二集 脫衣舞孃 Heavy Rain Ep12,https://www.youtube.com/watch?v=bchWKkBcXZs,2016-03-11 16:37:26,16,3108,False,keyword,0.0,,False,False,,,20
1219,cpGWIk7JcFM,【Joeman直播】 暴雨殺機 第十四集 第一種結局 Heavy Rain Ep14,https://www.youtube.com/watch?v=cpGWIk7JcFM,2016-03-11 16:42:40,16,2753,False,keyword,0.0,,False,False,,,20
1220,lQ-TS4prRs8,【Joeman直播】 暴雨殺機 第十三集 莫名的一夜情 Heavy Rain Ep13,https://www.youtube.com/watch?v=lQ-TS4prRs8,2016-03-11 16:37:27,16,2780,False,keyword,0.0,,False,False,,,20
1221,m-FQmkaxuNM,【Joeman直播】 暴雨殺機 第十一集 變態醫生 Heavy Rain Ep11,https://www.youtube.com/watch?v=m-FQmkaxuNM,2016-03-11 16:37:23,16,2023,False,keyword,0.0,,False,False,,,20
1222,9n2GAmtIVgg,【Joeman直播】 刺客任務：殺手  第一集 殺手現身 HITMAN Ep1,https://www.youtube.com/watch?v=9n2GAmtIVgg,2016-03-14 16:45:35,16,2149,False,keyword,0.0,,False,False,,,20
1223,Hnk0p-1iRZE,【Joeman直播】 刺客任務：殺手  第三集 巴黎時裝秀 HITMAN Ep3,https://www.youtube.com/watch?v=Hnk0p-1iRZE,2016-03-14 16:45:36,16,2010,False,keyword,0.0,,False,False,,,20
1224,WQnAs-0OF1Y,【Joeman直播】 刺客任務：殺手  第二集 最後測試 HITMAN Ep2,https://www.youtube.com/watch?v=WQnAs-0OF1Y,2016-03-14 16:45:36,16,1078,False,keyword,0.0,,False,False,,,20
1225,qWhcqn2S9NU,【Joeman直播】 刺客任務：殺手  第四集 找到毒藥啦 HITMAN Ep4,https://www.youtube.com/watch?v=qWhcqn2S9NU,2016-03-14 16:45:37,16,1936,False,keyword,0.0,,False,False,,,20
1226,0RosioBfUA0,【Joeman直播】 星露谷物語 第四集 下礦坑冒險 Stardew Valley Ep4,https://www.youtube.com/watch?v=0RosioBfUA0,2016-03-16 13:45:23,13,1533,False,keyword,0.0,,False,False,,,20
1227,7YUClGtcQQw,【Joeman直播】 星露谷物語 第一集 辭職當農夫 Stardew Valley Ep1,https://www.youtube.com/watch?v=7YUClGtcQQw,2016-03-16 13:44:20,13,1519,False,keyword,0.0,,False,False,,,20
1228,X3wldEoPHco,【Joeman直播】 星露谷物語 第五集 建造熔爐 Stardew Valley Ep5,https://www.youtube.com/watch?v=X3wldEoPHco,2016-03-16 13:45:42,13,1136,False,keyword,0.0,,False,False,,,20
1229,a1TmiVhgl9s,【Joeman直播】 星露谷物語 第二集 第一塊農地 Stardew Valley Ep2,https://www.youtube.com/watch?v=a1TmiVhgl9s,2016-03-16 13:44:43,13,1959,False,keyword,0.0,,False,False,,,20
1230,p36O2WOHP1E,【Joeman直播】 星露谷物語 第三集 認識新朋友 Stardew Valley Ep3,https://www.youtube.com/watch?v=p36O2WOHP1E,2016-03-16 13:45:04,13,1899,False,keyword,0.0,,False,False,,,20
1231,FyMkNZmuNBM,【Joeman直播】 星露谷物語 第十集 挑戰礦坑40層 Stardew Valley Ep10,https://www.youtube.com/watch?v=FyMkNZmuNBM,2016-03-17 17:22:57,17,3210,False,keyword,0.0,,False,False,,,20
1232,IyWaKFOdKes,【Joeman直播】 星露谷物語 第八集 開拓新農地 Stardew Valley Ep8,https://www.youtube.com/watch?v=IyWaKFOdKes,2016-03-17 16:53:16,16,2273,False,keyword,0.0,,False,False,,,20
1233,X6Tz1aLid1g,【Joeman直播】 星露谷物語 第九集 遇見波利王 Stardew Valley Ep9,https://www.youtube.com/watch?v=X6Tz1aLid1g,2016-03-17 16:59:35,16,2537,False,keyword,0.0,,False,False,,,20
1234,qcOiWL0rbiY,【Joeman直播】 星露谷物語 第七集 復活節慶典 Stardew Valley Ep7,https://www.youtube.com/watch?v=qcOiWL0rbiY,2016-03-17 16:53:17,16,1679,False,keyword,0.0,,False,False,,,20
1235,z7QluJpOj3c,【Joeman直播】 星露谷物語 第六集 買到包包囉 Stardew Valley Ep6,https://www.youtube.com/watch?v=z7QluJpOj3c,2016-03-17 16:53:20,16,1590,False,keyword,0.0,,False,False,,,20
1236,c4n_nf3pbsI,【Joeman直播】 星露谷物語 第十二集 夏天新作物! Stardew Valley Ep12,https://www.youtube.com/watch?v=c4n_nf3pbsI,2016-03-20 01:02:41,1,1815,False,keyword,0.0,,False,False,,,20
1237,zXd5tWKf0bM,【Joeman直播】 星露谷物語 第十一集 開始送禮物 Stardew Valley Ep11,https://www.youtube.com/watch?v=zXd5tWKf0bM,2016-03-20 01:02:23,1,2601,False,keyword,0.0,,False,False,,,20
1238,ICUXmw3IVug,【Joeman直播】 星露谷物語 第十五集 海邊宴會 Stardew Valley Ep15,https://www.youtube.com/watch?v=ICUXmw3IVug,2016-03-22 12:23:20,12,2295,False,keyword,0.0,,False,False,,,20
1239,Z5JozHvMxbE,【Joeman直播】 星露谷物語 第十四集 買入大包包 Stardew Valley Ep14,https://www.youtube.com/watch?v=Z5JozHvMxbE,2016-03-22 12:23:02,12,1171,False,keyword,0.0,,False,False,,,20
1240,dDPzNlY0jmA,【Joeman直播】 星露谷物語 第十六集 礦坑60層 Stardew Valley Ep16,https://www.youtube.com/watch?v=dDPzNlY0jmA,2016-03-22 12:24:05,12,1541,False,keyword,0.0,,False,False,,,20
1241,wM3te4nXinw,【Joeman直播】 星露谷物語 第十三集 找鐵匠開寶相 Stardew Valley Ep13,https://www.youtube.com/watch?v=wM3te4nXinw,2016-03-22 12:22:44,12,1853,False,keyword,0.0,,False,False,,,20
1242,YCwuGKyXHJE,【Joeman直播】Marvel 未來之戰 試玩+閒聊,https://www.youtube.com/watch?v=YCwuGKyXHJE,2016-03-23 15:02:31,15,3966,False,keyword,0.0,,False,False,,,20
1243,0wEGv53OBgs,【Joeman實況精華】沙灘排球3 同花加一對 我還不ALL IN嘛！,https://www.youtube.com/watch?v=0wEGv53OBgs,2016-03-25 01:07:50,1,99,False,keyword,0.0,,False,False,,,20
1244,1JP47loZM1Q,《劍魔之戰》直播精華 第一集 這個滑鼠墊好長阿,https://www.youtube.com/watch?v=1JP47loZM1Q,2016-03-28 18:20:31,18,135,False,keyword,0.0,,False,False,,,20
1245,3b5YtBsHN4E,【Joeman直播】《生死格鬥：沙灘排球3》 第一集 第一個女孩,https://www.youtube.com/watch?v=3b5YtBsHN4E,2016-03-28 00:35:31,0,2050,False,keyword,0.0,,False,False,,,20
1246,M_9ilJsqpEo,【Joeman直播】《生死格鬥：沙灘排球3》 第二集 這個島主好窮,https://www.youtube.com/watch?v=M_9ilJsqpEo,2016-03-28 00:36:30,0,1508,False,keyword,0.0,,False,False,,,20
1247,mQSXUS2ELlY,【Joeman直播】《生死格鬥：沙灘排球3》 第三集 買到新泳裝,https://www.youtube.com/watch?v=mQSXUS2ELlY,2016-03-28 00:36:30,0,1882,False,keyword,0.0,,False,False,,,20
1248,3wLqa62LNJI,《量子裂痕》劇情電影 第二集 最適合藏東西的地方 Quantum Break Game Movie Ep2,https://www.youtube.com/watch?v=3wLqa62LNJI,2016-04-02 03:35:24,3,4169,False,keyword,0.0,,False,False,,,20
1249,LagNvboJG-M,《量子裂痕》劇情電影 第一集 時間就是頭號殺手 Quantum Break Game Movie Ep1,https://www.youtube.com/watch?v=LagNvboJG-M,2016-04-02 03:35:24,3,2046,False,keyword,0.0,,False,False,,,20
1250,CQlMgh4ON_Q,【Joeman直播】 量子裂痕 第一集 時間停止器 Quantum Break Ep1,https://www.youtube.com/watch?v=CQlMgh4ON_Q,2016-04-03 16:59:08,16,13067,False,playlist,0.0,,False,False,,《量子裂痕》Quantum Break,20
1251,6El-Ey9myWM,【Joeman直播】 量子裂痕 第二集 莫那其的叛徒 Quantum Break Ep2,https://www.youtube.com/watch?v=6El-Ey9myWM,2016-04-07 00:40:27,0,7643,False,playlist,0.0,,False,False,,《量子裂痕》Quantum Break,20
1252,jWd9dsmcUI8,《量子裂痕》劇情電影 第三集 一群喝葡萄酒配乳酪的人 Quantum Break Game Movie Ep3,https://www.youtube.com/watch?v=jWd9dsmcUI8,2016-04-07 17:08:49,17,2802,False,keyword,0.0,,False,False,,,20
1253,n44ZS4LnxD0,【Joeman直播】 量子裂痕 第三集 回到過去 Quantum Break Ep3,https://www.youtube.com/watch?v=n44ZS4LnxD0,2016-04-07 07:20:42,7,6408,False,playlist,0.0,,False,False,,《量子裂痕》Quantum Break,20
1254,pxWmnRE1dbU,【Joeman直播】 量子裂痕 第四集 拯救世界 Quantum Break Ep4 (完) end,https://www.youtube.com/watch?v=pxWmnRE1dbU,2016-04-07 11:39:44,11,5818,False,playlist,0.0,,False,False,,《量子裂痕》Quantum Break,20
1255,EDSJjtDCz5c,【Joeman實況】暴雪英霸：哈粒波特團 (feat. 聶寶、阿吉、Sobad、蘿特),https://www.youtube.com/watch?v=EDSJjtDCz5c,2016-04-14 17:29:37,17,7113,False,keyword,0.0,,False,False,,,20
1256,F5PTd8V4UBU,【Joeman直播】Marvel 未來之戰 我借到滿星帳號啦 但是...,https://www.youtube.com/watch?v=F5PTd8V4UBU,2016-04-14 17:19:20,17,9616,False,keyword,0.0,,False,False,,,20
1257,1Ye_26vDCuQ,【Joeman直播】 惡靈古堡6 第一集 謀殺美國總統 Resident Evil 6 Ep1,https://www.youtube.com/watch?v=1Ye_26vDCuQ,2016-04-15 14:56:39,14,2972,False,keyword,0.0,,False,False,,,20
1258,IzaqlF1EpOY,【Joeman直播】《惡靈古堡6》精華 我這個手速還可以吧？ feat. 羅密歐,https://www.youtube.com/watch?v=IzaqlF1EpOY,2016-04-15 15:04:23,15,245,False,keyword,0.0,,False,False,,,20
1259,ltlS9pAaKRw,【Joeman直播】 惡靈古堡6 第二集 我跟火車有場約會 Resident Evil 6 Ep2,https://www.youtube.com/watch?v=ltlS9pAaKRw,2016-04-15 14:56:42,14,2956,False,keyword,0.0,,False,False,,,20
1260,YrASeKOylYE,【Joeman直播】拉傑特與克拉克 第二集 銀河遊俠 Ratchet & Clank Ep2 PS4,https://www.youtube.com/watch?v=YrASeKOylYE,2016-04-18 11:15:18,11,2595,False,keyword,0.0,,False,False,,,20
1261,nb-u0maPEXk,【Joeman直播】拉傑特與克拉克 第一集 不良品機器人 Ratchet & Clank Ep1 PS4,https://www.youtube.com/watch?v=nb-u0maPEXk,2016-04-18 11:14:26,11,2233,False,keyword,0.0,,False,False,,,20
1262,8jaGlPKyCAc,【Joeman直播】 惡靈古堡6 第四集 久違的艾達王 Resident Evil 6 Ep4,https://www.youtube.com/watch?v=8jaGlPKyCAc,2016-04-19 11:08:48,11,3391,False,keyword,0.0,,False,False,,,20
1263,fbtlNw4EgAQ,【Joeman直播】 惡靈古堡6 第三集 拜訪神秘教堂 Resident Evil 6 Ep3,https://www.youtube.com/watch?v=fbtlNw4EgAQ,2016-04-19 10:36:06,10,3224,False,keyword,0.0,,False,False,,,20
1264,lr8-P6LbWFY,【暴雪英霸】汽車維修團 vs 卡通英霸團 (feat 羅密歐、莫奇),https://www.youtube.com/watch?v=lr8-P6LbWFY,2016-04-21 21:02:37,21,6728,False,keyword,0.0,,False,False,,,20
1265,XxbsfsQp88U,【Joeman】2015年最令我印象深刻的10款遊戲,https://www.youtube.com/watch?v=XxbsfsQp88U,2016-04-27 15:09:18,15,2005,False,keyword,,,False,False,,,20
1266,qO2YBUzQbv4,【暴雪英霸】快樂夥伴團 vs 你看不見我團 (feat 小葵),https://www.youtube.com/watch?v=qO2YBUzQbv4,2016-05-04 20:30:09,20,8086,False,keyword,0.0,,False,False,,,20
1267,0kd_OFyAVBE,【Joeman直播】 勇者鬥惡龍 創世小玩家 第三集 怪物來襲 Dragon Quest Builders Ep3,https://www.youtube.com/watch?v=0kd_OFyAVBE,2016-05-06 11:01:30,11,1920,False,keyword,0.0,,False,False,,,20
1268,MzmQ8-pxYL0,【Joeman直播】 勇者鬥惡龍 創世小玩家 第二集 新夥伴加入 Dragon Quest Builders Ep2,https://www.youtube.com/watch?v=MzmQ8-pxYL0,2016-05-06 11:01:29,11,2268,False,keyword,0.0,,False,False,,,20
1269,QtgXrBmISQY,【Joeman直播】 勇者鬥惡龍 創世小玩家 第一集 工具人駕到 Dragon Quest Builders Ep1,https://www.youtube.com/watch?v=QtgXrBmISQY,2016-05-06 11:01:27,11,2733,False,keyword,0.0,,False,False,,,20
1270,1zp4INOQbeQ,【Joeman】秘境探險4 第四集 廢棄的修道院 Uncharted4 Ep4,https://www.youtube.com/watch?v=1zp4INOQbeQ,2016-05-13 04:45:12,4,5578,False,keyword,0.0,,False,False,,,20
1271,Jl4LYm04r98,【Joeman】秘境探險4 第一集 修道院的回憶 Uncharted4 Ep1,https://www.youtube.com/watch?v=Jl4LYm04r98,2016-05-13 02:46:47,2,4188,False,keyword,0.0,,False,False,,,20
1272,aNSFf_O1Ogk,【Joeman】秘境探險4 第五集 馬達加斯加 Uncharted4 Ep5,https://www.youtube.com/watch?v=aNSFf_O1Ogk,2016-05-13 04:42:49,4,5661,False,keyword,0.0,,False,False,,,20
1273,eIHay2nwiVE,【Joeman】秘境探險4 第三集 潛入拍賣會 Uncharted4 Ep3,https://www.youtube.com/watch?v=eIHay2nwiVE,2016-05-13 02:48:36,2,4167,False,keyword,0.0,,False,False,,,20
1274,upDocOrc9pI,【Joeman】秘境探險4 第二集 逃獄的哥哥 Uncharted4 Ep2,https://www.youtube.com/watch?v=upDocOrc9pI,2016-05-13 02:47:41,2,3169,False,keyword,0.0,,False,False,,,20
1275,5XUIuPi9fsA,【Joeman】秘境探險4 第七集 海島探險 Uncharted4 Ep7,https://www.youtube.com/watch?v=5XUIuPi9fsA,2016-05-14 01:20:23,1,3423,False,keyword,0.0,,False,False,,,20
1276,Bg1ursiF7Eo,【Joeman】秘境探險4 第八集 海賊的天堂 Uncharted4 Ep8,https://www.youtube.com/watch?v=Bg1ursiF7Eo,2016-05-14 01:21:01,1,6479,False,keyword,0.0,,False,False,,,20
1277,YRAOp-8SvJI,【Joeman】秘境探險4 第十集 最後的晚餐 Uncharted4 Ep10,https://www.youtube.com/watch?v=YRAOp-8SvJI,2016-05-14 01:22:17,1,3027,False,keyword,0.0,,False,False,,,20
1278,c-oO-K0Jlwo,【Joeman】秘境探險4 第十一集 殘忍的艾佛利 Uncharted4 Ep11,https://www.youtube.com/watch?v=c-oO-K0Jlwo,2016-05-14 01:23:07,1,4332,False,keyword,0.0,,False,False,,,20
1279,e8y2D8DyoUE,【Joeman】秘境探險4 最精彩的飛車追逐,https://www.youtube.com/watch?v=e8y2D8DyoUE,2016-05-14 10:31:29,10,323,False,keyword,0.0,,False,False,,,20
1280,kEB6Tg4fGGA,【Joeman】秘境探險4 第九集 草原大逃亡 Uncharted4 Ep9,https://www.youtube.com/watch?v=kEB6Tg4fGGA,2016-05-14 07:59:30,7,7384,False,keyword,0.0,,False,False,,,20
1281,qFdPnZFun-A,【Joeman】秘境探險4 第六集 越野大冒險 Uncharted4 Ep6,https://www.youtube.com/watch?v=qFdPnZFun-A,2016-05-14 01:19:06,1,3959,False,keyword,0.0,,False,False,,,20
1282,zDdcKUv5gQo,【Joeman】秘境探險4 第十二集 永遠的德瑞克(完) Uncharted4 Ep12,https://www.youtube.com/watch?v=zDdcKUv5gQo,2016-05-14 01:24:30,1,4115,False,keyword,0.0,,False,False,,,20
1283,hlKQ8-ZWPS4,【Joeman】考古挖掘：雷克斯暴龍 玩具開箱,https://www.youtube.com/watch?v=hlKQ8-ZWPS4,2016-05-16 12:18:14,12,810,True,playlist,0.0,,False,False,,【Joeman開箱去】,20
1284,1jw1mglX3uw,【Joeman】 勇者鬥惡龍 創世小玩家 第四集 失落的城堡 Dragon Quest Builders Ep4,https://www.youtube.com/watch?v=1jw1mglX3uw,2016-05-20 15:29:29,15,2350,False,keyword,0.0,,False,False,,,20
1285,25rznqH3a2k,【Joeman】 勇者鬥惡龍 創世小玩家 第五集 建造石之守護 Dragon Quest Builders Ep4,https://www.youtube.com/watch?v=25rznqH3a2k,2016-05-20 15:29:28,15,1704,False,keyword,0.0,,False,False,,,20
1286,735zTpNb0zY,【Joeman】 勇者鬥惡龍 創世小玩家 第二十集 尋找神聖之草 Dragon Quest Builders Ep20,https://www.youtube.com/watch?v=735zTpNb0zY,2016-05-20 15:29:26,15,1387,False,keyword,0.0,,False,False,,,20
1287,8Fq1RhgzcIg,【Joeman】 勇者鬥惡龍 創世小玩家 第二十一集 決戰地獄兀鷲 Dragon Quest Builders Ep21,https://www.youtube.com/watch?v=8Fq1RhgzcIg,2016-05-20 15:29:26,15,1555,False,keyword,0.0,,False,False,,,20
1288,CUDbpo7Mwpc,【Joeman】 勇者鬥惡龍 創世小玩家 第七集 建造城牆 Dragon Quest Builders Ep7,https://www.youtube.com/watch?v=CUDbpo7Mwpc,2016-05-20 15:29:28,15,1562,False,keyword,0.0,,False,False,,,20
1289,J9r7fkaVmtc,【Joeman】 勇者鬥惡龍 創世小玩家 第十五集 開心農場開張 Dragon Quest Builders Ep15,https://www.youtube.com/watch?v=J9r7fkaVmtc,2016-05-20 15:29:27,15,1852,False,keyword,0.0,,False,False,,,20
1290,YTo4gF0ucSk,【Joeman】 勇者鬥惡龍 創世小玩家 第十七集 釣魚大慘案 Dragon Quest Builders Ep17,https://www.youtube.com/watch?v=YTo4gF0ucSk,2016-05-20 15:29:26,15,2059,False,keyword,0.0,,False,False,,,20
1291,_pQVVCKkGxk,【Joeman】 勇者鬥惡龍 創世小玩家 第十集 受汙染的大地 Dragon Quest Builders Ep10,https://www.youtube.com/watch?v=_pQVVCKkGxk,2016-05-20 15:29:28,15,2157,False,keyword,0.0,,False,False,,,20
1292,cjXAReYH474,【Joeman】 勇者鬥惡龍 創世小玩家 第十六集 木製城堡完工! Dragon Quest Builders Ep16,https://www.youtube.com/watch?v=cjXAReYH474,2016-05-20 15:29:27,15,2052,False,keyword,0.0,,False,False,,,20
1293,dA6H-DMl-Eg,【Joeman】 勇者鬥惡龍 創世小玩家 第十一集 拯救病患 Dragon Quest Builders Ep11,https://www.youtube.com/watch?v=dA6H-DMl-Eg,2016-05-20 15:29:27,15,2754,False,keyword,0.0,,False,False,,,20
1294,jePkP4npiKY,【Joeman】 勇者鬥惡龍 創世小玩家 第八集 學習料理 Dragon Quest Builders Ep8,https://www.youtube.com/watch?v=jePkP4npiKY,2016-05-20 15:29:28,15,1644,False,keyword,0.0,,False,False,,,20
1295,muuzVuYzUTY,【Joeman】 勇者鬥惡龍 創世小玩家 第九集 挑戰巨神兵 Dragon Quest Builders Ep9,https://www.youtube.com/watch?v=muuzVuYzUTY,2016-05-20 15:29:28,15,2543,False,keyword,0.0,,False,False,,,20
1296,qkCWX8_CCuI,【Joeman】 勇者鬥惡龍 創世小玩家 第十二集 建照飲水處 Dragon Quest Builders Ep12,https://www.youtube.com/watch?v=qkCWX8_CCuI,2016-05-20 15:29:27,15,2130,False,keyword,0.0,,False,False,,,20
1297,svkL1v0LJ9k,【Joeman】 勇者鬥惡龍 創世小玩家 第六集 金字塔冒險 Dragon Quest Builders Ep6,https://www.youtube.com/watch?v=svkL1v0LJ9k,2016-05-20 15:29:28,15,1940,False,keyword,0.0,,False,False,,,20
1298,vmWuVxkb42Q,【Joeman】 勇者鬥惡龍 創世小玩家 第十八集 慘了要變殭屍了 Dragon Quest Builders Ep18,https://www.youtube.com/watch?v=vmWuVxkb42Q,2016-05-20 15:29:26,15,1809,False,keyword,0.0,,False,False,,,20
1299,xZ8s7E19vqw,【Joeman】 勇者鬥惡龍 創世小玩家 第十三集 麻痺病的元凶 Dragon Quest Builders Ep13,https://www.youtube.com/watch?v=xZ8s7E19vqw,2016-05-20 15:29:27,15,1744,False,keyword,0.0,,False,False,,,20
1300,yWZuuhccKQQ,【Joeman】 勇者鬥惡龍 創世小玩家 第十九集 情趣小套房 Dragon Quest Builders Ep19,https://www.youtube.com/watch?v=yWZuuhccKQQ,2016-05-20 15:29:26,15,1471,False,keyword,0.0,,False,False,,,20
1301,zbhSnC8P5pM,【Joeman】 勇者鬥惡龍 創世小玩家 第十四集 乾淨的水 Dragon Quest Builders Ep14,https://www.youtube.com/watch?v=zbhSnC8P5pM,2016-05-20 15:29:27,15,1958,False,keyword,0.0,,False,False,,,20
1302,_FcHZKUl_VE,【Joeman】TAMIYA 熊本熊四驅車 開箱組裝!,https://www.youtube.com/watch?v=_FcHZKUl_VE,2016-05-23 15:39:57,15,889,False,playlist,0.0,,False,False,,【Joeman開箱去】,20
1303,jrBCJ4S9zfc,【Joeman】精華：我只是想好好釣魚,https://www.youtube.com/watch?v=jrBCJ4S9zfc,2016-05-25 11:00:58,11,54,False,none,0.0,,False,False,,,20
1304,tch1WXlX0ao,【Joeman】精華:誰才是公會之花?  (feat.解婕翎、蕎蕎),https://www.youtube.com/watch?v=tch1WXlX0ao,2016-05-25 11:03:37,11,139,False,keyword,0.0,,False,False,,,20
1305,Vj_p_05Yr9E,【Joeman】精華: 才華洋溢的男人,https://www.youtube.com/watch?v=Vj_p_05Yr9E,2016-05-26 16:43:50,16,189,False,none,0.0,,False,False,,,20
1306,G4OF9sSHdaI,【Joeman】精華：20歲的肉體、40歲的舞姿,https://www.youtube.com/watch?v=G4OF9sSHdaI,2016-05-31 17:56:06,17,219,False,none,0.0,,False,False,,,20
1307,77MuiFsx2_o,【Joeman】用VR玩遊戲到底是甚麼感覺？(feat. Sobad),https://www.youtube.com/watch?v=77MuiFsx2_o,2016-06-02 17:00:35,17,175,False,keyword,3.0,致謝贊助句型,False,False,,,20
1308,V3m2fJk6SEA,【Joeman】 實況主人生 第一集 這個人生好眼熟 Youtubers Life Ep1,https://www.youtube.com/watch?v=V3m2fJk6SEA,2016-06-03 19:28:56,19,671,False,keyword,0.0,,False,False,,,20
1309,Hj9WZDgF6Mk,【Joeman】 實況主人生 第三集 攻略雙馬尾 Youtubers Life Ep3,https://www.youtube.com/watch?v=Hj9WZDgF6Mk,2016-06-04 02:51:10,2,848,False,keyword,0.0,,False,False,,,20
1310,sBjA_27eSBs,【Joeman】 實況主人生 第二集 搬入新公寓 Youtubers Life Ep2,https://www.youtube.com/watch?v=sBjA_27eSBs,2016-06-04 02:51:08,2,705,False,keyword,0.0,,False,False,,,20
1311,QV0Lx1WDwj8,【Joeman】深夜食堂，霸凌觀眾,https://www.youtube.com/watch?v=QV0Lx1WDwj8,2016-06-06 17:22:30,17,277,False,playlist,0.0,,False,False,,【Joeman開箱去】,20
1312,uCx0Wz2whCM,【Joeman】精華: 衣服穿對邊很重要！(feat. 蕎蕎、可可),https://www.youtube.com/watch?v=uCx0Wz2whCM,2016-06-09 17:21:59,17,98,False,keyword,0.0,,False,False,,,20
1313,FJU0_APn5b0,【Joeman】 模擬樂園建築師 第二集 50層樓的大怒神 Parkitect EP2,https://www.youtube.com/watch?v=FJU0_APn5b0,2016-06-11 03:46:47,3,782,False,none,0.0,,False,False,,,20
1314,HVSnm-QAtKI,【Joeman】 模擬樂園建築師 第三集 G-lock洗錢大法 Parkitect EP3,https://www.youtube.com/watch?v=HVSnm-QAtKI,2016-06-11 03:46:50,3,888,False,none,0.0,,False,False,,,20
1315,POJRUAa_hdk,【Joeman】 模擬樂園建築師 第一集 只有廁所的遊樂園 Parkitect EP1,https://www.youtube.com/watch?v=POJRUAa_hdk,2016-06-11 03:46:47,3,636,False,none,0.0,,False,False,,,20
1316,66eVooFV3wA,【Joeman】 實況主人生 第六集 合作拍片賺大錢 Youtubers Life Ep6,https://www.youtube.com/watch?v=66eVooFV3wA,2016-06-12 05:34:32,5,767,False,keyword,0.0,,False,False,,,20
1317,Z4DjTZTh4xk,【Joeman】 實況主人生 第四集 魯蛇也能結婚 Youtubers Life Ep4,https://www.youtube.com/watch?v=Z4DjTZTh4xk,2016-06-12 05:33:01,5,722,False,keyword,0.0,,False,False,,,20
1318,nxXG_-VEQME,【Joeman】 實況主人生 第五集 陷入負債地獄 Youtubers Life Ep5,https://www.youtube.com/watch?v=nxXG_-VEQME,2016-06-12 05:33:40,5,699,False,keyword,0.0,,False,False,,,20
1319,MWPX7KYiGu8,【Joeman】2016 E3 第一天：XBOX限量福袋開箱！,https://www.youtube.com/watch?v=MWPX7KYiGu8,2016-06-13 17:27:06,17,477,True,playlist,0.0,,False,False,,【Joeman出來玩】,20
1320,UBAZLz7ZZM8,【Joeman】2016 E3 第二天：試玩7000美金的賽車椅！,https://www.youtube.com/watch?v=UBAZLz7ZZM8,2016-06-15 00:25:31,0,745,False,playlist,0.0,,False,False,,【Joeman出來玩】,20
1321,N3822ySCWhM,【Joeman】2016 E3 第三天：死亡復甦4、狙擊菁英4、ReCore試玩,https://www.youtube.com/watch?v=N3822ySCWhM,2016-06-16 00:28:31,0,711,False,playlist,0.0,,False,False,,【Joeman出來玩】,20
1322,Zj69VeaU6EA,【Joeman】2016 E3 第四天：《榮耀戰魂》、《火線獵殺:野境》試玩心得,https://www.youtube.com/watch?v=Zj69VeaU6EA,2016-06-16 23:07:37,23,659,False,playlist,0.0,,False,False,,【Joeman出來玩】,20
1323,tVEJNwK857I,【Joeman】 饑荒 精華-這個遊戲核心是大便 (貓咪老師 Iris 猴子 JJ) Don't Starve Together,https://www.youtube.com/watch?v=tVEJNwK857I,2016-06-19 20:55:25,20,2010,False,keyword,0.0,,False,False,,,20
1324,4x7v5wujs64,【Joeman】2016 E3 照片閒聊 為什麼蔣中正在這裡?,https://www.youtube.com/watch?v=4x7v5wujs64,2016-06-21 09:00:55,9,623,False,playlist,0.0,,False,False,,【Joeman出來玩】,20
1325,_4lAeYP4DO4,【Joeman】StarWars 星際大戰 BB-8 遙控機器人開箱！,https://www.youtube.com/watch?v=_4lAeYP4DO4,2016-06-21 16:35:44,16,626,False,playlist,0.0,,False,False,,【Joeman開箱去】,20
1326,LlecuEIyiGo,【Joeman】超猛的三軸穩定器測試! (feat 婕翎、蕎蕎),https://www.youtube.com/watch?v=LlecuEIyiGo,2016-06-22 15:21:38,15,41,False,playlist,0.0,,False,False,,【Joeman開箱去】,20
1327,7bpW5kGStO4,【Joeman】羽翼的祈願 第二集 機關重重,https://www.youtube.com/watch?v=7bpW5kGStO4,2016-06-24 04:46:22,4,3268,False,none,0.0,,False,False,,,20
1328,XYv1mnaVg7A,【Joeman】羽翼的祈願 第三集 真相,https://www.youtube.com/watch?v=XYv1mnaVg7A,2016-06-24 04:46:32,4,3723,False,none,0.0,,False,False,,,20
1329,Y7j0NlFWEds,【Joeman】羽翼的祈願 第一集 恐怖的豪宅,https://www.youtube.com/watch?v=Y7j0NlFWEds,2016-06-24 04:46:09,4,3662,False,keyword,0.0,,False,False,,,20
1330,QY33o2vBjvU,【Joeman】 黎明死線 精華第一集 (Sobad 懶貓 Iris 猴子) Dead By Daylight,https://www.youtube.com/watch?v=QY33o2vBjvU,2016-06-28 22:33:11,22,1438,False,none,0.0,,False,False,,,20
1331,u1jrLvi_X58,【Joeman】法國行Vlog-南法篇 (蔚藍海岸、尼斯、艾日、薰衣草、摩納哥),https://www.youtube.com/watch?v=u1jrLvi_X58,2016-06-29 22:01:35,22,587,False,playlist,0.0,,False,False,,【Joeman出來玩】,20
1332,C0-Ot3BE3LY,【Joeman】總統萬歲5 第二集 最窮的政府 Tropico 5 Ep2,https://www.youtube.com/watch?v=C0-Ot3BE3LY,2016-07-05 08:56:03,8,2037,False,keyword,0.0,,False,False,,,20
1333,OC39uCwyLhA,【Joeman】總統萬歲5 第一集 獨裁者的第一步 Tropico 5 Ep1,https://www.youtube.com/watch?v=OC39uCwyLhA,2016-07-05 08:54:40,8,1859,False,keyword,0.0,,False,False,,,20
1334,bFS3qN20tG8,【Joeman】總統萬歲5 Steam V1.1 繁體漢化 教學  Tropico5,https://www.youtube.com/watch?v=bFS3qN20tG8,2016-07-05 02:02:41,2,182,False,keyword,0.0,,False,False,,,20
1335,pPqfkxFxDAA,【Joeman】總統萬歲5 第三集 獨立的下場 Tropico 5 Ep3,https://www.youtube.com/watch?v=pPqfkxFxDAA,2016-07-05 08:57:14,8,2511,False,keyword,0.0,,False,False,,,20
1336,UDPN8kAFw1M,【Joeman】總統萬歲5 第五集 觀光型總統 Tropico 5 Ep5,https://www.youtube.com/watch?v=UDPN8kAFw1M,2016-07-07 21:53:29,21,1901,False,keyword,0.0,,False,False,,,20
1337,b_qdMy6__Z8,【Joeman】總統萬歲5 第四集 全面宣戰 Tropico 5 Ep4,https://www.youtube.com/watch?v=b_qdMy6__Z8,2016-07-07 21:52:34,21,1836,False,keyword,0.0,,False,False,,,20
1338,46DebIWqZiw,【Joeman】總統萬歲5 第七集 砍掉重練QQ Tropico 5 Ep7,https://www.youtube.com/watch?v=46DebIWqZiw,2016-07-08 21:01:18,21,2072,False,keyword,0.0,,False,False,,,20
1339,HiTNQQECxZU,【Joeman】總統萬歲5 第六集 發展核子計畫 Tropico 5 Ep6,https://www.youtube.com/watch?v=HiTNQQECxZU,2016-07-08 21:00:41,21,1669,False,keyword,0.0,,False,False,,,20
1340,DDDsz3Ym0Qc,【Joeman】Inside 裏世界 第三集 恐怖實驗室 ep3,https://www.youtube.com/watch?v=DDDsz3Ym0Qc,2016-07-09 13:09:16,13,2508,False,keyword,0.0,,False,False,,,20
1341,giTVvgj-mu4,【Joeman】Inside 裏世界 第二集 終於不是邊緣人了 ep2,https://www.youtube.com/watch?v=giTVvgj-mu4,2016-07-09 13:04:09,13,3288,False,none,0.0,,False,False,,,20
1342,ixndIZzghI8,【Joeman】Inside 裏世界 第四集 肉球大冒險 (完) ep4,https://www.youtube.com/watch?v=ixndIZzghI8,2016-07-09 13:10:09,13,1620,False,none,0.0,,False,False,,,20
1343,oeEDltA9l-Q,【Joeman】Inside 裏世界 第一集 這個遊戲有點變態 ep1,https://www.youtube.com/watch?v=oeEDltA9l-Q,2016-07-09 13:04:04,13,2840,False,keyword,0.0,,False,False,,,20
1344,5DUXRU9x47Y,【Joeman】一款虐殺小男孩的恐怖遊戲！《Inside》死亡精華,https://www.youtube.com/watch?v=5DUXRU9x47Y,2016-07-10 13:06:35,13,229,False,keyword,0.0,,False,False,,,20
1345,oQNEdEjpgl8,【Joeman】喝酒神器？不鏽鋼冰塊 開箱實測！,https://www.youtube.com/watch?v=oQNEdEjpgl8,2016-07-14 17:16:19,17,521,False,playlist,-4.0,明確聲明非業配,False,False,,【Joeman開箱去】,20
1346,JvCxwTmFbP8,【Joeman】總統萬歲5 第九集 肥宅科學園區 Tropico 5 Ep9,https://www.youtube.com/watch?v=JvCxwTmFbP8,2016-07-18 20:10:12,20,1809,False,keyword,0.0,,False,False,,,20
1347,O0nApAme3hg,【Joeman】總統萬歲5 第十集 航母艦隊出動! Tropico 5 Ep10,https://www.youtube.com/watch?v=O0nApAme3hg,2016-07-18 20:10:59,20,1759,False,keyword,0.0,,False,False,,,20
1348,jXhdRYMKq3M,【Joeman】總統萬歲5 第八集 拜託不要再罷工了 Tropico 5 Ep8,https://www.youtube.com/watch?v=jXhdRYMKq3M,2016-07-18 20:07:28,20,2024,False,keyword,0.0,,False,False,,,20
1349,8mGaKOcUoU4,【Joeman】藍寶堅尼 Avantador LP700 遙控跑車開箱！,https://www.youtube.com/watch?v=8mGaKOcUoU4,2016-07-19 18:40:58,18,391,False,playlist,0.0,,False,False,,【Joeman開箱去】,20
1350,Llc4iipJtLk,【Joeman】 實況主人生 第九集 愛情第二春! Youtubers Life Ep9,https://www.youtube.com/watch?v=Llc4iipJtLk,2016-07-20 20:09:10,20,899,False,keyword,0.0,,False,False,,,20
1351,N_VONZfduqU,【Joeman】 實況主人生 第七集 邀請第一名當室友 Youtubers Life Ep7,https://www.youtube.com/watch?v=N_VONZfduqU,2016-07-20 20:07:58,20,994,False,keyword,0.0,,False,False,,,20
1352,XRYgEKaTHbA,【Joeman】 實況主人生 第八集 頂樓加蓋豪宅 Youtubers Life Ep8,https://www.youtube.com/watch?v=XRYgEKaTHbA,2016-07-20 20:08:32,20,1025,False,keyword,0.0,,False,False,,,20
1353,EbQ4kPpChrc,【Joeman】香港祕密警察 第二集 18銅人來啦! Sleeping Dogs Ep2,https://www.youtube.com/watch?v=EbQ4kPpChrc,2016-07-21 17:05:10,17,2710,False,none,0.0,,False,False,,,20
1354,vxVN1s-WiXE,【Joeman】香港祕密警察 第一集 粵語版GTA? Sleeping Dogs Ep1,https://www.youtube.com/watch?v=vxVN1s-WiXE,2016-07-21 17:05:10,17,3150,False,keyword,0.0,,False,False,,,20
1355,hkClHbGf5wo,【Joeman】平衡感大挑戰！桌遊「船轉企鵝」開箱試玩 (feat.蕎蕎、可可),https://www.youtube.com/watch?v=hkClHbGf5wo,2016-07-23 03:06:38,3,613,False,playlist,0.0,,False,False,,【Joeman開箱去】,20
1356,LTKJVyvRWLI,【Joeman】提升情緒控制能力？遙控鋼珠迷宮！開箱,https://www.youtube.com/watch?v=LTKJVyvRWLI,2016-07-25 18:01:00,18,388,False,playlist,0.0,,False,False,,【Joeman開箱去】,20
1357,ykBPOh6BmZg,【Joeman】隨身攜帶的驗鈔法寶？手機顯微鏡開箱！,https://www.youtube.com/watch?v=ykBPOh6BmZg,2016-07-27 15:45:20,15,343,False,playlist,0.0,,False,False,,【Joeman開箱去】,20
1358,dS6o-dQGfWU,【Joeman】用迷你撲克牌玩心臟病！(feat. Hui、Haz),https://www.youtube.com/watch?v=dS6o-dQGfWU,2016-07-31 07:01:17,7,604,False,playlist,0.0,,False,False,,【Joeman開箱去】,20
1359,f5MKx71pN_M,【Joeman】甚麼都能黏？反重力手機殼開箱實測！,https://www.youtube.com/watch?v=f5MKx71pN_M,2016-08-06 04:05:17,4,274,False,playlist,0.0,,False,False,,【Joeman開箱去】,20
1360,Ii5LR3vKknY,十年前我就在搭307拍片了！公車食刻表前傳ep0,https://www.youtube.com/watch?v=Ii5LR3vKknY,2016-08-09 01:34:00,1,727,False,playlist,0.0,,False,False,,【Joeman開箱去】,20
1361,DNjao1uS878,【Joeman九件事】超粒方專訪！影評背後的辛酸血淚？,https://www.youtube.com/watch?v=DNjao1uS878,2016-08-12 09:42:24,9,2392,True,playlist,0.0,,False,False,,【Joeman九件事】網路人物誌,20
1362,jVHR5nK5_Jw,【Joeman】第一顆10公里蛋會孵出甚麼？ Pokemon Go!,https://www.youtube.com/watch?v=jVHR5nK5_Jw,2016-08-15 10:14:32,10,40,False,playlist,0.0,,False,False,,【Joeman開箱去】,20
1363,rR9Ndh0Qfc4,【Joeman】雪恥！5顆5公里蛋孵化 Pokemon Go！,https://www.youtube.com/watch?v=rR9Ndh0Qfc4,2016-08-16 17:32:37,17,86,False,playlist,0.0,,False,False,,【Joeman開箱去】,20
1364,MFJbEReQiow,【Joeman】在北投公園孵出超級巨獸！Pokemon Go,https://www.youtube.com/watch?v=MFJbEReQiow,2016-08-20 12:31:20,12,104,False,playlist,0.0,,False,False,,【Joeman開箱去】,20
1365,PRtPrULxO_g,【Joeman】實體版爐石戰記？開箱實測！ (feat. Sobad),https://www.youtube.com/watch?v=PRtPrULxO_g,2016-08-22 03:00:31,3,922,False,playlist,0.0,,False,False,,【Joeman開箱去】,20
1366,qS4YIPbNmFE,【Joeman】極機密？高科技動態瘦臉！,https://www.youtube.com/watch?v=qS4YIPbNmFE,2016-08-25 02:19:32,2,172,False,playlist,0.0,,False,False,,【Joeman開箱去】,20
1367,HkzlhOBX_fY,【Joeman】扭蛋開箱！寶可夢拉霸機  (神奇寶貝XY&Z劇場版),https://www.youtube.com/watch?v=HkzlhOBX_fY,2016-08-29 08:01:05,8,329,False,playlist,0.0,,False,False,,【Joeman開箱去】,20
1368,CpcrvHYQXkg,【Joeman九件事】是魯蛇還是叛徒？網路紅人Howhow陳孜昊專訪！,https://www.youtube.com/watch?v=CpcrvHYQXkg,2016-08-30 02:01:31,2,3948,False,playlist,0.0,,False,False,,【Joeman九件事】網路人物誌,20
1369,Hj3cRwMqEmQ,【Joeman】爸爸去哪兒？快樂輪子3D！(Happy Wheels Guts and Glory),https://www.youtube.com/watch?v=Hj3cRwMqEmQ,2016-09-02 20:20:31,20,306,False,none,0.0,,False,False,,,20
1370,-k5ScuZG41U,【Joeman】麥當勞雞排、派克雞排、流氓雞排 誰最好吃？,https://www.youtube.com/watch?v=-k5ScuZG41U,2016-09-08 05:39:39,5,211,False,playlist,0.0,,False,False,,【Joeman開箱去】,20
1371,a1YbR37eCeI,【Joeman九件事】最純的宅男女神？解婕翎J0專訪！,https://www.youtube.com/watch?v=a1YbR37eCeI,2016-09-09 08:31:41,8,4005,False,playlist,0.0,,False,False,,【Joeman九件事】網路人物誌,20
1372,IxN36uJsaAk,【Joeman】Cosplay 星海爭霸 泰克斯,https://www.youtube.com/watch?v=IxN36uJsaAk,2016-09-14 18:34:39,18,20,False,keyword,0.0,,False,False,,,20
1373,GCKiFdNClmQ,【Joeman】能快速把妹的鍵盤？AZIO 全彩背光機械鍵盤開箱！ (AZIO MGK L80 RGB),https://www.youtube.com/watch?v=GCKiFdNClmQ,2016-09-18 02:46:06,2,642,False,playlist,0.0,,False,False,,【Joeman開箱去】,20
1374,lnvOPizyMU4,【Joeman九件事】從偽娘走向變性!網路紅人愛里專訪,https://www.youtube.com/watch?v=lnvOPizyMU4,2016-09-19 00:33:13,0,4814,False,playlist,0.0,,False,False,,【Joeman九件事】網路人物誌,20
1375,AztWbH3NDaM,【Joeman九件事】台灣Youtube界男神降臨！阿神Kouki專訪,https://www.youtube.com/watch?v=AztWbH3NDaM,2016-09-22 00:11:18,0,5073,False,playlist,0.0,,False,False,,【Joeman九件事】網路人物誌,20
1376,QvTp6y1JqYU,【Joeman】難度爆表？3D立體鋼珠迷宮開箱！(feat. Hui、阿吉),https://www.youtube.com/watch?v=QvTp6y1JqYU,2016-09-28 18:48:51,18,641,False,playlist,0.0,,False,False,,【Joeman開箱去】,20
1377,URuu7n4JKf4,【Joeman】兩天就賣完？俠客風雲傳前傳典藏版開箱！,https://www.youtube.com/watch?v=URuu7n4JKf4,2016-10-01 11:15:58,11,343,False,playlist,0.0,,False,False,,【Joeman開箱去】,20
1378,4PKFiVSf5cE,【Joeman九件事】超熱血的寶可夢戶外實況主！兔頭專訪,https://www.youtube.com/watch?v=4PKFiVSf5cE,2016-10-05 12:01:44,12,4678,False,playlist,0.0,,False,False,,【Joeman九件事】網路人物誌,20
1379,xyw0nQx0IV0,【Joeman】這遊戲的雜魚專門出神裝！,https://www.youtube.com/watch?v=xyw0nQx0IV0,2016-10-06 17:40:32,17,115,False,keyword,0.0,,False,False,,,20
1380,Pubb9YV9Gjg,【Joeman九件事】跑跑卡丁車傳奇車手，小草Yue專訪,https://www.youtube.com/watch?v=Pubb9YV9Gjg,2016-10-12 19:11:47,19,4040,False,playlist,0.0,,False,False,,【Joeman九件事】網路人物誌,20
1381,mjWHR01sO7s,【Joeman】石器時代－巴朵蘭恩紙模型開箱！,https://www.youtube.com/watch?v=mjWHR01sO7s,2016-10-14 19:14:43,19,170,False,playlist,0.0,,False,False,,【Joeman開箱去】,20
1382,pOUcPUDGz0s,【Joeman】石器時代20連抽，來個傳說拜託你！,https://www.youtube.com/watch?v=pOUcPUDGz0s,2016-10-15 18:48:27,18,203,False,playlist,0.0,,False,False,,【Joeman開箱去】,20
1383,q_XDFvi-B0s,【Joeman】河洛工作室專訪：俠客風雲傳前傳秘辛與J2的野心,https://www.youtube.com/watch?v=q_XDFvi-B0s,2016-10-18 18:37:40,18,716,False,playlist,0.0,,False,False,,【Joeman開箱去】,20
1384,eOAsGd-8YCk,【Joeman九件事】擾頻抱歉、人數告急！頭哥專訪,https://www.youtube.com/watch?v=eOAsGd-8YCk,2016-10-19 19:17:39,19,4361,False,playlist,0.0,,False,False,,【Joeman九件事】網路人物誌,20
1385,7Ym3lUFDhds,【Joeman九件事】最勇敢的女實況主 鳳梨妹專訪,https://www.youtube.com/watch?v=7Ym3lUFDhds,2016-10-26 03:36:27,3,3814,False,playlist,0.0,,False,False,,【Joeman九件事】網路人物誌,20
1386,CSMe2IFwh7M,【Joeman FFBE】關於魔王的那些困擾！,https://www.youtube.com/watch?v=CSMe2IFwh7M,2016-10-28 15:00:25,15,106,False,keyword,0.0,,False,False,,,20
1387,GTNlhJJ87Rw,【Joeman九件事】主持棒的另一端 小熊Yuniko專訪,https://www.youtube.com/watch?v=GTNlhJJ87Rw,2016-11-02 17:02:36,17,4568,False,playlist,0.0,,False,False,,【Joeman九件事】網路人物誌,20
1388,A8jruM0jyvs,【Joeman九件事】被Twitch封殺後的心路歷程 郭紹安專訪,https://www.youtube.com/watch?v=A8jruM0jyvs,2016-11-08 20:13:45,20,3092,False,playlist,0.0,,False,False,,【Joeman九件事】網路人物誌,20
1389,0q1qc6LvxeU,【Joeman】麥當勞韓式炸雞堡！開箱試吃,https://www.youtube.com/watch?v=0q1qc6LvxeU,2016-11-10 18:00:00,18,149,False,playlist,0.0,,False,False,,【Joeman開箱去】,20
1390,bKdNvgzg4VQ,【Joeman】看片神器！LG 21:9超寬螢幕開箱實測 (29UM58),https://www.youtube.com/watch?v=bKdNvgzg4VQ,2016-11-10 13:10:47,13,417,False,playlist,0.0,,False,False,,【Joeman開箱去】,20
1391,IGQueStDVFE,【Joeman九件事】實況界歌后 蛋捲專訪,https://www.youtube.com/watch?v=IGQueStDVFE,2016-11-16 16:52:45,16,3745,False,playlist,0.0,,False,False,,【Joeman九件事】網路人物誌,20
1392,2NAiVtAHFKk,【Joeman】一萬塊的電競耳機！Sennheiser聲海Game Zero開箱,https://www.youtube.com/watch?v=2NAiVtAHFKk,2016-11-21 18:38:08,18,403,False,playlist,0.0,,False,False,,【Joeman開箱去】,20
1393,dzbuWnTlT-w,【Joeman九件事】從LMS王牌到LPL新人獎 記得Remember專訪,https://www.youtube.com/watch?v=dzbuWnTlT-w,2016-11-24 06:56:18,6,7546,False,playlist,0.0,,False,False,,【Joeman九件事】網路人物誌,20
1394,fmKMTnavskc,【Joeman】波霸抹茶拿鐵！50嵐、水巷茶弄誰好喝？開箱,https://www.youtube.com/watch?v=fmKMTnavskc,2016-11-27 12:40:26,12,193,False,playlist,0.0,,False,False,,【Joeman開箱去】,20
1395,R09808z1Gvg,【Joeman九件事】十年資歷的專業Coser 咪妃娘娘專訪,https://www.youtube.com/watch?v=R09808z1Gvg,2016-11-30 11:24:07,11,4081,False,playlist,0.0,,False,False,,【Joeman九件事】網路人物誌,20
1396,3ou0EqpgNn4,【Joeman】FidgetCube紓壓骰子 募資兩億台幣無用小物開箱！,https://www.youtube.com/watch?v=3ou0EqpgNn4,2016-12-03 21:44:43,21,285,False,playlist,0.0,,False,False,,【Joeman開箱去】,20
1397,kBGiN1YQGJA,【Joeman九件事】高中念7年只為電競夢 Uzra汪澈專訪,https://www.youtube.com/watch?v=kBGiN1YQGJA,2016-12-07 14:30:37,14,4578,False,playlist,0.0,,False,False,,【Joeman九件事】網路人物誌,20
1398,OXB-73Fy42k,【Joeman】麥當勞明太子海陸雙星堡！開箱試吃,https://www.youtube.com/watch?v=OXB-73Fy42k,2016-12-11 20:25:20,20,140,False,playlist,0.0,,False,False,,【Joeman開箱去】,20
1399,Kmlolv9GqVw,【Joeman九件事】不露臉也能吸引上萬觀眾 GoDJJ王永傑專訪,https://www.youtube.com/watch?v=Kmlolv9GqVw,2016-12-14 03:29:17,3,2718,False,playlist,0.0,,False,False,,【Joeman九件事】網路人物誌,20
1400,AvZbrq4tZco,【Joeman】聽說是人中之龍6最難發動出的一招必殺技！(音量注意),https://www.youtube.com/watch?v=AvZbrq4tZco,2016-12-20 23:58:09,23,17,False,keyword,0.0,,False,False,,,20
1401,XVeJs2qCAVA,【Joeman】韓國網咖遊記！超狂的網路速度與配備！,https://www.youtube.com/watch?v=XVeJs2qCAVA,2016-12-22 16:33:42,16,304,False,playlist,0.0,,False,False,,【Joeman】全世界的網咖體驗|【Joeman出來玩】,20
1402,-NvptE-Lybc,【Joeman九件事】被媽媽誤會色情視訊 實況主Mita專訪,https://www.youtube.com/watch?v=-NvptE-Lybc,2016-12-26 01:24:22,1,3398,False,playlist,0.0,,False,False,,【Joeman九件事】網路人物誌,20
1403,-hjrIyU7Zak,【Joeman九件事】從電競主播到Twitch員工 吉祥GShan專訪,https://www.youtube.com/watch?v=-hjrIyU7Zak,2016-12-26 04:44:36,4,3877,False,playlist,0.0,,False,False,,【Joeman九件事】網路人物誌,20
1404,2GFtnC5WZKo,【Joeman FFBE】在寵物店買到有特異功能的巨型烏龜！？,https://www.youtube.com/watch?v=2GFtnC5WZKo,2016-12-27 20:00:46,20,234,False,keyword,0.0,,False,False,,,20
1405,1I5Fgkxc6jM,【Joeman九件事】為了夢想離家出走 專業Coser貝莉莓專訪,https://www.youtube.com/watch?v=1I5Fgkxc6jM,2016-12-30 05:48:34,5,4520,False,playlist,0.0,,False,False,,【Joeman九件事】網路人物誌,20
1406,zXryG3UWDHk,【Joeman】超美味韓國雞湯店！陳玉華奶奶一隻雞,https://www.youtube.com/watch?v=zXryG3UWDHk,2016-12-30 17:39:08,17,149,False,playlist,0.0,,False,False,,【Joeman開箱去】,20
1407,Wft92kUUJkM,【Joeman】價值兩百萬的夢幻耳機！Sennheiser大奧HE1 開箱試聽,https://www.youtube.com/watch?v=Wft92kUUJkM,2017-01-01 16:00:02,16,456,False,playlist,0.0,,False,False,,【Joeman開箱去】,20
1408,gNXU7TuJ1Mc,【Joeman】自己組裝黑膠唱片機！Spinbox傻瓜唱機開箱,https://www.youtube.com/watch?v=gNXU7TuJ1Mc,2017-01-04 13:25:00,13,861,False,playlist,0.0,,False,False,,【Joeman開箱去】,20
1409,_L651B-DiOg,【Joeman九件事】逆流而行重返電競 Winds陳鵬年專訪,https://www.youtube.com/watch?v=_L651B-DiOg,2017-01-06 18:52:03,18,3908,False,playlist,0.0,,False,False,,【Joeman九件事】網路人物誌,20
1410,yLCvxL3TJVE,【Joeman】第二代紓壓骰子？12面超狂設計！開箱,https://www.youtube.com/watch?v=yLCvxL3TJVE,2017-01-07 11:40:06,11,413,False,playlist,0.0,,False,False,,【Joeman開箱去】,20
1411,YQmXOCRcQB8,【Joeman九件事】從工讀生到台灣隊長 聶寶專訪,https://www.youtube.com/watch?v=YQmXOCRcQB8,2017-01-13 05:15:25,5,5482,False,playlist,0.0,,False,False,,【Joeman九件事】網路人物誌,22
1412,0WKKtUknW34,【Joeman九件事】鳳梨妹對國動的真心話時間,https://www.youtube.com/watch?v=0WKKtUknW34,2017-01-18 00:49:13,0,160,False,playlist,0.0,,False,False,,【Joeman九件事】網路人物誌,22
1413,SgF1RdEvSlc,【Joeman九件事】從啃老族到超紅實況主 國動專訪,https://www.youtube.com/watch?v=SgF1RdEvSlc,2017-01-20 08:05:29,8,4110,False,playlist,0.0,,False,False,,【Joeman九件事】網路人物誌,22
1414,QksEwOPwSIg,【Joeman】買了一萬塊的刮刮樂！刮中2000萬就退出實況圈！,https://www.youtube.com/watch?v=QksEwOPwSIg,2017-01-31 14:00:00,14,403,False,playlist,0.0,,False,False,,【Joeman開箱去】,22
1415,Ib7Ijg4vcBw,【Joeman】超級VIP才有的禮物？暴雪寄來的神祕包裹！開箱,https://www.youtube.com/watch?v=Ib7Ijg4vcBw,2017-02-01 14:00:00,14,210,False,playlist,0.0,,False,False,,【Joeman開箱去】,22
1416,dC61VNpT6s4,【Joeman九件事】沒去大學報到卻在世界舞台報到 Ahq羅杰專訪,https://www.youtube.com/watch?v=dC61VNpT6s4,2017-02-06 00:46:14,0,3630,False,playlist,0.0,,False,False,,【Joeman九件事】網路人物誌,22
1417,1qACG4nOohA,【Joeman】跑錯棚的盟主？《艾瓦貝爾聖境》介紹！,https://www.youtube.com/watch?v=1qACG4nOohA,2017-02-07 19:33:50,19,280,False,none,0.0,,False,False,,,22
1418,CjuCrer7iIo,【Joeman九件事】身價十位數的男人 鍾培生專訪,https://www.youtube.com/watch?v=CjuCrer7iIo,2017-02-08 10:15:40,10,4468,False,playlist,0.0,,False,False,,【Joeman九件事】網路人物誌,22
1419,0kUE7e2LSDU,【Joeman】刮刮樂大對決！誰是今年最幸運的人？(feat.Sobad、可可、樊兒、鬼鬼),https://www.youtube.com/watch?v=0kUE7e2LSDU,2017-02-09 14:00:00,14,461,False,playlist,0.0,,False,False,,【Joeman開箱去】,22
1420,74L6pJKpqpQ,【Joeman】西門町百元販賣機！結果裡面都是...？,https://www.youtube.com/watch?v=74L6pJKpqpQ,2017-02-12 18:00:01,18,416,False,playlist,0.0,,False,False,,【Joeman百元販賣機】|【Joeman開箱去】,22
1421,bZuDPk_e8Rk,【Joeman九件事】挺身走過流言蜚語 瑀熙Yuci專訪,https://www.youtube.com/watch?v=bZuDPk_e8Rk,2017-02-13 09:38:30,9,3530,False,playlist,0.0,,False,False,,【Joeman九件事】網路人物誌,22
1422,hyO53EvdskY,【Joeman】情人節特別企劃？自製玫瑰造型冰塊！,https://www.youtube.com/watch?v=hyO53EvdskY,2017-02-14 18:00:03,18,367,False,playlist,0.0,,False,False,,【Joeman開箱去】,22
1423,w5edgmMxKG4,【Joeman】超療癒！寶可夢神奇寶貝皮卡丘扭蛋機開箱！,https://www.youtube.com/watch?v=w5edgmMxKG4,2017-02-15 18:00:02,18,342,False,playlist,0.0,,False,False,,【Joeman開箱去】,22
1424,VHZF7CSgvss,【Joeman九件事】憶母淚崩 近鄉情怯 張立蓁專訪,https://www.youtube.com/watch?v=VHZF7CSgvss,2017-02-17 09:55:16,9,4738,False,playlist,0.0,,False,False,,【Joeman九件事】網路人物誌,22
1425,rtHEwnyi8RM,【Joeman】國棟對統神的真心話時間 國動比Toyz還紅？,https://www.youtube.com/watch?v=rtHEwnyi8RM,2017-02-22 00:07:12,0,567,False,none,0.0,,False,False,,,22
1426,dcr4Z8Wb91A,【Joeman九件事】台灣，我回來了！大魚專訪,https://www.youtube.com/watch?v=dcr4Z8Wb91A,2017-02-23 13:45:56,13,5345,False,playlist,0.0,,False,False,,【Joeman九件事】網路人物誌,22
1427,3ijUQ3-uVXE,【Joeman九件事】立志從政改變台灣 亞洲統神 專訪 (第一季最終集),https://www.youtube.com/watch?v=3ijUQ3-uVXE,2017-03-01 13:54:38,13,4955,False,playlist,0.0,,False,False,,【Joeman九件事】網路人物誌,22
1428,aLYn2DTEycs,【Joeman九件事】亞洲統神 專訪 (沒剪到的最後一小段),https://www.youtube.com/watch?v=aLYn2DTEycs,2017-03-02 02:18:14,2,207,False,title_series,0.0,,False,False,,,22
1429,vtwltBfAUT4,【Joeman】定價超過4萬的頂級曲面螢幕？LG 34UC98開箱！,https://www.youtube.com/watch?v=vtwltBfAUT4,2017-03-02 18:00:04,18,426,False,playlist,0.0,,False,False,,【Joeman開箱去】,22
1430,dW6WjAzMGFc,【Joeman】是創意還是噱頭？任天堂Nintendo Switch開箱！(feat.聶寶),https://www.youtube.com/watch?v=dW6WjAzMGFc,2017-03-03 18:38:43,18,563,False,playlist,0.0,,False,False,,【Joeman開箱去】,22
1431,CVPtEKtffXo,【Joeman】實測！一口氣吃20顆Airwaves後再喝冰水會怎樣？(feat.懶貓),https://www.youtube.com/watch?v=CVPtEKtffXo,2017-03-04 18:00:00,18,190,False,keyword,0.0,,False,False,,,22
1432,qmQcizLAEog,【Joeman】透明撲克牌？超酷的X光撲克牌開箱！,https://www.youtube.com/watch?v=qmQcizLAEog,2017-03-05 18:00:03,18,266,False,playlist,0.0,,False,False,,【Joeman開箱去】,22
1433,PkUH4erhyLY,【Joeman】超爽～吃到飽再上飛機！機場貴賓室到底長甚麼樣子？,https://www.youtube.com/watch?v=PkUH4erhyLY,2017-03-11 18:00:02,18,243,False,playlist,0.0,,False,False,,【Joeman】飛機餐與貴賓室|【Joeman出來玩】,22
1434,0y_L_ToZjk4,【Joeman】旅費就靠這次了？挑戰日本超紅的小丸子刮刮樂！,https://www.youtube.com/watch?v=0y_L_ToZjk4,2017-03-12 18:00:00,18,172,False,playlist,0.0,,False,False,,【Joeman開箱去】,22
1435,6WbtomYQScE,【Joeman】單點台幣800塊？日本京都神級蛋包飯！(ザ・洋食屋キチキチ),https://www.youtube.com/watch?v=6WbtomYQScE,2017-03-13 18:57:21,18,165,False,playlist,0.0,,False,False,,【Joeman出來玩】,22
1436,uJdAXOkjQeU,【Joeman】輸了就去桃園機場逆向慢跑？創世破曉世紀賭局！,https://www.youtube.com/watch?v=uJdAXOkjQeU,2017-03-14 21:38:01,21,653,False,keyword,0.0,,False,False,,,22
1437,5-Rc9fohxt8,【Joeman】連情趣用品都轉得到？大阪日本橋扭蛋探險！,https://www.youtube.com/watch?v=5-Rc9fohxt8,2017-03-15 18:00:00,18,449,False,playlist,0.0,,False,False,,【Joeman開箱去】,22
1438,MTU7EOqTLq4,【Joeman】體驗大阪的夾娃娃機！搶救雷姆大作戰！,https://www.youtube.com/watch?v=MTU7EOqTLq4,2017-03-17 18:00:03,18,327,False,playlist,0.0,,False,False,,【Joeman夾娃娃】|【Joeman開箱去】,22
1439,dYtXNGTQk0o,【Joeman】超療癒的皮卡丘存錢筒開箱！Pokemon Pikachu Piggy Bank Unboxing,https://www.youtube.com/watch?v=dYtXNGTQk0o,2017-03-18 18:00:04,18,549,False,keyword,0.0,,False,False,,,22
1440,LAGRFgJJ6pc,【Joeman】最高等級的Pocky！？Bâton d'or開箱試吃！,https://www.youtube.com/watch?v=LAGRFgJJ6pc,2017-03-19 18:00:01,18,275,False,playlist,0.0,,False,False,,【Joeman開箱去】,22
1441,xHaaC5tTGYo,【Joeman】超夢幻水果千層派！日本Harbs蛋糕店介紹 同場加映草莓季商品,https://www.youtube.com/watch?v=xHaaC5tTGYo,2017-03-20 18:00:05,18,239,False,playlist,0.0,,False,False,,【Joeman出來玩】,22
1442,2IB_AVC-lTI,【Joeman】哪種飲料沒氣後最好喝？超音波泡沫製造機開箱實驗！,https://www.youtube.com/watch?v=2IB_AVC-lTI,2017-03-21 19:09:18,19,955,False,playlist,0.0,,False,False,,【Joeman開箱去】,22
1443,g2MblLYAZyI,【Joeman】市售指尖陀螺評比！誰能轉最久？ (手指陀螺、紓壓陀螺),https://www.youtube.com/watch?v=g2MblLYAZyI,2017-03-27 18:03:31,18,562,False,playlist,0.0,,False,False,,【Joeman開箱去】,22
1444,6I_476IjM1k,【Joeman】超有層次！Costco白玉紅豆抹茶冰淇淋開箱！,https://www.youtube.com/watch?v=6I_476IjM1k,2017-03-28 18:19:44,18,224,False,playlist,0.0,,False,False,,【Joeman開箱去】,22
1445,1-xV8Ay-59E,【Joeman】體驗用Apple Pay付錢，真的超簡單！(feat.陳寗),https://www.youtube.com/watch?v=1-xV8Ay-59E,2017-03-29 12:19:05,12,130,False,playlist,0.0,,False,False,,【Joeman開箱去】,22
1446,WMBcaqKjBrA,【Joeman】7-11 櫻桃小丸子 X Hello Kitty 聯名串飾28款全套開箱！,https://www.youtube.com/watch?v=WMBcaqKjBrA,2017-03-31 18:00:02,18,613,False,playlist,0.0,,False,False,,【Joeman開箱去】,22
1447,xTLfIWdaugE,【Joeman碎碎念】10萬訂閱！我經營Youtube的心路歷程 (留言QA募集),https://www.youtube.com/watch?v=xTLfIWdaugE,2017-04-01 16:30:03,16,647,False,none,0.0,,False,False,,,22
1448,kSYJ-0Dza-k,【Joeman】挑戰三國最帥角色？低成本Cosplay！,https://www.youtube.com/watch?v=kSYJ-0Dza-k,2017-04-06 17:45:21,17,353,False,keyword,2.0,行銷活動用語,False,False,,,22
1449,Y5BSWm2x4k4,【Joeman】南部扭蛋聖地！高雄夢時代轉蛋記,https://www.youtube.com/watch?v=Y5BSWm2x4k4,2017-04-07 18:00:02,18,363,False,playlist,0.0,,False,False,,【Joeman一起轉蛋去】|【Joeman開箱去】,22
1450,3FMEcyfNUc0,【Joeman】超強大安卓模擬器BlueStacks！遊戲熱鍵、多線把妹、安卓多開、瞬間移動,https://www.youtube.com/watch?v=3FMEcyfNUc0,2017-04-08 18:03:01,18,501,False,keyword,0.0,,False,False,,,22
1451,S7ipqvNQfLY,【Joeman】百元販賣機清台！竟然出現PS4？高雄貓囍百貨,https://www.youtube.com/watch?v=S7ipqvNQfLY,2017-04-09 18:00:01,18,755,False,playlist,0.0,,False,False,,【Joeman百元販賣機】|【Joeman開箱去】,22
1452,I3g4-hX76D0,【Joeman】實驗！在真空環境中指尖陀螺可以轉多久？ Fidget Spinner Spin In a Vacuum Chamber,https://www.youtube.com/watch?v=I3g4-hX76D0,2017-04-14 18:00:02,18,471,False,playlist,0.0,,False,False,,【Joeman開箱去】,22
1453,ITjceNkI3Kw,【Joeman】一起轉蛋去！西門町萬年大樓扭蛋記(feat. Ryo、黑仔熊),https://www.youtube.com/watch?v=ITjceNkI3Kw,2017-04-16 18:11:43,18,619,False,playlist,0.0,,False,False,,【Joeman一起轉蛋去】|【Joeman開箱去】,22
1454,jDsSPWeOXL0,【Joeman】超酷！用積木拼出自己的照片？開箱,https://www.youtube.com/watch?v=jDsSPWeOXL0,2017-04-19 18:00:03,18,314,False,playlist,0.0,,False,False,,【Joeman開箱去】,22
1455,wZhvUGNl90c,【Joeman】四大錄影神機大PK！(feat.謙桑、黑仔熊)GoPro 5、iphone7+、RX100、G7X,https://www.youtube.com/watch?v=wZhvUGNl90c,2017-04-21 18:00:04,18,528,False,keyword,0.0,,False,False,,,22
1456,pO9sQdWBqMQ,【Joeman】不會酸的藍莓？Costco藍莓千層蛋糕試吃 (feat.解婕翎),https://www.youtube.com/watch?v=pO9sQdWBqMQ,2017-04-22 18:00:06,18,286,False,keyword,0.0,,False,False,,,22
1457,rgVUTgyHy6A,【Joeman】全世界最貴的筆電！曲面電競筆電Predator 21X開箱！,https://www.youtube.com/watch?v=rgVUTgyHy6A,2017-05-01 18:00:05,18,550,False,playlist,0.0,,False,False,,【Joeman】筆電開箱|【Joeman開箱去】,22
1458,gvIuMknWlH8,【Joeman】台北地下街扭蛋、一番賞體驗！(feat.咪妃娘娘),https://www.youtube.com/watch?v=gvIuMknWlH8,2017-05-02 18:00:02,18,766,False,playlist,0.0,,False,False,,【Joeman開箱去】,22
1459,toh-dFf5mpk,【Joeman】迷彩塗裝電競筆電開箱！MSI GE62 GTX1050Ti Camo Squad,https://www.youtube.com/watch?v=toh-dFf5mpk,2017-05-03 18:00:04,18,621,False,playlist,0.0,,False,False,,【Joeman】筆電開箱|【Joeman開箱去】,22
1460,xd85fqk6ih0,【Joeman】可以認識超多正妹的夢幻工作？節目主持人的一天Vlog！,https://www.youtube.com/watch?v=xd85fqk6ih0,2017-05-04 18:00:05,18,489,False,playlist,0.0,,False,False,,【Joeman出來玩】,22
1461,YSwXdYoN0fM,【Joeman】超狂交換禮物！幫腳踏車裝上四根排氣管？(feat.英雄日常),https://www.youtube.com/watch?v=YSwXdYoN0fM,2017-05-05 17:29:19,17,480,False,playlist,0.0,,False,False,,【Joeman開箱去】,22
1462,nQd79HXdWoU,【Joeman】肯德基也開始賣飯？黑椒醬匯雞米飯 試吃！,https://www.youtube.com/watch?v=nQd79HXdWoU,2017-05-07 12:00:01,12,254,True,playlist,0.0,,False,False,,Joeman帶你去吃各地美食|【Joeman出來玩】,22
1463,Xs08DUcaGnw,【Joeman】宅男vs女神？百元料理大挑戰Vlog (feat.解婕翎、Sobad、Vivi),https://www.youtube.com/watch?v=Xs08DUcaGnw,2017-05-09 18:00:01,18,653,False,playlist,0.0,,False,False,,【Joeman出來玩】,22
1464,Qgy3qL70wEQ,【Joeman】DIY打造指尖陀螺測試平台！9種指尖陀螺大PK！開箱,https://www.youtube.com/watch?v=Qgy3qL70wEQ,2017-05-12 18:00:05,18,621,False,playlist,0.0,,False,False,,【Joeman開箱去】,22
1465,MDSiSlIWIN0,【Joeman】真空實驗第二彈！最強八卦指尖陀螺參戰！  Fidget Spinner Spin In a Vacuum Chamber,https://www.youtube.com/watch?v=MDSiSlIWIN0,2017-05-13 20:48:28,20,695,False,playlist,0.0,,False,False,,【Joeman開箱去】,22
1466,vn3VvyKp12I,【Joeman】女人月經的滋味？模擬電療體驗！(feat. 解婕翎 Xargon),https://www.youtube.com/watch?v=vn3VvyKp12I,2017-05-14 18:00:27,18,760,False,playlist,0.0,,False,False,,【Joeman開箱去】,22
1467,uDA5-v3qoE0,【Joeman】真空實驗！小熊軟糖跟棉花糖在真空中會怎樣？,https://www.youtube.com/watch?v=uDA5-v3qoE0,2017-05-18 18:00:04,18,364,False,playlist,0.0,,False,False,,【Joeman開箱去】,22
1468,6FjAL_WBR7A,【Joeman】超高難度Cosplay！尼爾：自動人形 (feat.咪妃),https://www.youtube.com/watch?v=6FjAL_WBR7A,2017-05-19 18:00:00,18,776,False,keyword,0.0,,False,False,,,22
1469,bZ3gFqhOqRM,【Joeman】可以當投影機的手機？模組化手機Moto Z開箱！,https://www.youtube.com/watch?v=bZ3gFqhOqRM,2017-05-20 22:36:19,22,877,False,playlist,0.0,,False,False,,【Joeman開箱去】,22
1470,jtn-IOiDyJM,【Joeman】真空實驗！樂事洋芋片跟可樂果在真空中會怎樣？,https://www.youtube.com/watch?v=jtn-IOiDyJM,2017-05-21 12:00:03,12,215,False,keyword,0.0,,False,False,,,22
1471,RsYxBN_LwgY,【Joeman】在飛機上吃三餐！新航經濟艙竟然有哈根達斯？,https://www.youtube.com/watch?v=RsYxBN_LwgY,2017-05-23 18:00:02,18,384,False,playlist,0.0,,False,False,,【Joeman】飛機餐與貴賓室|【Joeman的莫斯科之旅】|【Joeman開箱去】,22
1472,er65lweGy3c,【Joeman】戰鬥民族的故鄉！莫斯科之旅#1(feat.戰車世界、咪妃),https://www.youtube.com/watch?v=er65lweGy3c,2017-05-25 18:01:03,18,931,False,playlist,0.0,,False,False,,【Joeman的莫斯科之旅】|【Joeman出來玩】,22
1473,Y0iiZVxieBI,珍貴歷史畫面！俄羅斯的麥當勞體驗！（現已撤出俄羅斯）,https://www.youtube.com/watch?v=Y0iiZVxieBI,2017-05-26 18:00:02,18,586,False,playlist,0.0,,False,False,,Joeman帶你去吃各地美食|【Joeman的莫斯科之旅】|【Joeman出來玩】,22
1474,kxdP4k1AmgE,【Joeman】真空實驗！可口可樂在真空中會怎樣？,https://www.youtube.com/watch?v=kxdP4k1AmgE,2017-05-27 18:04:42,18,485,False,playlist,0.0,,False,False,,【Joeman開箱去】,22
1475,E529JRmNUWM,【Joeman】俄羅斯的網咖體驗！超越韓國的神級網咖？,https://www.youtube.com/watch?v=E529JRmNUWM,2017-05-28 19:50:21,19,485,False,playlist,0.0,,False,False,,【Joeman】全世界的網咖體驗|【Joeman的莫斯科之旅】|【Joeman出來玩】,22
1476,kL0vmk7sGlI,【Joeman】帶著闊嘴器講笑話！Feat.Dinter、解婕翎,https://www.youtube.com/watch?v=kL0vmk7sGlI,2017-05-29 18:18:18,18,209,False,playlist,0.0,,False,False,,【Joeman開箱去】,22
1477,oFavSHIOqM0,【Joeman】開箱！用環形燈錄影超夢幻？feat.咪妃,https://www.youtube.com/watch?v=oFavSHIOqM0,2017-05-30 13:22:16,13,304,False,playlist,0.0,,False,False,,【Joeman開箱去】,22
1478,3Cb30HTvyHE,【Joeman】都市傳說！俄羅斯買不到棒球？流言破解？,https://www.youtube.com/watch?v=3Cb30HTvyHE,2017-06-02 18:11:18,18,385,False,playlist,3.0,致謝贊助句型,False,False,,【Joeman的莫斯科之旅】,22
1479,C4iaybr2dng,【Joeman】8分鐘看完今年最值得期待的7款電競筆電！Computex 2017導覽,https://www.youtube.com/watch?v=C4iaybr2dng,2017-06-03 17:02:15,17,486,False,playlist,0.0,,False,False,,【Joeman】筆電開箱|【Joeman開箱去】,22
1480,_zfqmyKOz9M,【Joeman】一起來玩貓咪大戰爭！漂浮系列轉蛋！(feat.Neko),https://www.youtube.com/watch?v=_zfqmyKOz9M,2017-06-04 19:02:12,19,1094,True,title_series,0.0,,False,False,,,22
1481,LuOJ8DGm64Q,【Joeman】邂逅首爾的流浪貓！完全不會怕人的貓 (feat.鳳梨妹),https://www.youtube.com/watch?v=LuOJ8DGm64Q,2017-06-06 18:00:01,18,80,False,playlist,0.0,,False,False,,【Joeman】我的貓咪小公主|【Joeman的首爾之旅】,22
1482,OPuY-T9QXEY,【Joeman】只要台幣10元？莫斯科扭蛋機！轉蛋去,https://www.youtube.com/watch?v=OPuY-T9QXEY,2017-06-08 18:05:01,18,187,False,playlist,0.0,,False,False,,【Joeman一起轉蛋去】|【Joeman的莫斯科之旅】,22
1483,Tl-bcZvkF4k,【Joeman】紓壓骰子造型的指尖陀螺！超奇葩的異種結合？開箱！,https://www.youtube.com/watch?v=Tl-bcZvkF4k,2017-06-09 18:02:00,18,260,False,playlist,0.0,,False,False,,【Joeman開箱去】,22
1484,XjNo8Pt_zxM,【Joeman】超美的莫斯科地鐵與戰車世界 (feat.咪妃),https://www.youtube.com/watch?v=XjNo8Pt_zxM,2017-06-10 18:20:17,18,585,False,playlist,3.0,致謝贊助句型,False,False,,【Joeman的莫斯科之旅】|【Joeman出來玩】,22
1485,GIkbCDmLUHI,【Joeman】超便宜的牛奶販賣機！莫斯科量販店體驗 (feat.咪妃、奶綠),https://www.youtube.com/watch?v=GIkbCDmLUHI,2017-06-11 18:52:17,18,155,False,playlist,0.0,,False,False,,【Joeman的莫斯科之旅】|【Joeman出來玩】,22
1486,io-wS1A3ZE8,【Joeman】8分鐘看完8款2018年值得期待的遊戲！(ft.舞秋風),https://www.youtube.com/watch?v=io-wS1A3ZE8,2017-06-15 17:02:21,17,510,False,playlist,0.0,,False,False,,【Joeman開箱去】,22
1487,AsWnubXWaJ4,【Joeman】韓國首爾扭蛋體驗！一起轉蛋去 (feat.鳳梨妹),https://www.youtube.com/watch?v=AsWnubXWaJ4,2017-06-16 16:23:02,16,525,False,playlist,0.0,,False,False,,【Joeman一起轉蛋去】|【Joeman的首爾之旅】|【Joeman出來玩】,22
1488,nPYpxYerSxA,【Joeman】韓國麥當勞體驗！吃到超辣的雞柳條 (feat.鳳梨妹),https://www.youtube.com/watch?v=nPYpxYerSxA,2017-06-17 14:26:49,14,628,False,playlist,0.0,,False,False,,Joeman帶你去吃各地美食|【Joeman的首爾之旅】,22
1489,_Gr0M9GH3nU,【Joeman】獨家！《瑪莉歐：王國戰爭》《天命2》試玩心得 (ft.老皮 雪兔 小M 黑羽 皮弟 喜天),https://www.youtube.com/watch?v=_Gr0M9GH3nU,2017-06-18 17:41:06,17,580,False,playlist,0.0,,False,False,,【Joeman開箱去】,22
1490,qNRtpBSqQxM,【Joeman】搶先全台！《刺客教條：起源》實機試玩、評測 Assassin's Creed Origin,https://www.youtube.com/watch?v=qNRtpBSqQxM,2017-06-19 18:09:59,18,427,False,keyword,0.0,,False,False,,,22
1491,0wlLVfFgDQg,【Joeman】用AMD Ryzen 1800X組了一台全新電腦！開箱～,https://www.youtube.com/watch?v=0wlLVfFgDQg,2017-06-21 18:10:12,18,324,False,playlist,0.0,,False,False,,【Joeman開箱去】,22
1492,xI1HorgQP3k,【Joeman】深夜禁看！韓國必吃的韓式炸雞！ft.鳳梨妹 (Okkudak & KyoChun),https://www.youtube.com/watch?v=xI1HorgQP3k,2017-06-22 18:00:05,18,467,False,playlist,0.0,,False,False,,Joeman帶你去吃各地美食,22
1493,RF2nU7KjF-A,【Joeman】都市傳說！在美國飯店放100美金的小費會有驚喜發生？,https://www.youtube.com/watch?v=RF2nU7KjF-A,2017-06-23 18:39:39,18,363,False,none,0.0,,False,False,,,22
1494,EO55c_AKr-U,【Joeman】要價三萬韓元的韓國網咖竟然出現了GTX1080！,https://www.youtube.com/watch?v=EO55c_AKr-U,2017-06-25 15:34:27,15,452,True,playlist,0.0,,False,False,,【Joeman】全世界的網咖體驗|【Joeman的首爾之旅】,22
1495,nG_q3lkLyJg,【Joeman】超酷的GTX隨身碟！繼續介紹E3新遊戲 (ft.阿神、謙桑),https://www.youtube.com/watch?v=nG_q3lkLyJg,2017-06-28 17:36:26,17,395,False,keyword,0.0,,False,False,,,22
1496,WkA2Kvsum2o,【Joeman】史上最敷衍的前菜？華航經濟艙飛機餐！,https://www.youtube.com/watch?v=WkA2Kvsum2o,2017-06-29 18:00:05,18,232,True,playlist,0.0,,False,False,,【Joeman】飛機餐與貴賓室,22
1497,OiaiXV7_WPQ,【Joeman】正妹的私訊到底長怎樣？絕對18禁！(ft.小葵、Sandy),https://www.youtube.com/watch?v=OiaiXV7_WPQ,2017-06-30 18:00:03,18,748,False,keyword,0.0,,False,False,,,22
1498,giBzqkzRb4g,【Joeman】超簡單～用夜神模擬器玩天堂M、天堂2！,https://www.youtube.com/watch?v=giBzqkzRb4g,2017-07-01 17:57:02,17,536,False,none,0.0,,False,False,,,22
1499,SYEOykw__f4,【Joeman】20萬訂閱Q&A！為什麼我要從科技業離職？,https://www.youtube.com/watch?v=SYEOykw__f4,2017-07-02 16:28:21,16,421,False,none,0.0,,False,False,,,22
1500,Hww-Xzxklz8,【Joeman】在美國的台灣珍奶好喝嗎？50嵐、CoCo、天仁茗茶體驗！,https://www.youtube.com/watch?v=Hww-Xzxklz8,2017-07-03 18:26:51,18,627,False,keyword,0.0,,False,False,,,22
1501,1IDgid_sLW8,【Joeman】自由控制百元販賣機裡的獎品！台南找樂黑盒子,https://www.youtube.com/watch?v=1IDgid_sLW8,2017-07-07 18:00:01,18,700,True,playlist,0.0,,False,False,,【Joeman百元販賣機】,22
1502,QafuMMK6TVg,【Joeman】七年級生與八年級生的世代差異！超狂！(ft.可可酒精),https://www.youtube.com/watch?v=QafuMMK6TVg,2017-07-08 12:00:01,12,176,False,keyword,1.0,品牌官方導流,False,False,,,22
1503,0fKNV5I7v18,【Joeman】不要因為不喜歡你的人，而放棄你喜歡的事！,https://www.youtube.com/watch?v=0fKNV5I7v18,2017-07-09 12:00:00,12,455,False,none,2.0,行銷活動用語,False,False,,,22
1504,DSJzyTM3VtQ,【Joeman】開箱！在美國買了價值200元的屁！(ft.解婕翎、NL),https://www.youtube.com/watch?v=DSJzyTM3VtQ,2017-07-10 18:00:01,18,281,False,playlist,0.0,,False,False,,【Joeman開箱去】,22
1505,MbFCKEbRUKs,【Joeman】台灣的一蘭拉麵真的是給凱子吃的嗎？,https://www.youtube.com/watch?v=MbFCKEbRUKs,2017-07-11 18:15:47,18,354,False,keyword,0.0,,False,False,,,22
1506,UkE-iEzCeDU,【Joeman】我竟然是Youtuber運動會隊長！(ft.解婕翎、舞秋風、嬸嬸、Sorryboner、康妮、雪兔、裴薇、邦妮),https://www.youtube.com/watch?v=UkE-iEzCeDU,2017-07-12 18:23:02,18,785,False,keyword,0.0,,False,False,,,22
1507,52QqfG-vXr8,【Joeman】豪華經濟艙？長榮菁英艙體驗,https://www.youtube.com/watch?v=52QqfG-vXr8,2017-07-14 18:01:16,18,223,False,playlist,0.0,,False,False,,【Joeman】飛機餐與貴賓室,22
1508,4UmIAzX8JUU,【Joeman】超酷！製作自己專屬的Jordan球衣！(ft.黑羽、黑仔熊、希兒),https://www.youtube.com/watch?v=4UmIAzX8JUU,2017-07-15 18:14:00,18,294,False,playlist,0.0,,False,False,,【Joeman開箱去】,22
1509,W_KXknv61Sw,【Joeman】在美國公然打手槍？經典名槍真實開箱！Glock、USP、P22、P99,https://www.youtube.com/watch?v=W_KXknv61Sw,2017-07-21 17:58:44,17,656,True,playlist,0.0,,False,False,,Joeman【一起打槍去】,22
1510,Wam0_dQ8pAc,【Joeman】可以保護眼睛的螢幕？BenQ EW2770QZ開箱！,https://www.youtube.com/watch?v=Wam0_dQ8pAc,2017-07-22 18:00:03,18,265,False,keyword,0.0,,False,False,,,22
1511,mczpIo6GiM0,【Joeman】軍武迷的夢幻逸品？經典槍枝真實開箱！AUG、M4、PS90、MP5,https://www.youtube.com/watch?v=mczpIo6GiM0,2017-07-24 21:32:19,21,684,False,playlist,0.0,,False,False,,Joeman【一起打槍去】,22
1512,NC1gN-ZE1uQ,【Joeman】什麼！我的妹妹進化了？(ft.咪妃),https://www.youtube.com/watch?v=NC1gN-ZE1uQ,2017-07-27 18:08:29,18,148,False,keyword,0.0,,False,False,,,22
1513,nlDpdyNLFKk,【Joeman】在地下街收服神獸？一起轉蛋去！(ft.解婕翎),https://www.youtube.com/watch?v=nlDpdyNLFKk,2017-07-28 18:00:05,18,553,False,playlist,0.0,,False,False,,【Joeman一起轉蛋去】,22
1514,ql2yQz5NkoA,【Joeman】7-11飲料抽抽樂？100連抽中獎率實測！超狂！,https://www.youtube.com/watch?v=ql2yQz5NkoA,2017-07-29 18:00:07,18,309,False,keyword,0.0,,False,False,,,22
1515,cyj_NdjSMBU,【Joeman】書本真的可以防彈嗎？都市傳說破解實測！,https://www.youtube.com/watch?v=cyj_NdjSMBU,2017-07-30 15:42:19,15,301,False,playlist,0.0,,False,False,,Joeman【一起打槍去】,22
1516,goVREpjdI2A,【Joeman】日本大廠竟然邀請我擔任廣告代言人！？,https://www.youtube.com/watch?v=goVREpjdI2A,2017-08-04 17:57:17,17,189,False,none,0.0,,False,False,,,22
1517,DjZgOco3P48,【Joeman】空空如也的貴賓室？長榮航空貴賓室體驗！,https://www.youtube.com/watch?v=DjZgOco3P48,2017-08-05 18:37:01,18,187,False,playlist,0.0,,False,False,,【Joeman】飛機餐與貴賓室,22
1518,Eti46UfgF04,【Joeman】如果人生24小時都被17直播監視！？(ft.咪妃),https://www.youtube.com/watch?v=Eti46UfgF04,2017-08-06 17:59:28,17,265,False,keyword,0.0,,False,False,,,22
1519,7Ig9uPUskzk,【Joeman】試玩日本玩家一致好評的《黑騎士與白魔王》,https://www.youtube.com/watch?v=7Ig9uPUskzk,2017-08-08 18:02:40,18,682,False,none,0.0,,False,False,,,22
1520,34SyuNAoC_w,Joeman九件事第二季預告！全新陣容、強勢回歸！,https://www.youtube.com/watch?v=34SyuNAoC_w,2017-08-11 18:00:00,18,39,False,title_series,0.0,,False,False,,,22
1521,RrDjgBSnNsM,【Joeman】在機場洗澡超舒爽！超豪華洛杉磯星盟貴賓室體驗！,https://www.youtube.com/watch?v=RrDjgBSnNsM,2017-08-12 14:12:09,14,273,False,playlist,0.0,,False,False,,【Joeman】飛機餐與貴賓室,22
1522,NHkcli4Z8j4,【Joeman】用交友軟體Goodnight完成超羞恥的指令！超爆笑！ (ft.小葵),https://www.youtube.com/watch?v=NHkcli4Z8j4,2017-08-13 18:00:21,18,747,False,keyword,3.0,影片合作聲明,False,False,,,22
1523,ePaNUKwNoJc,【Joeman】又有新的紓壓神器！？紓壓方塊無限魔方開箱！,https://www.youtube.com/watch?v=ePaNUKwNoJc,2017-08-14 18:02:11,18,278,False,playlist,0.0,,False,False,,【Joeman開箱去】,22
1524,Oe8PTYvRlz4,【Joeman九件事】跟館長聊魔獸回憶、協會把持、立委參選,https://www.youtube.com/watch?v=Oe8PTYvRlz4,2017-08-18 17:58:38,17,660,False,playlist,0.0,,False,False,,【Joeman九件事】第二季精華,22
1525,BELhyPVFvZc,【Joeman】超巨大小熊軟糖開箱！丟進真空室會怎樣？實驗！,https://www.youtube.com/watch?v=BELhyPVFvZc,2017-08-19 17:59:57,17,278,False,playlist,0.0,,False,False,,【Joeman開箱去】,22
1526,WibB7xBimfM,【Joeman】長槍到底可以打穿幾罐水瓶？ 超狂實測！,https://www.youtube.com/watch?v=WibB7xBimfM,2017-08-20 18:00:03,18,310,False,playlist,0.0,,False,False,,Joeman【一起打槍去】,22
1527,pGeTwrU1xzA,【Joeman九件事】 歐雷的真心話讓小雲寶寶淚灑攝影棚！,https://www.youtube.com/watch?v=pGeTwrU1xzA,2017-08-25 18:00:04,18,661,False,playlist,0.0,,False,False,,【Joeman九件事】第二季精華,22
1528,1CVmfXfR_Qs,【Joeman】德國的科隆大教堂與科隆電玩展！《決勝時刻：二戰》搶先試玩！,https://www.youtube.com/watch?v=1CVmfXfR_Qs,2017-08-26 18:02:04,18,305,False,keyword,0.0,,False,False,,,22
1529,SvB55au-wXk,【Joeman】德國麥當勞體驗！豬肋排漢堡！(ft.Dinter),https://www.youtube.com/watch?v=SvB55au-wXk,2017-08-27 17:00:02,17,461,False,playlist,6.0,致謝贊助句型|影片合作聲明,False,False,,Joeman帶你去吃各地美食,22
1530,wtEclq9XZBI,【Joeman】以為要吃大便...結局竟然溫馨超展開！(ft.解婕翎、咪妃、開水、天菜、Sandy、鳳梨妹、Sobad、Hui、懶貓一大堆人）,https://www.youtube.com/watch?v=wtEclq9XZBI,2017-08-28 19:17:39,19,454,False,keyword,0.0,,False,False,,,22
1531,nqPNSD99GMc,【Joeman九件事】黃大謙專訪！花蓮榜首為何成為Youtuber？,https://www.youtube.com/watch?v=nqPNSD99GMc,2017-09-01 18:00:06,18,808,False,playlist,0.0,,False,False,,【Joeman九件事】第二季精華,22
1532,2pCra_ARWb8,【Joeman】全世界最辣的棒棒糖？挑戰900萬辣度開箱！(ft.懶貓、貝莉莓),https://www.youtube.com/watch?v=2pCra_ARWb8,2017-09-02 18:00:01,18,527,False,playlist,0.0,,False,False,,【Joeman開箱去】,22
1533,w5HPy1af6OY,【Joeman】兄妹首次翻唱！還出國拍MV？ft.咪妃【旅行的意義】,https://www.youtube.com/watch?v=w5HPy1af6OY,2017-09-03 17:58:46,17,257,False,keyword,0.0,,False,False,,,22
1534,oAOYg_2v9ok,【Joeman】大排長龍的珍珠手搖店！珍煮丹試喝！(ft.咪妃、凱琪),https://www.youtube.com/watch?v=oAOYg_2v9ok,2017-09-04 18:00:04,18,441,False,playlist,0.0,,False,False,,Joeman帶你去吃各地美食,22
1535,o54tUwTAr34,【Joeman】Bose經典款藍芽喇叭SoundLink Mini開箱！超好用的旅行神器,https://www.youtube.com/watch?v=o54tUwTAr34,2017-09-05 18:04:43,18,426,False,keyword,0.0,,False,False,,,22
1536,BoqZT1N6Z14,【Joeman】超羞恥企劃！用百元販賣機來好友互整！(ft.咪妃),https://www.youtube.com/watch?v=BoqZT1N6Z14,2017-09-06 18:00:00,18,829,False,playlist,0.0,,False,False,,【Joeman百元販賣機】,22
1537,u4xQHdZhod0,【Joeman】肯德基也出雞排了？上校薄脆無骨雞腿排試吃！(ft.莎莉),https://www.youtube.com/watch?v=u4xQHdZhod0,2017-09-07 18:00:06,18,185,False,playlist,0.0,,False,False,,【Joeman開箱去】,22
1538,tZ0vQrWbx7s,【Joeman九件事】呱吉專訪：負債八千萬的勵志故事,https://www.youtube.com/watch?v=tZ0vQrWbx7s,2017-09-08 18:00:04,18,1197,False,playlist,0.0,,False,False,,【Joeman九件事】第二季精華,22
1539,k_HnFP7cPbU,【Joeman】可以帶著洗澡的耳機！超方便的藍芽無線耳機開箱！(YoungFly er03),https://www.youtube.com/watch?v=k_HnFP7cPbU,2017-09-09 18:00:07,18,538,False,playlist,0.0,,False,False,,【Joeman開箱去】,22
1540,1Bi1NxJD-os,【Joeman】有雙人床的超奢華網咖？亞洲第一間電競旅館iHotel超狂體驗！,https://www.youtube.com/watch?v=1Bi1NxJD-os,2017-09-10 18:00:00,18,974,False,playlist,0.0,,False,False,,【Joeman】全世界的網咖體驗|【Joeman開箱去】,22
1541,Hc6gcrQ9Gy0,【Joeman】讓女神顏面癱瘓！超級酸的整人糖果 (Ft. 解婕翎 魚乾 開水),https://www.youtube.com/watch?v=Hc6gcrQ9Gy0,2017-09-11 18:05:49,18,313,False,playlist,0.0,,False,False,,【Joeman開箱去】,22
1542,eeN5wQopy0g,【Joeman】穿著古裝在韓國首爾拍片！花絮MV (ft.鳳梨妹),https://www.youtube.com/watch?v=eeN5wQopy0g,2017-09-12 18:00:05,18,232,False,keyword,0.0,,False,False,,,22
1543,VItB7Aw5tNg,【Joeman】全世界加速最快的量產車！特斯拉 Tesla Model S P100D 試駕！,https://www.youtube.com/watch?v=VItB7Aw5tNg,2017-09-13 18:00:02,18,587,False,playlist,0.0,,False,False,,【Joeman開箱去】,22
1544,xkm-oSOgE_U,【Joeman】電影裡演的是真的嗎？手槍真的可以拿來開鎖嗎？流言終結！,https://www.youtube.com/watch?v=xkm-oSOgE_U,2017-09-14 18:12:48,18,679,False,playlist,0.0,,False,False,,Joeman【一起打槍去】,22
1545,xvGvAJrmL9g,【Joeman九件事】想要成為台灣偶像的日本人！三原慧悟專訪,https://www.youtube.com/watch?v=xvGvAJrmL9g,2017-09-15 18:21:16,18,736,False,playlist,0.0,,False,False,,【Joeman九件事】第二季精華,22
1546,7YQijKljKYU,【Joeman】把自己的電腦改裝全水冷系統！價值六位數的華麗主機開箱！,https://www.youtube.com/watch?v=7YQijKljKYU,2017-09-16 18:00:01,18,873,False,playlist,0.0,,False,False,,【Joeman開箱去】,22
1547,5ukXQn4jXxI,【Joeman】根本是禿頭救星！超神奇植髮神器開箱！(ft.咪妃),https://www.youtube.com/watch?v=5ukXQn4jXxI,2017-09-17 18:00:00,18,469,False,playlist,0.0,,False,False,,【Joeman開箱去】,22
1548,rNT7MR0UMBM,【Joeman九件事】放棄千萬翻譯流量 知識型創作者 啾啾鞋專訪,https://www.youtube.com/watch?v=rNT7MR0UMBM,2017-09-22 18:00:02,18,930,False,playlist,0.0,,False,False,,【Joeman九件事】第二季精華,22
1549,CKX3E9-pXyY,【Joeman】知名Youtuber募集開箱！竟被慫恿混入妙禪？(ft.解婕翎、阿神、呱吉、鐵牛、華森、Sandy、Ryo、亢品心),https://www.youtube.com/watch?v=CKX3E9-pXyY,2017-09-23 18:00:00,18,623,False,keyword,0.0,,False,False,,,22
1550,Lz7U_TJ6bwY,【Joeman】超酷的球形鋼珠迷宮開箱！竟然讓人玩到崩潰？(ft.咪妃),https://www.youtube.com/watch?v=Lz7U_TJ6bwY,2017-09-24 18:00:01,18,848,False,playlist,0.0,,False,False,,【Joeman開箱去】,22
1551,zlHHufsT3XI,【Joeman】人生第一套手工訂製西裝開箱！竟然出現10幾萬的西裝？,https://www.youtube.com/watch?v=zlHHufsT3XI,2017-09-27 18:00:05,18,995,False,playlist,3.0,致謝贊助句型,False,False,,【Joeman開箱去】,22
1552,X2O6Jf_AR6s,【Joeman】全世界最薄的GTX1080筆電！ASUS ROG GX501西風之神開箱！,https://www.youtube.com/watch?v=X2O6Jf_AR6s,2017-09-28 18:00:03,18,1037,False,playlist,0.0,,False,False,,【Joeman】筆電開箱|【Joeman開箱去】,22
1553,VEe2zrygZ80,【Joeman九件事】丁特Dinter專訪精華版 (附註追加女方回應),https://www.youtube.com/watch?v=VEe2zrygZ80,2017-09-29 18:00:03,18,1498,False,playlist,0.0,,False,False,,【Joeman九件事】第二季精華,22
1554,0kFCq_sdzgw,【Joeman】整罐養樂多丟進綠茶裡？超狂飲料店多多茶坊！(ft.Aries 艾瑞絲),https://www.youtube.com/watch?v=0kFCq_sdzgw,2017-09-30 18:00:01,18,455,False,playlist,0.0,,False,False,,【Joeman開箱去】,22
1555,KvoqlA_-h5g,【Joeman】在土耳其被丟包的荒謬故事！竟免費住到溫泉會館！,https://www.youtube.com/watch?v=KvoqlA_-h5g,2017-10-01 18:00:01,18,655,False,none,0.0,,False,False,,,22
1556,o_NujHwIkW4,【Joeman】長榮皇璽桂冠艙體驗！在飛機上吃龍蝦！(商務艙),https://www.youtube.com/watch?v=o_NujHwIkW4,2017-10-04 12:00:01,12,621,False,playlist,0.0,,False,False,,【Joeman】飛機餐與貴賓室,22
1557,cOF6N4Ut8Z0,【Joeman】義美厚奶茶真的值得搶購嗎？市售奶茶大評比！,https://www.youtube.com/watch?v=cOF6N4Ut8Z0,2017-10-05 18:00:05,18,522,False,playlist,0.0,,False,False,,【Joeman開箱去】,22
1558,7My-sdXv__w,【Joeman九件事】尺度最大的搞笑團體！反骨男孩Wackyboys專訪,https://www.youtube.com/watch?v=7My-sdXv__w,2017-10-06 18:09:53,18,961,False,playlist,0.0,,False,False,,【Joeman九件事】第二季精華,22
1559,MRaJ47qFVXE,【Joeman】出國前吃碗現做的牛肉麵！華航貴賓室體驗！,https://www.youtube.com/watch?v=MRaJ47qFVXE,2017-10-07 18:00:01,18,204,False,playlist,0.0,,False,False,,【Joeman】飛機餐與貴賓室,22
1560,PFuV00ybEjc,【Joeman】超大型電腦支架！Wirforce機甲堡壘開箱！,https://www.youtube.com/watch?v=PFuV00ybEjc,2017-10-08 18:04:28,18,522,False,playlist,1.0,品牌官方導流,False,False,,【Joeman開箱去】,22
1561,s-wrBC0CbDw,【Joeman】極度機密！要怎麼樣才能上Youtube發燒影片？網紅觀察室,https://www.youtube.com/watch?v=s-wrBC0CbDw,2017-10-09 21:20:41,21,917,True,playlist,0.0,,False,False,,Joeman網紅觀察室,22
1562,fgJEzUwG_0c,【Joeman】超狂鮪魚肚腰包!西門町街頭羞恥開箱! （ft.黑羽、可可酒精、ryo）,https://www.youtube.com/watch?v=fgJEzUwG_0c,2017-10-12 18:00:07,18,181,False,playlist,0.0,,False,False,,【Joeman開箱去】,22
1563,bxidkpUBVIU,【Joeman九件事】19歲就爆紅的實況主！超負荷專訪,https://www.youtube.com/watch?v=bxidkpUBVIU,2017-10-13 19:51:27,19,971,False,playlist,0.0,,False,False,,【Joeman九件事】第二季精華,22
1564,30fg_vgQvD4,【Joeman】超美的全彩德國Cherry軸鍵盤！芝奇KM780 RGB茶軸開箱！,https://www.youtube.com/watch?v=30fg_vgQvD4,2017-10-14 18:00:01,18,817,False,playlist,0.0,,False,False,,【Joeman開箱去】,22
1565,QJPmI0YP3Ag,【Joeman】在飛機上吃燭光晚餐！土耳其航空商務艙體驗！(English subtitles),https://www.youtube.com/watch?v=QJPmI0YP3Ag,2017-10-16 00:23:00,0,601,False,playlist,0.0,,False,False,,【Joeman】飛機餐與貴賓室,22
1566,M6CPdl__m84,【Joeman】美國洛杉磯網咖體驗！網路速度慢到難以置信！,https://www.youtube.com/watch?v=M6CPdl__m84,2017-10-18 18:00:03,18,393,False,playlist,0.0,,False,False,,【Joeman】全世界的網咖體驗,22
1567,bsdTMJbgJ6k,【Joeman九件事】台灣網路第一說書人 囧星人專訪,https://www.youtube.com/watch?v=bsdTMJbgJ6k,2017-10-20 18:51:17,18,1221,False,playlist,0.0,,False,False,,【Joeman九件事】第二季精華,22
1568,Z2y80Y8aFIw,【Joeman】把家中網路升級300M跟MOD電影體驗！下載GTA5只要30分鐘？,https://www.youtube.com/watch?v=Z2y80Y8aFIw,2017-10-21 18:00:05,18,602,False,keyword,0.0,,False,False,,,22
1569,jEjRFBpQ9EA,【Joeman】性價比與舒適性兼具！HyperX Cloud Silver電競耳機開箱！ft.妮妮 Niniko,https://www.youtube.com/watch?v=jEjRFBpQ9EA,2017-10-22 18:00:07,18,558,False,keyword,2.0,購買行動用語,False,False,,,22
1570,VawTdGA2jE4,【Joeman】夾娃娃機新手入門攻略！台北的機台真的比較難嗎？(ft. BoboTV),https://www.youtube.com/watch?v=VawTdGA2jE4,2017-10-23 18:00:02,18,919,True,playlist,0.0,,False,False,,【Joeman夾娃娃】,22
1571,5exKZ2QZqwg,【Joeman】台灣史上最大鋼彈展！竟然出現要價24萬的鋼彈！,https://www.youtube.com/watch?v=5exKZ2QZqwg,2017-10-24 18:00:00,18,263,False,none,1.0,品牌官方導流,False,False,,,22
1572,A5TQxgxBqsU,【Joeman】深夜禁止！美國必吃的三家連鎖速食店！(In & Out、Jack in the box、Taco Bell),https://www.youtube.com/watch?v=A5TQxgxBqsU,2017-10-26 18:00:01,18,671,False,playlist,0.0,,False,False,,Joeman帶你去吃各地美食,22
1573,VsEwYQl1EQQ,【Joeman九件事】菜喳終於說出真心話？魚乾專訪,https://www.youtube.com/watch?v=VsEwYQl1EQQ,2017-10-27 22:20:15,22,1316,False,playlist,0.0,,False,False,,【Joeman九件事】第二季精華,22
1574,rWxwFpJcFFk,【Joeman】夾娃娃機裡的藍芽喇叭大評比！一次開箱五顆藍芽喇叭！(ft. BoboTV),https://www.youtube.com/watch?v=rWxwFpJcFFk,2017-10-28 18:00:04,18,941,False,playlist,0.0,,False,False,,【Joeman夾娃娃】|【Joeman開箱去】,22
1575,gDihfbThVOA,【Joeman】幫正妹試穿衣服配音！Wirforce衣服開箱！(ft.Sandy),https://www.youtube.com/watch?v=gDihfbThVOA,2017-10-29 18:00:03,18,407,False,playlist,2.0,購買行動用語,False,False,,【Joeman開箱去】,22
1576,YX230Pq7T1w,【Joeman】東京租車體驗！過路費比租車還貴？(ft.肯伊斯古德),https://www.youtube.com/watch?v=YX230Pq7T1w,2017-11-02 18:00:01,18,775,False,keyword,0.0,,False,False,,,22
1577,69k24LCaVkg,【Joeman九件事】他竟然擁有六成的女性觀眾！林辰專訪,https://www.youtube.com/watch?v=69k24LCaVkg,2017-11-03 18:16:14,18,1090,False,playlist,0.0,,False,False,,【Joeman九件事】第二季精華,22
1578,x3NoBHvaowQ,【Joeman】全世界最大夾娃娃機店！100日圓就出貨！？ (ft.肯伊斯古德),https://www.youtube.com/watch?v=x3NoBHvaowQ,2017-11-04 18:00:05,18,761,False,playlist,0.0,,False,False,,【Joeman夾娃娃】,22
1579,NZgAEQjxI0w,【Joeman】體驗東京超美景五星級飯店！竟然住在天皇隔壁？,https://www.youtube.com/watch?v=NZgAEQjxI0w,2017-11-05 18:00:06,18,759,False,keyword,0.0,,False,False,,,22
1580,1eSZLvbHekA,【Joeman】體驗日本最擠的電車路線！一不小心就變癡漢？ft.肯伊斯古德,https://www.youtube.com/watch?v=1eSZLvbHekA,2017-11-06 18:00:01,18,626,False,keyword,0.0,,False,False,,,22
1581,0gYTNN7RAjY,【Joeman】日本秋葉原超大型轉蛋店！竟然出現滯銷10幾年的扭蛋？ft.肯伊斯古德,https://www.youtube.com/watch?v=0gYTNN7RAjY,2017-11-07 18:00:00,18,808,False,playlist,0.0,,False,False,,【Joeman一起轉蛋去】,22
1582,sZRCiezYKLM,【Joeman】在日本買了女高中生的原味內褲，打開後超震驚！ft.解婕翎,https://www.youtube.com/watch?v=sZRCiezYKLM,2017-11-08 18:00:03,18,621,False,playlist,0.0,,False,False,,【Joeman一起轉蛋去】,22
1583,NdCJ15dkh-Y,【Joeman】淘寶天貓超好買！實用小物超便宜～我的背景終於有顏色了,https://www.youtube.com/watch?v=NdCJ15dkh-Y,2017-11-09 18:35:05,18,332,False,playlist,3.0,產品導流連結,False,False,,【Joeman開箱去】,22
1584,wVE-hSewOq0,【Joeman九件事】聖結石退團後的心路歷程！頑Game專訪,https://www.youtube.com/watch?v=wVE-hSewOq0,2017-11-10 18:00:04,18,1224,False,playlist,0.0,,False,False,,【Joeman九件事】第二季精華,22
1585,m-xUa-J5Njc,【Joeman】超羞恥！把百元販賣機抽到的東西現場賣給路人！ft.盛夏微涼、可可酒精、黑羽,https://www.youtube.com/watch?v=m-xUa-J5Njc,2017-11-11 18:00:03,18,704,False,playlist,0.0,,False,False,,【Joeman百元販賣機】,22
1586,d4rt1NdWazw,【Joeman】被超多女高中生包圍！超青春的臺中國際踩舞祭,https://www.youtube.com/watch?v=d4rt1NdWazw,2017-11-12 18:00:01,18,580,False,none,0.0,,False,False,,,22
1587,5yCJSF9U60o,【Joeman】超寬49吋螢幕加超佛價格！這間網咖到底要逼死誰？,https://www.youtube.com/watch?v=5yCJSF9U60o,2017-11-13 18:00:00,18,651,False,playlist,0.0,,False,False,,【Joeman】全世界的網咖體驗,22
1588,2oMf5H7hSM8,【Joeman】用酷碼H500P機殼改裝成超帥的源式造型主機！ft.劉萱,https://www.youtube.com/watch?v=2oMf5H7hSM8,2017-11-14 18:00:00,18,664,False,playlist,0.0,,False,False,,【Joeman開箱去】,22
1589,EDjwSZOr4rA,【Joeman】許多人不知道的隱藏服務！在桃園機場免費兌換千元大餐！,https://www.youtube.com/watch?v=EDjwSZOr4rA,2017-11-15 18:00:00,18,224,False,playlist,0.0,,False,False,,【Joeman】飛機餐與貴賓室,22
1590,xZLLa3lMxlE,【Joeman】美國三家必吃的漢堡店！(father's office、Umami Burger、Carl's Jr) ft.解婕翎,https://www.youtube.com/watch?v=xZLLa3lMxlE,2017-11-16 18:00:08,18,823,False,playlist,0.0,,False,False,,Joeman帶你去吃各地美食,22
1591,CRXm8J2JS5g,【Joeman】挑戰美國夾娃娃！超佛心機臺一道就出貨！ft.解婕翎,https://www.youtube.com/watch?v=CRXm8J2JS5g,2017-11-17 18:12:31,18,665,False,playlist,0.0,,False,False,,【Joeman夾娃娃】,22
1592,0P5M0JFuRE0,【Joeman】一生中必定要來一次的暴雪嘉年華Blizzcon！,https://www.youtube.com/watch?v=0P5M0JFuRE0,2017-11-18 18:00:01,18,435,False,keyword,0.0,,False,False,,,22
1593,ZRaaSouGxWo,【Joeman】買到信用卡被鎖起來！暴雪嘉年華戰利品開箱！ft.咪妃,https://www.youtube.com/watch?v=ZRaaSouGxWo,2017-11-19 18:00:05,18,879,False,playlist,0.0,,False,False,,【Joeman開箱去】,22
1594,kpfdr4lcbss,【Joeman】高性價比輕薄筆電！Acer Spin5開箱！(第八代Intel i5 + GTX1050),https://www.youtube.com/watch?v=kpfdr4lcbss,2017-11-20 18:04:56,18,668,False,playlist,0.0,,False,False,,【Joeman】筆電開箱|【Joeman開箱去】,22
1595,cabzUqnj_-o,【Joeman】這些零食根本在報復社會！香菜零食大開箱！ft.解婕翎、瑀熙,https://www.youtube.com/watch?v=cabzUqnj_-o,2017-11-21 18:00:02,18,645,False,playlist,0.0,,False,False,,【Joeman開箱去】,22
1596,GRd6LLt20Ew,【Joeman】土耳其航空經濟艙飛機餐！竟然出現一堆泥狀物料理？,https://www.youtube.com/watch?v=GRd6LLt20Ew,2017-11-22 18:00:02,18,204,False,playlist,0.0,,False,False,,【Joeman】飛機餐與貴賓室,22
1597,7ytD2mi2NhI,【Joeman】幫妹妹刮毛！妹妹竟然毫無感覺？ft.咪妃,https://www.youtube.com/watch?v=7ytD2mi2NhI,2017-11-24 18:00:01,18,432,False,keyword,3.0,電商賣場連結,False,False,,,22
1598,MgPq9HpZj3Y,【Joeman】NVIDIA Wirforce 2017武力展示！直擊全世界最強卡王！,https://www.youtube.com/watch?v=MgPq9HpZj3Y,2017-11-24 13:16:48,13,200,False,playlist,0.0,,False,False,,【Joeman開箱去】,22
1599,VwQjFOAH-7g,【Joeman】超療癒的立體拼圖！手工還原迷你倫敦～Jigzle城市系列,https://www.youtube.com/watch?v=VwQjFOAH-7g,2017-11-25 18:00:02,18,530,False,playlist,0.0,,False,False,,【Joeman開箱去】,22
1600,n_6a9K-6-Ak,【Joeman】幫廣播劇進行配音！內容超有病！ft.Ryo,https://www.youtube.com/watch?v=n_6a9K-6-Ak,2017-11-26 18:00:03,18,493,False,keyword,0.0,,False,False,,,22
1601,BROyQTDpMjI,【Joeman】專為遊戲打造的頂級手機！雷蛇手機 Razer Phone 開箱！ft.懶貓、小葵,https://www.youtube.com/watch?v=BROyQTDpMjI,2017-11-27 18:00:00,18,953,False,playlist,0.0,,False,False,,【Joeman開箱去】,22
1602,ewJIgpFRrw8,【Joeman】用貓臉來解鎖iPhoneX？賓士貓能否被Face ID記住？,https://www.youtube.com/watch?v=ewJIgpFRrw8,2017-11-28 18:00:01,18,168,False,playlist,0.0,,False,False,,【Joeman】我的貓咪小公主|【Joeman開箱去】,22
1603,qrRyKwR7REI,【Joeman】台北必吃的三家拉麵店：一幻、Nagi、屯京 (ft.咪妃、瑀熙),https://www.youtube.com/watch?v=qrRyKwR7REI,2017-12-01 18:00:07,18,713,False,playlist,0.0,,False,False,,Joeman帶你去吃各地美食,22
1604,_eX0EUe-meU,【Joeman】兩張GTX1070雙顯卡與機械鍵盤的夢幻結合！GT75VR Titan開箱,https://www.youtube.com/watch?v=_eX0EUe-meU,2017-12-02 18:00:05,18,806,False,playlist,0.0,,False,False,,【Joeman】筆電開箱,22
1605,OQd2uzgKhrg,【Joeman】整杯都是料!台南熱門人氣飲料店：第一站、東洲、甜又鮮 ft.瑀熙,https://www.youtube.com/watch?v=OQd2uzgKhrg,2017-12-03 18:12:36,18,606,False,keyword,0.0,,False,False,,,22
1606,4_SrVvL6EWE,【Joeman】超大型倫敦巴士扭蛋機！一口氣轉30顆! ft.瑀熙,https://www.youtube.com/watch?v=4_SrVvL6EWE,2017-12-08 20:18:16,20,670,False,playlist,0.0,,False,False,,【Joeman一起轉蛋去】,22
1607,JfCAKrJdUzk,【Joeman】台灣百萬Youtuber星光大道訪談！(ft.蔡阿嘎、阿神、阿滴、魚乾、菜喳、放火、安啾、眾量級、小玉、白癡公主、尊),https://www.youtube.com/watch?v=JfCAKrJdUzk,2017-12-09 15:05:43,15,633,False,playlist,0.0,,False,False,,【Joeman九件事】第二季精華,22
1608,aDwuUoimcIo,【Joeman】寵物飲水機與智慧型餵貓盆開箱！Petkit小佩,https://www.youtube.com/watch?v=aDwuUoimcIo,2017-12-10 18:00:01,18,650,False,playlist,0.0,,False,False,,【Joeman】我的貓咪小公主,22
1609,rS2mdMF6zSI,【Joeman】多年前的超經典滑鼠終於有續作！微軟經典閃靈鯊開箱,https://www.youtube.com/watch?v=rS2mdMF6zSI,2017-12-15 18:00:03,18,284,False,playlist,0.0,,False,False,,【Joeman開箱去】,22
1610,MaLhp45w_Pg,【Joeman】花台幣15000在線上夾娃娃機店上到底能夾多少？抓樂霸APP,https://www.youtube.com/watch?v=MaLhp45w_Pg,2017-12-16 18:00:01,18,894,False,playlist,0.0,,False,False,,【Joeman夾娃娃】,22
1611,HVaUSn4wBM0,【Joeman】獨樹一格的巫毒電競風！HP OMEN 15 開箱！,https://www.youtube.com/watch?v=HVaUSn4wBM0,2017-12-17 18:00:04,18,657,False,playlist,0.0,,False,False,,【Joeman】筆電開箱,22
1612,OAA1WNJ67PA,【Joeman】四萬塊的手機真的值得嗎？iPhone X 心得分享開箱,https://www.youtube.com/watch?v=OAA1WNJ67PA,2017-12-18 18:30:39,18,677,False,playlist,0.0,,False,False,,【Joeman開箱去】,22
1613,tEkapo_gcUU,【Joeman】超崩潰！跟正妹聊天到一半竟然變成偽娘！ft.咪妃,https://www.youtube.com/watch?v=tEkapo_gcUU,2017-12-22 18:05:16,18,643,False,keyword,0.0,,False,False,,,22
1614,A22tHrQKL3s,【Joeman】聖誕節交換禮物差點把頻道毀了！？ft.解婕翎、屎萊姆、凱洛、黑羽、頑game、裴薇、黑仔熊、星培,https://www.youtube.com/watch?v=A22tHrQKL3s,2017-12-23 17:01:40,17,417,False,playlist,0.0,,False,False,,【Joeman開箱去】,22
1615,O4fFZH6Uczw,【Joeman】最薄的雙GTX1070筆電？技嘉AORUS X9電競筆電開箱！Gigabyte X9 Unboxing,https://www.youtube.com/watch?v=O4fFZH6Uczw,2017-12-24 18:07:53,18,701,False,playlist,0.0,,False,False,,【Joeman】筆電開箱,22
1616,d7U0By1Fi4k,【Joeman】三星寄了一台超夢幻螢幕給我！全世界最寬的曲面螢幕開箱！Samsung CHG90 32:9 Super Ultra-wide monitor unboxing,https://www.youtube.com/watch?v=d7U0By1Fi4k,2017-12-28 18:00:03,18,533,False,playlist,0.0,,False,False,,【Joeman開箱去】,22
1617,Bcrpn7tkoy0,【Joeman】在妹妹的建議下終於脫魯了！成為陽光男孩的方法！ft.咪妃,https://www.youtube.com/watch?v=Bcrpn7tkoy0,2017-12-29 18:00:00,18,146,False,keyword,0.0,,False,False,,,22
1618,nsWuy9DflLE,【Joeman】在飛機上吃米其林懷石料理！長榮蛋黃哥商務艙體驗 Eva Air Gudetama  Business Class Kaiseki,https://www.youtube.com/watch?v=nsWuy9DflLE,2017-12-30 18:59:56,18,351,False,playlist,0.0,,False,False,,【Joeman】飛機餐與貴賓室,22
1619,fGSiSRhPkyA,【Joeman】收入暴增兩三倍？放棄醫生職位的直播主！77老大專訪,https://www.youtube.com/watch?v=fGSiSRhPkyA,2017-12-31 18:00:02,18,293,False,playlist,0.0,,False,False,,【Joeman九件事】第二季精華,22
1620,rejP68_1VcI,【Joeman】重回地下街轉蛋！竟露出變態本性？ft.瑀熙,https://www.youtube.com/watch?v=rejP68_1VcI,2018-01-01 18:00:08,18,731,False,title_series,0.0,,False,False,,,22
1621,t5MhdpIIULw,【Joeman】超可愛～幫家裡的貓打造專屬移動床鋪！,https://www.youtube.com/watch?v=t5MhdpIIULw,2018-01-02 18:00:07,18,601,False,playlist,0.0,,False,False,,【Joeman】我的貓咪小公主,22
1622,SDynekmtAKA,颱風天吃麥當勞！最頂級的漢堡？BLT安格斯黑牛堡試吃！,https://www.youtube.com/watch?v=SDynekmtAKA,2018-01-03 18:00:02,18,185,False,keyword,0.0,,False,False,,,22
1623,85SVBp0KkYk,【Joeman】載片神器！高達12TB的硬碟開箱！Seagate那嘶狼硬碟開箱 AKiTiO 鐵甲武士 ft.黑仔熊,https://www.youtube.com/watch?v=85SVBp0KkYk,2018-01-06 18:12:48,18,610,False,playlist,0.0,,False,False,,【Joeman開箱去】,22
1624,MeAplifMdRU,【Joeman】上課偷玩再也不會被抓？要價1000塊的紓壓筆開箱！ft.黑仔熊,https://www.youtube.com/watch?v=MeAplifMdRU,2018-01-07 18:00:02,18,351,False,keyword,0.0,,False,False,,,22
1625,HpY2A3CM0WI,【Joeman】四層樓高的巨型扭蛋機？淡水超大轉蛋體驗！ft.咪妃,https://www.youtube.com/watch?v=HpY2A3CM0WI,2018-01-08 18:00:00,18,539,False,playlist,0.0,,False,False,,【Joeman一起轉蛋去】,22
1626,_Ppxac4LAzQ,【Joeman】流言破解！交友販賣機到底能不能約妹出來？ft.咪妃,https://www.youtube.com/watch?v=_Ppxac4LAzQ,2018-01-10 19:58:21,19,819,False,keyword,0.0,,False,False,,,22
1627,fpbJNx3u8DA,【Joeman】在韓國體驗神級大頭照！竟然連西裝都可以合成上去！,https://www.youtube.com/watch?v=fpbJNx3u8DA,2018-01-13 18:00:03,18,298,False,keyword,0.0,,False,False,,,22
1628,mffCD2M5rtM,【Joeman】韓國明洞夜市小吃體驗！竟然有焗烤龍蝦！,https://www.youtube.com/watch?v=mffCD2M5rtM,2018-01-14 18:00:06,18,607,False,keyword,0.0,,False,False,,,22
1629,BmQ5l042_78,【Joeman】世界前50名的個人電腦？超頂級顯卡Titan Xp星際大戰典藏版開箱！,https://www.youtube.com/watch?v=BmQ5l042_78,2018-01-17 18:00:01,18,478,False,playlist,0.0,,False,False,,【Joeman開箱去】,22
1630,SNhua9p8QGk,【Joeman】好吃到可以勾引少女回房間？韓國必買零食推薦！ft.愛莉莎莎,https://www.youtube.com/watch?v=SNhua9p8QGk,2018-01-19 18:00:02,18,826,False,playlist,0.0,,False,False,,Joeman帶你去吃各地美食|【Joeman開箱去】,22
1631,vaWKlwOrgts,【Joeman】信仰值滿點的PUBG吃雞特仕機！一次開箱超多ROG產品！,https://www.youtube.com/watch?v=vaWKlwOrgts,2018-01-20 18:00:07,18,741,False,playlist,0.0,,False,False,,【Joeman開箱去】,22
1632,vTVwIhJoejk,【Joeman】台南布丁大對決！到底哪家最好吃？ft.咪妃 (依蕾特、紅磚、吃麵吧、櫻波),https://www.youtube.com/watch?v=vTVwIhJoejk,2018-01-21 18:00:05,18,652,False,playlist,0.0,,False,False,,Joeman帶你去吃各地美食,22
1633,GmpeliHmNhQ,【Joeman】在機場坐高爾夫球車！完全不用排隊的禮遇通關體驗！,https://www.youtube.com/watch?v=GmpeliHmNhQ,2018-01-22 18:00:01,18,370,False,playlist,0.0,,False,False,,【Joeman】飛機餐與貴賓室,22
1634,qG2ZiOnls1M,【Joeman】偉哉淘寶！皇帝穿的龍袍竟然只要500塊? ft.咪妃、Ryo,https://www.youtube.com/watch?v=qG2ZiOnls1M,2018-01-24 18:00:02,18,631,False,playlist,0.0,,False,False,,【Joeman】偉哉淘寶！最狂網拍開箱|【Joeman開箱去】,22
1635,O0Wj0mzq9VE,【Joeman】能隨時監控喝水狀態的保溫瓶！DrinKup智慧保溫瓶開箱,https://www.youtube.com/watch?v=O0Wj0mzq9VE,2018-01-25 18:00:01,18,404,False,playlist,0.0,,False,False,,【Joeman開箱去】,22
1636,L44FI_1y7RQ,【Joeman】根本買不完？一次開箱四個超可愛的動物立體拼圖！Jigzle 3D木拼圖,https://www.youtube.com/watch?v=L44FI_1y7RQ,2018-01-26 18:00:01,18,470,False,playlist,6.0,致謝贊助句型|直接提及贊助方,False,False,,【Joeman開箱去】,22
1637,vU6glnBBXqE,【Joeman】性價比最好的全面屏手機！只要$3999的紅米5開箱！,https://www.youtube.com/watch?v=vU6glnBBXqE,2018-01-27 18:00:03,18,561,False,playlist,0.0,,False,False,,【Joeman開箱去】,22
1638,bPJ3Fzd_T-U,【Joeman】給妹妹3000元在萬年大樓隨便花！結果竟然買了一堆色情書刊？ft.咪妃、Ryo,https://www.youtube.com/watch?v=bPJ3Fzd_T-U,2018-01-28 18:00:02,18,480,False,keyword,0.0,,False,False,,,22
1639,q2s47_57U1k,【Joeman】一起組電腦！台幣2萬到8萬元的電腦菜單！,https://www.youtube.com/watch?v=q2s47_57U1k,2018-01-30 18:00:02,18,1367,False,playlist,0.0,,False,False,,【Joeman開箱去】,22
1640,fBraVQd5T7k,【Joeman】偉哉淘寶！看起來是杯子，實際用途卻有點害羞...ft.咪妃,https://www.youtube.com/watch?v=fBraVQd5T7k,2018-01-31 18:00:07,18,450,False,playlist,0.0,,False,False,,【Joeman】偉哉淘寶！最狂網拍開箱,22
1641,yxU6xkVSNrc,【Joeman】肥宅大變身！修圖修成這樣可以直接出道了吧？韓國沙龍照體驗！,https://www.youtube.com/watch?v=yxU6xkVSNrc,2018-02-02 18:00:04,18,563,False,keyword,0.0,,False,False,,,22
1642,N6cZXZktnO4,【Joeman】萊爾富跟全家福袋大對決！便利商店福袋20包開箱！,https://www.youtube.com/watch?v=N6cZXZktnO4,2018-02-03 18:00:02,18,763,False,playlist,0.0,,False,False,,【Joeman開箱去】,22
1643,h2kzp_C9Z6E,【Joeman】幫妹妹回覆粉絲頁私訊！竟然出現超鹹濕對話！ft.咪妃,https://www.youtube.com/watch?v=h2kzp_C9Z6E,2018-02-04 18:00:04,18,825,False,keyword,3.0,購買行動用語|新品發表用語,False,False,,,22
1644,7rk7LBAoqzU,【Joeman】超級搶手的7-11福袋開箱！竟然有20包！,https://www.youtube.com/watch?v=7rk7LBAoqzU,2018-02-05 18:13:22,18,765,False,playlist,0.0,,False,False,,【Joeman開箱去】,22
1645,vdN-Eii2fOw,【Joeman】偉哉淘寶！擁有一切解答的書？答案之書開箱！ft.咪妃、Ryo,https://www.youtube.com/watch?v=vdN-Eii2fOw,2018-02-07 18:00:04,18,536,False,playlist,0.0,,False,False,,【Joeman】偉哉淘寶！最狂網拍開箱,22
1646,Djhya5G3BSk,【Joeman】直逼頭等艙的豪華配置！大韓航空商務艙體驗！Korean Air A380 B747 Business Class,https://www.youtube.com/watch?v=Djhya5G3BSk,2018-02-09 18:00:01,18,609,False,playlist,0.0,,False,False,,【Joeman】飛機餐與貴賓室,22
1647,_BUepsKPoFw,【Joeman】2018面額最大刮刮樂！買了整本的2000元刮刮樂！ft.咪妃,https://www.youtube.com/watch?v=_BUepsKPoFw,2018-02-10 18:00:02,18,716,False,keyword,0.0,,False,False,,,22
1648,aT0k1R2D1-0,【Joeman】百貨公司的門口居然可以撿到紅包！,https://www.youtube.com/watch?v=aT0k1R2D1-0,2018-02-13 18:00:00,18,425,False,none,0.0,,False,False,,,22
1649,WziVdoonTCw,【Joeman】偉哉淘寶！閃暴單身狗的情人節小物！ft.咪妃,https://www.youtube.com/watch?v=WziVdoonTCw,2018-02-14 18:00:03,18,337,False,playlist,0.0,,False,False,,【Joeman】偉哉淘寶！最狂網拍開箱,22
1650,DC7Joo94BAM,【Joeman】40萬訂閱特別企劃！我背後的神秘人物大公開！,https://www.youtube.com/watch?v=DC7Joo94BAM,2018-02-15 18:00:00,18,453,False,none,0.0,,False,False,,,22
1651,4Oq2zjt_wTU,【Joeman】幫對方簽注樂透，到底會中多少？ft.咪妃、Neko嗚喵、黑仔熊、黑羽、謙桑,https://www.youtube.com/watch?v=4Oq2zjt_wTU,2018-02-16 18:00:00,18,496,False,keyword,0.0,,False,False,,,22
1652,-WEqFzyrbbs,【Joeman】巨大化料理！超爆笑的巨型小豬流沙包！ft.阿晋、魚乾、菜喳、羅伊,https://www.youtube.com/watch?v=-WEqFzyrbbs,2018-02-17 18:00:00,18,618,False,keyword,0.0,,False,False,,,22
1653,0smKHQMDCNM,【Joeman】一起轉蛋去！超生火的樂高扭蛋！ft.Ryo,https://www.youtube.com/watch?v=0smKHQMDCNM,2018-02-18 18:00:00,18,659,False,playlist,0.0,,False,False,,【Joeman一起轉蛋去】,22
1654,3l1CIX23mrI,【Joeman】台中逢甲夜市必吃美食！好吃到現場開始調情？ft.咪妃、阿晋,https://www.youtube.com/watch?v=3l1CIX23mrI,2018-02-19 18:00:00,18,764,False,playlist,0.0,,False,False,,Joeman帶你去吃各地美食,22
1655,gLwBYTShzB4,【Joeman】都是Youtuber的夾娃娃機店！打扮成貓咪夾娃娃？ft.Ryo、含羞草日記,https://www.youtube.com/watch?v=gLwBYTShzB4,2018-02-23 18:00:02,18,415,False,playlist,0.0,,False,False,,【Joeman一起轉蛋去】,22
1656,fIgncRfM9KE,【Joeman】嘗試把認識不到三天的網婆約出來！結局竟然超展開！,https://www.youtube.com/watch?v=fIgncRfM9KE,2018-02-24 18:00:03,18,531,False,none,1.0,提及廠商,False,False,,,22
1657,Hdh4V_Uk5as,【Joeman】2018最新空拍機！DJI Mavic Air開箱！ft.Men's Game,https://www.youtube.com/watch?v=Hdh4V_Uk5as,2018-02-26 18:30:21,18,604,False,playlist,0.0,,False,False,,【Joeman開箱去】,22
1658,QC6sOJ032h8,【Joeman】懶人救星！全自動清潔電動刮鬍刀！Braun百靈三系列3090cc開箱,https://www.youtube.com/watch?v=QC6sOJ032h8,2018-02-28 18:07:14,18,507,False,playlist,0.0,,False,False,,【Joeman開箱去】,22
1659,gC-gzoPD6Is,【Joeman】極度邪惡！台中必吃的三家魯肉飯消夜！ft.魚乾、菜喳、阿晋、咪妃,https://www.youtube.com/watch?v=gC-gzoPD6Is,2018-03-02 18:00:05,18,604,False,playlist,0.0,,False,False,,Joeman帶你去吃各地美食,22
1660,cuVnXayR4wc,【Joeman】兩倍速舞蹈挑戰！令人崩潰的國民健康操！,https://www.youtube.com/watch?v=cuVnXayR4wc,2018-03-03 18:00:02,18,363,False,keyword,0.0,,False,False,,,22
1661,JjT3sZmWCHs,【Joeman】台南聖母廟土地公轉蛋！這個出口位置也太害羞了吧～,https://www.youtube.com/watch?v=JjT3sZmWCHs,2018-03-04 18:00:01,18,269,False,playlist,0.0,,False,False,,【Joeman一起轉蛋去】,22
1662,AvoS2G9WMP8,【Joeman】超狂整人！喬裝成計程車司機完成超羞恥指令！ft.林辰、博恩,https://www.youtube.com/watch?v=AvoS2G9WMP8,2018-03-08 18:00:03,18,394,False,keyword,0.0,,False,False,,,22
1663,kgDafQZMuP0,【Joeman】超實用！可以自由改變高度的電動升降桌開箱！FUNTE人體電動工學升降桌,https://www.youtube.com/watch?v=kgDafQZMuP0,2018-03-09 18:00:04,18,471,False,playlist,0.0,,False,False,,【Joeman開箱去】,22
1664,vPzx9kHeQAs,【Joeman】大陸觀眾對我的評價？竟然出現超傻眼冒牌貨！ft.Bilibili B站,https://www.youtube.com/watch?v=vPzx9kHeQAs,2018-03-10 18:00:04,18,616,False,keyword,0.0,,False,False,,,22
1665,Y0WUW8UUkLs,【Joeman】超羞恥企劃：如果董卓穿越到台北？,https://www.youtube.com/watch?v=Y0WUW8UUkLs,2018-03-12 18:00:05,18,271,False,none,0.0,,False,False,,,22
1666,Xaq04iOJqjY,【Joeman】幫助你走出失戀？超好笑的綠色情人節禮包開箱！ft.咪妃,https://www.youtube.com/watch?v=Xaq04iOJqjY,2018-03-14 18:00:06,18,632,False,playlist,0.0,,False,False,,【Joeman】偉哉淘寶！最狂網拍開箱,22
1667,LFY2D-U6XwE,【Joeman】這是廢片！為了全家便利商店的韓式炸雞排隊排到崩潰Q_Q ft.咪妃,https://www.youtube.com/watch?v=LFY2D-U6XwE,2018-03-15 18:00:09,18,169,False,keyword,0.0,,False,False,,,22
1668,h0jagPStHlU,【Joeman】超狂惡整！在妹妹房間偷放超害羞的情趣用品！ft.咪妃、阿樂,https://www.youtube.com/watch?v=h0jagPStHlU,2018-03-16 18:00:09,18,831,False,keyword,0.0,,False,False,,,22
1669,uYcmx5Vqu0g,【Joeman】一段沉痛的告白！臉書你可不可以溫柔一點？網紅觀察室,https://www.youtube.com/watch?v=uYcmx5Vqu0g,2018-03-18 18:00:21,18,887,False,playlist,0.0,,False,False,,Joeman網紅觀察室,22
1670,gL4svcBDI0Y,【Joeman】買到盜版的海賊王跟FGO福袋？這個內容物未免也太多了吧！ft.咪妃,https://www.youtube.com/watch?v=gL4svcBDI0Y,2018-03-21 18:00:08,18,639,False,playlist,0.0,,False,False,,【Joeman】偉哉淘寶！最狂網拍開箱,22
1671,w-63QNeJoKM,【Joeman】一罐380元的綠茶真的有比較好喝嗎？伊藤園玉露綠茶開箱！,https://www.youtube.com/watch?v=w-63QNeJoKM,2018-03-22 18:01:37,18,389,False,playlist,0.0,,False,False,,【Joeman開箱去】,22
1672,CEmkNCx5ruA,【Joeman】超酷的椰子汁販賣機！竟然直接整顆椰子在機器裡！ft.可可酒精,https://www.youtube.com/watch?v=CEmkNCx5ruA,2018-03-23 18:00:01,18,395,False,playlist,0.0,,False,False,,【Joeman開箱去】,22
1673,biDuhz-5ESo,【Joeman】我跟咪妃到底會不會在一起？50萬訂閱Q&A問答企劃！,https://www.youtube.com/watch?v=biDuhz-5ESo,2018-03-24 18:00:05,18,767,False,keyword,0.0,,False,False,,,22
1674,ZGZj3zv5RK8,【Joeman】可以直接穿進海裡的鞋子！Sperry 7Seas挑戰衝浪！ft.Men’s Game,https://www.youtube.com/watch?v=ZGZj3zv5RK8,2018-03-28 18:41:20,18,427,False,playlist,0.0,,False,False,,【Joeman開箱去】,22
1675,uvtcxKXU_9k,【Joeman】為了心愛的她！每個晚上都要製造5億！ft.咪妃、阿樂,https://www.youtube.com/watch?v=uvtcxKXU_9k,2018-03-30 19:00:04,19,194,False,keyword,0.0,,False,False,,,22
1676,35Hj9MAzdPQ,【Joeman】超崩潰企劃！挑戰10倍辣度的一蘭拉麵！ft.咪妃,https://www.youtube.com/watch?v=35Hj9MAzdPQ,2018-03-31 18:00:00,18,354,False,playlist,0.0,,False,False,,Joeman帶你去吃各地美食,22
1677,7Y57gnHTUno,【Joeman】臉紅了～又噴又爽的初體驗！無碼步兵盒子開箱！,https://www.youtube.com/watch?v=7Y57gnHTUno,2018-04-01 18:00:04,18,673,False,playlist,3.0,電商賣場連結,False,False,,【Joeman開箱去】,22
1678,d1PCw1yp4Xc,【Joeman】從沒吃過的超高檔比薩！必勝客海皇干貝鳳梨蝦Pizza試吃！ft.咪妃,https://www.youtube.com/watch?v=d1PCw1yp4Xc,2018-04-02 18:00:11,18,579,False,playlist,0.0,,False,False,,Joeman帶你去吃各地美食,22
1679,Bog8P_smKlA,【Joeman】Intel第8代處理器大顯神威！超強性能筆電GIGABYTE AERO 15X開箱！(i7-8750H + GTX1070),https://www.youtube.com/watch?v=Bog8P_smKlA,2018-04-04 12:00:01,12,637,False,playlist,0.0,,False,False,,【Joeman】筆電開箱,22
1680,aFqfOkXGg58,【Joeman】一個要500台幣的頂級漢堡？來自紐約的超奢華龍蝦堡！ft.咪妃 Luke's lobster,https://www.youtube.com/watch?v=aFqfOkXGg58,2018-04-05 18:00:01,18,490,False,playlist,0.0,,False,False,,Joeman帶你去吃各地美食,22
1681,HIjCZL8BiAo,【Joeman】混入麵店當店員！到底會不會被認出來？ft.丸亀製麵,https://www.youtube.com/watch?v=HIjCZL8BiAo,2018-04-08 18:00:02,18,795,False,keyword,1.0,新品發表用語,False,False,,,22
1682,1CUq9Lq5UEY,【Joeman】24小時來回日本！一日來回東京只為了吃拉麵！,https://www.youtube.com/watch?v=1CUq9Lq5UEY,2018-04-13 18:00:00,18,908,False,playlist,0.0,,False,False,,Joeman帶你去吃各地美食,22
1683,bvCQnu2mnfY,【Joeman】來聊聊我的影片類型！為什麼我不乖乖拍開箱就好？網紅觀察室,https://www.youtube.com/watch?v=bvCQnu2mnfY,2018-04-14 18:00:09,18,739,False,playlist,0.0,,False,False,,Joeman網紅觀察室,22
1684,3_8ef7xJaaU,【Joeman】這間網咖竟然有4萬台幣的顯卡Titan Xp！還有包廂可以過夜～ROG電競聯盟,https://www.youtube.com/watch?v=3_8ef7xJaaU,2018-04-15 18:00:00,18,806,False,playlist,0.0,,False,False,,【Joeman】全世界的網咖體驗,22
1685,3fUgTV6VKDY,【Joeman】這把鍵盤竟然要8000塊！美到令人窒息的Azio復古鍵盤 Retro Classic開箱 Unboxing,https://www.youtube.com/watch?v=3fUgTV6VKDY,2018-04-18 18:00:00,18,696,False,playlist,0.0,,False,False,,【Joeman開箱去】,22
1686,hWe1DAp8GV4,【Joeman】體驗超私密的一對一交友服務！第一次約會就帶回家？,https://www.youtube.com/watch?v=hWe1DAp8GV4,2018-04-20 18:00:06,18,687,False,keyword,0.0,,False,False,,,22
1687,8C_I8pJhfbk,【Joeman】5000元的頂級日本神戶和牛 對決 300元的大賣場肋眼牛排！ft.魚乾、明聰【Joe是要對決】Ep1,https://www.youtube.com/watch?v=8C_I8pJhfbk,2018-04-21 18:03:01,18,959,True,playlist,0.0,,False,False,,【Joe是要對決】第一季,22
1688,dA0ttQ6lnP4,【Joeman】秋葉原轉蛋！竟然約到日本知名女Youtuber！ft.Ayasa,https://www.youtube.com/watch?v=dA0ttQ6lnP4,2018-04-27 18:26:47,18,608,False,playlist,0.0,,False,False,,【Joeman一起轉蛋去】,22
1689,iyStz9bZHnY,【Joeman】70000元的藍寶堅尼超跑出租 對決2000元的Toyota平價租車！ft.Andy老爹【Joe是要對決】Ep2,https://www.youtube.com/watch?v=iyStz9bZHnY,2018-04-28 18:00:08,18,949,False,playlist,0.0,,False,False,,【Joe是要對決】第一季,22
1690,Ly0IMZCMG6s,【Joeman】超多A片！一小時400台幣的SOD個人包廂體驗！ft.肯伊斯古德,https://www.youtube.com/watch?v=Ly0IMZCMG6s,2018-04-29 18:00:06,18,686,False,keyword,0.0,,False,False,,,22
1691,AYZED_Zx6Hc,【Joeman】超特別的關東煮販賣機！竟然還有榴槤口味的汽水？ft.Ayasa,https://www.youtube.com/watch?v=AYZED_Zx6Hc,2018-05-04 18:00:06,18,649,False,keyword,0.0,,False,False,,,22
1692,qOxYKLOG_nA,【Joeman】10000元的虎牌電子鍋 對決2500元的大同電鍋ft.菜喳、瑀熙、郭主義【Joe是要對決】Ep3,https://www.youtube.com/watch?v=qOxYKLOG_nA,2018-05-05 18:00:11,18,882,False,playlist,0.0,,False,False,,【Joe是要對決】第一季,22
1693,u4sRWXu87ks,【Joeman】揭曉Youtuber小時候的長相！到底有沒有整型？ft.一堆超紅Youtuber的懷舊星期四,https://www.youtube.com/watch?v=u4sRWXu87ks,2018-05-10 20:00:09,20,604,False,keyword,0.0,,False,False,,,22
1694,N14t_U0GIAI,【Joeman】24小時都可以租車！租一台休旅車去買家具！ft.iRent,https://www.youtube.com/watch?v=N14t_U0GIAI,2018-05-11 18:00:04,18,367,False,keyword,1.0,品牌官方導流,False,False,,,22
1695,Ypw2XVpz4a4,【Joeman】220000元的總統套房對決700元的青年旅社！ft.聖結石【Joe是要對決】Ep4,https://www.youtube.com/watch?v=Ypw2XVpz4a4,2018-05-12 18:00:05,18,1370,False,playlist,0.0,,False,False,,【Joe是要對決】第一季,22
1696,XSzfXoYx0Xg,【Joeman】唯一的五星級日系航空！ANA全日空商務艙體驗 767-300 Business Class,https://www.youtube.com/watch?v=XSzfXoYx0Xg,2018-05-13 18:00:55,18,474,False,playlist,0.0,,False,False,,【Joeman】飛機餐與貴賓室,22
1697,qA32IGVuODE,【Joeman】今年最吸引人的輕薄商務筆電！LG Gram暴力測試開箱！2018 LG Gram unboxing,https://www.youtube.com/watch?v=qA32IGVuODE,2018-05-16 18:00:07,18,438,False,keyword,0.0,,False,False,,,22
1698,Vnbkl1Lla04,【Joeman】真的實用嗎？掛在脖子上的藍芽喇叭！Bose Soundwear Companion 開箱 Unboxing,https://www.youtube.com/watch?v=Vnbkl1Lla04,2018-05-18 18:00:04,18,415,False,playlist,0.0,,False,False,,【Joeman開箱去】,22
1699,uKIN3Rvn8aA,【Joeman】3000元的奢華甜點對決25元的平價甜點！ft.滴妹【Joe是要對決】Ep5,https://www.youtube.com/watch?v=uKIN3Rvn8aA,2018-05-19 18:00:09,18,1014,False,playlist,0.0,,False,False,,【Joe是要對決】第一季,22
1700,rr5p7H11CxA,【Joeman】一小時竟然要台幣150塊！帶台灣電競冠軍選手去雪梨網咖！,https://www.youtube.com/watch?v=rr5p7H11CxA,2018-05-20 18:00:06,18,411,False,playlist,0.0,,False,False,,【Joeman】全世界的網咖體驗,22
1701,mnFC_xvfK2U,【Joeman】一份套餐300台幣！體驗澳洲的麥當勞與肯德基！Australia McDonald's and KFC,https://www.youtube.com/watch?v=mnFC_xvfK2U,2018-05-23 18:00:05,18,656,False,playlist,0.0,,False,False,,Joeman帶你去吃各地美食,22
1702,KfTgmSIS1uE,【Joeman】為了自己家的貓訂做沙發！防貓抓沙發開箱！,https://www.youtube.com/watch?v=KfTgmSIS1uE,2018-05-25 18:00:02,18,401,False,playlist,6.0,致謝贊助句型|影片合作聲明,False,False,,【Joeman開箱去】,22
1703,0LayfKCcz0w,【Joeman】一個月100萬元的天王月子中心對決一個月16萬元的平價月子中心！ft.優格、飛口【Joe是要對決】Ep6,https://www.youtube.com/watch?v=0LayfKCcz0w,2018-05-26 18:00:00,18,1177,False,playlist,0.0,,False,False,,【Joe是要對決】第一季,22
1704,q0MbI31R4UE,【Joeman】被邀請到雪梨看比賽！體驗南半球的電競賽事～觀眾超熱情！,https://www.youtube.com/watch?v=q0MbI31R4UE,2018-05-27 18:00:06,18,255,False,keyword,6.0,致謝贊助句型|影片合作聲明,False,False,,,22
1705,qJVKaXuQ98E,【Joeman】一晚一萬台幣的澳洲五星級飯店！窗外就是雪梨歌劇院的四季酒店住宿體驗！,https://www.youtube.com/watch?v=qJVKaXuQ98E,2018-05-30 18:00:11,18,726,False,keyword,0.0,,False,False,,,22
1706,zZANIjocxUo,【Joeman】一口氣爬46層樓！挑戰新光摩天大樓登高大賽！,https://www.youtube.com/watch?v=zZANIjocxUo,2018-05-31 18:00:46,18,573,False,keyword,0.0,,False,False,,,22
1707,3Do7nNCDP2g,【Joeman】咪妃的XX都沒洗...最後終於順利長出香菇！,https://www.youtube.com/watch?v=3Do7nNCDP2g,2018-06-01 18:00:00,18,109,False,keyword,0.0,,False,False,,,22
1708,CxkYRi-BGjA,【Joeman】55000元的頂級人體工學椅對決3000元的平價電腦椅！ft.三個字、Sandy【Joe是要對決】Ep7,https://www.youtube.com/watch?v=CxkYRi-BGjA,2018-06-02 18:00:02,18,1320,False,playlist,3.0,影片合作聲明,False,False,,【Joe是要對決】第一季,22
1709,evEqnPKMO5M,【Joeman】可以取代桌上型電腦的輕薄電競筆電～西風之神M開箱！ROG Zephyrus M Unboxing,https://www.youtube.com/watch?v=evEqnPKMO5M,2018-06-03 18:00:05,18,453,False,playlist,0.0,,False,False,,【Joeman】筆電開箱,22
1710,hfnuU3IH6gQ,【Joeman】為了吃到一萬塊的牛肉麵！邊腳底按摩邊玩電動超崩潰！ft.小葵,https://www.youtube.com/watch?v=hfnuU3IH6gQ,2018-06-05 23:23:10,23,861,False,keyword,0.0,,False,False,,,22
1711,JWToEtJI4Qw,【Joeman】全台唯一的米其林三星餐廳!一頓飯超過五千塊的頤宮 ft.咪妃,https://www.youtube.com/watch?v=JWToEtJI4Qw,2018-06-08 18:00:02,18,618,False,keyword,0.0,,False,False,,,22
1712,V96hV1Jysp8,【Joeman】12000元的專櫃高級化妝品對決900元的平價開架化妝品！ft.荔枝兒、奇奇蒂蒂【Joe是要對決】Ep8,https://www.youtube.com/watch?v=V96hV1Jysp8,2018-06-09 18:00:05,18,1097,False,playlist,3.0,影片合作聲明,False,False,,【Joe是要對決】第一季,22
1713,CHtJHfUGBIM,【Joeman】我得了一種不小心就會買CPU的病！內有抽獎～,https://www.youtube.com/watch?v=CHtJHfUGBIM,2018-06-10 18:00:01,18,218,False,keyword,0.0,,False,False,,,22
1714,VQ66rU_MHV0,【Joeman】地表最強的筆電CPU實測！i9-8950HK開箱！ft.MSI GT75 VR Benchmark,https://www.youtube.com/watch?v=VQ66rU_MHV0,2018-06-13 18:00:05,18,366,False,keyword,0.0,,False,False,,,22
1715,9hKHC32aYE0,【Joeman】你有沒有想過！為什麼華語影片都要上字幕？網紅觀察室,https://www.youtube.com/watch?v=9hKHC32aYE0,2018-06-15 17:18:13,17,602,False,playlist,0.0,,False,False,,Joeman網紅觀察室,22
1716,8SWyHMXKL68,【Joeman】40000元的頂級茶葉對決160元的平價茶葉！ft.呱吉邱威傑【Joe是要對決】Ep9,https://www.youtube.com/watch?v=8SWyHMXKL68,2018-06-16 18:00:00,18,1326,False,playlist,0.0,,False,False,,【Joe是要對決】第一季,22
1717,brI00_-KBCg,【Joeman】曾經的王者回歸？Nokia 7 plus開箱！萬元機中的佼佼者 Unboxing,https://www.youtube.com/watch?v=brI00_-KBCg,2018-06-17 18:00:04,18,361,False,playlist,0.0,,False,False,,【Joeman開箱去】,22
1718,QLf_cBZl-2Y,【Joeman】一次開箱三款不到台幣1000塊的無線藍芽耳機！淘寶開箱,https://www.youtube.com/watch?v=QLf_cBZl-2Y,2018-06-18 18:00:03,18,794,False,playlist,0.0,,False,False,,【Joeman開箱去】,22
1719,Vke0KSOmCUw,【Joeman】香港迪士尼戰利品開箱！竟然買了一條上萬的手鍊！ft.咪妃,https://www.youtube.com/watch?v=Vke0KSOmCUw,2018-06-20 18:00:07,18,1142,False,playlist,0.0,,False,False,,【Joeman開箱去】,22
1720,ciqEWfLktLE,【Joeman】第三屆黑暗火鍋！出現了超詭異的醃製物？ft.咪妃、頑Game、眾量級、反骨男孩、老皮、裴薇、屎萊姆,https://www.youtube.com/watch?v=ciqEWfLktLE,2018-06-22 19:00:07,19,757,False,keyword,0.0,,False,False,,,22
1721,C_MSqj7B5p8,【Joeman】2300元的奢華肉粽對決60元的傳統肉粽！ft.反骨男孩酷炫、焦凡凡【Joe是要對決】Ep10,https://www.youtube.com/watch?v=C_MSqj7B5p8,2018-06-23 18:00:01,18,1438,False,playlist,0.0,,False,False,,【Joe是要對決】第一季,22
1722,iSeklNYXoTU,【Joeman】一口氣喝九種沒喝過的啤酒！ft.恩熙俊,https://www.youtube.com/watch?v=iSeklNYXoTU,2018-06-24 18:00:07,18,692,False,playlist,0.0,,False,False,,【Joeman開箱去】,22
1723,FcpP9eObRYk,颱風天吃什麼泡麵最飽？新版双響泡泡麵試吃,https://www.youtube.com/watch?v=FcpP9eObRYk,2018-06-29 18:00:03,18,555,False,none,1.0,提及廠商,False,False,,,22
1724,k29O2xAezeo,【Joeman】58000元的奢華喜宴對決8000元的傳統辦桌！ft.上班不要看、鐵牛【Joe是要對決】Ep11,https://www.youtube.com/watch?v=k29O2xAezeo,2018-06-30 18:00:05,18,1625,False,playlist,0.0,,False,False,,【Joe是要對決】第一季,22
1725,OShWitxiqM4,【Joeman】可以自動變色的水銀眼鏡？在雪梨開箱最新的全視線鏡片！,https://www.youtube.com/watch?v=OShWitxiqM4,2018-07-01 18:00:03,18,368,False,playlist,0.0,,False,False,,【Joeman開箱去】,22
1726,zfvULDMKWF8,【Joeman】一頓晚餐3萬台幣？24小時米其林馬拉松挑戰！ft.咪妃,https://www.youtube.com/watch?v=zfvULDMKWF8,2018-07-03 18:00:45,18,1114,False,keyword,2.0,購買行動用語,False,False,,,22
1727,nNvLfteovls,【Joeman】台北捷運美食商圈！永康商圈的牛肉麵、蔥抓餅、芒果冰 ｜用行動支付friDay錢包搭捷運逛商圈超便利！,https://www.youtube.com/watch?v=nNvLfteovls,2018-07-04 18:30:01,18,405,False,keyword,4.0,購買行動用語|行動呼籲句型,False,False,,,22
1728,-Fd63ME1imw,【Joeman】台灣手搖飲料的正常甜度真的正常嗎？ft.展瑞展榮,https://www.youtube.com/watch?v=-Fd63ME1imw,2018-07-05 18:00:00,18,731,False,playlist,0.0,,False,False,,【Joeman開箱去】,22
1729,23x3sU35l28,【Joeman】型男大改造！挑戰把自己化妝成孔劉！ft.咪妃,https://www.youtube.com/watch?v=23x3sU35l28,2018-07-06 19:00:01,19,345,False,keyword,0.0,,False,False,,,22
1730,Rx-K760ugxA,【Joeman】150000元的奢華婚紗對決9999元的平價婚紗！ft.咪妃【Joe是要對決】Ep12(完),https://www.youtube.com/watch?v=Rx-K760ugxA,2018-07-07 18:00:03,18,1783,False,playlist,0.0,,False,False,,【Joe是要對決】第一季,22
1731,NvNKtZo3Lvc,【Joeman】邊吃超辣的手扒雞邊開箱會怎樣？PUBG絕地求生空投箱開箱！ft.咪妃,https://www.youtube.com/watch?v=NvNKtZo3Lvc,2018-07-08 18:00:01,18,1055,False,playlist,0.0,,False,False,,【Joeman開箱去】,22
1732,vUMcKiUvOOk,【Joeman】一晚一萬台幣！上海頂級五星級飯店體驗！上海萬達瑞華,https://www.youtube.com/watch?v=vUMcKiUvOOk,2018-07-09 18:00:15,18,662,False,keyword,0.0,,False,False,,,22
1733,FFc-Ot356I8,【Joeman】鼎泰豐最貴的料理？一盤1200元的松露炒飯！,https://www.youtube.com/watch?v=FFc-Ot356I8,2018-07-10 18:00:03,18,182,False,playlist,0.0,,False,False,,【Joeman開箱去】,22
1734,aRvDnZMz6j4,【Joeman】除了保險套外還有啥好買？日本藥妝店必買的五種商品推薦！ft.咪妃,https://www.youtube.com/watch?v=aRvDnZMz6j4,2018-07-11 19:14:18,19,576,False,playlist,0.0,,False,False,,【Joeman開箱去】,22
1735,Sl3j14jdnE0,【Joeman】上海麥當勞與肯德基體驗！竟然有珍珠奶茶？,https://www.youtube.com/watch?v=Sl3j14jdnE0,2018-07-13 18:00:02,18,669,False,keyword,0.0,,False,False,,,22
1736,Ej03Bq99xj0,【Joeman】一口氣開箱五種新東陽肉乾！哪一種最好吃？,https://www.youtube.com/watch?v=Ej03Bq99xj0,2018-07-14 18:00:04,18,539,False,playlist,0.0,,False,False,,【Joeman開箱去】,22
1737,fJaV3XpMRmk,【Joeman】帶著老司機出遊！2018 Nissan X-Trail 4WD試駕 ft.咪妃,https://www.youtube.com/watch?v=fJaV3XpMRmk,2018-07-15 18:00:03,18,601,False,playlist,0.0,,False,False,,【Joeman開箱去】,22
1738,vjOsO2yMv7Y,【Joeman】價格貴兩倍？在上海的台灣手搖飲料店體驗！一芳、迷客夏、Coco,https://www.youtube.com/watch?v=vjOsO2yMv7Y,2018-07-16 18:00:10,18,388,False,playlist,0.0,,False,False,,【Joeman開箱去】,22
1739,k5StMNkZNJE,【Joeman】1000元的頂級便當對決50元的平價便當！ft.柯文哲【Joe是要對決】SP特別企劃,https://www.youtube.com/watch?v=k5StMNkZNJE,2018-07-20 18:00:05,18,1032,False,playlist,0.0,,False,False,,【Joe是要對決】第一季,22
1740,0WLoZOAZWzk,【Joeman】麻醬乾麵的五種吃法！竟然有龍蝦？ft.巷口乾麵,https://www.youtube.com/watch?v=0WLoZOAZWzk,2018-07-21 18:00:00,18,762,False,playlist,0.0,,False,False,,【Joeman開箱去】,22
1741,LsmwR2meu4Y,【Joeman】一次開箱五種夾娃娃機裡的藍芽喇叭！ft.含羞草 (美好2025、金冠K55、K99、K5S、小蠻腰),https://www.youtube.com/watch?v=LsmwR2meu4Y,2018-07-22 18:00:03,18,712,False,playlist,3.0,影片合作聲明,False,False,,【Joeman開箱去】,22
1742,551Sj3w0Avk,【Joeman】用哩程兌換了韓國美食之旅與首爾的五星級飯店！,https://www.youtube.com/watch?v=551Sj3w0Avk,2018-07-23 18:00:01,18,584,False,playlist,0.0,,False,False,,Joeman帶你去吃各地美食,22
1743,ljgoKjMvMWM,【Joeman】夾娃娃機產業真的會泡沫化嗎？西門町的台一個月竟然要4萬！ft.含羞草,https://www.youtube.com/watch?v=ljgoKjMvMWM,2018-07-24 18:00:07,18,765,False,title_series,3.0,影片合作聲明,False,False,,,22
1744,WHAIO6lxe9M,【Joeman】興隆公宅開箱！2100元就能住到12坪的台北市大套房？ft.柯文哲,https://www.youtube.com/watch?v=WHAIO6lxe9M,2018-07-25 18:00:02,18,637,False,playlist,0.0,,False,False,,【Joeman開箱去】,22
1745,0xexSuj1s3g,【Joeman】一口氣吃12碗烏龍麵！丸亀製麵全餐大挑戰！ft.阿滴,https://www.youtube.com/watch?v=0xexSuj1s3g,2018-07-27 18:00:01,18,1004,False,playlist,0.0,,False,False,,Joeman帶你去吃各地美食|【Joeman開箱去】,22
1746,NHH6ng7612o,【Joeman】回到我的母校交大演講！念大學到底有沒有用？,https://www.youtube.com/watch?v=NHH6ng7612o,2018-07-28 18:00:03,18,2618,False,none,0.0,,False,False,,,22
1747,S8_OH3Ey7ko,【Joeman】全日本最高的五星級飯店！大阪萬豪酒店體驗！（阿倍野大樓）,https://www.youtube.com/watch?v=S8_OH3Ey7ko,2018-07-29 18:00:07,18,512,False,keyword,0.0,,False,False,,,22
1748,95fbfWQRKA4,【Joeman】在飛機上達成一百萬訂閱！！！,https://www.youtube.com/watch?v=95fbfWQRKA4,2018-07-30 18:00:03,18,259,False,none,0.0,,False,False,,,22
1749,N_SBd9wm4Ys,【Joeman】一次試吃11種便利商店的飯糰！ft.阿晋,https://www.youtube.com/watch?v=N_SBd9wm4Ys,2018-08-01 18:00:05,18,741,False,keyword,0.0,,False,False,,,22
1750,gpJrZdVLfHU,【Joeman】從代購網站購買日本桌遊與樂高！ft.MYDAY,https://www.youtube.com/watch?v=gpJrZdVLfHU,2018-08-03 18:00:06,18,767,False,keyword,2.0,折扣導購用語,False,False,,,22
1751,yJglsCBPnV4,【Joeman】從500元的白葡萄酒到5000元的XO白蘭地,https://www.youtube.com/watch?v=yJglsCBPnV4,2018-08-04 18:00:07,18,694,False,playlist,4.0,影片合作聲明|新品發表用語,False,False,,【Joeman開箱去】,22
1752,zaKT4RDGpqI,【Joeman】實測！一個人去遊樂園是否真的很孤單？日本環球影城體驗,https://www.youtube.com/watch?v=zaKT4RDGpqI,2018-08-05 18:00:31,18,649,False,keyword,0.0,,False,False,,,22
1753,15Sg28kI_G4,【Joeman】全世界第一隻沒有瀏海的全面屏手機！Vivo NEX開箱,https://www.youtube.com/watch?v=15Sg28kI_G4,2018-08-08 18:00:00,18,492,False,playlist,0.0,,False,False,,【Joeman開箱去】,22
1754,VBRgy3Wao30,【Joeman】Youtuber收入到底好不好？5個你可能不知道的迷思！網紅觀察室,https://www.youtube.com/watch?v=VBRgy3Wao30,2018-08-10 18:00:04,18,568,False,playlist,1.0,新品發表用語,False,False,,Joeman網紅觀察室,22
1755,pJAuyAgKCF8,【Joeman】泰國曼谷必吃的兩家海南雞飯！粉紅色vs綠色,https://www.youtube.com/watch?v=pJAuyAgKCF8,2018-08-11 18:00:11,18,282,False,playlist,0.0,,False,False,,Joeman帶你去吃各地美食,22
1756,iIUPwXr0eBg,【Joeman】超宅企劃！三餐都在家叫外送美食！ft.foodpanda、阿晋、胡子、老婆,https://www.youtube.com/watch?v=iIUPwXr0eBg,2018-08-12 18:00:06,18,811,False,playlist,8.0,專屬導購代碼|結帳代碼指引|折扣導購用語,False,False,,Joeman帶你去吃各地美食,22
1757,DYZ7IaLmiTw,【Joeman】你能忍受嗎？10種女生可能有的公主病跡象！ft.咪妃,https://www.youtube.com/watch?v=DYZ7IaLmiTw,2018-08-14 18:00:02,18,778,False,keyword,0.0,,False,False,,,22
1758,IrJ8TUsjRh8,【Joeman】全自動無人旅館？竟然有機器人送餐！台中鵲絲窩客飯店體驗,https://www.youtube.com/watch?v=IrJ8TUsjRh8,2018-08-15 18:00:04,18,523,False,keyword,0.0,,False,False,,,22
1759,bhnMtEHHYiY,【Joeman】超狂實驗！在交友軟體上約跑真的會成功嗎？,https://www.youtube.com/watch?v=bhnMtEHHYiY,2018-08-16 18:00:41,18,659,False,keyword,2.0,行動呼籲句型,False,False,,,22
1760,h-jiw3kY-sI,【Joeman】為了後宮！穿越到古代當王爺！ft.咪妃、瑋哥、本燙,https://www.youtube.com/watch?v=h-jiw3kY-sI,2018-08-17 18:00:16,18,266,False,keyword,0.0,,False,False,,,22
1761,cUMX4wminc4,【Joeman】挑戰台中最大的夾娃娃機店！竟然瘋狂出貨？ft.含羞草、阿晋、本燙,https://www.youtube.com/watch?v=cUMX4wminc4,2018-08-18 18:00:06,18,742,False,title_series,0.0,,False,False,,,22
1762,_T0dQYbJMAU,【Joeman】一群人去吃頂級鐵板燒！竟然花超過三萬元？犇鐵板燒,https://www.youtube.com/watch?v=_T0dQYbJMAU,2018-08-19 18:00:07,18,669,False,none,0.0,,False,False,,,22
1763,sDBpEOAPvOw,【Joeman】我們終於超越宋七力了！,https://www.youtube.com/watch?v=sDBpEOAPvOw,2018-08-20 18:00:17,18,27,False,none,0.0,,False,False,,,22
1764,WNdCY-HDm0Y,【Joeman】台中豐原廟東夜市！必吃的三種美食：排骨酥麵、菱角酥、鳳梨冰 ft.咪妃、阿晋,https://www.youtube.com/watch?v=WNdCY-HDm0Y,2018-08-22 18:00:11,18,560,False,keyword,0.0,,False,False,,,22
1765,QJ02NHju5oY,【Joeman】號稱全台灣最好吃的丼飯？地表最強開丼試吃！ft.展瑞展榮,https://www.youtube.com/watch?v=QJ02NHju5oY,2018-08-25 18:00:05,18,815,False,keyword,1.0,新品發表用語,False,False,,,22
1766,U8h0m7s7V5s,【Joeman】日本環球影城戰利品開箱！滿滿的都是小小兵～,https://www.youtube.com/watch?v=U8h0m7s7V5s,2018-08-26 18:00:13,18,813,False,keyword,0.0,,False,False,,,22
1767,wtlXnpZAnOo,【Joeman】滿滿的咖哩！7-11與Coco壹番屋聯名款商品試吃！,https://www.youtube.com/watch?v=wtlXnpZAnOo,2018-08-28 18:00:15,18,662,False,none,0.0,,False,False,,,22
1768,HX1WLSHI-LA,【Joeman】我的30歲生日！ft.咪妃、魚乾、菜喳、阿晋、阿滴、含羞草、恩熙俊、Sandy、大天神、可可酒精、痔作人,https://www.youtube.com/watch?v=HX1WLSHI-LA,2018-08-31 18:00:05,18,453,False,keyword,0.0,,False,False,,,22
1769,ZAegVqPa3EA,【Joeman】在德國買了超大的任天堂福袋！內容物竟然超展開,https://www.youtube.com/watch?v=ZAegVqPa3EA,2018-09-01 18:00:04,18,783,False,none,0.0,,False,False,,,22
1770,SMpf3Uc0JrU,【Joeman】一天一萬步企劃！開箱體驗AMAZFIT智慧運動手錶 2與小米手環 3,https://www.youtube.com/watch?v=SMpf3Uc0JrU,2018-09-06 18:00:09,18,744,False,playlist,0.0,,False,False,,【Joeman開箱去】,22
1771,okFrYeZb96o,【Joeman】15萬的頂級單眼CANON 5D4對決2萬多的旗艦手機HTC U12+！ft.小葵【Joe是要對決】SP特別企劃,https://www.youtube.com/watch?v=okFrYeZb96o,2018-09-08 18:00:16,18,1132,False,playlist,0.0,,False,False,,【Joe是要對決】第一季,22
1772,g52Beas26lQ,【Joeman】錯誤資訊更正，我跟華康開會確定了字體版權細節,https://www.youtube.com/watch?v=g52Beas26lQ,2018-09-11 18:00:12,18,538,False,none,0.0,,False,False,,,22
1773,wfIpOtgJ2iw,【Joeman】實測台北的尊榮Uber能叫到甚麼車！竟然出現400萬的頂級休旅？,https://www.youtube.com/watch?v=wfIpOtgJ2iw,2018-09-13 18:01:31,18,691,False,keyword,0.0,,False,False,,,22
1774,l6Roq91gYj0,【Joeman】不到8000元的高性價比手機！Nokia 6.1 Plus開箱體驗 Unboxing,https://www.youtube.com/watch?v=l6Roq91gYj0,2018-09-15 18:00:07,18,451,False,keyword,0.0,,False,False,,,22
1775,TseYUQKrMZs,【Joeman】直接把照片印在拉花上！四間超酷的高雄飲料店！ft.咪妃,https://www.youtube.com/watch?v=TseYUQKrMZs,2018-09-18 18:00:04,18,658,False,playlist,0.0,,False,False,,Joeman帶你去吃各地美食,22
1776,Yx_vpgtHN_U,【Joeman】一張4萬的顯示卡值得買嗎？Nvidia Geforce RTX 2080 Ti公版開箱測試Unboxing,https://www.youtube.com/watch?v=Yx_vpgtHN_U,2018-09-21 18:00:08,18,613,False,keyword,0.0,,False,False,,,22
1777,HiGuvsUiCNI,【Joeman】高雄瑞豐夜市有甚麼好吃？直接問路人！ft.咪妃,https://www.youtube.com/watch?v=HiGuvsUiCNI,2018-09-22 18:00:01,18,521,False,keyword,0.0,,False,False,,,22
1778,E2MD_21MNwU,【Joeman】跟世界頂尖的翻糖蛋糕師傅學習作蛋糕！,https://www.youtube.com/watch?v=E2MD_21MNwU,2018-09-23 18:00:03,18,617,False,keyword,2.0,行動呼籲句型,False,False,,,22
1779,00AxXFbgvgE,【Joeman】重回高雄夢時代轉蛋！這次手氣依舊超旺～ft.咪妃,https://www.youtube.com/watch?v=00AxXFbgvgE,2018-09-26 18:00:02,18,478,False,playlist,0.0,,False,False,,【Joeman一起轉蛋去】,22
1780,3hThHvQAZro,【Joeman】一口氣喝10種迷客夏飲料！ft.魚乾,https://www.youtube.com/watch?v=3hThHvQAZro,2018-09-27 18:00:00,18,885,False,keyword,3.0,影片合作聲明,False,False,,,22
1781,9lYDS3_oV64,【Joeman】新一代運動相機王者？Gopro Hero 7 Black 開箱！,https://www.youtube.com/watch?v=9lYDS3_oV64,2018-09-28 18:00:00,18,501,False,playlist,0.0,,False,False,,【Joeman開箱去】,22
1782,XdaZyOjUjF8,【Joeman】一隻5萬元的手機值得買嗎？iPhone Xs Max開箱！,https://www.youtube.com/watch?v=XdaZyOjUjF8,2018-09-29 18:00:04,18,655,False,keyword,0.0,,False,False,,,22
1783,3IeYYN0Kz2c,【Joeman】一個人10000日圓的和牛吃到飽餐廳！東京銀座牛排Ginza Steak,https://www.youtube.com/watch?v=3IeYYN0Kz2c,2018-09-30 12:00:01,12,544,False,keyword,1.0,品牌官方導流,False,False,,,22
1784,fGD6qE0i__4,【Joeman】一個人1000元的頭等艙影廳！可以躺著看的電影院！台中文心秀泰,https://www.youtube.com/watch?v=fGD6qE0i__4,2018-10-05 18:00:07,18,281,False,keyword,0.0,,False,False,,,22
1785,BazRmtH26g4,【Joeman】450000元的頂級手工吉他對決3500元的平價吉他！ft.黃奕儒、開水小姐【Joe是要對決】SP特別企劃,https://www.youtube.com/watch?v=BazRmtH26g4,2018-10-06 18:00:04,18,1179,False,playlist,0.0,,False,False,,【Joe是要對決】第一季,22
1786,gr9MVXkXuxs,【Joeman】體驗日本的尊榮Uber！竟然比台灣貴3倍！,https://www.youtube.com/watch?v=gr9MVXkXuxs,2018-10-10 18:00:07,18,609,False,keyword,0.0,,False,False,,,22
1787,CPrTegO9aSA,【Joeman】電影裡的武打戲是怎麼拍出來的？ft.吳慷仁、林哲熹,https://www.youtube.com/watch?v=CPrTegO9aSA,2018-10-14 18:00:01,18,345,False,keyword,3.0,影片合作聲明,False,False,,,22
1788,DkmzHrUYs2w,【Joeman】高雄四個超紅的打卡景點！ft.咪妃、彩虹教堂、旋轉木馬、高雄車站、崗山之眼,https://www.youtube.com/watch?v=DkmzHrUYs2w,2018-10-15 18:02:56,18,319,False,keyword,0.0,,False,False,,,22
1789,6gf9egw2DJA,【Joeman】日本秋葉原的憂鬱福袋！內容物一點都不憂鬱嘛！,https://www.youtube.com/watch?v=6gf9egw2DJA,2018-10-19 18:00:01,18,853,False,playlist,0.0,,False,False,,【Joeman開箱去】,22
1790,93pLN-LUqV4,【Joeman】傳說中的怪獸級相機！Sony XZ2 Premium超旗艦手機開箱Unboxing,https://www.youtube.com/watch?v=93pLN-LUqV4,2018-10-20 19:00:01,19,660,False,playlist,0.0,,False,False,,【Joeman開箱去】,22
1791,GcHTXEYCXNg,【Joeman】尷尬癌大爆發！觀看自己8年前的影片！,https://www.youtube.com/watch?v=GcHTXEYCXNg,2018-10-21 18:00:01,18,760,False,none,0.0,,False,False,,,22
1792,oQYPgD3cIP0,【Joeman】矛盾對決！最臭的鯡魚罐頭vs超強的空氣清淨機！,https://www.youtube.com/watch?v=oQYPgD3cIP0,2018-10-22 18:00:07,18,800,False,keyword,0.0,,False,False,,,22
1793,SZ1a_v1TsI4,【Joeman】重返榮耀之作！Sony XZ3旗艦手機開箱Unboxing,https://www.youtube.com/watch?v=SZ1a_v1TsI4,2018-10-24 18:00:03,18,490,False,playlist,0.0,,False,False,,【Joeman開箱去】,22
1794,BCYrb8BmM1k,【Joeman】受到日本政府邀請！入住超美的海景旅館！ft.咪妃,https://www.youtube.com/watch?v=BCYrb8BmM1k,2018-10-26 18:00:03,18,549,False,keyword,0.0,,False,False,,,22
1795,e-56mOkILms,【Joeman】超巨大SUBWAY！一口氣吃20人份的潛艇堡！ft.大胃王路路Lulu,https://www.youtube.com/watch?v=e-56mOkILms,2018-10-27 18:00:07,18,641,False,keyword,0.0,,False,False,,,22
1796,4wB4iGPdPXw,【Joeman】北高單程2000元！高鐵商務艙值得嗎？,https://www.youtube.com/watch?v=4wB4iGPdPXw,2018-11-02 18:00:00,18,393,False,keyword,0.0,,False,False,,,22
1797,aeXo1Uz8FDU,【Joeman】第一次挑戰在日本自駕遊開車！茨城之旅(English Substitles),https://www.youtube.com/watch?v=aeXo1Uz8FDU,2018-11-03 18:00:00,18,657,False,keyword,0.0,,False,False,,,22
1798,Rh4aR4Wukug,【Joeman】高雄新崛江商圈美食體驗！Linepay一卡通好用嗎？,https://www.youtube.com/watch?v=Rh4aR4Wukug,2018-11-07 18:00:08,18,543,False,keyword,4.0,行銷活動用語|行動呼籲句型,False,False,,,22
1799,QA-ywcfbiMA,【Joeman】怎樣才能考上明星高中？ft.Howhow、呱吉、啾啾鞋、星培、黃大謙、林辰、蔡哥,https://www.youtube.com/watch?v=QA-ywcfbiMA,2018-11-08 18:00:04,18,838,False,keyword,0.0,,False,False,,,22
1800,VaXb0g4G4Ug,【Joeman】超過台幣7000元的手機殼？一口氣開箱9款手機殼！[淘寶開箱][淘寶天貓雙十一],https://www.youtube.com/watch?v=VaXb0g4G4Ug,2018-11-09 19:00:06,19,1528,False,keyword,4.0,折扣導購用語|購買行動用語,False,False,,,22
1801,w6iPA9_CuwA,【Joeman】挑食的恐懼!一口氣吃七種納豆料理! ft.咪妃,https://www.youtube.com/watch?v=w6iPA9_CuwA,2018-11-10 18:00:05,18,733,False,playlist,0.0,,False,False,,Joeman帶你去吃各地美食,22
1802,F5Mwkl5DgJg,【Joeman】在海拔2800公尺的山上吃海底撈！ft.胡子、雪羊,https://www.youtube.com/watch?v=F5Mwkl5DgJg,2018-11-15 18:00:00,18,194,False,keyword,0.0,,False,False,,,22
1803,8Jnwg3Wn1MQ,【Joeman】150元的手工魚翅水餃對決2元的平價豬肉水餃！ft.容祖兒【Joe是要對決】SP特別企劃,https://www.youtube.com/watch?v=8Jnwg3Wn1MQ,2018-11-16 18:00:01,18,1203,False,playlist,3.0,影片合作聲明,False,False,,【Joe是要對決】第一季,22
1804,id3xxfgQvjI,【Joeman】爬到差點崩潰！人生首次挑戰百岳！Garmin Fenix 5X Plus體驗 ft.胡子、雪羊,https://www.youtube.com/watch?v=id3xxfgQvjI,2018-11-17 18:00:03,18,880,False,keyword,3.0,致謝贊助句型,False,False,,,22
1805,Wb4ZCxbSlQ8,【Joeman】美國軍糧開箱！一般人登山帶戰鬥口糧實用嗎？ft.胡子、雪羊,https://www.youtube.com/watch?v=Wb4ZCxbSlQ8,2018-11-18 18:00:05,18,885,False,playlist,3.0,致謝贊助句型,False,False,,【Joeman開箱去】,22
1806,wZEIhXXM3xk,【Joeman】我心目中的年度台灣10大Youtube頻道！,https://www.youtube.com/watch?v=wZEIhXXM3xk,2018-11-24 18:00:15,18,747,False,playlist,0.0,,False,False,,Joeman網紅觀察室,22
1807,DzI8ssstKcQ,【Joeman】2018年最特別的手機！ROG Phone大全配開箱！Unboxing,https://www.youtube.com/watch?v=DzI8ssstKcQ,2018-11-25 18:00:04,18,892,False,keyword,0.0,,False,False,,,22
1808,IYwG8EtimJE,【Joeman】電競手機再進化！Razer Phone 2開箱！Unboxing,https://www.youtube.com/watch?v=IYwG8EtimJE,2018-11-27 18:00:02,18,634,False,keyword,0.0,,False,False,,,22
1809,aLviHKgeJOY,在日本就醫的慘痛經驗！醫院掛急診比機票還貴！,https://www.youtube.com/watch?v=aLviHKgeJOY,2018-11-30 18:00:02,18,560,False,none,0.0,,False,False,,,22
1810,oXmyb_QJUFk,【Joeman Show Ep1】九妹的性功能...瑋哥掛保證？ft.反骨男孩,https://www.youtube.com/watch?v=oXmyb_QJUFk,2018-12-01 18:00:05,18,1549,True,playlist,0.0,,False,False,,【Joeman Show】,22
1811,KQxYWsW6z-U,【Joeman】女生的電腦裡都放些甚麼？是否真的很亂？ft.可可酒精,https://www.youtube.com/watch?v=KQxYWsW6z-U,2018-12-02 18:00:02,18,882,False,keyword,0.0,,False,False,,,22
1812,4R62pP2X9aE,【Joeman】2018年台灣10大Youtube熱門影片！(官方榜單),https://www.youtube.com/watch?v=4R62pP2X9aE,2018-12-03 18:00:00,18,558,False,none,3.0,致謝贊助句型,False,False,,,22
1813,2w-iWVqf0oM,【Joeman】能讓硬碟讀取速度大幅增加的外掛！Optane Memory,https://www.youtube.com/watch?v=2w-iWVqf0oM,2018-12-04 18:00:01,18,395,False,none,0.0,,False,False,,,22
1814,X87MG5lv1W0,【Joeman】重回核災後的福島！,https://www.youtube.com/watch?v=X87MG5lv1W0,2018-12-06 18:00:03,18,609,False,none,0.0,,False,False,,,22
1815,jL87hgzO7vA,【Joeman】我的影片都是如何剪接出來的？ft. Intel Optane Memory,https://www.youtube.com/watch?v=jL87hgzO7vA,2018-12-07 18:00:07,18,558,False,keyword,0.0,,False,False,,,22
1816,ddJUu5Hw9cU,【Joeman Show Ep2】博恩Diss不手軟！九妹當場變臉？,https://www.youtube.com/watch?v=ddJUu5Hw9cU,2018-12-08 18:00:03,18,1239,False,playlist,0.0,,False,False,,【Joeman Show】,22
1817,rRVNfBuGClA,【Joeman】今年最強的夜拍手機！Google Pixel 3 XL開箱！Unboxing,https://www.youtube.com/watch?v=rRVNfBuGClA,2018-12-09 18:00:05,18,856,False,keyword,0.0,,False,False,,,22
1818,pSZ7FnZI8_c,【Joeman】實測！飛機上的食物真的比平地難吃嗎？,https://www.youtube.com/watch?v=pSZ7FnZI8_c,2018-12-11 18:00:08,18,420,False,keyword,0.0,,False,False,,,22
1819,IiTSI9-q0ps,【Joeman】可以取代文書筆電的旗艦平板！Samsung Galaxy Tab S4開箱Unboxing,https://www.youtube.com/watch?v=IiTSI9-q0ps,2018-12-12 18:00:03,18,535,False,keyword,1.0,品牌官方導流,False,False,,,22
1820,kxIpQ_ORXUg,【Joeman】被棄養的藏獒！前往動物收容所與下鄉結紮活動,https://www.youtube.com/watch?v=kxIpQ_ORXUg,2018-12-13 18:00:05,18,602,False,none,0.0,,False,False,,,22
1821,A2FTFoy8PV8,【Joeman】韓國科技業的一天？受邀到LG總部的上班體驗！,https://www.youtube.com/watch?v=A2FTFoy8PV8,2018-12-14 18:00:01,18,1095,False,keyword,0.0,,False,False,,,22
1822,U0WJVifUnJQ,【Joeman Show Ep3】三個女神一次滿足！ft.三上悠亞、櫻萌子、松田美子,https://www.youtube.com/watch?v=U0WJVifUnJQ,2018-12-15 18:00:03,18,1077,False,playlist,0.0,,False,False,,【Joeman Show】,22
1823,3k1z4M2cc1E,【Joeman】全世界最好吃的軍糧？跟法國人一起開箱法國軍糧！ft.Ku酷,https://www.youtube.com/watch?v=3k1z4M2cc1E,2018-12-16 18:00:01,18,1173,False,keyword,0.0,,False,False,,,22
1824,MIc6WINmW0w,【Joeman】25萬頂級電視對決2萬5淘寶電視！ft.大魚【Joe是要對決】SP特別企劃,https://www.youtube.com/watch?v=MIc6WINmW0w,2018-12-21 18:00:03,18,1052,False,playlist,0.0,,False,False,,【Joe是要對決】第一季,22
1825,T100und5zIk,【Joeman Show Ep4】矛盾對決！吃不飽的大胃王vs吃到飽的高級牛排店！ft.路路,https://www.youtube.com/watch?v=T100und5zIk,2018-12-22 18:00:06,18,1216,False,playlist,0.0,,False,False,,【Joeman Show】,22
1826,ihpfkmtqulU,【Joeman】濃度100%的巧克力吃起來竟然跟土一樣？ft.咪妃,https://www.youtube.com/watch?v=ihpfkmtqulU,2018-12-23 18:00:09,18,758,False,keyword,0.0,,False,False,,,22
1827,ZaenA101S-M,【Joeman】新一代萬元機之王！Nokia 8.1開箱體驗！Unboxing,https://www.youtube.com/watch?v=ZaenA101S-M,2018-12-24 18:00:03,18,415,False,keyword,0.0,,False,False,,,22
1828,IowzQAi5Xno,【Joeman】為什麼我們的標題越來越聳動？2019年Youtuber的困境！網紅觀察室,https://www.youtube.com/watch?v=IowzQAi5Xno,2018-12-26 18:00:06,18,611,False,title_series,0.0,,False,False,,,22
1829,Bwe26hmEhW0,【Joeman】典當獎牌！百萬Youtube金獎牌有含黃金嗎？ft秦嗣林老闆 (English substitles),https://www.youtube.com/watch?v=Bwe26hmEhW0,2018-12-27 18:00:04,18,490,False,none,0.0,,False,False,,,22
1830,KR_88YodpRY,【Joeman】Intel送了我一台七萬元的筆電！MSI P65開箱 Unboxing,https://www.youtube.com/watch?v=KR_88YodpRY,2018-12-28 18:00:01,18,413,False,keyword,0.0,,False,False,,,22
1831,Z3I0vVdqJ7k,【Joeman Show Ep5】市議員月薪大公開！九妹傻爆眼！ft.呱吉,https://www.youtube.com/watch?v=Z3I0vVdqJ7k,2018-12-29 18:00:07,18,1441,False,playlist,0.0,,False,False,,【Joeman Show】,22
1832,FWEoR4Fgk_Y,【Joeman】超崩潰的辣椒噴霧槍開箱！新年交換禮物ft.菜喳、路路、魚乾、胡子、阿晋、梅伯、羅伊,https://www.youtube.com/watch?v=FWEoR4Fgk_Y,2018-12-31 18:00:04,18,522,False,keyword,0.0,,False,False,,,22
1833,q4JitO4t2bo,【Joeman】馬來西亞必吃傳統美食體驗！ft.蔡恩雨,https://www.youtube.com/watch?v=q4JitO4t2bo,2019-01-04 18:00:12,18,877,False,keyword,0.0,,False,False,,,22
1834,lha9oHsu2ag,【Joeman Show Ep6】理科太太自爆老公婚前性暗示！ft.理科太太,https://www.youtube.com/watch?v=lha9oHsu2ag,2019-01-05 18:00:06,18,978,False,playlist,0.0,,False,False,,【Joeman Show】,22
1835,fGvMf0OehHw,【Joeman】7-11豬年福袋搶先開箱！一次開箱9包！,https://www.youtube.com/watch?v=fGvMf0OehHw,2019-01-06 18:00:05,18,982,False,keyword,0.0,,False,False,,,22
1836,cBTgxDvTMxw,【Joeman】影分身之術的特效都怎麼做出來的？ft.Joeman Show首席片師Leo (English substitles),https://www.youtube.com/watch?v=cBTgxDvTMxw,2019-01-08 18:00:06,18,601,False,title_series,3.0,影片合作聲明,False,False,,,22
1837,w-XYOQQF6BY,【Joeman】超狂雙螢幕手機開箱！Vivo NEX雙螢幕版 Vivo NEX dual display unboxing,https://www.youtube.com/watch?v=w-XYOQQF6BY,2019-01-11 18:00:11,18,676,False,playlist,1.0,提及廠商,False,False,,【Joeman開箱去】,22
1838,WKTJTnRUXMw,【Joeman Show Ep7】最萌實測！主人裝死毛孩反應傻爆眼！ft.焦凡凡、阿楞、Sandy,https://www.youtube.com/watch?v=WKTJTnRUXMw,2019-01-12 18:00:03,18,1234,False,playlist,0.0,,False,False,,【Joeman Show】,22
1839,j6ivBI8zDNM,【Joeman】馬來西亞必買的零食與飲料！竟然有榴槤餅乾？ft.Cody、彤彤 (English subtitles),https://www.youtube.com/watch?v=j6ivBI8zDNM,2019-01-13 18:00:03,18,1215,False,keyword,0.0,,False,False,,,22
1840,fLs7Gg_VJ10,【Joeman】7-11與太和殿麻辣鍋新品試吃！吃到全身冒汗！,https://www.youtube.com/watch?v=fLs7Gg_VJ10,2019-01-15 18:00:03,18,641,False,none,3.0,影片合作聲明,False,False,,,22
1841,rpkwbRi21pA,【Joeman】淘寶山寨手機殼開箱！直接變成遊戲掌機！還可以玩魂斗羅？(English substitles),https://www.youtube.com/watch?v=rpkwbRi21pA,2019-01-18 18:00:12,18,523,False,keyword,0.0,,False,False,,,22
1842,1d_9iAb0ZMA,【Joeman Show Ep8】實測！拿雞排妹的寫真集給龍山寺老人看？ft 鄭家純ILI,https://www.youtube.com/watch?v=1d_9iAb0ZMA,2019-01-19 18:00:00,18,1136,False,playlist,0.0,,False,False,,【Joeman Show】,22
1843,6_xPoxL-4bQ,【Joeman】我借了一台86！在甩尾的車子上甩尾！,https://www.youtube.com/watch?v=6_xPoxL-4bQ,2019-01-25 18:00:00,18,445,False,none,0.0,,False,False,,,22
1844,96MpMPaKaHE,【Joeman Show Ep9】把草爺打扮得跟九妹一樣！竟連親生媽媽都認錯？ft.含羞草,https://www.youtube.com/watch?v=96MpMPaKaHE,2019-01-26 18:00:00,18,1323,False,playlist,0.0,,False,False,,【Joeman Show】,22
1845,_Lf9wj4LE7c,【Joeman】實測整本的2000元刮刮樂會中多少！2019年賓士刮刮樂！ft.咪妃,https://www.youtube.com/watch?v=_Lf9wj4LE7c,2019-01-30 17:57:45,17,1008,False,keyword,0.0,,False,False,,,22
1846,KjuSAnjyr0M,【Joeman】我組了一台20萬的水冷電腦！Intel i9-9900K+RTX2080Ti Water Cooled PC Build (English Subtitle),https://www.youtube.com/watch?v=KjuSAnjyr0M,2019-01-31 17:58:18,17,867,False,keyword,3.0,致謝贊助句型,False,False,,,22
1847,lLkOEZdlbtQ,【Joeman Show Ep10】不帶行李！不訂機票！說走就走的出國旅行會花多少錢？ft.咪妃,https://www.youtube.com/watch?v=lLkOEZdlbtQ,2019-02-02 17:58:46,17,1393,False,playlist,0.0,,False,False,,【Joeman Show】,22
1848,QRDLa_T42D4,【Joeman】一萬日圓值得嗎？人生首次挑戰河豚料理！ft.咪妃 (English subtitles),https://www.youtube.com/watch?v=QRDLa_T42D4,2019-02-04 18:00:04,18,586,False,keyword,0.0,,False,False,,,22
1849,tGgbVgtq6Lc,【Joeman Show Ep11】肥宅VS叛徒！誰才是真正的幹話王？ft.HowHow,https://www.youtube.com/watch?v=tGgbVgtq6Lc,2019-02-09 17:58:16,17,1153,False,playlist,0.0,,False,False,,【Joeman Show】,22
1850,B6QBNQkIQnc,【Joeman】統計台灣的Youtuber們花多少錢在刮刮樂上？誰賺最多？網紅觀察室,https://www.youtube.com/watch?v=B6QBNQkIQnc,2019-02-10 17:58:13,17,932,False,playlist,0.0,,False,False,,Joeman網紅觀察室,22
1851,vbTQuWo8n90,【Joeman Show Ep12】離開台灣居然是因為酸民的建議？！ft.安啾,https://www.youtube.com/watch?v=vbTQuWo8n90,2019-02-16 17:58:45,17,1076,False,playlist,0.0,,False,False,,【Joeman Show】,22
1852,uu_7yI9exgk,【Joeman】在飛機上吃鴨胸！華航A350-900商務艙體驗！China Airlines A350 Business Class,https://www.youtube.com/watch?v=uu_7yI9exgk,2019-02-17 17:58:15,17,964,False,playlist,0.0,,False,False,,【Joeman】飛機餐與貴賓室,22
1853,fV0svoJpsMg,【Joeman Show Ep13】一日巨乳體驗！大奶的內衣有多難買？ft.球球,https://www.youtube.com/watch?v=fV0svoJpsMg,2019-02-23 17:57:47,17,1345,False,playlist,0.0,,False,False,,【Joeman Show】,22
1854,hXjrqKrd5Vo,【Joeman】宜蘭羅東夜市有甚麼好吃？臭豆腐薯條、龍鳳腿、羊肉湯、包心粉圓、港式薄餅、東山鴨頭,https://www.youtube.com/watch?v=hXjrqKrd5Vo,2019-02-24 17:57:43,17,495,False,keyword,0.0,,False,False,,,22
1855,fA-6kNf5su4,【Joeman】把RTX2080塞進超薄筆電！MSI GS75開箱體驗！,https://www.youtube.com/watch?v=fA-6kNf5su4,2019-02-27 17:58:13,17,493,False,keyword,3.0,導購區塊標題,False,False,,,22
1856,m-rTJGpBFAE,【Joeman】老梗？5種Youtuber最常見的影片套路！題材跟攝影機要怎麼選？網紅觀察室,https://www.youtube.com/watch?v=m-rTJGpBFAE,2019-02-28 17:58:41,17,602,False,title_series,1.0,新品發表用語,False,False,,,22
1857,vQXqxXUS6S4,【Joeman】25000元的Rimowa行李箱對決2000元的盜版貨！價差十倍到底差在哪？真的假不了Ep.1,https://www.youtube.com/watch?v=vQXqxXUS6S4,2019-03-01 17:57:46,17,635,False,keyword,0.0,,False,False,,,22
1858,-DzCX7cGcGU,【Joeman Show Ep14】情路坎坷！自曝被同一個男生甩五次！ft.愛莉莎莎、SKimmy,https://www.youtube.com/watch?v=-DzCX7cGcGU,2019-03-02 17:58:19,17,1247,False,playlist,0.0,,False,False,,【Joeman Show】,22
1859,GnjhzA8oXyY,【Joeman】價值超過100萬元的黑魔導女孩！超狂遊戲王卡收藏家！Joe是要收藏 ep.1 ft.阿布雷 (English substitles),https://www.youtube.com/watch?v=GnjhzA8oXyY,2019-03-06 17:58:16,17,1702,True,playlist,0.0,,False,False,,Joe是要收藏,22
1860,d-aqQ0C_9MM,【Joeman Show Ep15】經典再現！鹹濕配音重出江湖！ft.白癡公主,https://www.youtube.com/watch?v=d-aqQ0C_9MM,2019-03-09 17:58:11,17,1305,False,playlist,0.0,,False,False,,【Joeman Show】,22
1861,RAVecQNdqdw,【Joeman】情人節特別企劃！讓各大Youtuber嘗試100%巧克力 ft.千千、酷炫、呱吉、安啾、博恩、鐵牛、安安邊緣子、蕾菈,https://www.youtube.com/watch?v=RAVecQNdqdw,2019-03-13 18:00:05,18,681,False,keyword,0.0,,False,False,,,22
1862,6oUIxtbCERw,【Joeman】一天之內開車去7個城市吃美食！ft.林辰Buchi,https://www.youtube.com/watch?v=6oUIxtbCERw,2019-03-14 19:33:52,19,1078,False,keyword,5.0,影片合作聲明|行銷活動用語,False,False,,,22
1863,cDVFG2n2EU8,【Joeman】首次挑戰快問快答！兩個人的幻想對象竟然是他？ft.咪妃,https://www.youtube.com/watch?v=cDVFG2n2EU8,2019-03-15 17:58:41,17,606,False,keyword,0.0,,False,False,,,22
1864,moJVYyvsy30,【Joeman Show Ep16】外國人是否能理解台灣國中生用語？ft.芒果、酷、小貝,https://www.youtube.com/watch?v=moJVYyvsy30,2019-03-16 17:57:43,17,1313,False,playlist,0.0,,False,False,,【Joeman Show】,22
1865,kKx4hKZWR5U,【Joeman】家裡有一座圖書館！連故宮都要跟他借書的藏書家！Joe是要收藏 ep.2 ft活水來冊房,https://www.youtube.com/watch?v=kKx4hKZWR5U,2019-03-19 17:58:11,17,1422,False,playlist,0.0,,False,False,,Joe是要收藏,22
1866,KO9kP8SJFq4,【Joeman】竟然被說是白嫖？B站網友對我的評論2019年版 ft.Bilibili,https://www.youtube.com/watch?v=KO9kP8SJFq4,2019-03-21 17:57:42,17,859,False,keyword,0.0,,False,False,,,22
1867,tTgjy7REHhM,【Joeman Show Ep17】直接不爽！高屏區幹話系偶像團體來襲！ft.狠愛演,https://www.youtube.com/watch?v=tTgjy7REHhM,2019-03-23 17:58:16,17,1119,False,playlist,0.0,,False,False,,【Joeman Show】,22
1868,It8A4pPrKkw,放到2026漲超多的噴火龍寶可夢卡牌！PTCG收藏家！ft.老爹  Joe是要收藏 ep3 (English substitles),https://www.youtube.com/watch?v=It8A4pPrKkw,2019-03-25 18:57:46,18,1223,False,playlist,0.0,,False,False,,Joe是要收藏,22
1869,DNsVx83c0fQ,【Joeman】超迷你的相機竟然還有前翻螢幕？Sony這次也太誇張了吧！RX0第二代開箱 RX0M2 RX0 II Unboxing,https://www.youtube.com/watch?v=DNsVx83c0fQ,2019-03-26 17:58:42,17,614,False,keyword,0.0,,False,False,,,22
1870,g6SwFXwkBhM,【Joeman】全世界最大的星巴克旗艦店！排隊竟然要3小時？超多限量商品！ft.可可酒精 Starbucks Reserve Roastery Tokyo 東京,https://www.youtube.com/watch?v=g6SwFXwkBhM,2019-03-28 17:58:45,17,978,False,keyword,0.0,,False,False,,,22
1871,DX3nt8_flQQ,【Joeman】為何Joeman Show至今都沒贊助？燒了一百多萬是為了甚麼？,https://www.youtube.com/watch?v=DX3nt8_flQQ,2019-03-29 18:00:00,18,879,False,title_series,0.0,,False,False,,,22
1872,mp20RqlJwbo,【Joeman Show Ep18】獨家揭密！老高與小茉的愛情故事！ft.老高 Kuaizero,https://www.youtube.com/watch?v=mp20RqlJwbo,2019-03-30 17:58:19,17,1954,False,playlist,0.0,,False,False,,【Joeman Show】,22
1873,OhB73K2iDO0,【Joeman】一次吃4家台北的平價米其林！最便宜只要20元？必比登推薦2019 Taipei Michelin (English substitle),https://www.youtube.com/watch?v=OhB73K2iDO0,2019-04-01 18:00:02,18,1000,False,none,0.0,,False,False,,,22
1874,Qnoy24aCTDk,【Joeman】花300元被稱讚5分鐘值得嗎？淘寶誇誇群實際體驗！,https://www.youtube.com/watch?v=Qnoy24aCTDk,2019-04-05 12:00:02,12,484,False,keyword,0.0,,False,False,,,22
1875,SXMHmhtilV4,【Joeman Show Ep19】大馬通緝犯！ 一年竟被逮捕七十次！ft.黃明志 Namewee,https://www.youtube.com/watch?v=SXMHmhtilV4,2019-04-06 17:58:48,17,1300,False,playlist,0.0,,False,False,,【Joeman Show】,22
1876,7O5ptq0RSB8,【Joeman】一整面牆的鋼鐵人模型！漫威公仔收藏家  《Joe是要收藏》ep4  (English substitle),https://www.youtube.com/watch?v=7O5ptq0RSB8,2019-04-11 18:00:00,18,1266,False,playlist,0.0,,False,False,,Joe是要收藏,22
1877,g8Q69gVN5mc,【Joeman Show Ep20】運氣大對決！娶妻前VS生子後！ft.蔡阿嘎、HOWHOW,https://www.youtube.com/watch?v=g8Q69gVN5mc,2019-04-13 17:57:47,17,1681,False,playlist,0.0,,False,False,,【Joeman Show】,22
1878,-3fm2P9wNDs,【Joeman】全自動化牛肉麵店體驗！機器人煮牛肉麵好吃嗎？,https://www.youtube.com/watch?v=-3fm2P9wNDs,2019-04-15 18:00:00,18,297,False,keyword,0.0,,False,False,,,22
1879,XND8GC7SpDw,【Joeman Show Ep21】不再拍大胃王影片的真正原因？ft.千千,https://www.youtube.com/watch?v=XND8GC7SpDw,2019-04-20 17:58:15,17,1428,False,playlist,0.0,,False,False,,【Joeman Show】,22
1880,gIgGUSyItQk,【Joeman】網拍超熱賣的北一女筆記開箱！學霸都是怎麼念書的？ft.阿滴,https://www.youtube.com/watch?v=gIgGUSyItQk,2019-04-21 12:00:02,12,884,False,keyword,0.0,,False,False,,,22
1881,IRwUXabFAWE,【Joeman】擁有超過300把鍵盤的收藏家！超狂鍵盤達人 《Joe是要收藏》ep5,https://www.youtube.com/watch?v=IRwUXabFAWE,2019-04-24 18:00:01,18,1628,False,playlist,0.0,,False,False,,Joe是要收藏,22
1882,V6VZxtfetJA,【Joeman】四萬元的超旗艦掃地機器人開箱 iRobot Roomba i7+ Unboxing,https://www.youtube.com/watch?v=V6VZxtfetJA,2019-04-26 18:00:05,18,849,False,keyword,0.0,,False,False,,,22
1883,TrdYVMCGSQ4,【Joeman Show Ep22】說走就走挑戰！在東京不訂位能吃到米其林餐廳嗎？ft.安啾,https://www.youtube.com/watch?v=TrdYVMCGSQ4,2019-04-27 17:58:16,17,2166,False,playlist,0.0,,False,False,,【Joeman Show】,22
1884,4BMRPkX5my4,【Joeman Show Ep23】真心話時間！吐露低潮淚灑攝影棚！ft.阿滴,https://www.youtube.com/watch?v=4BMRPkX5my4,2019-05-04 17:58:16,17,3107,False,playlist,0.0,,False,False,,【Joeman Show】,22
1885,HUZki1tTB0A,【Joeman】一整面牆的七龍珠收藏！為了蒐集周邊一直飛日本的蔡阿嘎！《Joe是要收藏》ep6,https://www.youtube.com/watch?v=HUZki1tTB0A,2019-05-05 12:00:02,12,1469,False,playlist,0.0,,False,False,,Joe是要收藏,22
1886,Hq_Kr8mSiEI,【Joeman】7-11最新限定商品！鋒味冷麵、鋒味海鮮干貝炒飯開箱試吃,https://www.youtube.com/watch?v=Hq_Kr8mSiEI,2019-05-07 20:00:02,20,668,False,keyword,0.0,,False,False,,,22
1887,7RLrz2gycU8,【Joeman Show Ep24】跟一群女生住在一起是什麼感覺？ft.球球、YJ、菱形、柔伊、海恩奶油、巴逼、寒、黑羽,https://www.youtube.com/watch?v=7RLrz2gycU8,2019-05-11 17:58:47,17,2002,False,playlist,0.0,,False,False,,【Joeman Show】,22
1888,nBMfBFXGc20,【Joeman】超過一萬台的Tomica小車收藏！充滿童年回憶的火柴盒小汽車《Joe是要收藏》ep7,https://www.youtube.com/watch?v=nBMfBFXGc20,2019-05-12 12:58:18,12,1635,False,playlist,0.0,,False,False,,Joe是要收藏,22
1889,7ct1dY8y9f0,【Joeman】在空中飛是甚麼感覺？100公斤竟然也能飛得起來！ft.咪妃,https://www.youtube.com/watch?v=7ct1dY8y9f0,2019-05-17 18:00:02,18,316,False,keyword,0.0,,False,False,,,22
1890,49aSAc17WeU,【Joeman Show Ep25】老司機的另一面！蕾菈自爆重度憂鬱曾數次自殺！ft.反骨男孩蕾菈 Lyla,https://www.youtube.com/watch?v=49aSAc17WeU,2019-05-18 17:58:13,17,2048,False,playlist,0.0,,False,False,,【Joeman Show】,22
1891,RByRvtl2N94,【Joeman】滿漢大餐配關東煮要怎麼選？100元配餐挑戰指南！,https://www.youtube.com/watch?v=RByRvtl2N94,2019-05-21 18:00:10,18,654,False,keyword,3.0,影片合作聲明,False,False,,,22
1892,HS7ErGM7p3k,【Joeman】一口氣開箱100公斤夜市超熱賣的盲包！竟然有名牌包包？ft.草爺、吃貨二哥,https://www.youtube.com/watch?v=HS7ErGM7p3k,2019-05-24 18:00:03,18,1166,False,keyword,0.0,,False,False,,,22
1893,BUJ9MWAq5Wo,【Joeman Show Ep26】作品被嫌醜！爆紅圖文作家心路歷程ft.洋蔥、蓋彼,https://www.youtube.com/watch?v=BUJ9MWAq5Wo,2019-05-25 17:57:45,17,1473,False,playlist,0.0,,False,False,,【Joeman Show】,22
1894,SK3rhTUG6eY,【Joeman】課金超過兩百萬台幣的手遊玩家！全角色蒐集滿的FGO收藏家！Joe是要收藏 ep.8 ft.懶貓,https://www.youtube.com/watch?v=SK3rhTUG6eY,2019-05-30 17:58:47,17,1074,False,title_series,0.0,,False,False,,,22
1895,b1VPVFGVfRA,【Joeman Show Ep27】大胃王挑戰一口氣吃完一萬塊的粽子！重達五公斤ft.丁丁,https://www.youtube.com/watch?v=b1VPVFGVfRA,2019-06-01 17:58:16,17,1517,False,playlist,0.0,,False,False,,【Joeman Show】,22
1896,I3STO7HbCcE,【Joeman】台幣一萬五可以買到的最強拍照手機？Pixel 3a開箱！,https://www.youtube.com/watch?v=I3STO7HbCcE,2019-06-07 18:00:02,18,612,False,keyword,0.0,,False,False,,,22
1897,TicLlMu_urA,【Joeman Show Ep28】熊仔豹子膽上身！激發Joeman饒舌潛能？ft.熊仔,https://www.youtube.com/watch?v=TicLlMu_urA,2019-06-08 17:58:16,17,1532,False,playlist,0.0,,False,False,,【Joeman Show】,22
1898,duq7YdlwY8Y,【Joeman】以全馬拉松為目標的減肥日記！首次挑戰慢跑十公里！ft. Garmin forerunner 245,https://www.youtube.com/watch?v=duq7YdlwY8Y,2019-06-09 12:00:02,12,949,False,keyword,3.0,產品導流連結,False,False,,,22
1899,p1L1W3nW__M,【Joeman】一日國中輔導老師體驗！下鄉幫體育班裝冷氣！ft.日立冷氣,https://www.youtube.com/watch?v=p1L1W3nW__M,2019-06-13 18:00:07,18,967,False,keyword,1.0,品牌官方導流,False,False,,,22
1900,waP15uXl2eQ,【Joeman Show SP】影帝駕到！ 梁家輝與Youtuber的第一次合作！,https://www.youtube.com/watch?v=waP15uXl2eQ,2019-06-14 20:00:17,20,696,False,playlist,0.0,,False,False,,【Joeman Show】,22
1901,IBbDIpEixrU,【Joeman Show Ep29】史上最貴！開箱台灣首富郭台銘的家！,https://www.youtube.com/watch?v=IBbDIpEixrU,2019-06-15 17:58:48,17,1771,False,playlist,0.0,,False,False,,【Joeman Show】,22
1902,9DJRkGtj1Cc,【Joeman】超酷的翻轉鏡頭！Asus Zenfone 6開箱！,https://www.youtube.com/watch?v=9DJRkGtj1Cc,2019-06-16 18:00:01,18,629,False,keyword,0.0,,False,False,,,22
1903,RZ9KNVU8704,【Joeman】GoPro的最強敵手！Osmo Action開箱！,https://www.youtube.com/watch?v=RZ9KNVU8704,2019-06-18 18:30:01,18,646,False,keyword,0.0,,False,False,,,22
1904,mOBaKwe5t8M,【Joeman】一次開箱試吃五種香蕉！到底差別在哪？ft.吳怡霈、楊子儀,https://www.youtube.com/watch?v=mOBaKwe5t8M,2019-06-20 18:00:08,18,566,False,keyword,3.0,影片合作聲明,False,False,,,22
1905,hf5Jm6Th4u4,【Joeman】超瘋狂測試！自製殭屍影集裡的狼牙棒！ft.末日希望,https://www.youtube.com/watch?v=hf5Jm6Th4u4,2019-06-21 18:00:08,18,880,False,keyword,0.0,,False,False,,,22
1906,Fh_haJQbSe8,【Joeman Show Ep30】流言終結實測！跪主機板真的很痛嗎？ft.游否希,https://www.youtube.com/watch?v=Fh_haJQbSe8,2019-06-22 17:57:46,17,1382,False,playlist,0.0,,False,False,,【Joeman Show】,22
1907,AHPTpO_EOTQ,【Joeman】超過三百萬台幣的魔法風雲會！傳說中最強的九張卡都出現了！Joe是要收藏 ep.9,https://www.youtube.com/watch?v=AHPTpO_EOTQ,2019-06-27 18:00:04,18,1774,False,title_series,0.0,,False,False,,,22
1908,s5M5aKi-8ZA,【Joeman】忍笑大挑戰！超母湯的地獄梗影片！忍得住嗎？ft.含羞草,https://www.youtube.com/watch?v=s5M5aKi-8ZA,2019-06-28 18:00:18,18,861,False,keyword,0.0,,False,False,,,22
1909,kj3H47naUpM,【Joeman Show Ep31】街頭突擊路人的搜尋紀錄！居然有人在成人網站搜尋皮卡丘？ft.泥泥汝,https://www.youtube.com/watch?v=kj3H47naUpM,2019-06-29 18:00:17,18,1213,False,playlist,0.0,,False,False,,【Joeman Show】,22
1910,AluxyaxmaAA,【Joeman】13吋時尚輕薄商務筆電開箱！HP Envy 13 Unboxing,https://www.youtube.com/watch?v=AluxyaxmaAA,2019-06-30 18:00:04,18,414,False,keyword,0.0,,False,False,,,22
1911,egb2LK4a-ng,【Joeman】我的片頭動畫竟然價值50萬？淺談台灣動畫設計生態 ft.志祺七七X圖文不符,https://www.youtube.com/watch?v=egb2LK4a-ng,2019-07-04 18:00:11,18,992,False,keyword,0.0,,False,False,,,22
1912,8oHES2X-5qI,【Joeman Show Ep32】驚爆！中國新說唱真的有內定嗎？ft.MC HotDog 熱狗,https://www.youtube.com/watch?v=8oHES2X-5qI,2019-07-06 17:57:48,17,2056,False,playlist,0.0,,False,False,,【Joeman Show】,22
1913,A7Lzpv3ZSsU,【Joeman】體驗超方便遠端控制功能！一日賓士產品專家！,https://www.youtube.com/watch?v=A7Lzpv3ZSsU,2019-07-08 18:00:02,18,973,False,keyword,0.0,,False,False,,,22
1914,DZSTQ61t0hQ,【Joeman】最便宜的S855手機！紅米K20 Pro (小米9T Pro) 開箱！Unboxing,https://www.youtube.com/watch?v=DZSTQ61t0hQ,2019-07-09 18:00:00,18,816,False,keyword,0.0,,False,False,,,22
1915,E2HESXpT1HY,【Joeman】實測！網路上徵打字賺外快的廣告原來是詐騙？,https://www.youtube.com/watch?v=E2HESXpT1HY,2019-07-11 17:57:49,17,991,False,keyword,0.0,,False,False,,,22
1916,1RtogAfIiQQ,【Joeman Show Ep33】超猛企劃！誰才是最像Joeman的人？總決賽！ft.阿滴、九媽、痣作人,https://www.youtube.com/watch?v=1RtogAfIiQQ,2019-07-13 17:57:45,17,1898,False,playlist,0.0,,False,False,,【Joeman Show】,22
1917,GnZ4RA7DwUU,【Joeman】實測五種水果搭配炸雞！竟然有榴槤？ft.阿樂,https://www.youtube.com/watch?v=GnZ4RA7DwUU,2019-07-15 18:00:05,18,654,False,keyword,3.0,影片合作聲明,False,False,,,22
1918,uQGnPa_MIbA,【Joeman】超過六十萬元的頂級電視開箱！LG C9 4K 77吋電視,https://www.youtube.com/watch?v=uQGnPa_MIbA,2019-07-18 18:00:09,18,599,False,keyword,0.0,,False,False,,,22
1919,JCub653FBqg,【Joeman】被邀請去中華職棒開球！中信兄弟VIP貴賓室開箱體驗！,https://www.youtube.com/watch?v=JCub653FBqg,2019-07-19 18:00:08,18,484,False,title_series,0.0,,False,False,,,22
1920,lrSZy7sbzQ0,【Joeman Show Ep34】酒測實驗！到底喝多少酒才算酒駕？ft.恩熙俊 MC Jeng,https://www.youtube.com/watch?v=lrSZy7sbzQ0,2019-07-20 17:57:42,17,1796,False,playlist,0.0,,False,False,,【Joeman Show】,22
1921,-FkR-uajc9I,【Joeman】一日手搖店員體驗！比想像中難超多！,https://www.youtube.com/watch?v=-FkR-uajc9I,2019-07-21 18:00:00,18,1224,False,keyword,0.0,,False,False,,,22
1922,M3YA4WiKTfA,【Joeman】搶先直擊！最新iPhone 11模型機外流！這個外觀你能接受嗎？,https://www.youtube.com/watch?v=M3YA4WiKTfA,2019-07-21 12:00:01,12,640,False,keyword,0.0,,False,False,,,22
1923,JZ_PkLAZAXQ,【Joeman】募資超過700萬！專為MAC設計的無線藍芽機械鍵盤Vinpok Taptek開箱,https://www.youtube.com/watch?v=JZ_PkLAZAXQ,2019-07-22 18:00:09,18,368,False,keyword,0.0,,False,False,,,22
1924,MelnpjQPHaE,【Joeman】竟然瘦超過10公斤！我是怎麼瘦下來的？減肥日記ep2,https://www.youtube.com/watch?v=MelnpjQPHaE,2019-07-24 18:00:03,18,557,False,none,0.0,,False,False,,,22
1925,lBS9YC3HYPE,【Joeman】街訪路人甚麼叫做敢？竟然出現韓國粉絲！,https://www.youtube.com/watch?v=lBS9YC3HYPE,2019-07-25 18:00:04,18,602,False,none,0.0,,False,False,,,22
1926,V33iV8NObZ0,【Joeman】廢到笑！可以把聲音變噪音的胖虎喇叭開箱！,https://www.youtube.com/watch?v=V33iV8NObZ0,2019-07-26 18:00:20,18,667,False,keyword,0.0,,False,False,,,22
1927,PTIBpwUDwO0,【Joeman Show Ep35】這群人竟然考慮過刪掉主頻道？ft.這群人,https://www.youtube.com/watch?v=PTIBpwUDwO0,2019-07-27 17:58:43,17,2136,False,playlist,0.0,,False,False,,【Joeman Show】,22
1928,h76QTiQ1FwE,【Joeman】大胃王挑戰！兩個人吃完13道泰式料理！ft.丁丁,https://www.youtube.com/watch?v=h76QTiQ1FwE,2019-07-28 18:00:05,18,1000,False,keyword,0.0,,False,False,,,22
1929,ug-Fk8Ol07k,【Joeman】超怪異水冷手機殼開箱！真的有用嗎？,https://www.youtube.com/watch?v=ug-Fk8Ol07k,2019-07-31 18:00:08,18,340,False,keyword,0.0,,False,False,,,22
1930,wqrBHM4YpQI,【Joeman】可以在水中孵化的恐龍蛋！玩具開箱！,https://www.youtube.com/watch?v=wqrBHM4YpQI,2019-08-02 18:00:13,18,260,False,keyword,0.0,,False,False,,,22
1931,sIvS3ov5P78,【Joeman Show Ep36】流言終結！拾荒真的很好賺嗎？一天到底能賺多少錢？ft.瑋哥、許瑜,https://www.youtube.com/watch?v=sIvS3ov5P78,2019-08-03 17:57:47,17,2094,False,playlist,0.0,,False,False,,【Joeman Show】,22
1932,fhntc2Lopic,【Joeman】再也不怕老師罰寫了！寫字機器人開箱！,https://www.youtube.com/watch?v=fhntc2Lopic,2019-08-04 12:00:02,12,611,False,keyword,0.0,,False,False,,,22
1933,aZ9VW4nNJz0,【Joeman】電視盒要怎麼買？三台主流電視盒大PK！小米盒子、Apple TV、安博盒子,https://www.youtube.com/watch?v=aZ9VW4nNJz0,2019-08-07 18:00:00,18,570,False,none,0.0,,False,False,,,22
1934,UQiGXNIU_g0,【Joeman Show Ep37】被兵變又扛千萬父債，草爺的谷底反彈奮鬥史！ft.含羞草,https://www.youtube.com/watch?v=UQiGXNIU_g0,2019-08-10 17:58:16,17,2384,False,playlist,0.0,,False,False,,【Joeman Show】,22
1935,Q2r8OO4tGbk,【Joeman】深度訪談！看蔡阿嘎與異鄉人如何勇敢突破內心小世界,https://www.youtube.com/watch?v=Q2r8OO4tGbk,2019-08-14 18:00:05,18,843,False,keyword,0.0,,False,False,,,22
1936,FmVXdKwOAYM,【Joeman】超級酷的日幣收納盒零錢包開箱！實用嗎？,https://www.youtube.com/watch?v=FmVXdKwOAYM,2019-08-15 18:00:02,18,355,False,keyword,0.0,,False,False,,,22
1937,ACjRbuSjQps,【Joeman Show Ep38】挑戰日本最高峰！富士山登頂之旅！ft.胡子、雪羊、YJ,https://www.youtube.com/watch?v=ACjRbuSjQps,2019-08-17 17:57:50,17,1462,False,playlist,0.0,,False,False,,【Joeman Show】,22
1938,_Df4yhV1LLQ,【Joeman】人生第一次挑戰吃生的馬肉！富士山下的必吃料理 ft.YJ、胡子、雪羊,https://www.youtube.com/watch?v=_Df4yhV1LLQ,2019-08-19 18:00:06,18,397,False,keyword,0.0,,False,False,,,22
1939,sYYV1uo62V0,【Joeman】挑戰在台北鬧區快閃跳舞！ft.桂格大燕麥片,https://www.youtube.com/watch?v=sYYV1uo62V0,2019-08-22 18:00:15,18,354,False,keyword,0.0,,False,False,,,22
1940,rPuZRQMWfck,【Joeman】東京超高分飯店體驗！一晚一萬台幣真的值嗎？ft.愛莉莎莎,https://www.youtube.com/watch?v=rPuZRQMWfck,2019-08-23 18:00:12,18,696,False,keyword,0.0,,False,False,,,22
1941,3PCZvMlPj2Q,【Joeman Show Ep39】鬼月企劃！最毛骨悚然的撞鬼經驗！ft.澎恰恰、王狗、峮峮,https://www.youtube.com/watch?v=3PCZvMlPj2Q,2019-08-24 18:00:01,18,1453,False,playlist,0.0,,False,False,,【Joeman Show】,22
1942,cLrTcsC6crc,【Joeman】把Airpods當陀螺轉！超奇葩指尖陀螺保護殼開箱！,https://www.youtube.com/watch?v=cLrTcsC6crc,2019-08-25 18:00:12,18,485,False,keyword,0.0,,False,False,,,22
1943,L0-ntbMEhDI,【Joeman】Youtuber界中的神機！卡片機王者Sony RX100M7開箱！,https://www.youtube.com/watch?v=L0-ntbMEhDI,2019-08-28 12:00:00,12,857,False,keyword,0.0,,False,False,,,22
1944,bb_tLpJoy3E,【Joeman】我到底開甚麼車？價值300萬的豪車開箱！賓士Mercedes-Benz E 300 Coupé ft.Andy老爹,https://www.youtube.com/watch?v=bb_tLpJoy3E,2019-08-28 18:00:05,18,1040,False,keyword,0.0,,False,False,,,22
1945,haJjvg0UMqg,【Joeman】最新旗艦電競手機！ASUS ROG Phone 2開箱！,https://www.youtube.com/watch?v=haJjvg0UMqg,2019-08-30 22:00:12,22,843,False,keyword,0.0,,False,False,,,22
1946,-JAnQov4oGs,【Joeman Show Ep40】創業好賺嗎？Youtuber老闆取暖大會！ft.呱吉、酷炫,https://www.youtube.com/watch?v=-JAnQov4oGs,2019-08-31 18:00:00,18,3434,False,playlist,0.0,,False,False,,【Joeman Show】,22
1947,v4LK3iNQN2s,【Joeman】價值十萬元的雙螢幕筆電！Asus Zenbook Pro Duo開箱！,https://www.youtube.com/watch?v=v4LK3iNQN2s,2019-09-01 18:00:14,18,700,False,keyword,3.0,延伸導流連結,False,False,,,22
1948,sZc-TrOpNno,【Joeman】在飛機上吃烤鰻魚！中國東方航空商務艙體驗 China Eastern Airline 777 Business Class,https://www.youtube.com/watch?v=sZc-TrOpNno,2019-09-02 21:30:03,21,885,False,keyword,0.0,,False,False,,,22
1949,b3XQm398kuM,【Joeman Show Ep41】超奢華中秋節烤肉！花台幣五萬請人來家裡烤A5和牛！,https://www.youtube.com/watch?v=b3XQm398kuM,2019-09-07 18:00:10,18,1507,False,playlist,0.0,,False,False,,【Joeman Show】,22
1950,hiK_eOEHbAc,【Joeman】一顆雞蛋不到四塊錢？日本必逛的超便宜超市！業務超市體驗,https://www.youtube.com/watch?v=hiK_eOEHbAc,2019-09-10 18:00:09,18,295,False,keyword,0.0,,False,False,,,22
1951,IZzFknrU0II,【Joeman】挑戰在東京100元台幣吃三餐！省錢大作戰！,https://www.youtube.com/watch?v=IZzFknrU0II,2019-09-12 18:00:05,18,868,False,keyword,0.0,,False,False,,,22
1952,DGOY2HnlMi0,跨界合作！Joeman出現在炮仔聲的完整片段！,https://www.youtube.com/watch?v=DGOY2HnlMi0,2019-09-13 14:59:11,14,354,False,none,0.0,,False,False,,,22
1953,xM-SL-cR0cQ,【Joeman Show Ep42】說走就走～隨機美食！小黃運將的深夜時堂！,https://www.youtube.com/watch?v=xM-SL-cR0cQ,2019-09-14 18:00:10,18,1713,False,playlist,0.0,,False,False,,【Joeman Show】,22
1954,UiBa7j8eL-s,【Joeman】花蓮五大必去景點分享！三天兩夜要怎麼規劃？,https://www.youtube.com/watch?v=UiBa7j8eL-s,2019-09-18 18:00:05,18,859,False,none,0.0,,False,False,,,22
1955,t6lYzvjOLtg,【Joeman】既然借不到，我們就直接買一台！三星旗艦Note 10+開箱！,https://www.youtube.com/watch?v=t6lYzvjOLtg,2019-09-19 18:00:15,18,1083,False,keyword,0.0,,False,False,,,22
1956,bQbD4zDi3DI,【Joeman】偷跑入手！iPhone 11 Pro Max 外觀簡單開箱！,https://www.youtube.com/watch?v=bQbD4zDi3DI,2019-09-20 05:17:27,5,471,False,keyword,0.0,,False,False,,,22
1957,6-zhtnQJkG0,【Joeman Show Ep43】帶媽媽看豪宅！九妹爆哭的真相是？,https://www.youtube.com/watch?v=6-zhtnQJkG0,2019-09-21 18:00:02,18,1822,False,playlist,0.0,,False,False,,【Joeman Show】,22
1958,FZAwR75qoTU,【Joeman】受邀成為手機廣告男主角？Sharp AQUOS R3開箱,https://www.youtube.com/watch?v=FZAwR75qoTU,2019-09-23 18:30:00,18,439,False,playlist,0.0,,False,False,,【Joeman開箱去】,22
1959,5CuRmbMazVA,【Joeman】一尊要8萬？超級帥的鋼鐵人浩克毀滅者雕像開箱！,https://www.youtube.com/watch?v=5CuRmbMazVA,2019-09-24 18:00:00,18,636,False,keyword,0.0,,False,False,,,22
1960,bW-LkNCUgeg,【Joeman Show Ep44】炮仔聲幕後公開！台灣八點檔都怎麼拍？ft.炮仔聲、勇兔、璟宣,https://www.youtube.com/watch?v=bW-LkNCUgeg,2019-09-28 18:00:12,18,1671,False,playlist,0.0,,False,False,,【Joeman Show】,22
1961,RNvetTpVK_w,【Joeman】只要4000塊的盜版Apple Watch！真的能用嗎？真的假不了Ep.2,https://www.youtube.com/watch?v=RNvetTpVK_w,2019-09-29 19:00:04,19,275,False,none,0.0,,False,False,,,22
1962,gi02NaedFBE,【Joeman】在東京的網咖住一晚！,https://www.youtube.com/watch?v=gi02NaedFBE,2019-09-30 19:00:07,19,979,False,keyword,0.0,,False,False,,,22
1963,yEhMSeW5xkQ,【Joeman】一套270萬台幣的四庫全書開箱！華人的百科全書！,https://www.youtube.com/watch?v=yEhMSeW5xkQ,2019-10-03 18:00:12,18,1078,False,keyword,0.0,,False,False,,,22
1964,GlxPyh4P878,【Joeman】iPhone 11 Pro vs  Note 10+ 超過五萬人票選的拍照盲測對決！,https://www.youtube.com/watch?v=GlxPyh4P878,2019-10-04 18:00:05,18,1002,False,keyword,0.0,,False,False,,,22
1965,L69W_p8BYcQ,【Joeman Show Ep45】模王阿翰來了！超母湯新角色首次曝光～,https://www.youtube.com/watch?v=L69W_p8BYcQ,2019-10-05 18:00:04,18,1615,False,playlist,3.0,影片合作聲明,False,False,,【Joeman Show】,22
1966,Ys7UkQMrGeM,【Joeman】史上最高調！會自動跟著主人的行李箱！Cowarobot開箱,https://www.youtube.com/watch?v=Ys7UkQMrGeM,2019-10-06 18:00:10,18,750,False,keyword,0.0,,False,False,,,22
1967,XVJXEYMyYf8,【Joeman】擁有特斯拉一個禮拜！Tesla Model 3 體驗心得,https://www.youtube.com/watch?v=XVJXEYMyYf8,2019-10-08 18:00:05,18,1229,False,keyword,0.0,,False,False,,,22
1968,CdX8PeCXYkI,【Joeman】iPhone 11 Pro Max使用心得！這一代值得買嗎？開箱,https://www.youtube.com/watch?v=CdX8PeCXYkI,2019-10-11 18:00:02,18,716,False,keyword,0.0,,False,False,,,22
1969,R6C3ER-YltI,【Joeman Show Ep46】母校交大突擊！我是學弟妹心中的傑出校友嗎？ft.妮妮,https://www.youtube.com/watch?v=R6C3ER-YltI,2019-10-12 18:00:04,18,1598,False,playlist,0.0,,False,False,,【Joeman Show】,22
1970,vsf1Uxxog_Y,【Joeman】從體重100公斤到挑戰馬拉松！我的減肥日記,https://www.youtube.com/watch?v=vsf1Uxxog_Y,2019-10-17 18:00:17,18,1326,False,keyword,0.0,,False,False,,,22
1971,13DxVgo13WM,【Joeman】如果讓觀眾許願，大家最想要收到的禮物是甚麼？,https://www.youtube.com/watch?v=13DxVgo13WM,2019-10-18 18:00:00,18,911,False,none,0.0,,False,False,,,22
1972,s9vTi2B7xVQ,【Joeman Show Ep47】正妹的私訊都有些什麼？飯局價碼直接曝光！？ft.飽妮、奎丁,https://www.youtube.com/watch?v=s9vTi2B7xVQ,2019-10-19 18:00:17,18,1379,False,title_series,0.0,,False,False,,,22
1973,Y-avnK_whrE,【Joeman】Pixel 4 XL開箱！安卓年度壓軸旗艦！,https://www.youtube.com/watch?v=Y-avnK_whrE,2019-10-23 18:00:09,18,917,False,keyword,0.0,,False,False,,,22
1974,KufKb7hUCyI,【Joeman】開箱游否希的瑪莎拉蒂！買入門款真的是盤子嗎？Maserati  Ghibli車主心得 試乘體驗,https://www.youtube.com/watch?v=KufKb7hUCyI,2019-10-24 18:00:03,18,1004,False,keyword,0.0,,False,False,,,22
1975,mPWWiNHYxWs,【Joeman Show Ep48】情書怎麼寫才能得到正妹芳心？把妹心得大公開！ft.艾瑞絲、劉萱,https://www.youtube.com/watch?v=mPWWiNHYxWs,2019-10-26 18:00:12,18,1539,False,title_series,0.0,,False,False,,,22
1976,DP5r6jHluvo,【Joeman】把手機土炮魔改成iPhone 11 Pro外觀！只要350元！,https://www.youtube.com/watch?v=DP5r6jHluvo,2019-10-28 18:00:01,18,405,False,keyword,0.0,,False,False,,,22
1977,bk07JY0fggM,【Joeman】要價台幣13萬！外觀像文書機的頂級主機開箱！MSI P100開箱,https://www.youtube.com/watch?v=bk07JY0fggM,2019-10-31 19:00:07,19,537,False,keyword,0.0,,False,False,,,22
1978,OrJ7c67dXuw,【Joeman Show Ep49】最終回！節目停播原因大公開！Youtuber拍片幕後的心路歷程 ft.痣作人,https://www.youtube.com/watch?v=OrJ7c67dXuw,2019-11-02 18:00:07,18,2870,False,title_series,0.0,,False,False,,,22
1979,utyYSlsmsMw,【Joeman】高級版的付費Youtube！Youtube Premium值得花錢嗎?,https://www.youtube.com/watch?v=utyYSlsmsMw,2019-11-09 12:00:04,12,463,False,none,0.0,,False,False,,,22
1980,0iaoggmejcA,【Joeman】這個年代最後的掌上遊戲機？令人懷念但卻無法心動的 Switch Lite開箱,https://www.youtube.com/watch?v=0iaoggmejcA,2019-11-11 18:00:01,18,477,False,keyword,0.0,,False,False,,,22
1981,gH7GuLRhHgs,【Joeman】這次真的可以買！全新AirPods Pro開箱體驗心得,https://www.youtube.com/watch?v=gH7GuLRhHgs,2019-11-13 19:00:08,19,1043,False,keyword,0.0,,False,False,,,22
1982,uPTdpnRTBIE,【Joeman】要價台幣20萬！外觀跟戰艦一樣的超頂級筆電！ROG Mothership GZ700開箱,https://www.youtube.com/watch?v=uPTdpnRTBIE,2019-11-15 21:00:15,21,990,False,keyword,0.0,,False,False,,,22
1983,ZUpNPdhCOWQ,【Joeman】謊稱舊手機換給媽媽用，但其實是iPhone 11 Pro！會被發現嗎？,https://www.youtube.com/watch?v=ZUpNPdhCOWQ,2019-11-17 18:00:03,18,722,False,keyword,0.0,,False,False,,,22
1984,qllfii86tKQ,【Joeman】全台灣最高樓層的麻辣鍋店！邊吃邊看整個台北市！微風信義麻辣45,https://www.youtube.com/watch?v=qllfii86tKQ,2019-11-20 18:00:20,18,489,False,none,0.0,,False,False,,,22
1985,uqeu-lP5wJg,【Joeman】YAMAHA的第一台電動車開箱！真的只是換殼的Gogoro嗎？EC05試駕,https://www.youtube.com/watch?v=uqeu-lP5wJg,2019-11-22 18:00:11,18,437,False,keyword,0.0,,False,False,,,22
1986,_K3dcRWPAIg,【Joeman】真正的果粉！擁有上百台蘋果電腦的超狂收藏家！Joe是要收藏 ep.10,https://www.youtube.com/watch?v=_K3dcRWPAIg,2019-11-26 21:30:03,21,1377,False,title_series,0.0,,False,False,,,22
1987,j60yWVGNeYU,【Joeman】帶著筆電在台中三天兩夜狂吃美食！蛋餅、大麵羹、炒麵、米糕、菜頭粿、豆花,https://www.youtube.com/watch?v=j60yWVGNeYU,2019-11-29 18:00:15,18,1190,False,keyword,3.0,影片合作聲明,False,False,,,22
1988,BfQmqXLLs4k,【Joeman】流言破解！讓iPhone行事曆直接當掉的神祕Bug？消失的十月份！,https://www.youtube.com/watch?v=BfQmqXLLs4k,2019-12-01 18:00:01,18,381,False,keyword,0.0,,False,False,,,22
1989,gHz0-eM2Q1w,【Joeman】深夜禁看！去Costco買肉配麻辣鍋底有比較省嗎？,https://www.youtube.com/watch?v=gHz0-eM2Q1w,2019-12-03 18:01:53,18,529,False,none,0.0,,False,False,,,22
1990,Rpy4Rztmu1g,【Joeman】2019年台灣十大Youtube熱門影片榜單！出現了超乎預期的影片！,https://www.youtube.com/watch?v=Rpy4Rztmu1g,2019-12-04 19:00:08,19,988,False,none,0.0,,False,False,,,22
1991,o2i8vD1Ab4E,【Joeman】深度訪談！讓Youtuber喪膽的黃標事件！ft.阿滴、酷炫、胡子、奎丁、妞爸,https://www.youtube.com/watch?v=o2i8vD1Ab4E,2019-12-07 18:00:13,18,2216,False,keyword,0.0,,False,False,,,22
1992,G3MbfnnlUlE,【Joeman】男人的交換禮物！竟然收到超崩潰生物！ft.黑羽、黃小潔、酷炫、賤葆、胡子、老爹、阿晋,https://www.youtube.com/watch?v=G3MbfnnlUlE,2019-12-08 12:00:02,12,974,False,keyword,0.0,,False,False,,,22
1993,iqk4vtXcdSU,【Joeman】超可愛！搶翻天的鬼滅之刃景品開箱！ft.黑羽 Qposket,https://www.youtube.com/watch?v=iqk4vtXcdSU,2019-12-10 18:00:07,18,914,False,keyword,0.0,,False,False,,,22
1994,xENw-PAG1jQ,【Joeman】燒了上百萬！開箱我全新的工作室！,https://www.youtube.com/watch?v=xENw-PAG1jQ,2019-12-12 18:00:14,18,1691,False,keyword,0.0,,False,False,,,22
1995,Y_N-bH7ZDuc,【Joeman】一人烤串燒機開箱！還能同時煮鍋跟煎肉！,https://www.youtube.com/watch?v=Y_N-bH7ZDuc,2019-12-17 18:00:06,18,765,False,keyword,0.0,,False,False,,,22
1996,sBZFk2CxYM4,【Joeman】史上最貴的聖誕交換禮物！竟然出現千萬名車！ft.酷炫、瘋男、瑀熙、蕾菈、艾瑞絲、奎丁、小吳、阿圓,https://www.youtube.com/watch?v=sBZFk2CxYM4,2019-12-21 18:00:17,18,1139,False,keyword,0.0,,False,False,,,22
1997,6IKGq6Akd_A,【Joeman】一人要價4000台幣！超爽的日本和牛燒肉吃到飽！新宿六歌仙燒肉放題 ft.泥泥汝、心甜,https://www.youtube.com/watch?v=6IKGq6Akd_A,2019-12-22 18:00:00,18,540,False,keyword,0.0,,False,False,,,22
1998,0cZqBDBW_XA,【Joeman】根本沒有用！安慰別人時會講的幹話！,https://www.youtube.com/watch?v=0cZqBDBW_XA,2019-12-24 18:00:00,18,907,False,none,0.0,,False,False,,,22
1999,tUH_bDQL5bY,【Joeman】在家裡組一台投幣式網咖！完成學生時代的夢想！,https://www.youtube.com/watch?v=tUH_bDQL5bY,2019-12-26 18:00:08,18,1061,False,none,0.0,,False,False,,,22
2000,EodUiAMfpBM,【Joeman】熱量突破天際！肯德基甜甜圈咔啦雞腿堡好吃嗎？KFC x Krispy Kreme,https://www.youtube.com/watch?v=EodUiAMfpBM,2019-12-28 18:00:02,18,269,False,keyword,0.0,,False,False,,,22
2001,6p7_j8ff9Cc,【Joeman】太爽了吧～跟一群妹子在東京吃吃喝喝！,https://www.youtube.com/watch?v=6p7_j8ff9Cc,2019-12-31 19:00:01,19,1390,False,none,0.0,,False,False,,,22
2002,k1WTInxNyxE,【Joeman】2020年最新7-11鼠年福袋開箱！今年竟然又漲價！值得買嗎？,https://www.youtube.com/watch?v=k1WTInxNyxE,2020-01-02 19:00:10,19,989,False,keyword,0.0,,False,False,,,22
2003,ggkZcLn2m0I,【Joeman】送員工一人一本2000元刮刮樂！刮中多少直接帶走！,https://www.youtube.com/watch?v=ggkZcLn2m0I,2020-01-05 19:00:06,19,690,False,none,0.0,,False,False,,,22
2004,LtRucA4hT_M,【Joeman】一個禮拜的東京戰利品開箱！竟然買了一雙7000元的潮鞋!,https://www.youtube.com/watch?v=LtRucA4hT_M,2020-01-09 18:00:02,18,1308,False,keyword,0.0,,False,False,,,22
2005,efmlR9-r2H0,【Joeman】消光黑值得嗎？車子貼膜要花多少錢？,https://www.youtube.com/watch?v=efmlR9-r2H0,2020-01-10 18:00:07,18,1057,False,none,3.0,行動導流連結,False,False,,,22
2006,NsI6PyAGbNk,【Joeman】一抽入魂的男人回來了！重回秋葉原扭蛋！輕鬆轉到鬼滅之刃、一拳超人～ft.菜喳、泥泥汝,https://www.youtube.com/watch?v=NsI6PyAGbNk,2020-01-12 13:00:03,13,633,False,keyword,0.0,,False,False,,,22
2007,U2v59sd_9IE,【Joeman】預算1萬到3萬的曲面螢幕要怎麼挑？聊聊我自身使用的經驗！,https://www.youtube.com/watch?v=U2v59sd_9IE,2020-01-14 18:00:06,18,795,False,keyword,0.0,,False,False,,,22
2008,8Ylqreer_1k,【Joeman】原來日本人不太能吃辣？邀請外國朋友來家裡聚餐！ft.芒果、上田甜甜圈,https://www.youtube.com/watch?v=8Ylqreer_1k,2020-01-17 18:00:00,18,812,False,keyword,0.0,,False,False,,,22
2009,sKfEoPr9CKM,【Joeman】挑戰一口氣喝45種清酒！結果一群人醉倒在北海道！ft.Sobad,https://www.youtube.com/watch?v=sKfEoPr9CKM,2020-01-18 18:00:08,18,940,False,keyword,0.0,,False,False,,,22
2010,UhwsCd8EsS8,【Joeman】尾牙吃頂級A5和牛吃到飽火鍋！結果吃到身上完全沒錢！,https://www.youtube.com/watch?v=UhwsCd8EsS8,2020-01-21 18:00:05,18,1099,False,keyword,0.0,,False,False,,,22
2011,Vh7yP4UWlnI,【Joeman】一秒鐘下載1Gbps是甚麼感覺？價值上千億的5G頻寬值得嗎？,https://www.youtube.com/watch?v=Vh7yP4UWlnI,2020-01-22 18:00:06,18,1029,False,none,0.0,,False,False,,,22
2012,eYp1EAM3c1U,【Joeman】擁有千萬超跑是甚麼感覺？一日麥拉倫車主體驗！ McLaren 650S Spider試駕,https://www.youtube.com/watch?v=eYp1EAM3c1U,2020-01-24 15:00:03,15,1231,False,keyword,3.0,致謝贊助句型,False,False,,,22
2013,TLMbSn-nmZw,【Joeman】零下12度的世界！走吧～我們去北海道滑雪！,https://www.youtube.com/watch?v=TLMbSn-nmZw,2020-01-30 18:00:04,18,1316,False,none,0.0,,False,False,,,22
2014,p4JuVQSqGvE,【Joeman】檢驗自己的DNA基因！發現我竟然有韓國血統！？,https://www.youtube.com/watch?v=p4JuVQSqGvE,2020-01-31 18:02:34,18,707,False,none,0.0,,False,False,,,22
2015,VfehP2h61lo,【Joeman】傳說中的北海道帝王蟹！札幌美食吃播！,https://www.youtube.com/watch?v=VfehP2h61lo,2020-02-04 18:00:05,18,700,False,keyword,0.0,,False,False,,,22
2016,zqo0fFFgwQU,【Joeman】超炫炮的鋼鐵人按摩槍、頸部按摩器開箱！,https://www.youtube.com/watch?v=zqo0fFFgwQU,2020-02-08 18:03:50,18,662,False,keyword,0.0,,False,False,,,22
2017,ibA1vL-JkdM,【Joeman】拍照分數世界第一，卻被美國封殺的中國手機！華為Mate 30 Pro開箱 Huawei,https://www.youtube.com/watch?v=ibA1vL-JkdM,2020-02-11 18:00:07,18,892,False,keyword,1.0,新品發表用語,False,False,,,22
2018,dZdwdWd0kx0,【Joeman】我是如何成為妹妹的？女妝過程全紀錄！ft.麻希、關關,https://www.youtube.com/watch?v=dZdwdWd0kx0,2020-02-14 18:00:16,18,445,False,keyword,0.0,,False,False,,,22
2019,d8b2dzP8_qg,【Joeman】成功男士必買的超跑？法拉利敞篷458 Spider試駕！ft.阿滴,https://www.youtube.com/watch?v=d8b2dzP8_qg,2020-02-18 18:00:16,18,1060,False,keyword,0.0,,False,False,,,22
2020,n62TlrmMNho,【Joeman】追劇平台要怎麼選？Netflix、愛奇藝、Apple TV+、Disney+四大平台分析,https://www.youtube.com/watch?v=n62TlrmMNho,2020-02-21 18:00:11,18,997,False,none,0.0,,False,False,,,22
2021,rLyymNzFyfU,【Joeman】在地人激推！台北五家燒臘名店試吃！鳳城、好味、老友記、家鴻、東門,https://www.youtube.com/watch?v=rLyymNzFyfU,2020-02-24 18:00:09,18,854,False,none,0.0,,False,False,,,22
2022,2lz26bokLig,【Joeman】超逼真的盜版Airpods Pro開箱！價格只要三分之一！,https://www.youtube.com/watch?v=2lz26bokLig,2020-02-27 18:00:07,18,736,False,keyword,4.0,購買行動用語|新品發表用語|提及廠商,False,False,,,22
2023,vQPfpyjV658,【Joeman】超畸形親子雨衣開箱！捧著遺照在騎車？ft.泥泥汝,https://www.youtube.com/watch?v=vQPfpyjV658,2020-03-01 18:00:09,18,613,False,keyword,0.0,,False,False,,,22
2024,0Bx5rJNoGkY,【Joeman】共享機車要怎麼選？GoShare、Wemo、iRent大比拚！,https://www.youtube.com/watch?v=0Bx5rJNoGkY,2020-03-04 18:00:01,18,748,False,none,0.0,,False,False,,,22
2025,OJ8yhbqSRfQ,【Joeman】男生要怎麼挑選眼鏡？改變氣質就從眼鏡開始！ft.小吳、居妮,https://www.youtube.com/watch?v=OJ8yhbqSRfQ,2020-03-05 18:00:03,18,677,False,keyword,1.0,品牌官方導流,False,False,,,22
2026,MQZSzG8hjdA,【Joeman】時速狂飆破200！開著麥拉倫720S下賽道！ft.Crazy Man瘋男,https://www.youtube.com/watch?v=MQZSzG8hjdA,2020-03-07 18:00:07,18,851,False,keyword,3.0,致謝贊助句型,False,False,,,22
2027,jVN2Qblo3iE,【Joeman】超暴力測試！經典神機Nokia 3310開箱！,https://www.youtube.com/watch?v=jVN2Qblo3iE,2020-03-08 13:00:04,13,896,False,keyword,0.0,,False,False,,,22
2028,MtsahMpXOls,【Joeman】一台20幾萬的相機好用嗎？傳說中的徠卡相機開箱！ft.Eric周興哲 Leica M10 Unboxing,https://www.youtube.com/watch?v=MtsahMpXOls,2020-03-10 18:00:08,18,790,False,keyword,0.0,,False,False,,,22
2029,FTz7IyYhKQk,【Joeman】傳說中的撩妹神書竟然廢到笑！？,https://www.youtube.com/watch?v=FTz7IyYhKQk,2020-03-14 12:00:00,12,890,False,none,0.0,,False,False,,,22
2030,N8o81-h3crE,【Joeman】每個男孩都想擁有的超跑！藍寶堅尼Huracan 610-4 試駕！,https://www.youtube.com/watch?v=N8o81-h3crE,2020-03-15 12:00:06,12,927,False,keyword,0.0,,False,False,,,22
2031,BhXWm1spQg8,【Joeman】火鍋界中的LV？台北必吃頂級刷刷鍋！ft.酷炫、瑀熙、艾瑞絲,https://www.youtube.com/watch?v=BhXWm1spQg8,2020-03-17 18:00:02,18,716,False,keyword,0.0,,False,False,,,22
2032,leecaCYua9s,【Joeman】真的會好吃嗎？必勝客抹茶紅豆白玉披薩體驗！,https://www.youtube.com/watch?v=leecaCYua9s,2020-03-19 18:00:12,18,267,False,keyword,1.0,新品發表用語,False,False,,,22
2033,UTMBo9NTuqM,【Joeman】走鐘獎整人企劃！用舊的iPhone8騙朋友說是全新手機！ft.阿滴、反骨男孩、白癡公主、安啾、瘋男、黑羽,https://www.youtube.com/watch?v=UTMBo9NTuqM,2020-03-21 21:00:14,21,515,False,keyword,1.0,新品發表用語,False,False,,,22
2034,LIcDZYNt_ps,【Joeman】電競筆電 vs Macbook Pro！高階筆電要怎麼選？,https://www.youtube.com/watch?v=LIcDZYNt_ps,2020-03-28 18:00:06,18,1078,False,keyword,0.0,,False,False,,,22
2035,PXDAfvNuB_U,【Joeman】包著酥皮的威靈頓牛排！我與女神的第一人稱視角約會！ft.蕾菈,https://www.youtube.com/watch?v=PXDAfvNuB_U,2020-03-30 18:02:00,18,641,False,keyword,0.0,,False,False,,,22
2036,9oFmAFWWJzE,【Joeman】台灣還沒上市的小米10 Pro開箱！1億像素相機+高通S865！,https://www.youtube.com/watch?v=9oFmAFWWJzE,2020-04-03 18:30:00,18,857,False,playlist,0.0,,False,False,,【Joeman開箱去】,22
2037,2kqANdtRAvg,【Joeman】豬血糕炸雞好吃嗎？最新肯德基花生炸雞試吃！,https://www.youtube.com/watch?v=2kqANdtRAvg,2020-04-08 18:00:00,18,375,False,keyword,0.0,,False,False,,,22
2038,8iuO7bSNnF8,【Joeman】穿著西裝的千萬超跑！Aston Martin Vantage 2020年式 ft.蕾菈,https://www.youtube.com/watch?v=8iuO7bSNnF8,2020-04-10 18:00:09,18,1005,False,keyword,0.0,,False,False,,,22
2039,1h5hbDxKR_o,【Joeman】華碩一日員工體驗！員工餐廳根本美食街！,https://www.youtube.com/watch?v=1h5hbDxKR_o,2020-04-14 18:00:02,18,1386,False,keyword,0.0,,False,False,,,22
2040,ijWKaN5spcU,【Joeman】完成小時候的夢想！在自己家裡打造電動間！Joe是要收藏 ep.11,https://www.youtube.com/watch?v=ijWKaN5spcU,2020-04-16 18:00:32,18,994,False,title_series,0.0,,False,False,,,22
2041,MFx37Fs5Q44,【Joeman】台幣四萬的安卓超旗艦真的值嗎？S20 Ultra開箱評測,https://www.youtube.com/watch?v=MFx37Fs5Q44,2020-04-18 19:00:08,19,878,False,keyword,21.0,專屬導購代碼|專屬導購連結|致謝贊助句型|影片合作聲明|專屬導購指引|結帳代碼指引|折扣導購用語|品牌官方導流,False,False,,,22
2042,zbS30B7Oslc,【Joeman】走吧！我們去看房！淡水三房只要800萬？宏盛海都、宏普樂高、理想家、臥月《Joe是要看房》 ep.1,https://www.youtube.com/watch?v=zbS30B7Oslc,2020-04-21 18:00:36,18,2083,True,title_series,0.0,,False,False,,,22
2043,RPPqNsiZdkw,【Joeman】我在健身房被偷了兩萬塊！超崩潰Vlog...,https://www.youtube.com/watch?v=RPPqNsiZdkw,2020-04-23 18:00:26,18,380,False,keyword,0.0,,False,False,,,22
2044,DkTJpUE0WgE,【Joeman】史上最便宜的iPhone！真的可以虐殺中階安卓機嗎？iPhone SE 2020開箱,https://www.youtube.com/watch?v=DkTJpUE0WgE,2020-04-26 18:00:06,18,632,False,keyword,3.0,致謝贊助句型,False,False,,,22
2045,Dn37H1eTRkU,【Joeman】8000元的頂級火鍋對決 88元平價火鍋！三多靚、合.shabu【Joe是要對決S2】ft.志祺 Ep1,https://www.youtube.com/watch?v=Dn37H1eTRkU,2020-04-27 18:00:06,18,1245,False,playlist,0.0,,False,False,,【Joe是要對決】第二季,22
2046,ivfIKHRrrq8,【Joeman】跟著台南人吃台南美食！ft.微疼、Peeta葛格、BoboTV,https://www.youtube.com/watch?v=ivfIKHRrrq8,2020-05-03 18:00:32,18,929,False,keyword,1.0,品牌官方導流,False,False,,,22
2047,L1vzoJdnAhA,【Joeman】500000元的奢華腳踏車對決20元/小時的平價腳踏車 ！ft.Jack【Joe是要對決S2】Ep2,https://www.youtube.com/watch?v=L1vzoJdnAhA,2020-05-04 18:00:30,18,1229,False,playlist,0.0,,False,False,,【Joe是要對決】第二季,22
2048,VQL_fNLKrFU,【Joeman】我如何靠著股票賺到人生第一個1000萬？致富過程大公開！,https://www.youtube.com/watch?v=VQL_fNLKrFU,2020-05-05 18:00:16,18,697,False,keyword,3.0,直接提及贊助方,False,False,,,22
2049,TM-wkzUuX7w,【Joeman】挑戰台灣第二高峰！雪山我來了！ft.胡子、雪羊、林宣,https://www.youtube.com/watch?v=TM-wkzUuX7w,2020-05-10 18:00:17,18,1144,False,keyword,0.0,,False,False,,,22
2050,myQyT_rHMkU,【Joeman】1000元的奢華麵包對決25元平價麵包 ！ft.Fred【Joe是要對決S2】Ep3,https://www.youtube.com/watch?v=myQyT_rHMkU,2020-05-11 18:00:24,18,1360,False,playlist,0.0,,False,False,,【Joe是要對決】第二季,22
2051,540GthDxyew,【Joeman】發燒影片到底有沒有黑箱？一個頻道竟然可以上三隻發燒！,https://www.youtube.com/watch?v=540GthDxyew,2020-05-13 18:30:00,18,1042,False,none,0.0,,False,False,,,22
2052,aVvOl_EvYlM,【Joeman】人生第一台車就是雙B是甚麼感覺？M-Benz A180,https://www.youtube.com/watch?v=aVvOl_EvYlM,2020-05-16 18:00:02,18,837,False,none,0.0,,False,False,,,22
2053,S7IfX8efLSs,【Joeman】新莊一坪竟要45萬！到底貴在哪？皇翔御花園W、日健駅、青之森《Joe是要看房》 ep.2,https://www.youtube.com/watch?v=S7IfX8efLSs,2020-05-17 12:00:09,12,1538,False,title_series,0.0,,False,False,,,22
2054,wpHR7N_opwM,【Joeman】4980元的奢華牛排 對決 150元平價牛排 ！孫東寶、Smith & Wollensky【Joe是要對決S2】Ep4,https://www.youtube.com/watch?v=wpHR7N_opwM,2020-05-18 18:00:38,18,1403,False,playlist,0.0,,False,False,,【Joe是要對決】第二季,22
2055,6xkvZZLmjZ4,【Joeman】DJI最新空拍機 Mavic Air 2開箱！ft.懷爸、攝視度,https://www.youtube.com/watch?v=6xkvZZLmjZ4,2020-05-21 18:00:04,18,428,False,keyword,3.0,影片合作聲明,False,False,,,22
2056,vhoGaZ44bdQ,【Joeman】開價兩億的新莊豪宅！貧窮限制我的想像！遠雄九五《Joe是要看房》 ep.3,https://www.youtube.com/watch?v=vhoGaZ44bdQ,2020-05-22 18:00:28,18,1486,False,title_series,0.0,,False,False,,,22
2057,Q02Jq0VCP18,【Joeman】3800元的奢華咖啡 對決 45元平價咖啡 ！相思李舍【Joe是要對決S2】Ep5,https://www.youtube.com/watch?v=Q02Jq0VCP18,2020-05-25 18:00:11,18,1179,False,playlist,3.0,影片合作聲明,False,False,,【Joe是要對決】第二季,22
2058,HKqOWlqVilA,【Joeman】新一代Youtuber神機開箱！Sony ZV-1 Unboxing,https://www.youtube.com/watch?v=HKqOWlqVilA,2020-05-27 18:00:08,18,417,False,keyword,1.0,提及廠商,False,False,,,22
2059,y0_KWZkxJ7k,颱風天就是要吃麥當勞！台灣速食店夢幻大滿貫套餐！麥當勞薯條+肯德基蛋塔+拿坡里炸雞+摩斯紅茶,https://www.youtube.com/watch?v=y0_KWZkxJ7k,2020-05-28 18:00:35,18,526,False,none,0.0,,False,False,,,22
2060,yFIq6d4IhAk,【Joeman】空無一人的墾丁五星級飯店？福華渡假Villa開箱！,https://www.youtube.com/watch?v=yFIq6d4IhAk,2020-05-29 18:00:25,18,1116,False,keyword,0.0,,False,False,,,22
2061,oigksFaA-J8,【Joeman】一個月不到2000元！超時尚學生宿舍開箱！交通大學十二舍《Joe是要看房》 ep.4,https://www.youtube.com/watch?v=oigksFaA-J8,2020-05-30 18:00:23,18,1013,False,title_series,0.0,,False,False,,,22
2062,BQ-On-c-Yrk,【Joeman】超稀有的雙門敞篷賓士C200體驗！帥氣女車主天菜小姐,https://www.youtube.com/watch?v=BQ-On-c-Yrk,2020-05-31 12:00:02,12,643,False,keyword,0.0,,False,False,,,22
2063,_x-kKqaqZXE,颱風天哪把傘最能撐？7990元的奢華雨傘對決70元平價雨傘！【Joe是要對決S2】Ep6ft.艾瑞絲,https://www.youtube.com/watch?v=_x-kKqaqZXE,2020-06-01 18:00:28,18,1079,False,playlist,0.0,,False,False,,【Joe是要對決】第二季,22
2064,WrFzSd2TktQ,【Joeman】我決定開始戴牙套了！隱形牙套的優缺點分享,https://www.youtube.com/watch?v=WrFzSd2TktQ,2020-06-05 18:00:13,18,807,False,none,0.0,,False,False,,,22
2065,lvYNWQEgwAA,【Joeman】1599元的奢華證件照對決200元的平價證件照！【Joe是要對決S2】Ep7 ft.阿圓,https://www.youtube.com/watch?v=lvYNWQEgwAA,2020-06-08 18:00:19,18,1259,False,playlist,0.0,,False,False,,【Joe是要對決】第二季,22
2066,kHEhNYm-3p8,【Joeman】不到一公斤的商務筆電開箱！ASUS ExpertBook B9450,https://www.youtube.com/watch?v=kHEhNYm-3p8,2020-06-13 18:00:30,18,379,False,keyword,1.0,品牌官方導流,False,False,,,22
2067,IHSSpPs7_rE,【Joeman】550匹的休旅車開起來是甚麼感受？Jaguar F-Pace SVR 2020,https://www.youtube.com/watch?v=IHSSpPs7_rE,2020-06-14 12:00:09,12,757,False,none,0.0,,False,False,,,22
2068,ha8dwsIDgBA,【Joeman】1800元的奢華巧克力對決15元的平價巧克力！【Joe是要對決S2】Ep8 ft.籃籃,https://www.youtube.com/watch?v=ha8dwsIDgBA,2020-06-15 18:00:26,18,1094,False,playlist,0.0,,False,False,,【Joe是要對決】第二季,22
2069,wB4CcBJe98Q,【Joeman】GeForce RTX光線追蹤顯卡+AMD處理器！ROG G14電競筆電開箱！,https://www.youtube.com/watch?v=wB4CcBJe98Q,2020-06-16 18:00:25,18,687,False,keyword,0.0,,False,False,,,22
2070,6SaUBsiBXsw,【Joeman】4300元的奢華保溫瓶對決150元的平價保溫瓶！【Joe是要對決S2】Ep9 ft.金魚腦,https://www.youtube.com/watch?v=6SaUBsiBXsw,2020-06-22 18:00:07,18,1279,False,playlist,0.0,,False,False,,【Joe是要對決】第二季,22
2071,b_B2cKsS-go,【Joeman】一坪100萬！開價上億的台北市豪宅！台北一號院《Joe是要看房》 ep.5,https://www.youtube.com/watch?v=b_B2cKsS-go,2020-06-23 18:00:14,18,1312,False,title_series,0.0,,False,False,,,22
2072,fgBvEdppqyk,【Joeman】台北晶華酒店住宿體驗！竟被升等到超高樓層！五星級飯店體驗,https://www.youtube.com/watch?v=fgBvEdppqyk,2020-06-25 13:00:07,13,864,False,keyword,2.0,折扣導購用語,False,False,,,22
2073,W5hAIRbs_lk,【Joeman】最後生還者2同捆機與大禮包開箱！聊聊我的遊戲全破心得！,https://www.youtube.com/watch?v=W5hAIRbs_lk,2020-06-28 12:00:12,12,1327,False,keyword,0.0,,False,False,,,22
2074,4Yg2CVSssfY,【Joeman】8500元的奢華鐵板燒對決150元的平價鐵板燒！大埔平價鐵堡燒、讚鐵板燒【Joe是要對決S2】Ep10 ft.陸子玄,https://www.youtube.com/watch?v=4Yg2CVSssfY,2020-06-29 18:00:02,18,1543,False,playlist,0.0,,False,False,,【Joe是要對決】第二季,22
2075,F99YrfCzJ7o,【Joeman】超級寬的32:9曲面螢幕開箱！閉嘴～快把我的錢拿走！Samsung Odyssey G9 Unboxing,https://www.youtube.com/watch?v=F99YrfCzJ7o,2020-06-30 18:00:11,18,553,False,keyword,0.0,,False,False,,,22
2076,cjIMSjNKXos,【Joeman】拉麵披薩！滷肉披薩！榴槤披薩！必勝客已經沒有極限了～,https://www.youtube.com/watch?v=cjIMSjNKXos,2020-07-01 18:30:03,18,614,False,keyword,1.0,新品發表用語,False,False,,,22
2077,DrfZI-fU1Cw,【Joeman】挑戰全台最長的吊橋！竟然有342公尺～南投雙龍七彩吊橋ft.魚乾、瘋男,https://www.youtube.com/watch?v=DrfZI-fU1Cw,2020-07-02 18:00:04,18,538,False,keyword,0.0,,False,False,,,22
2078,H-BcE5n-OzQ,【Joeman】一晚要價29萬？台中最貴的五星級總統套房體驗！林酒店開箱,https://www.youtube.com/watch?v=H-BcE5n-OzQ,2020-07-04 13:30:00,13,1122,False,keyword,0.0,,False,False,,,22
2079,KckPU8D6ebc,【Joeman】4998元的奢華素食對決80元的平價素食！騏麟素食自助餐、鈺善閣養生懷石、、【Joe是要對決S2】Ep11 ft.阿滴,https://www.youtube.com/watch?v=KckPU8D6ebc,2020-07-06 18:00:08,18,1701,False,playlist,0.0,,False,False,,【Joe是要對決】第二季,22
2080,nSWkHyRSRMs,【Joeman】iPhone 12 外流模型機開箱！重回超經典造型！,https://www.youtube.com/watch?v=nSWkHyRSRMs,2020-07-08 23:30:03,23,686,False,keyword,0.0,,False,False,,,22
2081,ZozbCbayo7g,【Joeman】頂級五星日式酒店體驗！台北大倉久和飯店！（音量調整重新上傳）,https://www.youtube.com/watch?v=ZozbCbayo7g,2020-07-11 16:00:06,16,818,False,keyword,0.0,,False,False,,,22
2082,p0vqEId3PCc,【Joeman】980元的奢華拉麵對決105元的平價拉麵！男子漢拉麵食堂、、魂麵、【Joe是要對決S2】Ep12 ft.心甜,https://www.youtube.com/watch?v=p0vqEId3PCc,2020-07-13 18:00:30,18,1133,False,playlist,0.0,,False,False,,【Joe是要對決】第二季,22
2083,HU0cvWlVUdk,【Joeman】可以自動旋轉的電視！瞬間讓手機螢幕變成55吋！TCL Xess A200Pro開箱,https://www.youtube.com/watch?v=HU0cvWlVUdk,2020-07-14 21:00:04,21,734,False,keyword,0.0,,False,False,,,22
2084,t5WZJGQZR40,【Joeman】終於開到小時候的夢幻車款！鋼鐵人座駕Audi R8 V10,https://www.youtube.com/watch?v=t5WZJGQZR40,2020-07-16 18:00:16,18,967,False,none,0.0,,False,False,,,22
2085,Xf67MHSWZKk,【Joeman】家裡放一台按摩椅竟然這麼爽！,https://www.youtube.com/watch?v=Xf67MHSWZKk,2020-07-17 18:00:12,18,775,False,none,4.0,影片合作聲明|品牌官方導流,False,False,,,22
2086,6W6MvEMYN50,【Joeman】電信三雄5G訊號大PK！5G真的值得辦嗎？ft.@spideryue,https://www.youtube.com/watch?v=6W6MvEMYN50,2020-07-18 18:00:03,18,854,False,keyword,0.0,,False,False,,,22
2087,XxY-9w0yTcE,【Joeman】825元的奢華早餐吃到飽對決130元的平價早餐吃到飽！台北國軍英雄館、、台北萬豪酒店【Joe是要對決S2】Ep13 ft.林宣,https://www.youtube.com/watch?v=XxY-9w0yTcE,2020-07-20 18:00:08,18,1370,False,playlist,0.0,,False,False,,【Joe是要對決】第二季,22
2088,qeX4_MEnLLo,【Joeman】開著特斯拉下墾丁！自動輔助駕駛真的值20萬嗎？,https://www.youtube.com/watch?v=qeX4_MEnLLo,2020-07-23 18:00:24,18,874,False,keyword,8.0,推薦或聯盟行銷連結|專屬導購指引|折扣導購用語,False,False,,,22
2089,LyMbNq3SUXA,【Joeman】買了卻從來沒背？擁有數千萬名牌包包的貴婦收藏家！Joe是要收藏 ep.12,https://www.youtube.com/watch?v=LyMbNq3SUXA,2020-07-26 15:00:08,15,1202,False,title_series,0.0,,False,False,,,22
2090,qCjt-eM2L-A,【Joeman】265元的奢華珍奶對決55元的平價珍奶！COMEBUY、可不可、711、春水堂、天仁喫茶趣、再睡五分鐘、翰林茶館、迷客夏、50嵐、施房茶、【Joe是要對決S2】Ep14 ft.魚乾,https://www.youtube.com/watch?v=qCjt-eM2L-A,2020-07-27 18:00:16,18,1163,False,playlist,0.0,,False,False,,【Joe是要對決】第二季,22
2091,xZcIFS0_XnE,【Joeman】言論限縮的Youtuber與正在崛起的Podcast！ft.百靈果 【網紅觀察室】,https://www.youtube.com/watch?v=xZcIFS0_XnE,2020-07-28 18:00:14,18,1339,False,playlist,0.0,,False,False,,Joeman網紅觀察室,22
2092,lqgZpChmZ-s,【Joeman】800萬在五股可以買怎樣的房子？祥潤峰邑、元佳意城、悠生活《Joe是要看房》 ep.6,https://www.youtube.com/watch?v=lqgZpChmZ-s,2020-08-02 16:00:06,16,2039,False,title_series,0.0,,False,False,,,22
2093,FCwpkLI5cwo,【Joeman】1045元的奢華漢堡對決40元的平價漢堡！女王漢堡、歐帝斯漢堡【Joe是要對決S2】Ep15 ft.瘦子E.SO,https://www.youtube.com/watch?v=FCwpkLI5cwo,2020-08-03 18:00:07,18,1248,False,playlist,0.0,,False,False,,【Joe是要對決】第二季,22
2094,Favgw7hbTtA,【Joeman】地表最強電競手機！ROG Phone3開箱！,https://www.youtube.com/watch?v=Favgw7hbTtA,2020-08-04 18:00:04,18,755,False,keyword,2.0,購買行動用語,False,False,,,22
2095,WAeDKj2oG7E,【Joeman】夏天吃冰有夠爽！一口氣吃五家台北冰店～,https://www.youtube.com/watch?v=WAeDKj2oG7E,2020-08-09 18:30:02,18,509,False,none,2.0,購買行動用語,False,False,,,22
2096,kx59DjsZ_2Q,【Joeman】300000元的奢華鍵盤對決219元的平價鍵盤！【Joe是要對決S2】Ep16 ft.老貓,https://www.youtube.com/watch?v=kx59DjsZ_2Q,2020-08-10 18:00:23,18,2654,False,playlist,12.0,專屬導購代碼|致謝贊助句型|結帳代碼指引|折扣導購用語|活動檔期用語,False,False,,【Joe是要對決】第二季,22
2097,WQJ3X-qgPik,【Joeman】土城最高地標開箱！擁有超多公設的豪華事務所！皇翔Park《Joe是要看房》 ep.7,https://www.youtube.com/watch?v=WQJ3X-qgPik,2020-08-12 18:00:09,18,1780,False,title_series,1.0,品牌官方導流,False,False,,,22
2098,TBp0OUwhJbw,【Joeman】會自動升起副螢幕的超狂筆電！ROG Zephyrus Duo 15！,https://www.youtube.com/watch?v=TBp0OUwhJbw,2020-08-14 18:00:09,18,787,False,keyword,2.0,購買行動用語,False,False,,,22
2099,fTWbhxA6mxg,【Joeman】不知為何長期失眠？直接到醫院住一晚！睡眠中心檢測體驗,https://www.youtube.com/watch?v=fTWbhxA6mxg,2020-08-15 18:00:11,18,924,False,keyword,0.0,,False,False,,,22
2100,Pmz3ziooa_c,【Joeman】5000萬元的奢華塔位對決0元的平價塔位！【Joe是要對決S2】Ep17 ft.小冬瓜,https://www.youtube.com/watch?v=Pmz3ziooa_c,2020-08-17 18:00:08,18,1615,False,playlist,0.0,,False,False,,【Joe是要對決】第二季,22
2101,cPatcAQupHY,【Joeman】中國水貨小米手機送修實錄！竟然要重課一次關稅？到底要花多少錢？,https://www.youtube.com/watch?v=cPatcAQupHY,2020-08-22 18:00:11,18,599,False,keyword,0.0,,False,False,,,22
2102,H5tki3IQqaI,【Joeman】今年必買的智慧抗噪耳機！Sony WH-1000XM4 開箱！,https://www.youtube.com/watch?v=H5tki3IQqaI,2020-08-23 18:00:07,18,586,False,keyword,0.0,,False,False,,,22
2103,k19irwUABe0,【Joeman】800元的奢華電影院對決50元的平價電影院！【Joe是要對決S2】Ep18 ft.飽妮、部長,https://www.youtube.com/watch?v=k19irwUABe0,2020-08-24 18:00:13,18,1865,False,playlist,0.0,,False,False,,【Joe是要對決】第二季,22
2104,WOm1uEdhcPg,【Joeman】笑出來就捐一千！慈善忍笑大挑戰！,https://www.youtube.com/watch?v=WOm1uEdhcPg,2020-08-25 18:00:09,18,598,False,keyword,0.0,,False,False,,,22
2105,xkVX4uJrJ0w,【Joeman】買一台藍寶堅尼送自己當生日禮物！媽媽會有什麼反應??,https://www.youtube.com/watch?v=xkVX4uJrJ0w,2020-08-28 19:00:18,19,864,False,keyword,0.0,,False,False,,,22
2106,fKXwGNzuf3Y,【Joeman】828000元的奢華床墊對決1999元的平價床墊！【Joe是要對決S2】Ep19 ft.滴妹,https://www.youtube.com/watch?v=fKXwGNzuf3Y,2020-08-31 18:00:30,18,1367,False,playlist,3.0,影片合作聲明,False,False,,【Joe是要對決】第二季,22
2107,kHc8Jc_7Xlg,【Joeman】一次品嘗30道米其林料理！ft.吃貨豪豪,https://www.youtube.com/watch?v=kHc8Jc_7Xlg,2020-09-01 18:00:18,18,1246,False,keyword,10.0,專屬導購代碼|影片合作聲明|折扣導購用語|購買行動用語,False,False,,,22
2108,XNWEopen1Uo,【Joeman】如何煎牛排？讓牛排教父聲控我煎牛排！ft.鄧有癸師傅,https://www.youtube.com/watch?v=XNWEopen1Uo,2020-09-03 19:30:02,19,997,False,keyword,0.0,,False,False,,,22
2109,WqLNBvffN8k,【Joeman】傳說中的東瀛戰神！Nissan GT-R！Ft.王陽明,https://www.youtube.com/watch?v=WqLNBvffN8k,2020-09-04 18:00:32,18,1250,False,keyword,0.0,,False,False,,,22
2110,Cto5NsBuR9k,【Joeman】495元的奢華滷肉飯對決40元的平價滷肉飯！金鋒滷肉飯、天天利、今大滷肉飯、黃記滷肉飯、國賓大飯店、君悅酒店、頂焰餐酒館【Joe是要對決S2】Ep20 ft.鐵牛,https://www.youtube.com/watch?v=Cto5NsBuR9k,2020-09-07 18:00:03,18,1731,False,playlist,17.0,致謝贊助句型|影片合作聲明|直接提及贊助方|電商賣場連結|購買行動用語|行動呼籲句型|提及廠商,False,False,,【Joe是要對決】第二季,22
2111,GnSJWX1dipQ,【Joeman】Legion Phone Duel 超狂革命性電競手機開箱！,https://www.youtube.com/watch?v=GnSJWX1dipQ,2020-09-10 19:15:01,19,887,False,keyword,3.0,購買行動用語|品牌官方導流,False,False,,,22
2112,K-JBmDmBL1I,【Joeman】2500萬元的奢華休旅車對決129萬元的平價休旅車！【Joe是要對決S2】Ep21 Rolls-Royce Cullinan vs Toyota Rav4 ft.Rick、Jaly,https://www.youtube.com/watch?v=K-JBmDmBL1I,2020-09-14 18:00:11,18,2601,False,playlist,0.0,,False,False,,【Joe是要對決】第二季,22
2113,FRNGzjwrXys,【Joeman】帶媽媽去圓山大飯店住一晚！定價36000元的奢華套房！,https://www.youtube.com/watch?v=FRNGzjwrXys,2020-09-19 18:00:08,18,981,False,keyword,0.0,,False,False,,,22
2114,0fpRHgpZTXg,【Joeman】今年下半年最值得買的3C產品！全新顯卡RTX3080開箱實測！,https://www.youtube.com/watch?v=0fpRHgpZTXg,2020-09-20 12:00:00,12,682,False,keyword,0.0,,False,False,,,22
2115,hDy4Jz1seJE,【Joeman】21960元的奢華汽車旅館對決1676元的平價汽車旅館！紫禁城精品汽車旅館、水雲端旗艦概念旅館【Joe是要對決S2】Ep22 ft.妮妮,https://www.youtube.com/watch?v=hDy4Jz1seJE,2020-09-22 18:00:17,18,1783,False,playlist,9.0,致謝贊助句型|影片合作聲明|直接提及贊助方,False,False,,【Joe是要對決】第二季,22
2116,LLCX3CMmNL0,【Joeman】很好但沒有很驚喜...Note 20 Ultra 開箱！,https://www.youtube.com/watch?v=LLCX3CMmNL0,2020-09-23 19:00:05,19,946,False,keyword,3.0,致謝贊助句型,False,False,,,22
2117,jsS3vMzddfw,【Joeman】開車去台北的三個夜市吃美食！,https://www.youtube.com/watch?v=jsS3vMzddfw,2020-09-24 18:00:23,18,845,False,keyword,11.0,專屬導購代碼|專屬導購連結|結帳代碼指引|折扣導購用語,False,False,,,22
2118,-wSDbNopGOU,【Joeman】超神祕！一晚要價４８萬元！圓山大飯店總統套房開箱！,https://www.youtube.com/watch?v=-wSDbNopGOU,2020-09-25 18:00:00,18,857,False,keyword,0.0,,False,False,,,22
2119,VDr2hYZDOYE,【Joeman】台中七期豪宅開箱！超跑、籃球場、熱帶水族箱！由鉅大謙《Joe是要看房》 ep.8,https://www.youtube.com/watch?v=VDr2hYZDOYE,2020-09-27 13:00:03,13,2461,False,title_series,0.0,,False,False,,,22
2120,mzhifxAJ3js,【Joeman】10000元的奢華烤肉對決1000元的平價烤肉！【Joe是要對決S2】Ep23 ft.玖壹壹,https://www.youtube.com/watch?v=mzhifxAJ3js,2020-09-28 18:00:18,18,1646,False,playlist,0.0,,False,False,,【Joe是要對決】第二季,22
2121,uFx-BuMBZIA,【Joeman】為什麼iPhone 12沒發表？聊聊我的推論與iOS 14！,https://www.youtube.com/watch?v=uFx-BuMBZIA,2020-09-29 18:00:17,18,780,False,keyword,0.0,,False,False,,,22
2122,x-WdnahVUFs,【Joeman】25000元的奢華KTV對決25元的平價KTV！Sing!Go【Joe是要對決S2】Ep24 ft.陳零九,https://www.youtube.com/watch?v=x-WdnahVUFs,2020-10-05 18:00:13,18,1216,False,playlist,3.0,影片合作聲明,False,False,,【Joe是要對決】第二季,22
2123,d0y2lJjHwV8,【Joeman】新北首購大熱門！林口新古屋開箱！裝潢現賺上百萬？九揚華峰 ft. Sobad、鳳梨妹《Joe是要看房》 ep.9,https://www.youtube.com/watch?v=d0y2lJjHwV8,2020-10-06 18:00:07,18,1181,False,title_series,0.0,,False,False,,,22
2124,EZFEkimPEHk,【Joeman】為了測試卡王RTX 3090！我們借了一台600萬的8K螢幕！,https://www.youtube.com/watch?v=EZFEkimPEHk,2020-10-07 18:00:03,18,1032,False,keyword,0.0,,False,False,,,22
2125,PLTgzjcPGiY,【Joeman】開價七千萬！三重第一豪宅開箱！《Joe是要看房》 ep.10,https://www.youtube.com/watch?v=PLTgzjcPGiY,2020-10-11 20:30:03,20,2066,False,title_series,0.0,,False,False,,,22
2126,Ry6HisoBajY,【Joeman】15000元的奢華按摩對決600元的平價按摩！按讚專業經絡按摩、君悅酒店oasis spa【Joe是要對決S2】Ep25,https://www.youtube.com/watch?v=Ry6HisoBajY,2020-10-12 18:00:07,18,1354,False,playlist,0.0,,False,False,,【Joe是要對決】第二季,22
2127,9u603l1OruU,【Joeman】2490元的奢華口罩對決5元的平價口罩！【Joe是要對決S2】Ep26 @irisxiao_,https://www.youtube.com/watch?v=9u603l1OruU,2020-10-19 18:00:02,18,1454,False,playlist,1.0,品牌官方導流,False,False,,【Joe是要對決】第二季,22
2128,YXlmojPmcCs,【Joeman】我組了一台可以開的超跑水冷主機！,https://www.youtube.com/watch?v=YXlmojPmcCs,2020-10-20 18:00:08,18,1201,False,keyword,0.0,,False,False,,,22
2129,hx-H9Ap2pes,【Joeman】我是靠著哪些運動減肥的？減重15公斤心得分享！,https://www.youtube.com/watch?v=hx-H9Ap2pes,2020-10-23 18:00:24,18,618,False,none,3.0,延伸導流連結,True,False,,,22
2130,UGgMyheufpo,【Joeman】iPhone 12詳細開箱！五種顏色直接包色！,https://www.youtube.com/watch?v=UGgMyheufpo,2020-10-26 22:00:05,22,1219,False,keyword,3.0,致謝贊助句型,False,False,,,22
2131,mF585Jls4_k,Tommy來了！1800元的奢華鰻魚飯對決250元的平價鰻魚飯！肥前屋、濱松屋【Joe是要對決S2】Ep27 @tommytommyjapan,https://www.youtube.com/watch?v=mF585Jls4_k,2020-10-26 18:00:13,18,1373,False,playlist,0.0,,False,False,,【Joe是要對決】第二季,22
2132,qjDX7NNDMWM,【Joeman】150元的奢華保險套對決2元的平價保險套！【Joe是要對決S2】Ep28 ft.雞排妹@onedayili,https://www.youtube.com/watch?v=qjDX7NNDMWM,2020-11-02 18:00:10,18,2178,False,playlist,0.0,,False,False,,【Joe是要對決】第二季,22
2133,BuYxygvFWsU,【Joeman】來聊聊我當Youtuber這十年來的挫折與成長～,https://www.youtube.com/watch?v=BuYxygvFWsU,2020-11-03 18:00:02,18,2924,False,playlist,0.0,,False,False,,Joeman網紅觀察室,22
2134,Je1V8eNWojk,【Joeman】台北市竟然有自動駕駛的公車？,https://www.youtube.com/watch?v=Je1V8eNWojk,2020-11-04 18:00:28,18,481,False,none,0.0,,False,False,,,22
2135,z1y6AUgZ7ig,【Joeman】人生第一次看預售屋！買預售屋真的有比較便宜嗎？要注意甚麼？林口立軒天善、旺洲逸品《Joe是要看房》,https://www.youtube.com/watch?v=z1y6AUgZ7ig,2020-11-05 19:00:28,19,1842,False,title_series,0.0,,False,False,,,22
2136,u3RDTxQuCs8,【Joeman】6000元的米其林佛跳牆對決80元的平價佛跳牆！明福台菜海產、華西街佛跳牆【Joe是要對決S2】Ep29 ft.天菜小姐 @honeyliciousss4448,https://www.youtube.com/watch?v=u3RDTxQuCs8,2020-11-09 18:00:22,18,1336,False,playlist,11.0,專屬導購代碼|結帳代碼指引|折扣導購用語|行銷活動用語|提及廠商,False,False,,【Joe是要對決】第二季,22
2137,bAR8XrGBKzg,【Joeman】你們要看的透天終於來啦！2.5億超豪華莊園開箱！家裡竟然有孔雀跟池塘？《Joe是要看房》 ep.11,https://www.youtube.com/watch?v=bAR8XrGBKzg,2020-11-12 18:00:06,18,1043,False,title_series,0.0,,False,False,,,22
2138,AWsojsqqbNA,【Joeman】人生首次挑戰跑酷！直接爬上三層樓！ft.螞蟻 @AntHanshunchuan,https://www.youtube.com/watch?v=AWsojsqqbNA,2020-11-13 18:00:05,18,992,False,keyword,4.0,影片合作聲明|新品發表用語,False,False,,,22
2139,bIyxX6VoeSk,【Joeman】3700元的奢華羊肉爐牆對決250元的平價羊肉爐！甩三小羊肉爐、豐光羊肉爐【Joe是要對決S2】Ep30 ft.Ted,https://www.youtube.com/watch?v=bIyxX6VoeSk,2020-11-16 18:00:08,18,1616,False,playlist,3.0,影片合作聲明,False,False,,【Joe是要對決】第二季,22
2140,OhSonbjjfCk,【Joeman】PS5詳細開箱！2021必須要擁有的高性價比遊戲主機！,https://www.youtube.com/watch?v=OhSonbjjfCk,2020-11-19 00:00:04,0,1141,False,playlist,0.0,,False,False,,【Joeman開箱去】,22
2141,aOcm-wy8-eA,【Joeman】跟Selina一起去爬山！爬上硬漢嶺～ft.雪羊 @selinaselinarenofficialcha3589,https://www.youtube.com/watch?v=aOcm-wy8-eA,2020-11-19 18:30:00,18,781,False,keyword,0.0,,False,False,,,22
2142,O2n9bS_wVAE,【Joeman】我換了5G門號！除了下載變快外有什麼好處？,https://www.youtube.com/watch?v=O2n9bS_wVAE,2020-11-20 18:00:29,18,1148,False,none,1.0,品牌官方導流,True,False,,,22
2143,gGF0Kt5Z4HQ,【Joeman】滿心期待卻讓我失望的iPhone 12 Pro Max開箱！,https://www.youtube.com/watch?v=gGF0Kt5Z4HQ,2020-11-22 12:00:02,12,1390,False,playlist,16.0,專屬導購代碼|影片合作聲明|專屬導購指引|結帳代碼指引|折扣導購用語|購買行動用語,False,False,,【Joeman開箱去】,22
2144,k3oZqkK8_fs,【Joeman】3980元的米其林烤鴨對決160元的平價烤鴨！君品酒店 - 頤宮【Joe是要對決S2】Ep31 @happyariel,https://www.youtube.com/watch?v=k3oZqkK8_fs,2020-11-23 18:00:10,18,1338,False,playlist,0.0,,False,False,,【Joe是要對決】第二季,22
2145,UCGIvN-Bdc4,【Joeman】今年最有特色的iPhone！iPhone 12 mini 開箱！,https://www.youtube.com/watch?v=UCGIvN-Bdc4,2020-11-24 18:00:12,18,540,False,keyword,0.0,,False,False,,,22
2146,XN-om29--Bc,【Joeman】5500元的奢華雞湯對決170元的平價米其林雞湯！雙月、驥園川菜餐廳、【Joe是要對決S2】Ep32 @MIMOSAGO,https://www.youtube.com/watch?v=XN-om29--Bc,2020-11-30 18:30:02,18,1570,False,playlist,4.0,影片合作聲明|品牌官方導流,False,False,,【Joe是要對決】第二季,22
2147,T0ECukvHsF0,【Joeman】定價破萬的超奢華黑科技電動牙刷！Oral-B iO微磁電動牙刷開箱！,https://www.youtube.com/watch?v=T0ECukvHsF0,2020-12-03 18:00:13,18,533,False,keyword,3.0,導購區塊標題,False,False,,,22
2148,hdnRXrETuMM,【Joeman】2020年台灣十大YouTube熱門影片榜單！第一名完全沒猜到阿...,https://www.youtube.com/watch?v=hdnRXrETuMM,2020-12-03 10:00:07,10,1167,False,none,0.0,,False,False,,,22
2149,RJ44QO7fRvo,【Joeman】把自己的小牛貼成消光黑！改裝超跑花了上百萬？,https://www.youtube.com/watch?v=RJ44QO7fRvo,2020-12-05 18:00:18,18,481,False,keyword,3.0,致謝贊助句型,False,False,,,22
2150,EAA933VzHwc,【Joeman】700元的奢華剉冰對決10元的平價剉冰！全世界第二好吃綿綿冰、、阿斌芋圓、三角冰、六順豆花、奇維奇娃、九州純冰、冰花本舖【Joe是要對決S2】Ep33 @AshanKouki,https://www.youtube.com/watch?v=EAA933VzHwc,2020-12-07 18:00:07,18,1559,False,playlist,3.0,影片合作聲明,False,False,,【Joe是要對決】第二季,22
2151,CMxFKATq2OI,【Joeman】我的一日女友體驗！,https://www.youtube.com/watch?v=CMxFKATq2OI,2020-12-08 18:00:03,18,1415,False,keyword,0.0,,False,False,,,22
2152,eWaqwCJHMMg,【Joeman】送這個對方直接哭出來？十大男生最想收到的禮物！,https://www.youtube.com/watch?v=eWaqwCJHMMg,2020-12-09 18:30:10,18,970,False,none,8.0,折扣導購用語|購買行動用語|行動呼籲句型|新品發表用語|提及廠商,False,False,,,22
2153,vYkCwHsk0iY,【Joeman】台灣唯一米其林三星餐廳！點了2萬塊還吃不飽？傳說中的頤宮@happyariel,https://www.youtube.com/watch?v=vYkCwHsk0iY,2020-12-11 18:00:16,18,831,False,keyword,0.0,,False,False,,,22
2154,NHPcqPbbFBc,【Joeman】宅男的聖誕交換禮物！可以自動畫畫的機械手臂！ft.黑羽、瘋狂老爹、阿晋、35線上賞屋、湯瑪士,https://www.youtube.com/watch?v=NHPcqPbbFBc,2020-12-13 17:00:10,17,1070,False,playlist,0.0,,False,False,,【Joeman開箱去】,22
2155,q6w4mxPvVeg,【Joeman】980元的奢華炒飯對決65元的平價炒飯！香香炒飯、艋舺阿龍、民生炒飯、蔚稻食堂 、、寒舍食譜【Joe是要對決S2】Ep34 @5499iamjojo,https://www.youtube.com/watch?v=q6w4mxPvVeg,2020-12-14 18:00:30,18,1621,False,playlist,0.0,,False,False,,【Joe是要對決】第二季,22
2156,bUAQB2QIJjw,【Joeman】外觀時尚 效能實用的筆電開箱！ASUS VivoBooks！,https://www.youtube.com/watch?v=bUAQB2QIJjw,2020-12-15 18:03:14,18,507,False,keyword,0.0,,False,False,,,22
2157,BFFY_s38udE,【Joeman】高雄鳳山最高住宅！竟然比想像中便宜！永信鼎席《Joe是要看房》 ep.12,https://www.youtube.com/watch?v=BFFY_s38udE,2020-12-20 18:00:02,18,1554,False,title_series,0.0,,False,True,買房課程,,22
2158,-KBFHzLttaA,【Joeman】一人3000元的奢華麻辣鍋對決175元的平價麻辣鍋！雲頂阿二麻辣食堂、、麻神、【Joe是要對決S2】Ep35 @atotheda,https://www.youtube.com/watch?v=-KBFHzLttaA,2020-12-21 18:00:00,18,1918,False,playlist,0.0,,False,False,,【Joe是要對決】第二季,22
2159,ZbpQEoLIEYw,【Joeman】2021年最新款Model 3搶先開箱！竟然讓現任車主大崩潰？ft.Sobad @vickypan847,https://www.youtube.com/watch?v=ZbpQEoLIEYw,2020-12-23 18:00:24,18,675,False,keyword,0.0,,False,False,,,22
2160,M1hDFPejDAo,【Joeman】傳說中的單攻玉山！一天之內爬上台灣最高峰！200萬訂閱特別企劃,https://www.youtube.com/watch?v=M1hDFPejDAo,2020-12-26 18:00:03,18,1537,False,none,0.0,,False,False,,,22
2161,Ve5YQUC-E4A,【Joeman】35000元的奢華溫泉對決40元的平價溫泉！北投公園露天溫泉浴池、北投麗禧溫泉酒店【Joe是要對決S2】Ep36  ft.啾啾,https://www.youtube.com/watch?v=Ve5YQUC-E4A,2020-12-28 18:00:18,18,1454,False,playlist,14.0,專屬導購代碼|專屬導購指引|結帳代碼指引|折扣導購用語|行銷活動用語|品牌官方導流,False,False,,【Joe是要對決】第二季,22
2162,KYX_UCJZpAc,【Joeman】有創意但不成熟的Airpods Max！蘋果史上第一支耳罩式耳機！,https://www.youtube.com/watch?v=KYX_UCJZpAc,2020-12-29 18:00:06,18,889,False,playlist,1.0,新品發表用語,False,False,,【Joeman開箱去】,22
2163,JU6w5k8Lreg,【Joeman】兩天一夜在花蓮台東騎車之旅！吃吃喝喝超愜意,https://www.youtube.com/watch?v=JU6w5k8Lreg,2020-12-30 18:00:05,18,1017,False,keyword,0.0,,False,False,,,22
2164,Vi4PV3zyWoI,【Joeman】新年交換禮物！根本不敢開！ft.菜喳、魚乾、胡子、阿晋、梅伯,https://www.youtube.com/watch?v=Vi4PV3zyWoI,2020-12-31 20:00:25,20,663,False,keyword,0.0,,False,False,,,22
2165,W5S-FT6XOsA,【Joeman】最保值的千萬超跑！保時捷 911 GT3RS,https://www.youtube.com/watch?v=W5S-FT6XOsA,2021-01-03 18:00:07,18,609,False,keyword,0.0,,False,False,,,22
2166,j_6KzZFJUxM,颱風天吃什麼泡麵？288元的奢華泡麵對決19元的平價泡麵！【Joe是要對決S2】Ep37  @helloiamhook,https://www.youtube.com/watch?v=j_6KzZFJUxM,2021-01-04 18:00:10,18,1736,False,playlist,0.0,,False,False,,【Joe是要對決】第二季,22
2167,CmjwCpcbLpM,【Joeman】把自己的車停在百貨公司一樓大廳！小牛新塗裝亮相！,https://www.youtube.com/watch?v=CmjwCpcbLpM,2021-01-08 18:00:05,18,174,False,none,0.0,,False,False,,,22
2168,_xNlwFckDyY,【Joeman】送員工一人一本2000元刮刮樂！今年有人可以退休嗎？2021版,https://www.youtube.com/watch?v=_xNlwFckDyY,2021-01-09 17:00:20,17,783,False,none,0.0,,False,False,,,22
2169,xSUntunUqdE,【Joeman】550元的奢華麵線對決30元的平價麵線！滿益手工麵線、精武路大腸蚵仔麵線、正老牌麵線糊、台中麻辣大腸麵線、麵香大腸麵線、【Joe是要對決S2】Ep38 @see-u1473,https://www.youtube.com/watch?v=xSUntunUqdE,2021-01-11 18:00:30,18,1736,False,playlist,12.0,致謝贊助句型|影片合作聲明|直接提及贊助方|行動呼籲句型|提及廠商,False,False,,【Joe是要對決】第二季,22
2170,4qGhBeetoqI,【Joeman】台灣Youtuber所面臨的困境！正在成為傳統媒體的新媒體！,https://www.youtube.com/watch?v=4qGhBeetoqI,2021-01-15 18:00:04,18,2985,False,playlist,0.0,,False,False,,Joeman網紅觀察室,22
2171,HMMiB5oMd6k,【Joeman】一口氣吃六家！55元的平價臭豆腐對決45元的平價臭豆腐！大慶路無名臭豆腐、濃鄉臭豆腐、梁婆婆臭豆腐、一心素食、潭子臭豆腐、、林坊素食臭豆腐、老吳臭豆腐【Joe是要對決S2】Ep39,https://www.youtube.com/watch?v=HMMiB5oMd6k,2021-01-18 18:00:05,18,1744,False,playlist,6.0,致謝贊助句型|影片合作聲明,False,False,,【Joe是要對決】第二季,22
2172,KU6bE6ZVZb4,【Joeman】讓intel備感威脅的M1晶片！最新款Macbook Pro值得買嗎？,https://www.youtube.com/watch?v=KU6bE6ZVZb4,2021-01-19 18:00:04,18,1370,False,keyword,1.0,新品發表用語,False,False,,,22
2173,U6gBVE-fy0k,【Joeman】第一次在台中騎車出去玩～！,https://www.youtube.com/watch?v=U6gBVE-fy0k,2021-01-20 18:00:08,18,768,False,none,1.0,品牌官方導流,False,False,,,22
2174,0vEjblLx1oM,【Joeman】7-11牛年福袋搶先開箱！三種福袋今年又要搶到爆啦～,https://www.youtube.com/watch?v=0vEjblLx1oM,2021-01-24 18:00:02,18,2155,False,playlist,3.0,購買行動用語|新品發表用語,False,False,,【Joeman開箱去】,22
2175,A7FGqfN2A-U,【Joeman】破紀錄！最貴火鍋登場！1人10000元的奢華火鍋對決199元的火鍋吃到飽！火鍋對決第二彈！ 大味王火鍋吃到飽、海峽會【Joe是要對決S2】Ep40@beryl_lulu,https://www.youtube.com/watch?v=A7FGqfN2A-U,2021-01-25 18:00:06,18,2310,False,playlist,0.0,,False,False,,【Joe是要對決】第二季,22
2176,m9jr18Jb6eE,【Joeman】很優秀但台灣買不到的小米11開箱！S888真的翻車嗎？,https://www.youtube.com/watch?v=m9jr18Jb6eE,2021-01-29 18:00:14,18,1293,False,playlist,1.0,新品發表用語,False,False,,【Joeman開箱去】,22
2177,f8eGEK4Apzg,【Joeman】一台要價2700萬！超頂級雙門勞斯萊斯開箱！Rolls-royce wraith kryptos,https://www.youtube.com/watch?v=f8eGEK4Apzg,2021-01-31 12:00:15,12,865,False,keyword,0.0,,False,False,,,22
2178,4oQtkXFMVco,【Joeman】絕對黃標！17800元的蕾絲內衣對決367元的平價內衣！高清無碼版【Joe是要對決S2】Ep41 @aries8248 @janie153 @user-ch9bb7em5d,https://www.youtube.com/watch?v=4oQtkXFMVco,2021-02-01 18:00:01,18,1759,False,playlist,3.0,致謝贊助句型,False,False,,【Joe是要對決】第二季,22
2179,4iAPsAPPWQM,【Joeman】我開過最舒服的電動車！Audi e-tron實際體驗！2021 e-tron Sportback 50 quattro S line,https://www.youtube.com/watch?v=4iAPsAPPWQM,2021-02-02 18:00:05,18,1500,False,keyword,6.0,影片合作聲明|預約導流,False,False,,,22
2180,F5TTseXNxYs,【Joeman】要價16萬台幣！超頂級電競主機開箱！MSI Aegis Ti5 Unboxing(intel 10900K+ RTX 3080),https://www.youtube.com/watch?v=F5TTseXNxYs,2021-02-03 18:00:11,18,733,False,playlist,1.0,品牌官方導流,False,False,,【Joeman開箱去】,22
2181,1XBvKNHBgWo,【Joeman】S21 Ultra真心話開箱！今年的三星旗艦值4萬塊嗎？,https://www.youtube.com/watch?v=1XBvKNHBgWo,2021-02-06 18:00:00,18,1504,False,keyword,5.0,直接提及贊助方|品牌官方導流|提及廠商,False,False,,,22
2182,glWoWOYGksk,【Joeman】尾牙！春酒！年菜！三個願望一次滿足！36800元的奢華尾牙對決6000元的平價尾牙！海霸王、晶華軒【Joe是要對決S2】Ep42,https://www.youtube.com/watch?v=glWoWOYGksk,2021-02-08 18:00:11,18,2255,False,playlist,0.0,,False,False,,【Joe是要對決】第二季,22
2183,0px13Ek75Q0,【Joeman】給員工驚喜！請偶像在面前唱歌給她聽！ft.李友廷,https://www.youtube.com/watch?v=0px13Ek75Q0,2021-02-09 18:00:00,18,737,False,keyword,0.0,,False,False,,,22
2184,wogACRFnBc4,【Joeman】造價上億的奢華健身房對決0元的平價健身房！【Joe是要對決S2】Ep43@GenghisKhan_3cm,https://www.youtube.com/watch?v=wogACRFnBc4,2021-02-15 18:00:12,18,1535,False,playlist,10.0,致謝贊助句型|影片合作聲明|直接提及贊助方|提及廠商,False,False,,【Joe是要對決】第二季,22
2185,gj53ZSshqzo,【Joeman】30000元的奢華皇帝蟹對決16000元的奢華帝王蟹！【Joe是要對決S2】Ep44 @annie72127 @niya0325,https://www.youtube.com/watch?v=gj53ZSshqzo,2021-02-22 18:00:10,18,1348,False,playlist,0.0,,False,False,,【Joe是要對決】第二季,22
2186,A_G6UNFI9Ic,【Joeman】為了拍模型買了一個五萬塊的鏡頭！,https://www.youtube.com/watch?v=A_G6UNFI9Ic,2021-02-25 18:00:05,18,660,False,keyword,0.0,,False,False,,,22
2187,K-ht_Fk4Ewo,【Joeman】二手開價竟然要4688萬！保時捷蛙王開箱！Porsche Carrera GT,https://www.youtube.com/watch?v=K-ht_Fk4Ewo,2021-02-26 18:00:07,18,865,False,keyword,0.0,,False,False,,,22
2188,V6Txn2cGHt8,【Joeman】總價17500元的奢華水果對決795元的平價水果！【Joe是要對決S2】Ep45 @XiaoKui,https://www.youtube.com/watch?v=V6Txn2cGHt8,2021-03-01 18:00:18,18,2111,False,playlist,0.0,,False,False,,【Joe是要對決】第二季,22
2189,EzvX6DhNpvE,【Joeman】一坪95萬？高雄最貴豪宅開箱！高雄HH《Joe是要看房》 ep.13,https://www.youtube.com/watch?v=EzvX6DhNpvE,2021-03-06 18:00:12,18,2326,False,title_series,0.0,,False,False,,,22
2190,7Z9is71Sx4M,【Joeman】1公克就超過100塊的超奢華食材！18800元的奢華魚子醬對決210元的平價魚子醬【Joe是要對決S2】Ep46 @illyandlean,https://www.youtube.com/watch?v=7Z9is71Sx4M,2021-03-08 18:00:02,18,1439,False,playlist,0.0,,False,False,,【Joe是要對決】第二季,22
2191,999AzbfM7kw,【Joeman】ROG Phone 5 Ultimate ASMR 純開箱,https://www.youtube.com/watch?v=999AzbfM7kw,2021-03-10 20:00:07,20,282,False,keyword,0.0,,False,False,,,22
2192,hDBLhQWX8v8,【Joeman】900元的奢華小籠包對決60元的平價小籠包！濟南鮮湯包、鼎泰豐、杭州小籠湯包、上海邵師傅湯包、正好鮮肉小籠湯包、明月湯包【Joe是要對決S2】Ep47 @zhenyi_yuna,https://www.youtube.com/watch?v=hDBLhQWX8v8,2021-03-15 18:00:13,18,1980,False,playlist,3.0,致謝贊助句型,False,False,,【Joe是要對決】第二季,22
2193,oMYmXQo_niI,【Joeman】高鐵、捷運、商場、電影院、水族館！令人跌破眼鏡的青埔！宜誠世界極《Joe是要看房》ep.14,https://www.youtube.com/watch?v=oMYmXQo_niI,2021-03-16 18:00:14,18,1469,False,title_series,0.0,,False,False,,,22
2194,1OdYs6HSiFg,【Joeman】邀請偶像到婚禮唱歌！幫經紀人圓夢！ft. @diegodtk0909,https://www.youtube.com/watch?v=1OdYs6HSiFg,2021-03-17 19:00:01,19,559,False,keyword,0.0,,False,False,,,22
2195,dpnXcw-8EfE,【Joeman】一個海膽握壽司成本超過3000元？11500元的奢華海膽對決520元的平價海膽！【Joe是要對決S2】Ep48  @haileyhsu,https://www.youtube.com/watch?v=dpnXcw-8EfE,2021-03-22 18:00:31,18,1596,False,playlist,0.0,,False,False,,【Joe是要對決】第二季,22
2196,BOcQwiN41sU,【Joeman】RTX 3080的電競筆電！神秘圖騰外型超帥氣！,https://www.youtube.com/watch?v=BOcQwiN41sU,2021-03-23 18:00:02,18,1068,False,keyword,1.0,新品發表用語,False,False,,,22
2197,ErxJ-2dZewg,【Joeman】穿了就會變巨乳的神奇T-Shirt！我自己試穿！,https://www.youtube.com/watch?v=ErxJ-2dZewg,2021-03-24 18:00:08,18,264,False,playlist,0.0,,False,False,,【Joeman開箱去】,22
2198,9hyMJX6WZy4,【Joeman】一口氣開箱9台豪車！最貴的當年竟然超過3000萬！,https://www.youtube.com/watch?v=9hyMJX6WZy4,2021-03-25 18:00:04,18,509,False,keyword,3.0,明確商業合作字樣,False,False,,,22
2199,rqFTeQM3Kh0,【Joeman】地表最強安卓電競手機！白色背蓋超級美！ROG Phone 5 Ultimate！,https://www.youtube.com/watch?v=rqFTeQM3Kh0,2021-03-26 18:00:30,18,1214,False,keyword,0.0,,False,False,,,22
2200,W5RWAPoajtA,【Joeman】北海道機場貴賓室開箱！竟然有拉麵跟咖哩可以吃～,https://www.youtube.com/watch?v=W5RWAPoajtA,2021-03-27 18:00:07,18,367,False,playlist,0.0,,False,False,,【Joeman】飛機餐與貴賓室,22
2201,5WGPnS9Vefs,【Joeman】請職業賽車手教我用賽車模擬器！練完直接下真實賽道！@evanchen68,https://www.youtube.com/watch?v=5WGPnS9Vefs,2021-03-28 18:00:04,18,968,False,playlist,8.0,導購區塊標題|結帳代碼指引|折扣導購用語,False,False,,【Joeman開箱去】,22
2202,_rfLMFvqM_g,【Joeman】一口氣吃七家雞排！75元的平價雞排對決30元的平價雞排！三重牛乳大王、陳季炸雞、新莊香酥雞、雞排本色、協力香雞排、緯大雞排、天使雞排【Joe是要對決S2】Ep49,https://www.youtube.com/watch?v=_rfLMFvqM_g,2021-03-29 18:00:25,18,1780,False,playlist,0.0,,False,False,,【Joe是要對決】第二季,22
2203,cCD2TH2BEzM,【Joeman】RTX 3080+Ryzen9 筆電！香到不行旗艦電競筆電開箱！ROG Strix Scar 17,https://www.youtube.com/watch?v=cCD2TH2BEzM,2021-03-31 18:00:30,18,1031,False,keyword,3.0,產品導流連結,False,False,,,22
2204,1R3EvJVuokE,【Joeman】6990元的Galaxy Buds Pro對決7990元的Airpods Pro！兩大無線藍芽抗噪耳機該怎麼選？,https://www.youtube.com/watch?v=1R3EvJVuokE,2021-04-03 12:00:01,12,1055,False,playlist,0.0,,False,False,,【Joeman開箱去】,22
2205,jN8-p-u6EpQ,【Joeman】跟著台灣健美冠軍一起練腿！差點沒崩潰！ft.許家豪、李天尹,https://www.youtube.com/watch?v=jN8-p-u6EpQ,2021-04-04 14:00:15,14,517,False,keyword,0.0,,False,False,,,22
2206,RMiQVFnd2Ts,【Joeman】10000元的米其林一星奢華燒肉對決198元的平價燒肉！鉄火燒肉、、大腕燒肉【Joe是要對決S2】Ep50@yuci0323,https://www.youtube.com/watch?v=RMiQVFnd2Ts,2021-04-05 18:00:08,18,2161,False,playlist,12.0,專屬導購代碼|專屬導購連結|致謝贊助句型|社群導流指引,False,False,,【Joe是要對決】第二季,22
2207,lHO1MCSMiRA,【Joeman】買不到就自己捏！哥吉拉模型收藏家！Joe是要收藏 ep.13 @MRJOEHOBBYtv、許家豪、毛毛二,https://www.youtube.com/watch?v=lHO1MCSMiRA,2021-04-06 18:30:10,18,1298,False,playlist,0.0,,False,False,,Joe是要收藏,22
2208,iETX-0aXL9o,【Joeman】開箱全世界最黑的顏料！直接讓物體變隱形？,https://www.youtube.com/watch?v=iETX-0aXL9o,2021-04-11 18:00:32,18,515,False,playlist,3.0,明確商業合作字樣,False,False,,【Joeman開箱去】,22
2209,nKbbhOiodj0,【Joeman】750元的奢華冰淇淋對決35元的平價冰淇淋！永富、30 Ice Cream、雪王、小涼院霜淇淋、GODIVA、哈根達斯、、Venchi【Joe是要對決S2】Ep51@link8195,https://www.youtube.com/watch?v=nKbbhOiodj0,2021-04-12 18:00:26,18,2163,False,playlist,0.0,,False,False,,【Joe是要對決】第二季,22
2210,i3z-2hH0OYc,【Joeman】蔡詩芸的香奈兒收藏！竟然有上萬美金的復古包！Joe是要收藏 ep.14 @DizzyDizzo,https://www.youtube.com/watch?v=i3z-2hH0OYc,2021-04-13 18:00:15,18,1454,False,playlist,0.0,,False,False,,Joe是要收藏,22
2211,DesVudIM7K0,【Joeman】花了500元買了一隻會嗆我的玩偶...憤怒鴨開箱,https://www.youtube.com/watch?v=DesVudIM7K0,2021-04-14 18:00:05,18,562,False,playlist,0.0,,False,False,,【Joeman開箱去】,22
2212,ZtvBqJ_Jy3I,【Joeman】男生要怎麼拍照？騎著Gogoro去街拍！四個台北拍照景點分享！Viva MIX試駕,https://www.youtube.com/watch?v=ZtvBqJ_Jy3I,2021-04-16 18:00:15,18,754,False,keyword,0.0,,False,False,,,22
2213,o7p6KpjZfi8,【Joeman】肯德基新炸雞試吃！蜂蜜醬脆雞、檸檬蛋塔！,https://www.youtube.com/watch?v=o7p6KpjZfi8,2021-04-17 12:00:27,12,250,False,playlist,0.0,,False,False,,Joeman帶你去吃各地美食,22
2214,bGOG2YXFnK0,【Joeman】中國用語測驗！我竟然連90分都拿不到？,https://www.youtube.com/watch?v=bGOG2YXFnK0,2021-04-18 14:00:10,14,1080,False,playlist,0.0,,False,False,,【Joeman開箱去】,22
2215,2upe3h1XeZc,【Joeman】一串500元的奢華串燒對決一串11元的平價串燒！一級棒、鳥心【Joe是要對決S2】Ep52@yuniko0720,https://www.youtube.com/watch?v=2upe3h1XeZc,2021-04-19 18:00:01,18,2314,False,playlist,0.0,,False,False,,【Joe是要對決】第二季,22
2216,llTYjUeEDz0,【Joeman】10年翻漲3倍！最保值的勞力士！Joe是要收藏 ep.15,https://www.youtube.com/watch?v=llTYjUeEDz0,2021-04-21 18:00:17,18,2176,False,playlist,0.0,,False,False,,Joe是要收藏,22
2217,UzZp0LIwJu4,【Joeman】把鍵盤改裝成指尖陀螺！超炫炮鍵帽開箱！,https://www.youtube.com/watch?v=UzZp0LIwJu4,2021-04-22 18:00:09,18,403,False,playlist,0.0,,False,False,,【Joeman開箱去】,22
2218,Ru2Xm0pTnaw,【Joeman】住在特斯拉一個晚上！花蓮自駕行！,https://www.youtube.com/watch?v=Ru2Xm0pTnaw,2021-04-24 21:00:09,21,1050,False,playlist,11.0,明確商業合作字樣|推薦或聯盟行銷連結|專屬導購指引|折扣導購用語,False,False,,【Joeman開箱去】,22
2219,V-qhbdJKD14,【Joeman】一週年企劃！一雙12600元的香奈兒絲襪對決一雙80元的平價絲襪！【Joe是要對決S2】Ep53 @Wannabeauty777、泥泥汝,https://www.youtube.com/watch?v=V-qhbdJKD14,2021-04-26 18:00:11,18,1550,False,playlist,0.0,,False,False,,【Joe是要對決】第二季,22
2220,J1qUmNujAKg,【Joeman】不到50元的耳機開箱！性價比爆表？,https://www.youtube.com/watch?v=J1qUmNujAKg,2021-04-29 18:00:09,18,905,False,keyword,0.0,,False,False,,,22
2221,7nkU5WOW5XE,【Joeman】減肥神器～在家就能運動的健身鏡！健身魔鏡開箱！,https://www.youtube.com/watch?v=7nkU5WOW5XE,2021-04-30 18:00:02,18,462,False,playlist,0.0,,False,False,,【Joeman開箱去】,22
2222,yIrgcb_UlH4,【Joeman】地表最帥休旅車！傳說中的休旅牛URUS！2021 Lamborghini Urus,https://www.youtube.com/watch?v=yIrgcb_UlH4,2021-05-01 12:00:15,12,775,False,keyword,0.0,,False,False,,,22
2223,FcqWRi8j9CY,【Joeman】5600元的奢華罐頭對決25元的平價罐頭！【Joe是要對決S2】Ep54@vivi0z1,https://www.youtube.com/watch?v=FcqWRi8j9CY,2021-05-03 18:00:07,18,1630,False,playlist,0.0,,False,False,,【Joe是要對決】第二季,22
2224,omcr6-TGWdM,【Joeman】節目史上最貴收藏！珠寶收藏家！ft.廖文良老師 Joe是要收藏 ep.16,https://www.youtube.com/watch?v=omcr6-TGWdM,2021-05-04 18:00:21,18,1330,False,title_series,0.0,,False,False,,,22
2225,-7nFDxxoEcU,【Joeman】紓壓玩具界的霸主？超無用小玩具開箱！,https://www.youtube.com/watch?v=-7nFDxxoEcU,2021-05-07 18:00:00,18,353,False,playlist,0.0,,False,False,,【Joeman開箱去】,22
2226,VJRCzcB13Ek,【Joeman】我不用iPhone了！使用安卓手機三個月的心路歷程！Pixel 5優缺點分析,https://www.youtube.com/watch?v=VJRCzcB13Ek,2021-05-09 12:00:06,12,1291,False,playlist,3.0,明確商業合作字樣,False,False,,【Joeman開箱去】,22
2227,yZc6iBhKIWw,【Joeman】精選11款市售雞胸肉大亂鬥！55元的平價雞胸肉對決149元的平價雞胸肉！健身控必看！【Joe是要對決S2】Ep55 ft.豪哥許家豪,https://www.youtube.com/watch?v=yZc6iBhKIWw,2021-05-10 18:00:35,18,2126,False,playlist,3.0,影片合作聲明,False,False,,【Joe是要對決】第二季,22
2228,Wf_IOU9QTVo,【Joeman】一張餐桌超過300萬！義大利頂級手工傢俱開箱！ft. Poltrona Frau,https://www.youtube.com/watch?v=Wf_IOU9QTVo,2021-05-12 18:00:13,18,991,False,playlist,0.0,,False,False,,【Joeman開箱去】,22
2229,oYO_paloGr8,【Joeman】我印了一隻iPhone 13！iPhone13 Pro的謠言跟推測！,https://www.youtube.com/watch?v=oYO_paloGr8,2021-05-13 18:00:27,18,786,False,playlist,3.0,明確商業合作字樣,False,False,,【Joeman開箱去】,22
2230,drIHSOcf9tk,【Joeman】回到台南故鄉看房！超溫馨木質裝潢開箱～駅前千利修《Joe是要看房》ep.15,https://www.youtube.com/watch?v=drIHSOcf9tk,2021-05-16 12:00:23,12,1638,False,title_series,0.0,,False,False,,,22
2231,Q6mks64845g,【Joeman】6800元的和牛壽喜燒對決190元的平價壽喜燒！OMMA 壽喜燒、松阪亭【Joe是要對決S2】Ep56 @dollshin0324,https://www.youtube.com/watch?v=Q6mks64845g,2021-05-17 18:00:10,18,2281,False,playlist,0.0,,False,False,,【Joe是要對決】第二季,22
2232,EaHYZXa46H4,【Joeman】一整張簽名要300萬？簽名收藏家！ Joe是要收藏 ep.17,https://www.youtube.com/watch?v=EaHYZXa46H4,2021-05-18 18:00:06,18,1229,False,playlist,0.0,,False,False,,Joe是要收藏,22
2233,TCd1SXwamEE,【Joeman】忍笑大挑戰！笑的穿一件！@helloiamhook,https://www.youtube.com/watch?v=TCd1SXwamEE,2021-05-19 18:00:23,18,1057,False,keyword,0.0,,False,False,,,22
2234,Ckdll3aNpYQ,【Joeman】散熱冷到會出水！性價比最好的電競手機！,https://www.youtube.com/watch?v=Ckdll3aNpYQ,2021-05-20 18:00:06,18,1073,False,keyword,3.0,導購區塊標題,False,False,,,22
2235,VtvnzFxi2vc,【Joeman】平民美食對決！88元的鮑魚紅豆餅對決12元的平價紅豆餅！晴光紅豆餅、光華日式車輪餅、同心圓、有時候紅豆餅、 花輪東京今川燒、馬祖新村【Joe是要對決S2】Ep57 @haileyhsu,https://www.youtube.com/watch?v=VtvnzFxi2vc,2021-05-24 18:00:09,18,2177,False,playlist,4.0,致謝贊助句型|品牌官方導流,False,False,,【Joe是要對決】第二季,22
2236,A72d784WRfk,【Joeman】要花超過20萬？跟旅行社討論去美國打疫苗的可行性！,https://www.youtube.com/watch?v=A72d784WRfk,2021-05-27 12:00:08,12,704,False,none,0.0,,False,False,,,22
2237,lEvEMg74pE4,【Joeman】1公斤10000元的頂級黑鮪魚對決一盤30元的平價鮪魚！【Joe是要對決S2】Ep58 @annie72127,https://www.youtube.com/watch?v=lEvEMg74pE4,2021-05-31 18:00:18,18,1929,False,playlist,14.0,專屬導購代碼|專屬導購連結|結帳代碼指引|折扣導購用語|行銷活動用語|品牌官方導流,False,False,,【Joe是要對決】第二季,22
2238,gQu_ZdbzpzE,【Joeman】完成兒時的夢想！漫畫收藏家！Joe是要收藏 ep.18,https://www.youtube.com/watch?v=gQu_ZdbzpzE,2021-06-02 18:00:31,18,2575,False,playlist,0.0,,False,False,,Joe是要收藏,22
2239,YSVHfx3_CAE,【Joeman】追劇神器！幫你剝瓜子的自動嗑瓜子機！,https://www.youtube.com/watch?v=YSVHfx3_CAE,2021-06-05 12:00:18,12,339,False,playlist,3.0,明確商業合作字樣,False,False,,【Joeman開箱去】,22
2240,63n9zCbqKF0,【Joeman】去批發魚市買龍蝦回家料理！現場喊魚真的比較便宜嗎？@annie72127 @jimmywangchef,https://www.youtube.com/watch?v=63n9zCbqKF0,2021-06-06 12:00:04,12,786,False,none,3.0,明確商業合作字樣,False,False,,,22
2241,53rIbdhjYms,【Joeman】1瓶4000元的皇家啤酒對決1瓶32元的平價啤酒！【Joe是要對決S2】Ep59  ft.台灣通勤第一品牌,https://www.youtube.com/watch?v=53rIbdhjYms,2021-06-07 18:00:02,18,2496,False,playlist,6.0,致謝贊助句型|導購區塊標題,False,False,,【Joe是要對決】第二季,22
2242,yRHby2FgUTY,【Joeman】把塑膠變金屬！可以改變材質外觀的神奇馬克筆！Gundam marker ex xgm100,https://www.youtube.com/watch?v=yRHby2FgUTY,2021-06-12 18:00:27,18,497,False,playlist,3.0,明確商業合作字樣,False,False,,【Joeman開箱去】,22
2243,beuF_SMc0hU,【Joeman】1700元的奢華外送牛排對決1000元的奢華外送牛排！LE BLANC、Texas Roadhouse 【Joe是要對決S2】Ep60  ft.@XiaoKui,https://www.youtube.com/watch?v=beuF_SMc0hU,2021-06-14 18:00:30,18,1632,False,playlist,0.0,,False,False,,【Joe是要對決】第二季,22
2244,OAhpLf8Cxzg,【Joeman】價值超過5億的車庫！超跑收藏家！Joe是要收藏 ep.19,https://www.youtube.com/watch?v=OAhpLf8Cxzg,2021-06-18 18:00:09,18,1600,False,playlist,0.0,,False,False,,Joe是要收藏,22
2245,h7qBg9cxmrk,【Joeman】要價4萬塊的頂級平板！iPad Pro 2021 m1開箱！,https://www.youtube.com/watch?v=h7qBg9cxmrk,2021-06-19 13:30:04,13,1063,False,playlist,3.0,明確商業合作字樣,False,False,,【Joeman開箱去】,22
2246,ZfWbVQy5qTo,【Joeman】自然進氣最速車！要價4000萬的大牛王Aventador SVJ台灣首批領牌車開箱！,https://www.youtube.com/watch?v=ZfWbVQy5qTo,2021-06-20 20:30:13,20,722,False,playlist,0.0,,False,False,,【Joeman開箱去】,22
2247,wCy1uZoCorw,【Joeman】一週年紀念！何時要拍酒店對決？公開回應來賓與價格的神祕連結！【Joe是要對決S2】Ep61,https://www.youtube.com/watch?v=wCy1uZoCorw,2021-06-21 18:00:22,18,3336,False,playlist,0.0,,False,False,,【Joe是要對決】第二季,22
2248,TwhDNSEuTRE,【Joeman】一萬元內最值得買的藍牙耳機！Sony WF-1000XM4 開箱體驗！,https://www.youtube.com/watch?v=TwhDNSEuTRE,2021-06-25 18:00:25,18,687,False,playlist,0.0,,False,False,,【Joeman開箱去】,22
2249,69YqG3ZidOo,【Joeman】一次開箱兩台奢華筆電！剪片、打電動要怎麼選？技嘉Aorus 17G、Aero 15 OLED intel i7-11800H,https://www.youtube.com/watch?v=69YqG3ZidOo,2021-06-26 18:00:03,18,941,False,playlist,0.0,,False,False,,【Joeman開箱去】,22
2250,ugpS8F2Xq2g,【Joeman】幫iPhone外接實體Home鍵！超無用配件開箱！,https://www.youtube.com/watch?v=ugpS8F2Xq2g,2021-06-27 18:00:22,18,408,False,playlist,0.0,,False,False,,【Joeman開箱去】,22
2251,KHxKhTNjGvc,【Joeman】一口氣吃5家！3420元的奢華和牛便當對決169元的平價和牛便當！燒肉Smile、發肉燒肉餐酒、老乾杯、樂軒、大腕燒肉專門店【Joe是要對決S2】Ep62,https://www.youtube.com/watch?v=KHxKhTNjGvc,2021-06-28 18:00:13,18,2056,False,playlist,0.0,,False,False,,【Joe是要對決】第二季,22
2252,lGvaPEcFuNM,【Joeman】差一點點就完美！全新大改款Ｍ1 iMac開箱！,https://www.youtube.com/watch?v=lGvaPEcFuNM,2021-06-29 18:00:32,18,802,False,playlist,3.0,明確商業合作字樣,False,False,,【Joeman開箱去】,22
2253,nBTOHF9c5Ls,【Joeman】總價破萬的外送火鍋！8250元的奢華火鍋對決1890元的奢華火鍋！黑毛屋、橘色【Joe是要對決S2】Ep63 @5499iamjojo,https://www.youtube.com/watch?v=nBTOHF9c5Ls,2021-07-05 18:00:21,18,1892,False,playlist,3.0,影片合作聲明,False,False,,【Joe是要對決】第二季,22
2254,IT1mWbw8KS4,【Joeman】上百尊動漫雕像！正版雕像收藏家！Joe是要收藏 ep.20,https://www.youtube.com/watch?v=IT1mWbw8KS4,2021-07-07 18:00:07,18,2629,False,playlist,0.0,,False,False,,Joe是要收藏,22
2255,CHwIOQC6meo,【Joeman】iPhone 13外流模型機開箱！你能接受大小眼的iPhone嗎？,https://www.youtube.com/watch?v=CHwIOQC6meo,2021-07-08 18:00:10,18,694,False,playlist,0.0,,False,False,,【Joeman開箱去】,22
2256,P8BeiHZ7fPQ,【Joeman】總價破萬的奢華便當！3988元的奢華日式便當對決650元的奢華日式便當！月夜岩、千壽、吉兆割烹壽司、謙安和、盛和屋【Joe是要對決S2】Ep64 @atotheda,https://www.youtube.com/watch?v=P8BeiHZ7fPQ,2021-07-12 18:00:10,18,2348,False,playlist,10.0,致謝贊助句型|影片合作聲明|直接提及贊助方|提及廠商,False,False,,【Joe是要對決】第二季,22
2257,yfYXcsM5S4c,【Joeman】台灣迷因測驗！竟然差點不及格？,https://www.youtube.com/watch?v=yfYXcsM5S4c,2021-07-13 18:00:20,18,456,False,none,0.0,,False,False,,,22
2258,FmT3XRyIhVE,【Joeman】一口氣開箱十幾款滑鼠！6190元的奢華電競滑鼠對決599元的平價文書滑鼠【Joe是要對決S2】Ep65 @yulihong22,https://www.youtube.com/watch?v=FmT3XRyIhVE,2021-07-19 18:00:07,18,2883,False,playlist,10.0,致謝贊助句型|影片合作聲明|直接提及贊助方|提及廠商,False,False,,【Joe是要對決】第二季,22
2259,YD3eQUwR-sE,【Joeman】蘋果近年最值得吐槽的產品！一個3000元卻充不飽的行動電源！,https://www.youtube.com/watch?v=YD3eQUwR-sE,2021-07-25 19:15:01,19,643,False,playlist,3.0,明確商業合作字樣,False,False,,【Joeman開箱去】,22
2260,2IGpI-r3Ays,【Joeman】台中燒肉名店對決！3999元的頂級A5和牛燒肉對決2980元的海陸大餐燒肉【Joe是要對決S2】Ep66 @yuniko0720,https://www.youtube.com/watch?v=2IGpI-r3Ays,2021-07-26 18:00:01,18,2437,False,playlist,0.0,,False,False,,【Joe是要對決】第二季,22
2261,5tPLntHymt4,【Joeman】總價破5000萬！頂級高樓露臺戶開箱!萬華實價登錄大解析！《Joe是要看房》ep.17,https://www.youtube.com/watch?v=5tPLntHymt4,2021-07-27 18:00:02,18,1736,False,title_series,0.0,,False,False,,,22
2262,CMMoPWICfrU,【Joeman】上百尊鋼彈收藏！傳說中的電鍍模型！Joe是要收藏 ep.21,https://www.youtube.com/watch?v=CMMoPWICfrU,2021-07-28 18:00:11,18,1560,False,playlist,0.0,,False,False,,Joe是要收藏,22
2263,QxeUb4nfefU,【Joeman】台北涼麵名店評比！40元的經典涼麵對決75元的和風涼麵！陳家涼麵、林文必涼麵、福德涼麵、老麵攤、永吉涼麵、小良絆涼麵【Joe是要對決S2】Ep67 @goldfishbrain,https://www.youtube.com/watch?v=QxeUb4nfefU,2021-08-02 18:00:25,18,1534,False,playlist,0.0,,False,False,,【Joe是要對決】第二季,22
2264,ZN-AoO4IHQA,【Joeman】一台55000元的奢華電競螢幕！最新一代超寬32:9曲面螢幕三星Neo G9 開箱,https://www.youtube.com/watch?v=ZN-AoO4IHQA,2021-08-03 19:00:17,19,577,False,playlist,0.0,,False,False,,【Joeman開箱去】,22
2265,93Tu3r-II1M,【Joeman】價值超過2億元的毛胚屋！大直第一豪宅！西華富邦《Joe是要看房》ep.18,https://www.youtube.com/watch?v=93Tu3r-II1M,2021-08-08 16:00:02,16,1240,False,title_series,0.0,,False,False,,,22
2266,S5P_VWbGUq4,【Joeman】總價超過兩萬！22180元的超奢華水果對決432元的平價水果！【Joe是要對決S2】Ep68 ft.Lucy @Tw-Universe,https://www.youtube.com/watch?v=S5P_VWbGUq4,2021-08-09 18:00:27,18,2206,False,playlist,0.0,,False,False,,【Joe是要對決】第二季,22
2267,gnagPlzL1yQ,【Joeman】全台唯一！火影迷必來朝聖的一樂拉麵開幕了！,https://www.youtube.com/watch?v=gnagPlzL1yQ,2021-08-11 18:00:18,18,833,False,playlist,0.0,,False,False,,【Joeman開箱去】,22
2268,-Ye75PaVOnI,紙紮iPhone開箱！鬼月就燒這個給好兄弟！【Joeman】#shorts,https://www.youtube.com/watch?v=-Ye75PaVOnI,2021-08-12 19:39:37,19,51,False,playlist,0.0,,False,False,,開箱精華版,22
2269,M9STobkX6L0,全台唯一！火影迷一定要朝聖的一樂拉麵！#shorts【Joeman】,https://www.youtube.com/watch?v=M9STobkX6L0,2021-08-12 00:46:48,0,59,False,playlist,0.0,,False,False,,美食精華版,22
2270,ll1YEAtOlYQ,【Joeman】105度的顯示卡？土炮改裝顯示卡王RTX3090！溫度直降20度？,https://www.youtube.com/watch?v=ll1YEAtOlYQ,2021-08-14 18:00:21,18,1916,False,playlist,3.0,明確商業合作字樣,False,False,,【Joeman開箱去】,22
2271,JAaCFI6TNsc,封山兩個月後的台灣山林！草嶺古道、桃源谷空拍【Joeman】#shorts #短版,https://www.youtube.com/watch?v=JAaCFI6TNsc,2021-08-15 21:04:16,21,59,False,playlist,0.0,,False,False,,開箱精華版,22
2272,QnmYd9ieJzM,【Joeman】封山兩個月後的台灣山林！絕美草原重現眼前！草嶺古道、桃源谷登山遊記,https://www.youtube.com/watch?v=QnmYd9ieJzM,2021-08-15 18:00:10,18,796,False,none,1.0,新品發表用語,False,False,,,22
2273,VbsbOijW_3k,【Joeman】比內衣還性感！18900元的奢華比基尼對決250元的平價比基尼！高清無碼黃標版【Joe是要對決S2】Ep69 @link8195 @user-ch9bb7em5d,https://www.youtube.com/watch?v=VbsbOijW_3k,2021-08-16 18:00:26,18,1618,False,playlist,3.0,影片合作聲明,False,False,,【Joe是要對決】第二季,22
2274,cJd3ofMvKOc,直擊女子更衣間! 比基尼對決幕後花絮 【Joeman】#shorts @link8195  @user-ch9bb7em5d,https://www.youtube.com/watch?v=cJd3ofMvKOc,2021-08-16 15:32:30,15,16,False,keyword,0.0,,False,False,,,22
2275,rdNEfWRRAxA,【Joeman】超療癒！擁有數百隻寶可夢的收藏家！Joe是要收藏 ep.22,https://www.youtube.com/watch?v=rdNEfWRRAxA,2021-08-19 18:00:18,18,1721,False,playlist,0.0,,False,False,,Joe是要收藏,22
2276,P7I_HE41W3o,【Joeman】直接對位高階 MacbookPro 的創作者筆電！超漂亮螢幕+第11代intel Core i9的 MSI Creator Z16！,https://www.youtube.com/watch?v=P7I_HE41W3o,2021-08-20 19:30:31,19,841,False,playlist,0.0,,False,False,,【Joeman開箱去】,22
2277,5b0F39pruH0,【Joeman】要價近2億的超級神車！藍寶堅尼油電牛王Sian！2021 Sián FKP 37 Hybrid Supercar,https://www.youtube.com/watch?v=5b0F39pruH0,2021-08-22 18:00:02,18,876,False,playlist,0.0,,False,False,,【Joeman開箱去】,22
2278,qVXKZPCe_nI,【Joeman】要價280萬的頂級重機！Ducati與藍寶堅尼的夢幻聯名！2021 DUCATI Diavel 1260 LAMBORGHINI@elle0315,https://www.youtube.com/watch?v=qVXKZPCe_nI,2021-08-22 12:00:12,12,879,False,keyword,0.0,,False,False,,,22
2279,VcEpa5cDIGA,【Joeman】一次吃上萬元的台菜！4980元的經典台菜對決5980元的創意台菜！金蓬萊遵古台菜餐廳、山海樓【Joe是要對決S2】Ep70 @rayduenglish,https://www.youtube.com/watch?v=VcEpa5cDIGA,2021-08-23 18:00:09,18,1743,False,playlist,0.0,,False,False,,【Joe是要對決】第二季,22
2280,ILeK_Y1sZHk,【Joeman】一坪不到10萬元的海景房？實地考察傳說中的知名廢墟！海灣新城《Joe是要看房》ep.20,https://www.youtube.com/watch?v=ILeK_Y1sZHk,2021-08-27 18:00:07,18,616,False,title_series,0.0,,False,False,,,22
2281,Qc95J1JMF5s,【Joeman】陰間也有貧富差距？180000元的奢華紙紮屋對決3500元的平價紙紮屋【Joe是要對決S2】Ep71@One_Way_Ticket_life,https://www.youtube.com/watch?v=Qc95J1JMF5s,2021-08-30 18:00:09,18,2281,False,playlist,0.0,,False,False,,【Joe是要對決】第二季,22
2282,3fsfp4WnxDA,【Joeman】一個一萬元的超頂級外送便當！直接給一盒海膽？ft.@yuzi_lu,https://www.youtube.com/watch?v=3fsfp4WnxDA,2021-08-31 18:00:04,18,839,False,keyword,3.0,明確商業合作字樣,False,False,,,22
2283,7UXQ7nr25DE,【Joeman】2021組電腦懶人包！2萬~10萬的電腦怎麼組？,https://www.youtube.com/watch?v=7UXQ7nr25DE,2021-09-05 21:44:16,21,1036,False,keyword,0.0,,False,False,,,22
2284,YT4eqCBxTXs,【Joeman】一顆月餅比別人一整盒更貴！9980元的超奢華月餅對決390元的平價百年老店月餅【Joe是要對決S2】Ep72@daddy.iam.9999 @Tw-Universe,https://www.youtube.com/watch?v=YT4eqCBxTXs,2021-09-06 18:00:13,18,2236,False,playlist,0.0,,False,False,,【Joe是要對決】第二季,22
2285,By1f5K_SmLo,【Joeman】散熱更快更靈敏的電競手機！Legion Phone Duel 2開箱,https://www.youtube.com/watch?v=By1f5K_SmLo,2021-09-10 18:00:16,18,649,False,playlist,0.0,,False,False,,【Joeman開箱去】,22
2286,YJt4DL0RavA,【Joeman】顯示卡為何瘋狂漲價？聊聊今年顯卡行情與降價可能！,https://www.youtube.com/watch?v=YJt4DL0RavA,2021-09-11 21:00:25,21,1215,False,keyword,3.0,明確商業合作字樣,False,False,,,22
2287,NIX1BbU3aE0,【Joeman】一晚住宿超過六位數！10萬元的六福萬怡總統套房對決22萬元的台北萬豪總統套房【Joe是要對決S2】Ep73 @haileyhsu,https://www.youtube.com/watch?v=NIX1BbU3aE0,2021-09-13 18:00:08,18,2196,False,playlist,0.0,,False,False,,【Joe是要對決】第二季,22
2288,jmtA3Ll3mcI,【Joeman】幾乎沒有亮點但肯定賣超好的iPhone 13跟iPhone 13 Pro,https://www.youtube.com/watch?v=jmtA3Ll3mcI,2021-09-15 23:15:04,23,830,False,playlist,0.0,,False,False,,【Joeman開箱去】,22
2289,LEpSiICAlvo,【Joeman】吃了快兩萬塊的法式料理！上萬元的米其林法式餐廳對決巷弄平價法式餐廳！歐洲風味餐坊、侯布雄法式餐廳【Joe是要對決S2】Ep74 @goldfishbrain,https://www.youtube.com/watch?v=LEpSiICAlvo,2021-09-20 18:00:18,18,2670,False,playlist,3.0,影片合作聲明,False,False,,【Joe是要對決】第二季,22
2290,mo07lEx0Qaw,【Joeman】全台首開！iPhone 13全系列短開箱！#shorts,https://www.youtube.com/watch?v=mo07lEx0Qaw,2021-09-21 21:04:57,21,56,False,playlist,0.0,,False,False,,開箱精華版,22
2291,_TApfEWBsPo,【Joeman】史上最流暢的iPhone！iPhone 13 Pro & Pro Max詳細開箱,https://www.youtube.com/watch?v=_TApfEWBsPo,2021-09-22 05:38:01,5,1384,False,playlist,8.0,專屬導購代碼|致謝贊助句型|折扣導購用語,False,False,,【Joeman開箱去】,22
2292,ub0IMsI7d8U,【Joeman】iPhone 13詳細開箱！iPhone 13跟Pro到底要怎麼選？,https://www.youtube.com/watch?v=ub0IMsI7d8U,2021-09-24 05:31:03,5,923,False,playlist,8.0,致謝贊助句型|直接提及贊助方|新品發表用語|提及廠商,False,False,,【Joeman開箱去】,22
2293,pN6pbHITBfk,【Joeman】把iPhone 13 Pro改造成空拍機飛上天！真正的飛航模式！iPhone 13 Pro on FPV Drone,https://www.youtube.com/watch?v=pN6pbHITBfk,2021-09-25 20:30:08,20,562,False,playlist,0.0,,False,False,,【Joeman開箱去】,22
2294,VqdXWwzkaKw,【Joeman】iPhone 13開箱完結篇！聊聊iPhone 13 mini與這一代的感想,https://www.youtube.com/watch?v=VqdXWwzkaKw,2021-09-26 23:15:01,23,1430,False,playlist,10.0,致謝贊助句型|影片合作聲明|直接提及贊助方|提及廠商,False,False,,【Joeman開箱去】,22
2295,BluAOlK8jYw,【Joeman】一口氣吃6家牛肉麵！980元的和牛牛肉麵對決90元的平價牛肉麵！清真中國牛肉麵食館、、富宏牛肉麵、牛店、晶華酒店azie 、大師兄銷魂麵舖、一號糧倉【Joe是要對決S2】Ep75,https://www.youtube.com/watch?v=BluAOlK8jYw,2021-09-27 18:00:03,18,2500,False,playlist,3.0,影片合作聲明,False,False,,【Joe是要對決】第二季,22
2296,WwUy5dGh1DE,【Joeman】開著小牛上武嶺！挑戰台灣公路最高點！,https://www.youtube.com/watch?v=WwUy5dGh1DE,2021-10-01 18:00:26,18,1111,False,keyword,0.0,,False,False,,,22
2297,UfWnEHGZVQY,【Joeman】挑戰一日火車環島！在普悠瑪上開箱摺疊手機！,https://www.youtube.com/watch?v=UfWnEHGZVQY,2021-10-03 18:00:10,18,1140,False,keyword,3.0,購買行動用語|新品發表用語,False,False,,,22
2298,AFwMil7lapQ,【Joeman】1998元的奢華海鮮粥對決15元的平價肉粥！葉家肉粥、周記肉粥店、滿粥穗、十二月、珍寶海鮮【Joe是要對決S2】Ep76 ft.Yuri陳怡叡,https://www.youtube.com/watch?v=AFwMil7lapQ,2021-10-04 18:00:04,18,1751,False,playlist,0.0,,False,False,,【Joe是要對決】第二季,22
2299,Zk2fDzPBiIw,【Joeman】中和上億豪宅開箱！無敵河景超級美～遠雄左岸香榭園《Joe是要看房》ep.19,https://www.youtube.com/watch?v=Zk2fDzPBiIw,2021-10-09 20:00:31,20,1949,False,title_series,0.0,,False,False,,,22
2300,ZfggNr7Dxig,【Joeman】2000元的A5和牛奢華三明治對決26元的平價三明治！洪瑞珍、良栗商號、  吐司利亞、梵燒肉、田園海鮮餐廳【Joe是要對決S2】Ep77 ft.@bonibaobao,https://www.youtube.com/watch?v=ZfggNr7Dxig,2021-10-11 18:00:16,18,1939,False,playlist,0.0,,False,False,,【Joe是要對決】第二季,22
2301,nE8qkQ6uHy0,【Joeman】Apple Watch Series 7全台首開！螢幕加大超有感！,https://www.youtube.com/watch?v=nE8qkQ6uHy0,2021-10-13 21:00:21,21,560,False,playlist,10.0,致謝贊助句型|影片合作聲明|直接提及贊助方|提及廠商,False,False,,【Joeman開箱去】,22
2302,30jyM3KGd8U,【Joeman】A粉終極信仰筆電開箱！R9+RX6800M表現如何？ROG Strix G15 G513QY Unboxing,https://www.youtube.com/watch?v=30jyM3KGd8U,2021-10-14 18:00:02,18,855,False,playlist,0.0,,False,False,,【Joeman開箱去】,22
2303,_UtXbictJtQ,【Joeman】叫好不叫座！Sony Xperia 1 III手機開箱！,https://www.youtube.com/watch?v=_UtXbictJtQ,2021-10-17 18:30:09,18,735,False,playlist,0.0,,False,False,,【Joeman開箱去】,22
2304,kWMmRyTrjps,【Joeman】50000元的奢華紅酒對決289元的大賣場紅酒【Joe是要對決S2】Ep78 ft.@yuniko0720,https://www.youtube.com/watch?v=kWMmRyTrjps,2021-10-18 18:00:21,18,2899,False,playlist,11.0,專屬導購代碼|專屬導購連結|折扣導購用語|行銷活動用語|品牌官方導流,False,False,,【Joe是要對決】第二季,22
2305,rzjcUtXQz4E,【Joeman】拍片拍照一應俱全！Sony α7IV全台首開！A74 A7M4 A7IV Unboxing,https://www.youtube.com/watch?v=rzjcUtXQz4E,2021-10-21 23:00:35,23,982,False,playlist,0.0,,False,False,,【Joeman開箱去】,22
2306,N8i6ePzVfbk,【Joeman】開箱全台最大的四驅車賽道！自己組一台四驅車下賽道！Joe是要收藏 ep.23,https://www.youtube.com/watch?v=N8i6ePzVfbk,2021-10-23 18:00:17,18,1561,False,playlist,0.0,,False,False,,Joe是要收藏,22
2307,QejzcDzvmkQ,【Joeman】680元的奢華海陸咖哩飯對決175元的平價巷弄咖哩飯！十巷咖哩、溫咖哩、稲町家香料咖哩、佐藤咖哩、通庵熟成咖哩【Joe是要對決S2】Ep79@HowHowEat @baogerneal,https://www.youtube.com/watch?v=QejzcDzvmkQ,2021-10-25 18:00:09,18,2093,False,playlist,19.0,專屬導購連結|致謝贊助句型|直接提及贊助方|結帳代碼指引|折扣導購用語|行銷活動用語|活動檔期用語|新品發表用語|提及廠商,False,False,,【Joe是要對決】第二季,22
2308,n0l54H7Q418,【Joeman】iPad mini 6開箱！性價比極佳的娛樂平板！iPad mini 2021,https://www.youtube.com/watch?v=n0l54H7Q418,2021-10-30 20:00:23,20,864,False,playlist,19.0,專屬導購代碼|專屬導購連結|致謝贊助句型|影片合作聲明|直接提及贊助方|折扣導購用語|品牌官方導流|提及廠商,False,False,,【Joeman開箱去】,22
2309,a5kEFaNstVI,【Joeman】先買車還是先買房？我的親身經歷分享！,https://www.youtube.com/watch?v=a5kEFaNstVI,2021-10-31 18:00:00,18,1548,False,keyword,4.0,行銷活動用語|通路鋪貨用語,False,False,,,22
2310,p4R6NECDpOQ,【Joeman】4萬元的iPhone 13 Pro Max對決400萬元的Arri電影攝影機！【Joe是要對決S2】Ep80 @Empty1207 @614,https://www.youtube.com/watch?v=p4R6NECDpOQ,2021-11-01 18:00:19,18,2149,False,playlist,0.0,,False,False,,【Joe是要對決】第二季,22
2311,7U_eiJYNytQ,【Joeman】今年最令我驚喜的蘋果產品！Macbook Pro 16 M1 Max開箱,https://www.youtube.com/watch?v=7U_eiJYNytQ,2021-11-04 18:00:04,18,1500,False,playlist,0.0,,False,False,,【Joeman開箱去】,22
2312,sy5CPsAnN7M,【Joeman】我把小牛賣了！養超跑一年到底花多少錢？,https://www.youtube.com/watch?v=sy5CPsAnN7M,2021-11-05 18:30:04,18,1169,False,keyword,0.0,,False,False,,,22
2313,fg2cbRRTaEY,【Joeman】全家買完不到十萬塊！淘寶原木家具開箱！,https://www.youtube.com/watch?v=fg2cbRRTaEY,2021-11-07 18:30:21,18,1254,False,keyword,8.0,影片合作聲明|折扣導購用語|促銷方案用語|品牌官方導流,False,False,,,22
2314,Q_8D-adAjtU,【Joeman】470元的干貝和牛創意刈包對決45元的巷口平價刈包！一甲子餐飲、 源芳刈包、藍家割包、欣葉台菜、客坐KE ZUO【Joe是要對決S2】Ep81 @link8195,https://www.youtube.com/watch?v=Q_8D-adAjtU,2021-11-08 18:00:08,18,1818,False,playlist,0.0,,False,False,,【Joe是要對決】第二季,22
2315,q3KydX1F3sg,【Joeman】3200元的米其林麻油雞對決120元的平價麻油雞！莊家班麻油雞、阿圖麻油雞、富錦樹台菜香檳、阿男麻油雞【Joe是要對決S2】Ep82 @Maguhaley,https://www.youtube.com/watch?v=q3KydX1F3sg,2021-11-15 18:00:19,18,2327,False,playlist,0.0,,False,False,,【Joe是要對決】第二季,22
2316,v5tiuJav8b0,【Joeman】可以拍照錄影的智慧眼鏡！Facebook Ray-Ban Stories,https://www.youtube.com/watch?v=v5tiuJav8b0,2021-11-16 18:00:23,18,595,False,playlist,3.0,明確商業合作字樣,False,False,,【Joeman開箱去】,22
2317,XFia3csKyWg,【Joeman】螢幕面板科普！LCD、OLED、Mini LED優缺點分析！,https://www.youtube.com/watch?v=XFia3csKyWg,2021-11-20 18:00:25,18,1338,False,keyword,0.0,,False,False,,,22
2318,DlLE8b3CC44,【Joeman】將近30年前的H Game？傳說中的18禁家機遊戲！世嘉土星SEGA Saturn收藏家 Joe是要收藏 ep.24,https://www.youtube.com/watch?v=DlLE8b3CC44,2021-11-21 18:00:04,18,1698,False,playlist,0.0,,False,False,,Joe是要收藏,22
2319,Bc0Wv_6STYI,【Joeman】14890元的超頂級礦泉水對決15元的便利商店礦泉水【Joe是要對決S2】Ep83 @annie72127,https://www.youtube.com/watch?v=Bc0Wv_6STYI,2021-11-22 18:00:03,18,2230,False,playlist,0.0,,False,False,,【Joe是要對決】第二季,22
2320,1-nWL4gBqaM,【Joeman】自己開露營車出去睡一晚！在車上耍廢睡覺超級爽～@CrazyMan,https://www.youtube.com/watch?v=1-nWL4gBqaM,2021-11-25 18:00:01,18,1321,False,playlist,11.0,專屬導購代碼|專屬導購連結|折扣導購用語|行動呼籲句型|品牌官方導流,False,False,,Joeman帶你去吃各地美食,22
2321,U8-FHsAPIr4,【Joeman】一日快遞外送司機體驗！真的好賺嗎？,https://www.youtube.com/watch?v=U8-FHsAPIr4,2021-11-26 18:00:14,18,1392,False,keyword,0.0,,False,False,,,22
2322,yxqrbHNwT_E,【Joeman】4500元的頂級牡丹蝦對決0.05元的平價小蝦【Joe是要對決S2】Ep84 @XiaoKui,https://www.youtube.com/watch?v=yxqrbHNwT_E,2021-11-29 18:00:33,18,2041,False,playlist,0.0,,False,False,,【Joe是要對決】第二季,22
2323,xGAEMUCjWTM,【Joeman】2021年台灣十大YouTube熱門影片榜單！全台首發！,https://www.youtube.com/watch?v=xGAEMUCjWTM,2021-12-01 10:00:23,10,1079,False,none,0.0,,False,False,,,22
2324,KSAHyCNYw1A,【Joeman】繼續走自己的路！Pixel 6 與Pixel 6 Pro開箱,https://www.youtube.com/watch?v=KSAHyCNYw1A,2021-12-04 12:00:03,12,1169,False,playlist,0.0,,False,False,,【Joeman開箱去】,22
2325,ri1WfmgMFz0,【Joeman】奢華家電開箱！超過20萬的冰箱與洗乾衣機！,https://www.youtube.com/watch?v=ri1WfmgMFz0,2021-12-05 18:00:22,18,1435,False,playlist,3.0,產品導流連結,False,False,,【Joeman開箱去】,22
2326,VY6D1_7Ajr0,【Joeman】8370元的奢華松露對決299元的平價松露【Joe是要對決S2】Ep85 @BearGenie,https://www.youtube.com/watch?v=VY6D1_7Ajr0,2021-12-06 18:00:21,18,2002,False,playlist,7.0,專屬導購連結|購買行動用語|行動呼籲句型,False,False,,【Joe是要對決】第二季,22
2327,NTndXfhR0zE,暴露年齡的經典武俠遊戲！我國中的回憶啊！【Joeman】#shorts,https://www.youtube.com/watch?v=NTndXfhR0zE,2021-12-08 18:30:03,18,58,False,playlist,0.0,,False,False,,開箱精華版,22
2328,IBA3k7GBsWc,一顆200萬的比特幣如何用機器挖？實際採訪超大型大型礦場 ​⁠-加密貨幣三部曲 Ep1【Joeman】第九人稱,https://www.youtube.com/watch?v=IBA3k7GBsWc,2021-12-10 18:00:14,18,3447,True,playlist,13.0,致謝贊助句型|影片合作聲明|直接提及贊助方|專屬導購指引|提及廠商,False,False,,加密貨幣三部曲,22
2329,ddMOtaFwDcM,【Joeman】我的影片竟然被詐騙集團拿去騙錢！超不爽澄清！,https://www.youtube.com/watch?v=ddMOtaFwDcM,2021-12-11 18:00:15,18,679,False,none,0.0,,False,False,,,22
2330,Tw1B3IDJvVY,【Joeman】9500元一套的無菜單奢華壽司對決40元一盤的平價迴轉壽司！壽司郎、辰壽司【Joe是要對決S2】Ep86  @atotheda,https://www.youtube.com/watch?v=Tw1B3IDJvVY,2021-12-13 18:00:12,18,3555,False,playlist,2.0,行動呼籲句型,False,False,,【Joe是要對決】第二季,22
2331,9CjRb72GC0k,【Joeman】一次開箱兩套Sony家庭劇院音響！黑科技再現！Sony HT-A9 HT-A7000 Unboxing,https://www.youtube.com/watch?v=9CjRb72GC0k,2021-12-15 18:00:04,18,966,False,playlist,0.0,,False,False,,【Joeman開箱去】,22
2332,387emEw5JwU,【Joeman】 超溫馨企劃！帶媽媽一起拍婚紗！,https://www.youtube.com/watch?v=387emEw5JwU,2021-12-17 18:30:01,18,1273,False,none,1.0,品牌官方導流,False,False,,,22
2333,ImruSbg0iQ8,【Joeman】4270元的奢華溫體牛肉湯對決130元的平價道地牛肉湯！台牛牛肉湯、牛總涮牛肉、【Joe是要對決S2】Ep87 @Queen沐雨柔Eve,https://www.youtube.com/watch?v=ImruSbg0iQ8,2021-12-20 18:00:15,18,1689,False,playlist,0.0,,False,False,,【Joe是要對決】第二季,22
2334,JQ_q2024vT4,【Joeman】超強但台灣沒有賣的電競手機！紅魔6S Pro氘鋒特別版開箱,https://www.youtube.com/watch?v=JQ_q2024vT4,2021-12-22 18:00:17,18,753,False,playlist,3.0,明確商業合作字樣,False,False,,【Joeman開箱去】,22
2335,nttE3-8_boQ,【Joeman】520的米其林干貝蚵仔煎對決65元的夜市蚵仔煎！金蓬萊遵古台菜餐廳、阿宗蚵仔煎、東石順蚵仔煎、圓環邊蚵仔煎、廣州街夜市香脆蚵仔煎【Joe是要對決S2】Ep88 @chian7799,https://www.youtube.com/watch?v=nttE3-8_boQ,2021-12-27 18:00:18,18,1883,False,playlist,12.0,致謝贊助句型|影片合作聲明|直接提及贊助方|折扣導購用語|提及廠商,False,False,,【Joe是要對決】第二季,22
2336,guc10_Ydzo4,【Joeman】跟著台中人吃道地美食～一口氣吃六家！@ginachiki @AJin_Jin @annie72127,https://www.youtube.com/watch?v=guc10_Ydzo4,2021-12-28 18:00:17,18,1367,False,keyword,7.0,影片合作聲明|導購區塊標題|品牌官方導流,False,False,,,22
2337,GhIHK6Xqv1M,【Joeman】買了千萬退休宅送媽媽！無敵河景與科技裝潢《Joe是要看房》ep.21,https://www.youtube.com/watch?v=GhIHK6Xqv1M,2021-12-30 18:00:07,18,2580,False,title_series,0.0,,False,False,,,22
2338,TUTdJxNrG4c,【Joeman】一次開箱兩台創作筆電！順便來聊聊影片剪接！@goldfishbrain,https://www.youtube.com/watch?v=TUTdJxNrG4c,2021-12-31 18:00:13,18,1456,False,playlist,0.0,,False,False,,【Joeman開箱去】,22
2339,cBXtgcjg1N0,【Joeman】超逼真的假iPhone 13開箱！台幣不到一萬塊還送超多贈品？,https://www.youtube.com/watch?v=cBXtgcjg1N0,2022-01-01 13:00:30,13,975,False,playlist,0.0,,False,False,,【Joeman開箱去】,22
2340,NAoHr3xEguQ,【Joeman】80元的創意鹽酥雞對決50元的巷口鹽酥雞！台灣塩酥雞、初炸小食、、師園、鹹酥李、中原街鹽酥雞【Joe是要對決S2】Ep89 @haileyhsu,https://www.youtube.com/watch?v=NAoHr3xEguQ,2022-01-03 18:00:09,18,2159,False,playlist,22.0,專屬導購連結|致謝贊助句型|影片合作聲明|直接提及贊助方|推薦或聯盟行銷連結|折扣導購用語|購買行動用語|行銷活動用語|提及廠商,False,False,,【Joe是要對決】第二季,22
2341,xaqp4pBdPok,【Joeman】地表最強礦卡開箱！一張10萬塊還買不到！Nvidia HX170,https://www.youtube.com/watch?v=xaqp4pBdPok,2022-01-04 18:00:19,18,602,False,playlist,0.0,,False,False,,【Joeman開箱去】,22
2342,dZUq8xVXPgE,【Joeman】最新一代的Macbook要怎麼選？一次看懂規格差距與選購指南！Macbook Pro 14 M1 Pro開箱,https://www.youtube.com/watch?v=dZUq8xVXPgE,2022-01-06 18:00:13,18,680,False,playlist,0.0,,False,False,,【Joeman開箱去】,22
2343,Pnexn6J5PW4,【Joeman】送員工一人一本2000元刮刮樂！2022版,https://www.youtube.com/watch?v=Pnexn6J5PW4,2022-01-08 19:30:06,19,914,False,none,0.0,,False,False,,,22
2344,DcS68SucHcU,【Joeman】7-11虎年2022福袋搶先開箱！一口氣開箱30幾袋！抽獎抽起來～,https://www.youtube.com/watch?v=DcS68SucHcU,2022-01-09 12:00:07,12,2682,False,playlist,2.0,行銷活動用語,False,False,,【Joeman開箱去】,22
2345,Do0epabd-Ew,過年放什麼煙火？一千萬元以上的奢華煙火對決99元的平價煙火【Joe是要對決S2】Ep90 ft. @JiaJiaGo,https://www.youtube.com/watch?v=Do0epabd-Ew,2022-01-10 18:00:11,18,2194,False,playlist,0.0,,False,False,,【Joe是要對決】第二季,22
2346,r6MDw9Gb070,【Joeman】2022安卓旗艦處理器高通Snapdragon 8Gen1首次測試！是否繼續烙賽？,https://www.youtube.com/watch?v=r6MDw9Gb070,2022-01-11 18:00:19,18,802,False,playlist,3.0,明確商業合作字樣,False,False,,【Joeman開箱去】,22
2347,G3DXXvcX7Ew,【Joeman】危險卻也絕美！傳說中的劍龍稜！挑戰北部郊山之王,https://www.youtube.com/watch?v=G3DXXvcX7Ew,2022-01-13 18:01:44,18,915,False,keyword,8.0,專屬導購連結|推薦或聯盟行銷連結|折扣導購用語,False,False,,,22
2348,SbxhyVb7JMQ,【Joeman】地表最速休旅車！台灣第一台Model X Plaid開箱！,https://www.youtube.com/watch?v=SbxhyVb7JMQ,2022-01-14 18:00:10,18,676,False,keyword,0.0,,False,False,,,22
2349,Zc7Ftti3_aw,【Joeman】整老闆企劃！騙Joeman拍業配，其實是花他的錢辦尾牙！@CrazyMan,https://www.youtube.com/watch?v=Zc7Ftti3_aw,2022-01-16 18:00:14,18,1390,False,none,4.0,直接提及贊助方|提及廠商,False,False,,,22
2350,n8AfusLmE7w,【Joeman】5480的道地奢華酸菜白肉鍋對決240元的市場平價酸菜白肉鍋！成家小館、圍爐【Joe是要對決S2】Ep91 @5499iamjojo,https://www.youtube.com/watch?v=n8AfusLmE7w,2022-01-17 18:00:36,18,1611,False,playlist,0.0,,False,False,,【Joe是要對決】第二季,22
2351,1iesSR0phFY,【Joeman】幫媽媽換了一個電子門鎖！各種解鎖方式超好用～耶魯智慧門鎖Yale YDM7220開箱,https://www.youtube.com/watch?v=1iesSR0phFY,2022-01-18 19:00:03,19,559,False,playlist,3.0,導購區塊標題,False,False,,【Joeman開箱去】,22
2352,RLDhVpqqnJE,【Joeman】工作狂的家有多亂？年末打掃要靠它／她？！,https://www.youtube.com/watch?v=RLDhVpqqnJE,2022-01-19 18:30:04,18,1025,False,none,1.0,品牌官方導流,False,False,,,22
2353,ZFIbYRhg51Q,【Joeman】2580元的奢華肉乾對決320元的平價肉乾【Joe是要對決S2】Ep92 @35visitchannel,https://www.youtube.com/watch?v=ZFIbYRhg51Q,2022-01-24 18:00:12,18,2101,False,playlist,0.0,,False,False,,【Joe是要對決】第二季,22
2354,Kx_WQFscKq0,【Joeman】2萬~16萬的電腦怎麼組？2022一起組電腦！,https://www.youtube.com/watch?v=Kx_WQFscKq0,2022-01-26 18:00:07,18,1097,False,keyword,1.0,新品發表用語,False,False,,,22
2355,k8BBSaHf6iI,【Joeman】一戶4000萬！真的清水模建築！北投奇岩豪宅開箱~大可山石《Joe是要看房》ep.22,https://www.youtube.com/watch?v=k8BBSaHf6iI,2022-01-27 18:00:32,18,1587,False,title_series,0.0,,False,False,,,22
2356,D6KtZp2T258,【Joeman】農曆年前最後一開！小米12 Pro開箱！成熟但亮點有限,https://www.youtube.com/watch?v=D6KtZp2T258,2022-01-30 18:00:06,18,1107,False,playlist,0.0,,False,False,,【Joeman開箱去】,22
2357,GacFTjwDZAk,【Joeman】9000元的奢華烏魚子對決100元的平價烏魚子【Joe是要對決S2】Ep93 @ginachiki,https://www.youtube.com/watch?v=GacFTjwDZAk,2022-01-31 18:00:05,18,2034,False,playlist,2.0,行動呼籲句型,False,False,,【Joe是要對決】第二季,22
2358,D6V_zVqub-E,【Joeman】新年拍老梗！18禁洋芋片真的很辣嗎？2022拍這有人要看嗎？,https://www.youtube.com/watch?v=D6V_zVqub-E,2022-02-01 18:00:10,18,660,False,none,0.0,,False,False,,,22
2359,wnrZeMS5qMI,凱米颱風來了吃啥？泡麵加布丁竟然超好吃！,https://www.youtube.com/watch?v=wnrZeMS5qMI,2022-02-02 18:00:35,18,399,False,keyword,0.0,,False,False,,,22
2360,12Q8i81DLUo,【Joeman】新年拍老梗！把小熊餅乾搖成球！2022拍這有人要看嗎？,https://www.youtube.com/watch?v=12Q8i81DLUo,2022-02-03 18:00:01,18,447,False,none,0.0,,False,False,,,22
2361,dY7kntGnJdM,【Joeman】新年拍老梗！超崩潰的冰桶挑戰！2022拍這有人要看嗎？,https://www.youtube.com/watch?v=dY7kntGnJdM,2022-02-04 18:00:18,18,274,False,keyword,0.0,,False,False,,,22
2362,cEScUqJeQzA,【Joeman】18480元的奢華石斑魚對決300元的平價石斑魚【Joe是要對決S2】Ep94 @BIGSNAKEBALL @jimmywangchef,https://www.youtube.com/watch?v=cEScUqJeQzA,2022-02-07 18:00:15,18,1527,False,playlist,0.0,,False,False,,【Joe是要對決】第二季,22
2363,KkYwOniDuMo,【Joeman】毛胚就超過一億元！台中七期頂級豪宅開箱！寶輝秋紅谷《Joe是要看房》ep.23,https://www.youtube.com/watch?v=KkYwOniDuMo,2022-02-12 12:00:04,12,2143,False,title_series,0.0,,False,False,,,22
2364,nAtujJm5PNc,【Joeman】9999元的奢華吃到飽對決369元的平價吃到飽！韓香亭、佐賀野仁【Joe是要對決S2】Ep95 @annie72127 @AJin_Jin,https://www.youtube.com/watch?v=nAtujJm5PNc,2022-02-14 18:00:16,18,2417,False,playlist,0.0,,False,False,,【Joe是要對決】第二季,22
2365,GkVWBb2-KeY,【Joeman】現買現賺的休旅神車！全新保時捷Cayenne Coupe開箱！  @35線上賞屋 ​,https://www.youtube.com/watch?v=GkVWBb2-KeY,2022-02-18 21:15:01,21,1073,False,keyword,0.0,,False,False,,,22
2366,k8tKBbreRNM,【Joeman】一次開箱30包！全聯送的小玩具真的很醜嗎？崩壞漫威公仔開箱！,https://www.youtube.com/watch?v=k8tKBbreRNM,2022-02-19 12:00:11,12,846,False,playlist,0.0,,False,False,,【Joeman開箱去】,22
2367,A3wxNMANQIU,【Joeman】68600元的奢華羽絨外套對決299元的平價羽絨外套【Joe是要對決S2】Ep96 @linda-egg,https://www.youtube.com/watch?v=A3wxNMANQIU,2022-02-21 18:00:08,18,1597,False,playlist,0.0,,False,False,,【Joe是要對決】第二季,22
2368,ouqFdCPuN3s,【Joeman】定價超過十萬元的奢華智慧手錶開箱！竟然賣到缺貨？LV路易威登第三代智慧手錶TAMBOUR HORIZON LIGHT UP,https://www.youtube.com/watch?v=ouqFdCPuN3s,2022-02-26 18:00:20,18,666,False,playlist,0.0,,False,False,,【Joeman開箱去】,22
2369,LFYMaHcnBVQ,【Joeman】14410元的奢華泰式料理對決465元的平價泰式料理！Kanokwan 老麵攤、Thai&Thai 泰式餐廳\【Joe是要對決S2】Ep97 @yuniko0720,https://www.youtube.com/watch?v=LFYMaHcnBVQ,2022-02-28 18:00:06,18,2353,False,playlist,3.0,影片合作聲明,False,False,,【Joe是要對決】第二季,22
2370,bC-78cLA86E,【Joeman】6560元的奢華威靈頓牛排對決520元的平價威靈頓料理！LSD Café Salon、Orchid Restaurant 蘭、【Joe是要對決S2】Ep98 @Psyman塞門,https://www.youtube.com/watch?v=bC-78cLA86E,2022-03-07 18:00:13,18,2796,False,playlist,3.0,影片合作聲明,False,False,,【Joe是要對決】第二季,22
2371,O5pscw-Uck0,【Joeman】值得買嗎？最新綠色iPhone 13 Pro開箱！順便聊聊我對iPhone 14的猜想,https://www.youtube.com/watch?v=O5pscw-Uck0,2022-03-11 22:00:14,22,530,False,playlist,1.0,新品發表用語,False,False,,【Joeman開箱去】,22
2372,pR6Q7Tk0A_k,【Joeman】S22 Ultra旗艦手機開箱！一切都很好，就是性能太保守！,https://www.youtube.com/watch?v=pR6Q7Tk0A_k,2022-03-12 12:00:10,12,1244,False,playlist,0.0,,False,False,,【Joeman開箱去】,22
2373,OvX0T76qbVY,【Joeman】11440元的奢華韓式料理對決690元的平價韓式料理！朝鮮味韓國料理、三元花園韓式餐廳【Joe是要對決S2】Ep99 @alisasa_official,https://www.youtube.com/watch?v=OvX0T76qbVY,2022-03-14 18:00:16,18,1896,False,playlist,0.0,,False,False,,【Joe是要對決】第二季,22
2374,8P6aUNS6Y2g,【Joeman】最便宜的iPhone開箱！iPhone SE3開箱！不到2萬的iPhone要怎麼選？,https://www.youtube.com/watch?v=8P6aUNS6Y2g,2022-03-15 19:00:06,19,721,False,keyword,0.0,,False,False,,,22
2375,poV4ne5Pd5Q,【Joeman】直接塞了一顆i9進去的超級平板！ROG Flow Z13開箱！,https://www.youtube.com/watch?v=poV4ne5Pd5Q,2022-03-17 18:00:20,18,1016,False,playlist,0.0,,False,False,,【Joeman開箱去】,22
2376,fFI9uVdf6sk,【Joeman】一人6800元的奢華海產店對決765元的平價海產店！紅翻天生猛海鮮、真的好海鮮餐廳【Joe是要對決S2】Ep100 @Dinterlolz,https://www.youtube.com/watch?v=fFI9uVdf6sk,2022-03-21 18:00:15,18,2219,False,playlist,14.0,致謝贊助句型|影片合作聲明|直接提及贊助方|折扣導購用語|行動呼籲句型|提及廠商,False,False,,【Joe是要對決】第二季,22
2377,Wl1yGkiDaFA,【Joeman】貪小便宜的下場！買了網路上的半價顯卡...結果竟然是十年前的魔改假貨！,https://www.youtube.com/watch?v=Wl1yGkiDaFA,2022-03-25 18:00:13,18,776,False,playlist,0.0,,False,False,,【Joeman開箱去】,22
2378,2WODWnq1-xQ,【Joeman】砸2000萬裝潢！連門都可以聲控開啟的太空艙科技宅！遠雄錸麗《Joe是要看房》ep.24 @35visitchannel,https://www.youtube.com/watch?v=2WODWnq1-xQ,2022-03-26 18:00:01,18,1677,False,title_series,0.0,,False,False,,,22
2379,2UuftnOVm2s,【Joeman】可以腳踢感應的冰箱！奢華科技家電開箱！,https://www.youtube.com/watch?v=2UuftnOVm2s,2022-03-27 12:00:02,12,1036,False,playlist,0.0,,False,False,,【Joeman開箱去】,22
2380,0yJL4x_G3rg,【Joeman】1100元的奢華義大利麵對決100元的平價義大利麵！嵐迪義大利麵、AL REVÈS 顛倒餐廳、蘿絲瑪莉義麵坊、JAPOLI 、紅廚 【Joe是要對決S2】Ep101@XiaoKui​,https://www.youtube.com/watch?v=0yJL4x_G3rg,2022-03-28 18:00:01,18,2450,False,playlist,7.0,致謝贊助句型|直接提及贊助方|提及廠商,False,False,,【Joe是要對決】第二季,22
2381,r1zW8tqOyas,【Joeman】體驗台中海線美食！跟著繞境路線吃吃喝喝！@MIMOSAGO,https://www.youtube.com/watch?v=r1zW8tqOyas,2022-03-29 18:00:23,18,1410,False,keyword,7.0,致謝贊助句型|影片合作聲明|品牌官方導流,False,False,,,22
2382,tCZeTqEjHVo,【Joeman】地表最強卡王！RTX3090Ti開箱！一張超過6萬值得買嗎？,https://www.youtube.com/watch?v=tCZeTqEjHVo,2022-03-29 23:30:08,23,904,False,playlist,13.0,致謝贊助句型|影片合作聲明|直接提及贊助方|電商賣場連結|提及廠商,False,False,,【Joeman開箱去】,22
2383,ee9cA0dq77I,【Joeman】耳機上有洞是甚麼體驗？地表最通透的藍牙耳機！Sony LinkBuds開箱體驗,https://www.youtube.com/watch?v=ee9cA0dq77I,2022-03-31 18:00:17,18,751,False,playlist,3.0,產品導流連結,False,False,,【Joeman開箱去】,22
2384,YCwCKU06xNM,【Joeman】7000元的米其林奢華牛排200元的平價牛排！人从众厚切牛排、A Cut 牛排館【Joe是要對決S2】Ep102 @helloiamhook,https://www.youtube.com/watch?v=YCwCKU06xNM,2022-04-04 18:00:15,18,2435,False,playlist,14.0,致謝贊助句型|影片合作聲明|直接提及贊助方|折扣導購用語|行動呼籲句型|提及廠商,False,False,,【Joe是要對決】第二季,22
2385,4LHUrIERM50,【Joeman】一戶破億！板橋頂級豪宅開箱！一層一戶極致規格 馥華雲鼎《Joe是要看房》ep.26 @35visitchannel,https://www.youtube.com/watch?v=4LHUrIERM50,2022-04-10 18:00:02,18,2685,False,title_series,5.0,折扣導購用語|購買行動用語|新品發表用語,False,False,,,22
2386,4OLostqHleA,【Joeman】3270元的奢華豬肉對決88元的平價豬肉【Joe是要對決S2】Ep103@zhenyi_yuna,https://www.youtube.com/watch?v=4OLostqHleA,2022-04-11 18:00:03,18,2393,False,playlist,0.0,,False,False,,【Joe是要對決】第二季,22
2387,DYNfpSSMJzw,【Joeman】一個人住60幾坪是甚麼體驗？開箱女神的家！《Joe是要看房》ep.27@sabrina5236,https://www.youtube.com/watch?v=DYNfpSSMJzw,2022-04-12 18:00:05,18,1736,False,title_series,2.0,購買行動用語,False,False,,,22
2388,6_d_hU5Jqdo,【Joeman】信仰滿滿！一整套ROG周邊鍵盤滑鼠開箱！,https://www.youtube.com/watch?v=6_d_hU5Jqdo,2022-04-14 19:30:01,19,781,False,keyword,1.0,新品發表用語,False,False,,,22
2389,iIR2pYVLqtw,【Joeman】中國版的PS5竟然有原價現貨？直接買來改成台版爽爽玩！但是......,https://www.youtube.com/watch?v=iIR2pYVLqtw,2022-04-15 19:00:19,19,611,False,playlist,4.0,明確商業合作字樣|新品發表用語,False,False,,【Joeman開箱去】,22
2390,p3fTRa9N_IU,【Joeman】開箱25年前的太空筆電與現代的太空筆電！ASUS Zenbook 14X OLED Space edition太空版開箱,https://www.youtube.com/watch?v=p3fTRa9N_IU,2022-04-16 19:00:32,19,1124,False,keyword,1.0,新品發表用語,False,False,,,22
2391,L9QRybzWstk,【Joeman】38034元的奢華龍膽石斑感謝祭【Joe是要對決S2】Ep104@BIGSNAKEBALL @stanleyslol,https://www.youtube.com/watch?v=L9QRybzWstk,2022-04-18 18:00:09,18,1947,False,playlist,0.0,,False,False,,【Joe是要對決】第二季,22
2392,XajfPW1lhyA,【Joeman】一人10000元的奢華鐵板燒對決130元的平價鐵板燒！自強鐵板燒、展鐵板燒【Joe是要對決S2】Ep105@atotheda,https://www.youtube.com/watch?v=XajfPW1lhyA,2022-04-25 18:00:24,18,2674,False,playlist,0.0,,False,False,,【Joe是要對決】第二季,22
2393,u-Mzr0PHCQM,【Joeman】考古40年前的台北房價！一坪竟然不到10萬元？這麼便宜為什麼爸媽不爆買？,https://www.youtube.com/watch?v=u-Mzr0PHCQM,2022-04-28 18:00:25,18,1357,False,keyword,3.0,明確商業合作字樣,False,False,,,22
2394,qtwXsAlAimw,"【Joeman】一晚$17,500包吃包住包喝，在文華東方酒店住一晚！",https://www.youtube.com/watch?v=qtwXsAlAimw,2022-04-29 18:00:28,18,2175,False,playlist,6.0,購買行動用語|行銷活動用語|品牌官方導流|活動檔期用語,False,False,,【Joeman開箱去】,22
2395,8j4sI5lHtKo,台北蛋餅對決！阿婆早餐、重慶豆漿、喜多士豆漿店、軟食力、長勝君捲蛋餅、山豬蛋餅【Joe是要對決S2】Ep106 Joeman@haileyhsu,https://www.youtube.com/watch?v=8j4sI5lHtKo,2022-05-02 18:00:03,18,2197,False,playlist,10.0,致謝贊助句型|影片合作聲明|直接提及贊助方|提及廠商,False,False,,【Joe是要對決】第二季,22
2396,A9joKYgpUT8,【Joeman】一口氣開箱五款怪異滑鼠！滑鼠同時是計算機？,https://www.youtube.com/watch?v=A9joKYgpUT8,2022-05-06 18:00:10,18,861,False,playlist,3.0,明確商業合作字樣,False,False,,【Joeman開箱去】,22
2397,hMGVkdQk16Y,【Joeman】6300元的時尚奢華剪髮對決100元的平價連鎖剪髮【Joe是要對決S2】Ep107 @kimi0512ji @phoebe_christina,https://www.youtube.com/watch?v=hMGVkdQk16Y,2022-05-09 18:00:31,18,1625,False,playlist,10.0,致謝贊助句型|影片合作聲明|直接提及贊助方|提及廠商,False,False,,【Joe是要對決】第二季,22
2398,RGTj4ciIB24,【Joeman】全球首款連續光學變焦手機！Sony Xperia 1 IV開箱！依舊黑科技但又有點任性,https://www.youtube.com/watch?v=RGTj4ciIB24,2022-05-12 18:00:23,18,1240,False,playlist,1.0,新品發表用語,False,False,,【Joeman開箱去】,22
2399,eBMWMliI_vQ,【Joeman】全台首發！ROG X 新世紀福音戰士聯名款全品項開箱！一整套未免也太帥了吧～,https://www.youtube.com/watch?v=eBMWMliI_vQ,2022-05-14 20:00:17,20,1525,False,playlist,4.0,購買行動用語|行銷活動用語,False,False,,【Joeman開箱去】,22
2400,phEcZPONXxc,【Joeman】2980元的奢華素食套餐對決50元的平價素食吃到飽！如祥結緣素食、陽明春天・心五藝文創園區、【Joe是要對決S2】Ep108@Traveggo,https://www.youtube.com/watch?v=phEcZPONXxc,2022-05-16 18:00:20,18,2578,False,playlist,14.0,專屬導購代碼|專屬導購連結|導購區塊標題|電商賣場連結|折扣導購用語,False,False,,【Joe是要對決】第二季,22
2401,tw0i-3GbDLs,【Joeman】Gogoro全新車款試駕！有TCS循跡防滑+定速巡航真的超方便～Gogoro Supersport Ace開箱,https://www.youtube.com/watch?v=tw0i-3GbDLs,2022-05-17 18:00:35,18,490,False,playlist,0.0,,False,False,,【Joeman開箱去】,22
2402,8lo3Dmg5uP4,【Joeman】全台首開！搶先拿到8 Gen1 Plus工程機！台積電製程是否可以拯救高通？Snapdragon 8+ Gen1 Unboxing,https://www.youtube.com/watch?v=8lo3Dmg5uP4,2022-05-20 21:00:05,21,600,False,playlist,1.0,新品發表用語,False,False,,【Joeman開箱去】,22
2403,DTopRyWTstQ,【Joeman】1100元的奢華披薩對決60元的平價披薩！ 薩莉亞、Gusto Pizza、首爾餐酒館、愛披薩、義大利米蘭手工窯烤披薩【Joe是要對決S2】Ep109 @HowHowEat,https://www.youtube.com/watch?v=DTopRyWTstQ,2022-05-23 18:00:11,18,2411,False,playlist,12.0,致謝贊助句型|影片合作聲明|直接提及贊助方|購買行動用語|提及廠商,False,False,,【Joe是要對決】第二季,22
2404,mWZZCZGRGF4,【Joeman】用筆電的零件魔改出來的桌上型顯卡？超奇葩的RTX3060顯卡開箱！,https://www.youtube.com/watch?v=mWZZCZGRGF4,2022-05-24 18:00:32,18,646,False,playlist,3.0,明確商業合作字樣,False,False,,【Joeman開箱去】,22
2405,MQ7ruD4w6-M,【Joeman】要價20萬的奢華顯示器！拿來打PS5跟看劇有夠爽~Sony BRAVIA X95K開箱實測！,https://www.youtube.com/watch?v=MQ7ruD4w6-M,2022-05-25 18:00:10,18,706,False,keyword,0.0,,False,False,,,22
2406,RUqiqSxLjxg,【Joeman】挑戰地表最強筆電！ 第 12 代 Intel® Core™ i9-12900HK + GeForce RTX™ 3080 Ti ! MSI GE76 2022開箱！,https://www.youtube.com/watch?v=RUqiqSxLjxg,2022-05-26 18:00:21,18,797,False,keyword,6.0,導購區塊標題|電商賣場連結,False,False,,,22
2407,YmmW8V7b73M,【Joeman】iPad air、mini、Pro那麼多種要怎麼買？2022 iPad 選購指南,https://www.youtube.com/watch?v=YmmW8V7b73M,2022-05-28 18:00:19,18,810,False,playlist,1.0,品牌官方導流,False,False,,【Joeman開箱去】,22
2408,xeN7e-LqxlI,【Joeman】120元的平價粽子對決19元的平價粽子！阿桐阿寶、十八王公劉家肉粽、王記府城肉粽、九如商號、四喜食品行【Joe是要對決S2】Ep110@Maguhaley @haleyAip4ever,https://www.youtube.com/watch?v=xeN7e-LqxlI,2022-05-30 18:00:33,18,2501,False,playlist,9.0,專屬導購代碼|結帳代碼指引|折扣導購用語|品牌官方導流,False,False,,【Joe是要對決】第二季,22
2409,flZGbAoEihc,最新一代！小米手環7快速開箱！【Joeman】#shorts,https://www.youtube.com/watch?v=flZGbAoEihc,2022-06-02 19:30:07,19,43,False,keyword,0.0,,False,False,,,22
2410,quEh5LoFH_c,【紀錄片】一個月工作400小時的人生 - 第九人稱 @shuteyeorange,https://www.youtube.com/watch?v=quEh5LoFH_c,2022-06-03 18:00:14,18,1308,True,title_series,0.0,,False,False,,,22
2411,ijVVHIL7C0g,【Joeman】500元的平價算命對決6000元的奢華算命【Joe是要對決S2】Ep111@lioumonn,https://www.youtube.com/watch?v=ijVVHIL7C0g,2022-06-06 18:00:18,18,2655,False,playlist,12.0,致謝贊助句型|影片合作聲明|直接提及贊助方|折扣導購用語|提及廠商,False,False,,【Joe是要對決】第二季,22
2412,BIplHfTPuxI,【Joeman】iPhone iOS16搶先上手測試！新的鎖定畫面超好用！,https://www.youtube.com/watch?v=BIplHfTPuxI,2022-06-08 03:45:01,3,234,False,playlist,0.0,,False,False,,【Joeman開箱去】,22
2413,IYgjUrHqDvE,【Joeman】廢到笑！只要500元的盜版PS5開箱！,https://www.youtube.com/watch?v=IYgjUrHqDvE,2022-06-08 18:30:03,18,406,False,playlist,0.0,,False,False,,【Joeman開箱去】,22
2414,UcWFMZEKkrc,【Joeman】終於大改款了！ Sony最強的無線降噪耳機！WH-1000XM5,https://www.youtube.com/watch?v=UcWFMZEKkrc,2022-06-08 20:45:02,20,726,False,playlist,4.0,產品導流連結|新品發表用語,False,False,,【Joeman開箱去】,22
2415,ZapmC1A-cv4,【Joeman】30元的平價肉圓對決350元的奢華肉圓！彰化燒肉圓、北門口肉圓、 阿三肉圓、阿璋肉圓、過溝仔肉圓王【Joe是要對決S2】Ep112 @annie72127,https://www.youtube.com/watch?v=ZapmC1A-cv4,2022-06-13 18:00:14,18,2250,False,playlist,2.0,折扣導購用語,False,False,,【Joe是要對決】第二季,22
2416,LvohTo7WGt0,【Joeman】台灣沒上市的超稀有手機！火影忍者聯名手機！realme GT Neo 3開箱,https://www.youtube.com/watch?v=LvohTo7WGt0,2022-06-15 21:00:11,21,655,False,playlist,1.0,新品發表用語,False,False,,【Joeman開箱去】,22
2417,VksRswA-Ns4,比特幣破新高！當年慘賠的我是什麼心情？加密貨幣三部曲 Ep2【Joeman】第九人稱,https://www.youtube.com/watch?v=VksRswA-Ns4,2022-06-15 18:00:30,18,700,False,playlist,6.0,明確商業合作字樣|專屬導購指引,False,False,,加密貨幣三部曲,22
2418,O91nsg9kRZQ,【Joeman】邀朋友來家裡吃私廚！@onion_man,https://www.youtube.com/watch?v=O91nsg9kRZQ,2022-06-16 18:00:16,18,1811,False,none,5.0,致謝贊助句型|通路鋪貨用語,False,False,,,22
2419,yzc9YzV7Syw,【Joeman】終於要在台灣上市啦！黑鯊5 Pro電競手機開箱！,https://www.youtube.com/watch?v=yzc9YzV7Syw,2022-06-17 18:00:40,18,605,False,playlist,3.0,購買行動用語|新品發表用語,False,False,,【Joeman開箱去】,22
2420,xSYD9e1EuRU,【Joeman】11440元的奢華燒肉對決940元的平價燒肉_台中篇！哼！燒肉、脂板前【Joe是要對決S2】Ep113@annie72127,https://www.youtube.com/watch?v=xSYD9e1EuRU,2022-06-20 18:00:22,18,2779,False,title_series,12.0,致謝贊助句型|影片合作聲明|直接提及贊助方|購買行動用語|提及廠商,False,False,,,22
2421,k6EXynJwKXY,【Joeman】地下街的神祕小賣店！超多經典老電玩～瞬間時光回朔！Joe是要收藏,https://www.youtube.com/watch?v=k6EXynJwKXY,2022-06-22 22:15:02,22,2413,False,title_series,1.0,新品發表用語,False,False,,,22
2422,lwRPPuCn668,【Joeman】6000元內最強的降躁耳機！Sony LinkBuds S 開箱！WF-LS900N Unboxing,https://www.youtube.com/watch?v=lwRPPuCn668,2022-06-25 12:00:29,12,696,False,playlist,4.0,延伸導流連結|新品發表用語,False,False,,【Joeman開箱去】,22
2423,oTabQrtv84M,日本瘋搶！初代PlayStation造型收納包 寶島社聯名！【Joeman】#shorts,https://www.youtube.com/watch?v=oTabQrtv84M,2022-06-26 12:00:30,12,57,False,playlist,0.0,,False,False,,開箱精華版,22
2424,m0HApYaBXjw,【Joeman】300元一盒的奢華雞蛋對決60元一盒的平價雞蛋！真的有差嗎？【Joe是要對決S2】Ep114 @goldfishbrain,https://www.youtube.com/watch?v=m0HApYaBXjw,2022-06-27 18:00:19,18,2512,False,playlist,25.0,專屬導購代碼|專屬導購連結|致謝贊助句型|影片合作聲明|直接提及贊助方|專屬導購指引|結帳代碼指引|折扣導購用語|品牌官方導流|提及廠商,False,False,,【Joe是要對決】第二季,22
2425,aceNrMAVM5U,【Joeman】史上最難買的遊戲掌機！Steam Deck開箱！,https://www.youtube.com/watch?v=aceNrMAVM5U,2022-06-28 18:00:01,18,971,False,playlist,7.0,致謝贊助句型|直接提及贊助方|提及廠商,False,False,,【Joeman開箱去】,22
2426,MESiIYUc2vc,【Joeman】2700元的奢華芒果冰對決80元的平價芒果冰！冰天地冰城、小時候冰菓室、春美冰菓室、Sylvie森林甜點、大碗公 冰·甜品【Joe是要對決S2】Ep115@AlinaCheng,https://www.youtube.com/watch?v=MESiIYUc2vc,2022-07-04 18:00:13,18,2422,False,playlist,0.0,,False,False,,【Joe是要對決】第二季,22
2427,ITYM66o2wIw,【Joeman】全台首開！地表最強電競手機ROG Phone 6 Pro開箱！高通8+ Gen 1終於雪恥了？,https://www.youtube.com/watch?v=ITYM66o2wIw,2022-07-05 20:30:09,20,1105,False,playlist,2.0,購買行動用語,False,False,,【Joeman開箱去】,22
2428,rwvi8jAbN8k,【Joeman】花100萬實測！聽朋友報的明牌買股票會賺錢嗎？竟然真的買到大飆股！@rayduenglish @shasha77 @35visitchannel @金旋風 @haileyhsu @bailingguo,https://www.youtube.com/watch?v=rwvi8jAbN8k,2022-07-06 18:00:35,18,1298,False,keyword,0.0,,False,False,,,22
2429,CRE-orJTLO0,【Joeman】8000萬的養生豪宅！開箱吳淡如的家！冠德微山丘《Joe是要看房》ep.27,https://www.youtube.com/watch?v=CRE-orJTLO0,2022-07-08 19:00:05,19,1639,False,title_series,3.0,直接提及贊助方,False,False,,,22
2430,TzXPxEjEzmw,【Joeman】1480元的奢華海鮮丼飯對決120元的平價海鮮丼飯！伊薩姆日本料理、瞞著爹壽司丼、丼賞和食、日本橋海鮮丼辻半、食指大丼【Joe是要對決S2】Ep116@pinpinponpon627,https://www.youtube.com/watch?v=TzXPxEjEzmw,2022-07-11 18:00:28,18,3167,False,playlist,7.0,專屬導購連結|折扣導購用語|購買行動用語,False,False,,【Joe是要對決】第二季,22
2431,fEAoVt6vajg,【Joeman】Sony竟然出了電競耳機？一次開箱三款！Inzone H3、H7、H9開箱,https://www.youtube.com/watch?v=fEAoVt6vajg,2022-07-12 18:00:24,18,1092,False,playlist,1.0,品牌官方導流,False,False,,【Joeman開箱去】,22
2432,4_NCqZ7FIt0,【Joeman】我的編輯Chris要離職了！,https://www.youtube.com/watch?v=4_NCqZ7FIt0,2022-07-13 18:00:03,18,496,False,none,0.0,,False,False,,,22
2433,rhA7snMYs7g,【Joeman】外觀超美！亞洲第一萬間7-11開箱！台南亞萬門市,https://www.youtube.com/watch?v=rhA7snMYs7g,2022-07-13 23:30:11,23,300,False,playlist,0.0,,False,False,,【Joeman開箱去】,22
2434,PIBQFd-YAfU,【Joeman】久違的跑山～幫我的賓士E300換新輪胎 ft. @SnowNonStop,https://www.youtube.com/watch?v=PIBQFd-YAfU,2022-07-16 12:00:20,12,698,False,playlist,2.0,行銷活動用語,False,False,,【Joeman開箱去】,22
2435,4tOSUbRaSsY,【Joeman】討論度超高的新手機品牌！Nothing Phone (1)開箱！,https://www.youtube.com/watch?v=4tOSUbRaSsY,2022-07-18 21:00:07,21,886,False,playlist,1.0,品牌官方導流,False,False,,【Joeman開箱去】,22
2436,lPWZS0TxykQ,【Joeman】37元的平價蔥油餅對決60元的平價蔥油餅！阿嬤蔥油餅、柯氏蔥油餅、 星寶蔥達人、龍潭日香炸蛋蔥油餅、義豐葱油派【Joe是要對決S2】Ep117 @haileyhsu,https://www.youtube.com/watch?v=lPWZS0TxykQ,2022-07-18 18:00:32,18,1937,False,playlist,14.0,致謝贊助句型|影片合作聲明|直接提及贊助方|折扣導購用語|行動呼籲句型|提及廠商,False,False,,【Joe是要對決】第二季,22
2437,x9K2yVWCnqg,麥當勞x皮卡丘置物盒搶先開箱！這次好搶嗎？【Joeman】#shorts,https://www.youtube.com/watch?v=x9K2yVWCnqg,2022-07-19 21:45:03,21,36,False,playlist,0.0,,False,False,,開箱精華版,22
2438,NWZdlvevZ1U,【Joeman】3780元的奢華羊排對決299元的平價羊排！【Joe是要對決S2】Ep118 @feipo1998,https://www.youtube.com/watch?v=NWZdlvevZ1U,2022-07-25 18:00:22,18,2218,False,playlist,10.0,致謝贊助句型|影片合作聲明|直接提及贊助方|提及廠商,False,False,,【Joe是要對決】第二季,22
2439,h4jh_ZeF-Qo,【Joeman】幫新員工買筆電！一口氣買了20幾萬！,https://www.youtube.com/watch?v=h4jh_ZeF-Qo,2022-07-26 18:30:14,18,964,False,playlist,6.0,致謝贊助句型|購買行動用語|品牌官方導流,False,False,,【Joeman開箱去】,22
2440,RyibuB-DUTs,【Joeman】超旗艦小米12S Ultra！這手機拍出來的照片有毒～,https://www.youtube.com/watch?v=RyibuB-DUTs,2022-07-27 18:00:15,18,1158,False,keyword,0.0,,False,False,,,22
2441,9pXHw8ypHm0,【Joeman】今年手感最好的安卓旗艦！Zenfone 9 全台首開！,https://www.youtube.com/watch?v=9pXHw8ypHm0,2022-07-28 21:30:05,21,1072,False,playlist,0.0,,False,False,,【Joeman開箱去】,22
2442,nvxm9atR6i4,【Joeman】媽媽超開心～台南老家網路大升速！500/250M速度超有感,https://www.youtube.com/watch?v=nvxm9atR6i4,2022-07-29 18:30:20,18,1418,False,none,0.0,,False,False,,,22
2443,PqNIq_yFZok,【Joeman】1000萬元的奢華棺材對決8000元的平價棺材！【Joe是要對決S2】Ep119@One_Way_Ticket_life,https://www.youtube.com/watch?v=PqNIq_yFZok,2022-08-01 18:00:12,18,2962,False,playlist,9.0,專屬導購代碼|結帳代碼指引|折扣導購用語|活動檔期用語,False,False,,【Joe是要對決】第二季,22
2444,VhUQg7bSayg,【Joeman】一次開箱五把復古鍵盤！Actto、羅技、Lofree、Firstblood、KnewKey,https://www.youtube.com/watch?v=VhUQg7bSayg,2022-08-02 18:00:28,18,1102,False,playlist,4.0,明確商業合作字樣|提及廠商,False,False,,【Joeman開箱去】,22
2445,q-s18A_NStc,【Joeman】總價5000萬！台中單元二豪宅開箱！寶輝City Park 《Joe是要看房》ep.28,https://www.youtube.com/watch?v=q-s18A_NStc,2022-08-06 18:00:35,18,1862,False,title_series,4.0,致謝贊助句型|品牌官方導流,False,False,,,22
2446,TbZAc5gi1lg,【Joeman】1800元的奢華蛋糕對決79元的平價蛋糕！【Joe是要對決S2】Ep120@yu_n0422,https://www.youtube.com/watch?v=TbZAc5gi1lg,2022-08-08 18:00:27,18,2117,False,playlist,12.0,致謝贊助句型|影片合作聲明|直接提及贊助方|行動呼籲句型|提及廠商,False,False,,【Joe是要對決】第二季,22
2447,0DVYOUVxjM0,【Joeman】M1跟M2要怎麼選？Macbook Air M2 2022詳細開箱！,https://www.youtube.com/watch?v=0DVYOUVxjM0,2022-08-12 20:30:01,20,1033,False,playlist,3.0,明確商業合作字樣,False,False,,【Joeman開箱去】,22
2448,njJ6GsH_oH0,【Joeman】9000萬淡水退休豪宅！兩戶打通155坪到底有多爽？馥人灣《Joe是要看房》ep.29,https://www.youtube.com/watch?v=njJ6GsH_oH0,2022-08-13 18:00:25,18,2151,False,title_series,0.0,,False,False,,,22
2449,lY70g8t2-Zo,【Joeman】50000元的奢華鮑魚對決400元的平價鮑魚！【Joe是要對決S2】Ep121@5499iamjojo,https://www.youtube.com/watch?v=lY70g8t2-Zo,2022-08-15 18:00:33,18,2871,False,playlist,14.0,致謝贊助句型|影片合作聲明|直接提及贊助方|折扣導購用語|行動呼籲句型|提及廠商,False,False,,【Joe是要對決】第二季,22
2450,xGIF-iT4GCs,【Joeman】這螢幕也太誇張了吧！可直立的巨型曲面螢幕Odyssey Ark 55電競顯示器開箱,https://www.youtube.com/watch?v=xGIF-iT4GCs,2022-08-16 18:00:30,18,866,False,playlist,3.0,產品導流連結,False,False,,【Joeman開箱去】,22
2451,_4Ovlz973iQ,【Joeman】2800元的奢華漢堡對決42元的平價漢堡！丹丹漢堡、双木漢堡、蓋拉澳式漢堡、ROBIN'S 牛排鐵板燒餐廳【Joe是要對決S2】Ep122@BIGSNAKEBALL,https://www.youtube.com/watch?v=_4Ovlz973iQ,2022-08-22 18:00:33,18,2362,False,playlist,2.0,折扣導購用語,False,False,,【Joe是要對決】第二季,22
2452,GecojKkw7Es,【Joeman】永遠不用削的鉛筆？永恆金屬鉛筆開箱！metacil,https://www.youtube.com/watch?v=GecojKkw7Es,2022-08-24 18:00:12,18,481,False,playlist,0.0,,False,False,,【Joeman開箱去】,22
2453,Sa0xVPldSPI,【Joeman】轉檔速度超級快！台幣十萬的創作筆電！ASUS Zenbook 16X OLED,https://www.youtube.com/watch?v=Sa0xVPldSPI,2022-08-26 18:00:15,18,1041,False,playlist,3.0,產品導流連結,False,False,,【Joeman開箱去】,22
2454,LYCQNkthLyM,【Joeman】我的34歲生日！竟然開了20萬的威士忌！,https://www.youtube.com/watch?v=LYCQNkthLyM,2022-08-27 18:00:11,18,1165,False,playlist,6.0,影片合作聲明|直接提及贊助方,False,False,,【Joeman開箱去】,22
2455,W6_isgPHWvU,【Joeman】每個月都換車開是什麼體驗！擁有瑪莎拉蒂一個月！@aries8248,https://www.youtube.com/watch?v=W6_isgPHWvU,2022-08-28 12:00:13,12,1621,False,keyword,0.0,,False,False,,,22
2456,iVEgbs0crZ0,【Joeman】1800元的奢華巴士對決150元的平價巴士！【Joe是要對決S2】Ep123@CoCoWine,https://www.youtube.com/watch?v=iVEgbs0crZ0,2022-08-29 18:00:31,18,2218,False,playlist,5.0,電商賣場連結|折扣導購用語,False,False,,【Joe是要對決】第二季,22
2457,4f9aW8ibAkQ,【Joeman】超巨大摺疊筆電開箱！Zenbook 17 Fold OLED 全台首開！,https://www.youtube.com/watch?v=4f9aW8ibAkQ,2022-08-31 20:00:02,20,1028,False,playlist,3.0,產品導流連結,False,False,,【Joeman開箱去】,22
2458,8UnGXCzqWT8,【Joeman】我組了一台可以養魚的電競主機！ ft@blackm3,https://www.youtube.com/watch?v=8UnGXCzqWT8,2022-09-04 18:00:04,18,1037,False,playlist,0.0,,False,False,,【Joeman開箱去】,22
2459,OohH63cEV_s,【Joeman】4590元的奢華白飯對決20元的平價白飯！【Joe是要對決S2】Ep124@illyandlean,https://www.youtube.com/watch?v=OohH63cEV_s,2022-09-05 18:00:11,18,2299,False,playlist,0.0,,False,False,,【Joe是要對決】第二季,22
2460,tyvxFAas-Fw,【Joeman】依舊在擠牙膏！iPhone 14 全系列感想！,https://www.youtube.com/watch?v=tyvxFAas-Fw,2022-09-08 13:00:19,13,796,False,playlist,0.0,,False,False,,【Joeman開箱去】,22
2461,FYALksVxpvo,【Joeman】25200元的奢華比基尼對決260元的平價比基尼！【Joe是要對決S2】Ep125@95_mizuki_tw @kimi_0531 @sabrina5236,https://www.youtube.com/watch?v=FYALksVxpvo,2022-09-12 18:00:08,18,2183,False,playlist,14.0,致謝贊助句型|影片合作聲明|直接提及贊助方|折扣導購用語|行動呼籲句型|提及廠商,False,False,,【Joe是要對決】第二季,22
2462,GUgPYAWpOZ0,【Joeman】iPhone 14 Pro & Pro Max詳細開箱！效能依舊無敵！,https://www.youtube.com/watch?v=GUgPYAWpOZ0,2022-09-14 21:11:14,21,1838,False,playlist,14.0,專屬導購代碼|專屬導購連結|致謝贊助句型|結帳代碼指引|折扣導購用語,False,False,,【Joeman開箱去】,22
2463,bjVRlHg2roU,【Joeman】定位尷尬卻還是很有實力！iPhone 14開箱,https://www.youtube.com/watch?v=bjVRlHg2roU,2022-09-15 23:00:32,23,1420,False,playlist,11.0,專屬導購連結|致謝贊助句型|推薦或聯盟行銷連結|折扣導購用語,False,False,,【Joeman開箱去】,22
2464,L_x8J1bHFKQ,【Joeman】第一年年薪就破百萬？夢幻外商一日體驗！,https://www.youtube.com/watch?v=L_x8J1bHFKQ,2022-09-16 18:00:14,18,1481,False,keyword,2.0,折扣導購用語,False,False,,,22
2465,I5uELkKf294,【Joeman】時速80公里的假車禍！iPhone 14的車禍偵測會啟動嗎？,https://www.youtube.com/watch?v=I5uELkKf294,2022-09-17 21:00:08,21,572,False,playlist,5.0,致謝贊助句型|折扣導購用語,False,False,,【Joeman開箱去】,22
2466,p5cyDhVXi7A,【Joeman】192元的奢華鮮奶對決79元的平價鮮奶！福樂、鮮乳坊、瑞穗、高大鮮乳、吉蒸牧場、義美、北海道十勝【Joe是要對決S2】Ep126@amber0309,https://www.youtube.com/watch?v=p5cyDhVXi7A,2022-09-19 18:00:34,18,2203,False,playlist,3.0,電商賣場連結,False,False,,【Joe是要對決】第二季,22
2467,LYAqKEH23x0,【Joeman】兩年不見～東京我們終於來了！,https://www.youtube.com/watch?v=LYAqKEH23x0,2022-09-21 20:00:30,20,1082,False,playlist,1.0,品牌官方導流,False,False,,【Joeman開箱去】,22
2468,dR50ced-8dI,【Joeman】真正的飛航模式！把iPhone 14 Pro送上天！動作模式的極限？,https://www.youtube.com/watch?v=dR50ced-8dI,2022-09-22 20:03:13,20,687,False,playlist,21.0,專屬導購代碼|致謝贊助句型|直接提及贊助方|推薦或聯盟行銷連結|結帳代碼指引|折扣導購用語|行銷活動用語|品牌官方導流|提及廠商,False,False,,【Joeman開箱去】,22
2469,eiHZaTlMHmQ,【Joeman】年底壓軸旗艦安卓！ROG Phone 6D Ultimate開箱,https://www.youtube.com/watch?v=eiHZaTlMHmQ,2022-09-23 18:00:33,18,1079,False,playlist,0.0,,False,False,,【Joeman開箱去】,22
2470,Ga22mpTDS6A,東京版《Joe是要對決》日幣30000元的奢華壽喜燒對決日幣600元的平價壽喜燒！金太郎、淺草今半 Ep127@haileyhsu@Riloch,https://www.youtube.com/watch?v=Ga22mpTDS6A,2022-09-26 18:00:21,18,3739,False,playlist,10.0,致謝贊助句型|影片合作聲明|直接提及贊助方|提及廠商,False,False,,【Joe是要對決】第二季,22
2471,-8aTzd6F5QQ,【Joeman】超級大全配！一次開箱15款Logitech羅技辦公室周邊！,https://www.youtube.com/watch?v=-8aTzd6F5QQ,2022-09-27 18:00:00,18,1508,False,playlist,0.0,,False,False,,【Joeman開箱去】,22
2472,ZUZWGmc23l8,【Joeman】台北160坪一層一戶溫馨豪宅！開箱關穎的家！《Joe是要看房》ep.30,https://www.youtube.com/watch?v=ZUZWGmc23l8,2022-09-28 19:00:18,19,2230,False,title_series,0.0,,False,False,,,22
2473,rk-OwXrNxoU,【Joeman】差一點就完美！AirPods Pro 2開箱,https://www.youtube.com/watch?v=rk-OwXrNxoU,2022-10-01 23:30:13,23,1278,False,playlist,22.0,專屬導購代碼|致謝贊助句型|直接提及贊助方|推薦或聯盟行銷連結|結帳代碼指引|折扣導購用語|行銷活動用語|品牌官方導流|新品發表用語|提及廠商,False,False,,【Joeman開箱去】,22
2474,eBgJTutuwSc,東京版《Joe是要對決》日幣29000元的奢華牛排對決日幣1000元的平價牛排！YAPPARI STEAK、西洋料理 島 Ep128@rulovejapan,https://www.youtube.com/watch?v=eBgJTutuwSc,2022-10-03 18:00:22,18,2368,False,playlist,5.0,導購區塊標題|購買行動用語,False,False,,【Joe是要對決】第二季,22
2475,KCTQH29Qg-Y,【Joeman】開價一億元！新竹高鐵水岸豪宅開箱！名發天琚《Joe是要看房》ep.31,https://www.youtube.com/watch?v=KCTQH29Qg-Y,2022-10-05 18:00:20,18,1865,False,playlist,4.0,折扣導購用語|購買行動用語,False,False,,【Joeman開箱去】,22
2476,fA8AQOj8F_I,【Joeman】今年最強的遊戲iPhone！iPhone 14 Plus開箱,https://www.youtube.com/watch?v=fA8AQOj8F_I,2022-10-06 12:15:00,12,1027,False,playlist,6.0,專屬導購連結|購買行動用語|新品發表用語,False,False,,【Joeman開箱去】,22
2477,k7f31Xn_1n8,【Joeman】我為什麼要拍日本房地產？從底層邏輯分析我的影片題材！【網紅觀察室】,https://www.youtube.com/watch?v=k7f31Xn_1n8,2022-10-06 21:00:23,21,1529,False,playlist,3.0,直接提及贊助方,False,False,,Joeman網紅觀察室,22
2478,tA-0nB_8yCY,【Joeman】東京套房竟然不到台幣200萬？《Joe是要看房日本篇》ep.1,https://www.youtube.com/watch?v=tA-0nB_8yCY,2022-10-07 18:00:49,18,1998,False,playlist,2.0,品牌官方導流|新品發表用語,False,False,,Joe是要看房-日本篇,22
2479,S7QYsRTLCMw,【Joeman】等了兩年的商務艙影片！長榮夢幻客機787皇璽桂冠艙開箱體驗,https://www.youtube.com/watch?v=S7QYsRTLCMw,2022-10-08 12:00:08,12,745,False,playlist,0.0,,False,False,,【Joeman】飛機餐與貴賓室,22
2480,QF5QC-DizYQ,東京版《Joe是要對決》日幣31000元的奢華燒肉對決一盤日幣30元的平價燒肉！治郎丸、USHIGORO SEp129@domidolosobig,https://www.youtube.com/watch?v=QF5QC-DizYQ,2022-10-10 18:00:13,18,3114,False,playlist,14.0,致謝贊助句型|影片合作聲明|直接提及贊助方|折扣導購用語|行動呼籲句型|提及廠商,False,False,,【Joe是要對決】第二季,22
2481,wdGq6ZxBKJk,【Joeman】地表最強顯示卡！RTX4090開箱！定價五萬多值得嗎？,https://www.youtube.com/watch?v=wdGq6ZxBKJk,2022-10-11 21:00:40,21,1190,False,playlist,3.0,致謝贊助句型,False,False,,【Joeman開箱去】,22
2482,AGB710SYruo,【Joeman】頂級拍照與中階價格！Pixel 7 Pro 開箱！,https://www.youtube.com/watch?v=AGB710SYruo,2022-10-13 01:00:06,1,1043,False,playlist,2.0,購買行動用語,False,False,,【Joeman開箱去】,22
2483,9x4TKHQoWBw,【Joeman】東京破億日圓的獨棟大樓！這個裝潢是要玩密室逃脫嗎……《Joe是要看房日本篇》ep.2 @11hao,https://www.youtube.com/watch?v=9x4TKHQoWBw,2022-10-14 18:00:06,18,1007,False,playlist,10.0,致謝贊助句型|影片合作聲明|直接提及贊助方|提及廠商,False,False,,Joe是要看房-日本篇,22
2484,tgz7ol-ra3I,東京版《Joe是要對決》日幣10000元的奢華便當對決日幣320元的平價便當！Ep130,https://www.youtube.com/watch?v=tgz7ol-ra3I,2022-10-17 18:00:36,18,2210,False,playlist,6.0,致謝贊助句型|影片合作聲明,False,False,,【Joe是要對決】第二季,22
2485,YEnaITOkEd8,【Joeman】開箱吳淡如在東京的家！6000萬的一戶建透天！《Joe是要看房日本篇》ep.3,https://www.youtube.com/watch?v=YEnaITOkEd8,2022-10-21 18:00:22,18,1196,False,playlist,19.0,專屬導購代碼|專屬導購連結|致謝贊助句型|影片合作聲明|直接提及贊助方|折扣導購用語|品牌官方導流|提及廠商,False,False,,Joe是要看房-日本篇,22
2486,jysx6Fx6i_w,【Joeman】把特斯拉開到沒電！Model Y極限續航可以跑多遠？同場加映充電速度測試,https://www.youtube.com/watch?v=jysx6Fx6i_w,2022-10-21 22:00:23,22,756,False,keyword,8.0,推薦或聯盟行銷連結|專屬導購指引|折扣導購用語,False,False,,,22
2487,q01xZBCnhNA,【Joeman】1880元的奢華鍋燒意麵對決90元的平價鍋燒意麵！哈哈活力站、伊府軒鍋燒店、伊府將鍋燒、勞碌命鍋燒意麵、啊母啊姆鍋燒麵《Joe是要對決S2》Ep131@pinpinponpon627​,https://www.youtube.com/watch?v=q01xZBCnhNA,2022-10-24 18:00:36,18,2444,False,playlist,14.0,專屬導購代碼|專屬導購連結|專屬導購指引|結帳代碼指引|折扣導購用語,False,False,,【Joe是要對決】第二季,22
2488,TKy2LrYcHD4,【Joeman】Model Y一週試駕心得！到底跟Model 3差異在哪？ @daddy.iam.9999,https://www.youtube.com/watch?v=TKy2LrYcHD4,2022-10-25 18:00:17,18,1305,False,keyword,0.0,,False,False,,,22
2489,3fclWKQ2C7w,【Joeman】1億2千萬送超大露臺？開箱我在日本住10天的公寓！《Joe是要看房日本篇》ep.4,https://www.youtube.com/watch?v=3fclWKQ2C7w,2022-10-28 21:30:02,21,1245,False,playlist,0.0,,False,False,,Joe是要看房-日本篇,22
2490,OnG1Qx7xe1I,【Joeman】6380元的奢華米糕對決25元的平價米糕！精忠三村米糕、落成米糕、下大道蘭米糕、保安路米糕、台南晶英酒店 -晶英軒《Joe是要對決S2》Ep132@tainanjosh,https://www.youtube.com/watch?v=OnG1Qx7xe1I,2022-10-31 18:00:13,18,2208,False,playlist,0.0,,False,False,,【Joe是要對決】第二季,22
2491,2h9eXfGois0,【Joeman】入圍七項卻全部槓龜的夜晚,https://www.youtube.com/watch?v=2h9eXfGois0,2022-11-01 20:30:02,20,719,False,none,0.0,,False,False,,,22
2492,gA7h4OelMyw,【Joeman】1億2000萬送超大庭院！超舒服的東京家庭式公寓！《Joe是要看房日本篇》ep.5,https://www.youtube.com/watch?v=gA7h4OelMyw,2022-11-04 18:00:22,18,1509,False,playlist,7.0,電商賣場連結|折扣導購用語|行銷活動用語,False,False,,Joe是要看房-日本篇,22
2493,uRyuWGqa8QU,【Joeman】華航皮卡丘彩繪機商務艙&經濟艙體驗！Pikachu Jet China Airline,https://www.youtube.com/watch?v=uRyuWGqa8QU,2022-11-05 18:00:36,18,1191,False,playlist,0.0,,False,False,,【Joeman】飛機餐與貴賓室,22
2494,c2A_cTJIqYE,【Joeman】250元的奢華鴨肉飯vs25元的平價鴨肉飯！鴨肉珍、趕鴨子上桌、七賢鴨肉飯、鴨肉和、正宗鴨肉飯《Joe是要對決S2》Ep133 @Chimaichen@lanyimingyoyo,https://www.youtube.com/watch?v=c2A_cTJIqYE,2022-11-07 18:00:16,18,2285,False,playlist,14.0,致謝贊助句型|影片合作聲明|直接提及贊助方|折扣導購用語|行動呼籲句型|提及廠商,False,False,,【Joe是要對決】第二季,22
2495,AuCukfaG9hU,【Joeman】Sony家庭劇院音響選購指南！HT-A5000、A3000開箱,https://www.youtube.com/watch?v=AuCukfaG9hU,2022-11-08 18:00:05,18,747,False,playlist,1.0,新品發表用語,False,False,,【Joeman開箱去】,22
2496,PRp3kJtMQwU,【Joeman】跟吳淡如聊日本買房的故事！怎樣的房子才值得買？《Joe是要看房日本篇》,https://www.youtube.com/watch?v=PRp3kJtMQwU,2022-11-09 18:00:14,18,1413,False,playlist,0.0,,False,False,,Joe是要看房-日本篇,22
2497,GOz2uVzX5mw,【Joeman】充滿吐槽點的iPad 10！2023 iPad選購指南！,https://www.youtube.com/watch?v=GOz2uVzX5mw,2022-11-10 18:00:12,18,1037,False,playlist,3.0,導購區塊標題,False,False,,【Joeman開箱去】,22
2498,tIHs0W8IVIk,【Joeman】犀牛盾雙11今年限時最低優惠！！,https://www.youtube.com/watch?v=tIHs0W8IVIk,2022-11-10 16:30:12,16,53,False,none,8.0,專屬導購代碼|折扣導購用語|購買行動用語|品牌官方導流,False,False,,,22
2499,7XZwOeSa6WY,【Joeman】一坪台幣170萬！東京房價不輸台北？《Joe是要看房日本篇》ep.6,https://www.youtube.com/watch?v=7XZwOeSa6WY,2022-11-11 18:00:07,18,1080,False,playlist,0.0,,False,False,,Joe是要看房-日本篇,22
2500,F2iCM2qSOGY,【Joeman】再次去算命！台積電到底要不要賣？,https://www.youtube.com/watch?v=F2iCM2qSOGY,2022-11-12 12:00:09,12,487,False,none,0.0,,False,False,,,22
2501,X-z2JSMWlH0,【Joeman】8460元的奢華螃蟹對決100元的平價螃蟹！ 阿嬌萬里蟹、川郎活蟹海鮮料理《Joe是要對決S2》Ep134@atotheda,https://www.youtube.com/watch?v=X-z2JSMWlH0,2022-11-14 18:00:19,18,2323,False,playlist,3.0,影片合作聲明,False,False,,【Joe是要對決】第二季,22
2502,3FCv9MvDdFA,【Joeman】睽違三年！我組了16萬的信仰主機！,https://www.youtube.com/watch?v=3FCv9MvDdFA,2022-11-17 18:00:01,18,1074,False,playlist,4.0,致謝贊助句型|新品發表用語,False,False,,【Joeman開箱去】,22
2503,jEnqop_lanA,【Joeman】日本經濟泡沫前破億的東京透天！現在值多少錢？《Joe是要看房日本篇》ep.7,https://www.youtube.com/watch?v=jEnqop_lanA,2022-11-18 18:00:24,18,930,False,playlist,0.0,,False,False,,Joe是要看房-日本篇,22
2504,dFujMyICK-U,【Joeman】年度大企劃！東京迪士尼對決大阪環球影城！《Joe是要對決S2》Ep135 ft.海莉,https://www.youtube.com/watch?v=dFujMyICK-U,2022-11-21 19:00:25,19,3147,False,playlist,14.0,致謝贊助句型|影片合作聲明|直接提及贊助方|折扣導購用語|行動呼籲句型|提及廠商,False,False,,【Joe是要對決】第二季,22
2505,WApEI0IaJEc,【Joeman】總價9500萬！新店200坪超美別墅！新店華城《Joe是要看房》ep.32,https://www.youtube.com/watch?v=WApEI0IaJEc,2022-11-24 18:00:26,18,1367,False,title_series,1.0,品牌官方導流,False,False,,,22
2506,F9ObOPQeWeU,【Joeman】要價4億元！東京晴空塔旁的全新公寓！設計師本間貴史《Joe是要看房日本篇》ep.8,https://www.youtube.com/watch?v=F9ObOPQeWeU,2022-11-25 18:00:08,18,926,False,playlist,0.0,,False,False,,Joe是要看房-日本篇,22
2507,x1O3FZ8MsM8,【Joeman】一人4180元的奢華台菜對決一盤100元的平價台菜！ 品鱻100元熱炒、美福大飯店 米香台菜餐廳、《Joe是要對決S2》Ep136 ft.魚乾,https://www.youtube.com/watch?v=x1O3FZ8MsM8,2022-11-28 18:00:29,18,2854,False,playlist,5.0,專屬導購連結|購買行動用語,False,False,,【Joe是要對決】第二季,22
2508,3jutcJj1e_w,【Joeman】200坪住起來是怎樣的體驗？東京12億豪宅開箱！《Joe是要看房日本篇》ep.9,https://www.youtube.com/watch?v=3jutcJj1e_w,2022-12-02 18:00:01,18,1151,False,playlist,0.0,,False,False,,Joe是要看房-日本篇,22
2509,9-4rhsK_7Lo,【Joeman】1600元的奢華米粉湯對決30元的平價米粉湯！大龍峒肉羹 - 米粉湯、三禾米粉湯、69年老店麵攤、胡饕米粉黑白切、新東南海鮮餐廳《Joe是要對決S2》Ep137 ft.Jojo,https://www.youtube.com/watch?v=9-4rhsK_7Lo,2022-12-05 18:00:03,18,2425,False,playlist,14.0,致謝贊助句型|影片合作聲明|直接提及贊助方|折扣導購用語|行動呼籲句型|提及廠商,False,False,,【Joe是要對決】第二季,22
2510,ZZCUOdRn2hM,【Joeman】說走就走！毫無預警的出國旅遊！ft.晨灰@CrazyMan,https://www.youtube.com/watch?v=ZZCUOdRn2hM,2022-12-06 20:30:17,20,2010,False,keyword,6.0,專屬導購連結|推薦或聯盟行銷連結,False,False,,,22
2511,-Y8N0KSs7U4,【Joeman】全台首開！7-11竟然出了聖誕節福袋！,https://www.youtube.com/watch?v=-Y8N0KSs7U4,2022-12-08 18:00:00,18,1247,False,none,6.0,折扣導購用語|購買行動用語|品牌官方導流|新品發表用語,False,False,,,22
2512,oYtwKOKU0BY,【Joeman】包下整間餐廳吃鐵板燒！超豪華的阪前和牛鐵板燒料理！ft.魚乾,https://www.youtube.com/watch?v=oYtwKOKU0BY,2022-12-09 18:00:24,18,1715,False,keyword,0.0,,False,False,,,22
2513,ZeXpLdo_Vd8,【Joeman】年度大企劃！80000日元的奢華泡泡浴對決14000元的平價泡泡浴《Joe是要對決S2》Ep138 ft.中指通、瘋男,https://www.youtube.com/watch?v=ZeXpLdo_Vd8,2022-12-12 18:00:16,18,3084,False,playlist,8.0,專屬導購連結|影片合作聲明|購買行動用語,False,False,,【Joe是要對決】第二季,22
2514,H70ERz8gMlM,【Joeman】擁有一台奢華保母車是怎樣的體驗？Toyota Alphard真實車主心得分享 ft.蛇丸、Ted,https://www.youtube.com/watch?v=H70ERz8gMlM,2022-12-14 18:00:13,18,1178,False,keyword,0.0,,False,False,,,22
2515,J90TTQpspd0,【Joeman】超過3億日幣！台灣移民設計的東京豪宅！《Joe是要看房日本篇》ep.10,https://www.youtube.com/watch?v=J90TTQpspd0,2022-12-16 18:00:15,18,1605,False,playlist,3.0,專屬導購連結,False,False,,Joe是要看房-日本篇,22
2516,97EwPHUJ_NI,【Joeman】5700日元的奢華日式豬排對決590元的平價日式豬排！松乃家、 Katsuプリポー、銀座かつかみ《Joe是要對決S2》Ep139 ft.魚乾、吳淡如,https://www.youtube.com/watch?v=97EwPHUJ_NI,2022-12-19 18:00:08,18,1713,False,playlist,13.0,專屬導購代碼|致謝贊助句型|結帳代碼指引|折扣導購用語|購買行動用語,False,False,,【Joe是要對決】第二季,22
2517,H2Xq8ty0QaY,【Joeman】住在東京40樓以上是怎樣的體驗？日本超高樓住宅開箱！《Joe是要看房日本篇》ep.11,https://www.youtube.com/watch?v=H2Xq8ty0QaY,2022-12-23 18:00:05,18,2569,False,playlist,2.0,折扣導購用語,False,False,,【Joe是要對決】第二季,22
2518,_DDHqcjzO4k,【Joeman】968元的奢華可麗餅對決60元的平價可麗餅！大麗士可麗、HiSugar嗨糖、茶餅鋪、錐子日式可麗餅咖啡專賣、巴賽麗廳  (、《Joe是要對決S2》Ep140 ft.小熊  ​,https://www.youtube.com/watch?v=_DDHqcjzO4k,2022-12-26 18:00:16,18,2235,False,playlist,14.0,致謝贊助句型|影片合作聲明|直接提及贊助方|折扣導購用語|行動呼籲句型|提及廠商,False,False,,【Joe是要對決】第二季,22
2519,Yq0EEnOvp9c,【Joeman】7-11兔年2023福袋搶先開箱！一口氣開箱30個！抽獎抽起來～,https://www.youtube.com/watch?v=Yq0EEnOvp9c,2022-12-27 18:00:15,18,1649,False,playlist,6.0,折扣導購用語|購買行動用語|品牌官方導流|新品發表用語,False,False,,【Joeman開箱去】,22
2520,LOBKhpf-oKE,【Joeman】開箱一晚6萬的宜蘭溫泉飯店！礁溪老爺酒店豪華套房體驗,https://www.youtube.com/watch?v=LOBKhpf-oKE,2022-12-28 18:00:14,18,909,False,playlist,0.0,,False,False,,【Joeman開箱去】,22
2521,1TrzSxgGObI,【Joeman】龍山寺美食之旅！一口氣吃六家廟口小吃！ft.路路,https://www.youtube.com/watch?v=1TrzSxgGObI,2022-12-29 18:00:03,18,1288,False,keyword,13.0,致謝贊助句型|影片合作聲明|直接提及贊助方|購買行動用語|品牌官方導流|提及廠商,False,False,,,22
2522,8kPFAm-8kOU,【Joeman】為了拍泡泡浴我到底燒多少錢？突破天際的製作費！外景節目的利弊與成本分析《網紅觀察室》,https://www.youtube.com/watch?v=8kPFAm-8kOU,2023-01-01 18:00:04,18,1263,False,playlist,0.0,,False,False,,Joeman網紅觀察室,22
2523,Z000iINTP8s,【Joeman】每公斤5500元的奢華干貝對決每公斤230元的平價干貝《Joe是要對決S2》Ep141 ft.紀卜心 @kimi0512ji,https://www.youtube.com/watch?v=Z000iINTP8s,2023-01-02 18:00:25,18,2379,False,playlist,4.0,折扣導購用語|購買行動用語,False,False,,【Joe是要對決】第二季,22
2524,vv4ihIfnfVs,【Joeman】不用出門就能叫福袋！一口氣開箱20個外送福袋！,https://www.youtube.com/watch?v=vv4ihIfnfVs,2023-01-03 18:00:31,18,1658,False,playlist,9.0,結帳代碼指引|折扣導購用語|購買行動用語|通路鋪貨用語,False,False,,【Joeman開箱去】,22
2525,nk_qsKpvMQo,【Joeman】划算嗎？買在青埔隔壁一坪便宜20萬！聖岳湖苑《Joe是要看房》ep.33,https://www.youtube.com/watch?v=nk_qsKpvMQo,2023-01-04 18:00:31,18,1281,False,title_series,0.0,,False,False,,,22
2526,E7C5Xh5oz9U,【Joeman】在東京擁有大庭院是怎樣的體驗？2億日幣的品川住宅開箱！《Joe是要看房日本篇》ep.12 ft.小豪 @11hao,https://www.youtube.com/watch?v=E7C5Xh5oz9U,2023-01-06 18:00:07,18,1667,False,playlist,2.0,購買行動用語,False,False,,Joe是要看房-日本篇,22
2527,JZK-tP7bT7I,【Joeman】2023刮刮樂大賽～給員工16萬買刮刮樂！這次能回本嗎？,https://www.youtube.com/watch?v=JZK-tP7bT7I,2023-01-08 18:30:07,18,1057,False,playlist,0.0,,False,False,,【Joeman開箱去】,22
2528,BW8C6X4ee9w,【Joeman】一隻4136元的奢華龍蝦對決350元的平價龍蝦《Joe是要對決S2》Ep142 ft.小葵@XiaoKui,https://www.youtube.com/watch?v=BW8C6X4ee9w,2023-01-09 18:00:09,18,2695,False,playlist,14.0,致謝贊助句型|影片合作聲明|直接提及贊助方|折扣導購用語|行動呼籲句型|提及廠商,False,False,,【Joe是要對決】第二季,22
2529,4u9seiWEYdQ,2023千元假鈔開箱！超多破綻！昏暗環境下還是要小心 #shorts,https://www.youtube.com/watch?v=4u9seiWEYdQ,2023-01-12 21:30:02,21,59,False,playlist,0.0,,False,False,,開箱精華版,22
2530,7Xje149SpsY,【Joeman】台中破億景觀宅開箱！150坪兩戶打通！寶輝City Park《Joe是要看房》ep.34,https://www.youtube.com/watch?v=7Xje149SpsY,2023-01-13 18:00:05,18,1363,False,title_series,0.0,,False,False,,,22
2531,_GNz0PeFIuM,【Joeman】除夕年夜飯必看！34540元的奢華年菜對決4180元的平價年菜！滿穗台菜、台北萬豪酒店 宴客樓《Joe是要對決S2》Ep143 ft.阿達、大蛇丸、魚乾、徐海莉,https://www.youtube.com/watch?v=_GNz0PeFIuM,2023-01-16 18:00:24,18,2668,False,playlist,3.0,影片合作聲明,False,False,,【Joe是要對決】第二季,22
2532,BKZXC4BeiWI,【Joeman】花了1200萬！我的全新辦公室開箱！,https://www.youtube.com/watch?v=BKZXC4BeiWI,2023-01-17 20:00:11,20,1540,False,keyword,1.0,提及廠商,False,False,,,22
2533,9WL7AlmOLXs,【Joeman】我的辦公室用甚麼家電？全套奢華家電開箱！,https://www.youtube.com/watch?v=9WL7AlmOLXs,2023-01-18 18:00:08,18,1164,False,playlist,1.0,品牌官方導流,False,False,,【Joeman開箱去】,22
2534,Z7BFEbAMpss,【Joeman】曾低潮到付不出貸款！炎上女王的故事！ft.愛莉莎莎 【網紅觀察室】,https://www.youtube.com/watch?v=Z7BFEbAMpss,2023-01-19 18:00:27,18,1389,False,playlist,5.0,結帳代碼指引|折扣導購用語,False,False,,Joeman網紅觀察室,22
2535,Oks40zIImSc,【Joeman】包下整棟民宿辦尾牙！一口氣抽30幾萬現金！,https://www.youtube.com/watch?v=Oks40zIImSc,2023-01-20 18:00:13,18,1507,False,none,1.0,提及廠商,False,False,,,22
2536,2wyi8DBnxBw,現在的電動麻將桌也太屌了吧！自動洗牌、自動付錢都有？ #shorts,https://www.youtube.com/watch?v=2wyi8DBnxBw,2023-01-23 18:00:01,18,59,False,playlist,0.0,,False,False,,開箱精華版,22
2537,4A8J2bBH3fw,【Joeman】過年必打！100000元的奢華麻將桌對決1100元的平價麻將桌！商密特電動麻將桌、東方不敗電動麻將桌《Joe是要對決S2》Ep144 ft.艾瑞絲@aries8248,https://www.youtube.com/watch?v=4A8J2bBH3fw,2023-01-23 18:00:02,18,2615,False,playlist,14.0,致謝贊助句型|影片合作聲明|直接提及贊助方|折扣導購用語|行動呼籲句型|提及廠商,False,False,,【Joe是要對決】第二季,22
2538,BDxrTUaENWw,【Joeman】偶像突襲辦公室！結果粉絲本人卻不在...ft.邱鋒澤,https://www.youtube.com/watch?v=BDxrTUaENWw,2023-01-24 12:00:03,12,395,False,keyword,0.0,,False,False,,,22
2539,jpzGB5lz8U0,【Joeman】毛胚屋就要1.5億？新莊200坪超高樓層豪宅開箱！《Joe是要看房》ep.35,https://www.youtube.com/watch?v=jpzGB5lz8U0,2023-01-25 12:00:08,12,1420,False,title_series,10.0,致謝贊助句型|影片合作聲明|直接提及贊助方|提及廠商,False,False,,,22
2540,OQLwssllv9U,【Joeman】一次開箱3款遊戲掌機！但每一台都有缺點！Steam deck vs Ayaneo Air vs Logitech G cloud,https://www.youtube.com/watch?v=OQLwssllv9U,2023-01-26 12:00:06,12,1672,False,playlist,0.0,,False,False,,【Joeman開箱去】,22
2541,j3-PVX2C7z4,【Joeman】我竟然拿了冠軍！重溫十年前的電競夢,https://www.youtube.com/watch?v=j3-PVX2C7z4,2023-01-27 12:00:14,12,896,False,keyword,0.0,,False,False,,,22
2542,rsPHved4SVU,一雙鞋十幾萬！潮鞋收藏家！《Joe是要收藏》ep.25 ft.布萊恩的世界【Joeman】,https://www.youtube.com/watch?v=rsPHved4SVU,2023-01-28 12:00:12,12,2448,False,playlist,0.0,,False,False,,Joe是要收藏,22
2543,SZDSEzAgNvM,【Joeman】大台北湯圓精選！60元的平價湯圓對決120元的平價湯圓！雙連圓仔湯、施家鮮肉湯圓、政江號、鼎泰豐、御品元冰火湯圓《Joe是要對決S2》Ep145 ft.伊娜@inna91030,https://www.youtube.com/watch?v=SZDSEzAgNvM,2023-01-30 18:00:24,18,1630,False,playlist,0.0,,False,False,,【Joe是要對決】第二季,22
2544,Ia8SU_mrwfc,【Joeman】18元的平價包子對決200元的奢華包子！康樂意小吃店、妙口四神湯、永豐盛、包子商行、老上海《Joe是要對決S2》Ep146 ft.吃貨豪豪@HowHowEat,https://www.youtube.com/watch?v=Ia8SU_mrwfc,2023-02-06 18:00:18,18,2041,False,playlist,2.0,購買行動用語,False,False,,【Joe是要對決】第二季,22
2545,5xyA3njtfM8,曾被票選為日本第一？大阪拉麵名店Jet拉麵人生體驗！ #shorts,https://www.youtube.com/watch?v=5xyA3njtfM8,2023-02-07 20:00:04,20,52,False,playlist,0.0,,False,False,,開箱精華版,22
2546,UlKJQFQtCZE,【Joeman】為了錢跟我一起？跟女友回復酸民留言！ft. Niya @niya0325,https://www.youtube.com/watch?v=UlKJQFQtCZE,2023-02-08 19:00:19,19,1235,False,keyword,0.0,,False,False,,,22
2547,rtDRROHkij4,超可愛的豬豬咖啡廳！東京寵物豬咖啡廳mipig體驗,https://www.youtube.com/watch?v=rtDRROHkij4,2023-02-09 20:04:59,20,60,False,keyword,0.0,,False,False,,,22
2548,Oqc1gKMXsVE,【Joeman】東京的夾層套房只要330萬台幣？傳說中的日本LOFT套房 ft.魚乾 @annie72127《Joe是要看房日本篇》ep.13,https://www.youtube.com/watch?v=Oqc1gKMXsVE,2023-02-10 18:00:25,18,1374,False,playlist,0.0,,False,False,,Joe是要看房-日本篇,22
2549,bXLJNXypu1k,復古風格超美！一晚四萬台幣的京都奢華飯店！丸福樓まるふくろう開箱,https://www.youtube.com/watch?v=bXLJNXypu1k,2023-02-11 17:28:41,17,59,False,keyword,0.0,,False,False,,,22
2550,aVnJ93E4i-Y,【Joeman】6000元的奢華安太歲對決300元的平價安太歲《Joe是要對決S2》Ep147 ft.呱吉@FroggyChiu,https://www.youtube.com/watch?v=aVnJ93E4i-Y,2023-02-13 18:00:00,18,2875,False,playlist,14.0,致謝贊助句型|影片合作聲明|直接提及贊助方|折扣導購用語|行動呼籲句型|提及廠商,False,False,,【Joe是要對決】第二季,22
2551,-Rv6DP-roWw,我覺得日本大阪燒店的炒麵都很讚！,https://www.youtube.com/watch?v=-Rv6DP-roWw,2023-02-14 17:40:22,17,54,False,none,0.0,,False,False,,,22
2552,B1qa59zB1_M,開箱1500日圓的奢華轉蛋！,https://www.youtube.com/watch?v=B1qa59zB1_M,2023-02-15 18:29:27,18,57,False,title_series,0.0,,False,False,,,22
2553,EFqF6PtSuGA,可口可樂聯名手機！外觀超帥！真正的可樂圈鏡頭來啦～#cokecola #realme #realme10pro,https://www.youtube.com/watch?v=EFqF6PtSuGA,2023-02-17 16:28:45,16,59,False,keyword,0.0,,False,False,,,22
2554,rAoO0oNzicM,PS VR2搶先上手體驗!更簡單的連結與更好畫質，搭配PS5沉浸感很讚! #playstation5  #psvr2,https://www.youtube.com/watch?v=rAoO0oNzicM,2023-02-17 00:19:48,0,58,False,keyword,0.0,,False,False,,,22
2555,ump-wm8rNcY,超帥的鬼滅之刃GK雕像，炎柱的火焰還會發光太猛啦！感謝kiki #鬼滅之刃 #炎柱 #猗窩座,https://www.youtube.com/watch?v=ump-wm8rNcY,2023-02-19 12:41:37,12,60,False,none,0.0,,False,False,,,22
2556,38K6b3XkKCw,【Joeman】史詩級吃播！2200元的奢華吃到飽對決329元的平價吃到飽！BEEF HOUSE 牛室炙燒牛排、饗饗INPARDISE《Joe是要對決S2》Ep148 ft.肥波、吃貨艾嘉,https://www.youtube.com/watch?v=38K6b3XkKCw,2023-02-20 18:00:04,18,3297,False,playlist,6.0,影片合作聲明|直接提及贊助方,False,False,,【Joe是要對決】第二季,22
2557,OFwB39moInw,【Joeman】PlayStation VR2開箱！畫面頂級！可惜不能接PC,https://www.youtube.com/watch?v=OFwB39moInw,2023-02-24 20:30:11,20,961,False,playlist,1.0,新品發表用語,False,False,,【Joeman開箱去】,22
2558,HvsokQKO8s8,超療癒！把攝影器材都貼膜！ #攝影包膜 #鏡頭包膜,https://www.youtube.com/watch?v=HvsokQKO8s8,2023-02-25 21:14:20,21,60,False,keyword,0.0,,False,False,,,22
2559,akjAOTLlo1Q,【Joeman】1280的奢華舒芙蕾對決90元的平價舒芙蕾！KOKU café 榖珈琲、喜來登大飯店、拾梯甜、左手呼吸、椿 Tsubaki Salon《Joe是要對決S2》Ep149 ft.塞門,https://www.youtube.com/watch?v=akjAOTLlo1Q,2023-02-27 18:00:01,18,2606,False,playlist,14.0,致謝贊助句型|影片合作聲明|直接提及贊助方|折扣導購用語|行動呼籲句型|提及廠商,False,False,,【Joe是要對決】第二季,22
2560,0hpcjvInL8Q,原來PSVR2可以看片片！第一人稱看女優超震撼！#shorts  #psvr2,https://www.youtube.com/watch?v=0hpcjvInL8Q,2023-03-01 23:00:00,23,60,False,playlist,0.0,,False,False,,開箱精華版,22
2561,gSlqIeq0GrM,【Joeman】聯名商品被罵爆！我的回應與改進！,https://www.youtube.com/watch?v=gSlqIeq0GrM,2023-03-03 22:30:19,22,1117,False,none,0.0,,False,False,,,22
2562,Tpyhf5okhnI,【Joeman】騙我媽有私生子！新豐街底迪夢幻連動！,https://www.youtube.com/watch?v=Tpyhf5okhnI,2023-03-04 12:00:09,12,726,False,none,0.0,,False,False,,,22
2563,LR_HGML0_8M,【Joeman】45萬元的奢華風水對決888元的平價風水《Joe是要對決S2》Ep150 ft.愛莉莎莎、簡少年@alisasa_official,https://www.youtube.com/watch?v=LR_HGML0_8M,2023-03-06 18:00:16,18,4539,False,playlist,2.0,購買行動用語,False,False,,【Joe是要對決】第二季,22
2564,w5sOqUuyGLk,【Joeman】開箱20萬的頂級套裝電腦！MSI MEG Trident X2,https://www.youtube.com/watch?v=w5sOqUuyGLk,2023-03-07 20:00:51,20,1086,False,playlist,3.0,產品導流連結,False,False,,【Joeman開箱去】,22
2565,93A5AK2fpM0,小米13 Pro國際版開箱！拍照跟效能都超頂～#小米 #小米13pro,https://www.youtube.com/watch?v=93A5AK2fpM0,2023-03-09 20:39:28,20,60,False,keyword,0.0,,False,False,,,22
2566,knt4yvAfdQ0,突然上架的黃色iPhone 14開箱！值不值得買？#shorts #iphone #iphone14 #黃色,https://www.youtube.com/watch?v=knt4yvAfdQ0,2023-03-09 15:45:02,15,59,False,playlist,0.0,,False,False,,開箱精華版,22
2567,fGai88-Fzr4,【Joeman】開箱愛莉莎莎家的風水！谷底反彈的奇蹟！88888元的奢華風水對決888元的平價風水＿愛莉莎莎篇《Joe是要對決S2》Ep151ft.愛莉莎莎、簡少年 @alisasa_official,https://www.youtube.com/watch?v=fGai88-Fzr4,2023-03-13 18:00:21,18,3036,False,playlist,12.0,致謝贊助句型|電商賣場連結|折扣導購用語|購買行動用語|行銷活動用語,False,False,,【Joe是要對決】第二季,22
2568,YrZS-5N_cn4,【Joeman】接近完美的旗艦手機！S23 Ultra開箱實測,https://www.youtube.com/watch?v=YrZS-5N_cn4,2023-03-14 18:00:20,18,1527,False,playlist,0.0,,False,False,,【Joeman開箱去】,22
2569,MECQjNKuCto,ASMR Porsche 911 GT3 992,https://www.youtube.com/watch?v=MECQjNKuCto,2023-03-16 20:00:50,20,57,False,keyword,0.0,,False,False,,,22
2570,BMi3mFq5U44,【Joeman】實測！造假還是AI算圖？S23 Ultra的拍照爭議,https://www.youtube.com/watch?v=BMi3mFq5U44,2023-03-17 17:00:07,17,580,False,playlist,0.0,,False,False,,【Joeman開箱去】,22
2571,qgsxTA-y_sA,【Joeman】第一次辦員工旅遊！全公司去花蓮渡假！傳說中的瑞穗天合酒店～,https://www.youtube.com/watch?v=qgsxTA-y_sA,2023-03-17 20:00:45,20,1222,False,keyword,11.0,專屬導購連結|影片合作聲明|推薦或聯盟行銷連結|購買行動用語,False,False,,,22
2572,VXHeakmusPU,【Joeman】炎上預備？我也出線上課程了！超實用買房密技！@35visitchannel,https://www.youtube.com/watch?v=VXHeakmusPU,2023-03-18 18:30:08,18,727,False,keyword,3.0,購買行動用語|新品發表用語,False,True,買房課程,,22
2573,os74NzRvQeU,【Joeman】開箱好友敏迪的家！150萬超值溫馨裝潢！ft. @mindiworldnews  《Joe是要看房》ep.36,https://www.youtube.com/watch?v=os74NzRvQeU,2023-03-18 12:00:18,12,1288,False,title_series,3.0,購買行動用語|新品發表用語,False,True,買房課程,,22
2574,DtfXB6w3QQU,【Joeman】320元的奢華飯糰對決30元的平價飯糰！劉媽媽飯糰、飯糰霸、GABA日式飯糰店、魚君鮮魚專門居酒屋、UMAI沖繩飯糰《Joe是要對決S2》Ep152 ft.宇恩,https://www.youtube.com/watch?v=DtfXB6w3QQU,2023-03-20 18:00:06,18,2012,False,playlist,7.0,致謝贊助句型|直接提及贊助方|提及廠商,False,False,,【Joe是要對決】第二季,22
2575,vqlvE-I6F7U,【Joeman】住基隆是怎樣的感覺？soho族夢想中的工作室！職業插畫家諾米的家！《Joe是要看房》ep.37,https://www.youtube.com/watch?v=vqlvE-I6F7U,2023-03-24 18:00:46,18,1057,False,title_series,3.0,購買行動用語|新品發表用語,False,True,買房課程,,22
2576,yKU9lRfIPXQ,【Joeman】選配完600萬！把M4當代步車很爽但折舊驚人！BMW M4 Competition G82,https://www.youtube.com/watch?v=yKU9lRfIPXQ,2023-03-25 18:00:45,18,825,False,keyword,0.0,,False,False,,,22
2577,CCIYJGVzDy8,【Joeman】450元的奢華烏龍麵對決74元的平價烏龍麵！丸龜製麵、穗科手打烏龍麵、小小麥、田舍手打麵、麺匠坐坊うどん本店《Joe是要對決S2》Ep153 ft.蘋蘋,https://www.youtube.com/watch?v=CCIYJGVzDy8,2023-03-27 18:00:06,18,2712,False,playlist,3.0,致謝贊助句型,False,False,,【Joe是要對決】第二季,22
2578,WqM99LW21Ck,一個人3200元的奢華鐵板燒！犇 極上,https://www.youtube.com/watch?v=WqM99LW21Ck,2023-03-30 10:59:59,10,59,False,playlist,0.0,,False,False,,開箱精華版,22
2579,9DNalUhcDsg,愚人節被惡整！整個辦公室的人都消失是怎樣？,https://www.youtube.com/watch?v=9DNalUhcDsg,2023-03-31 21:44:45,21,60,False,none,0.0,,False,False,,,22
2580,VzHax3HQI0A,【Joeman】一次開箱5款Sony麥克風！不用充電隨插隨用？Sony ECM-G1、B10、B1M、W2BT、LV1開箱,https://www.youtube.com/watch?v=VzHax3HQI0A,2023-03-31 18:00:20,18,1266,False,playlist,3.0,延伸導流連結,False,False,,【Joeman開箱去】,22
2581,SWyHd_OvpR8,【Joeman】每個交流道附近都有的詩肯柚木！全台最大家具集團開箱,https://www.youtube.com/watch?v=SWyHd_OvpR8,2023-04-01 18:00:17,18,1006,False,playlist,0.0,,False,False,,【Joeman開箱去】,22
2582,4o-MFQWNIBE,【Joeman】Vlog機中的天花板！Sony這次牙膏擠爆了吧？ZV-E1開箱實測,https://www.youtube.com/watch?v=4o-MFQWNIBE,2023-04-02 12:00:02,12,988,False,playlist,3.0,產品導流連結,False,False,,【Joeman開箱去】,22
2583,hK11qfRU_UI,奢華8+9對決平價8+9《Joe是要對決S2》Ep154 ft.晨灰、草爺【Joeman】,https://www.youtube.com/watch?v=hK11qfRU_UI,2023-04-03 18:00:35,18,2128,False,playlist,6.0,折扣導購用語|購買行動用語|行動呼籲句型,False,False,,【Joe是要對決】第二季,22
2584,Pl5gtvINZ9k,【Joeman】嘉義我們來啦！60元平價雞肉飯對決30元平價雞肉飯！劉里長雞肉飯、和平嘉義火雞肉飯、民主火雞肉飯、呆獅火雞肉飯、東門雞肉飯《Joe是要對決S2》Ep155ft.肥波@feipo1998,https://www.youtube.com/watch?v=Pl5gtvINZ9k,2023-04-10 18:00:21,18,2026,False,playlist,0.0,,False,False,,【Joe是要對決】第二季,22
2585,6BrJa5chT9M,【Joeman】開箱Blaire的家！48坪台北老宅翻新！《Joe是要看房》ep.38 @blairechen_,https://www.youtube.com/watch?v=6BrJa5chT9M,2023-04-12 18:00:08,18,1938,False,title_series,4.0,折扣導購用語|購買行動用語,False,True,買房課程,,22
2586,KKaLh9yu2iY,【Joeman】 ROG Phone 7 Ultimate 開箱實測！,https://www.youtube.com/watch?v=KKaLh9yu2iY,2023-04-13 20:30:12,20,1041,False,playlist,6.0,購買行動用語|行銷活動用語|通路鋪貨用語,False,False,,【Joeman開箱去】,22
2587,dF_fSU9EnrI,【Joeman】一台超過10萬塊！可以自動變形的螢幕！,https://www.youtube.com/watch?v=dF_fSU9EnrI,2023-04-14 18:00:33,18,522,False,keyword,1.0,新品發表用語,False,False,,,22
2588,81zyMesQNUc,一線女優無預警參戰！11400元奢華絲襪對決50元平價絲襪《Joe是要對決S2》Ep156 ft.新有菜(原:橋本有菜)、櫻空桃、拐拐【Joeman】,https://www.youtube.com/watch?v=81zyMesQNUc,2023-04-17 18:00:05,18,2010,False,playlist,2.0,購買行動用語,False,False,,【Joeman開箱去】,22
2589,WH0aNUW8UX4,【Joeman】屋齡50年、正對墓地、格局歪斜！有些缺點的東京房屋開箱！《Joe是要看房日本篇》ep.14,https://www.youtube.com/watch?v=WH0aNUW8UX4,2023-04-20 18:00:20,18,1102,False,playlist,0.0,,False,True,買房課程,Joe是要看房-日本篇,22
2590,N0Nm03vLSHE,【Joeman】70歲大壽特別企劃！帶媽媽出國玩＋奢華珠寶！,https://www.youtube.com/watch?v=N0Nm03vLSHE,2023-04-21 20:00:13,20,1562,False,none,3.0,致謝贊助句型,False,False,,,22
2591,mBeWta8gJQQ,【Joeman】129800元的奢華KTV對決88元的平價KTV！同學匯、ONCOR 響艷都市會所《Joe是要對決S2》Ep157 ft.吳卓源@JuliaWu,https://www.youtube.com/watch?v=mBeWta8gJQQ,2023-04-24 18:00:30,18,3391,False,playlist,6.0,折扣導購用語|購買行動用語|行銷活動用語,False,False,,【Joe是要對決】第二季,22
2592,Azzc1zPnEa8,【Joeman】沈來了！610元的奢華滷肉飯對決30元的平價滷肉飯！小王煮瓜、阿義魯肉飯、三元號、丸林魯肉飯、台北萬豪酒店《Joe是要對決S2》Ep158 ft.陪沈團@playwithshen,https://www.youtube.com/watch?v=Azzc1zPnEa8,2023-05-01 18:00:11,18,2802,False,playlist,3.0,行動導流連結,False,False,,【Joe是要對決】第二季,22
2593,t1pXsCJ3vFI,【Joeman】惡整好友 !  把他的保時捷貼滿自己的臉 ! ft.晨灰,https://www.youtube.com/watch?v=t1pXsCJ3vFI,2023-05-02 18:00:38,18,692,False,keyword,11.0,專屬導購代碼|專屬導購連結|導購區塊標題|折扣導購用語,False,True,買房課程,,22
2594,KYpEKIBw3Ls,【Joeman】員工旅遊！全公司去懶人露營！,https://www.youtube.com/watch?v=KYpEKIBw3Ls,2023-05-05 18:00:13,18,853,False,keyword,3.0,直接提及贊助方,False,False,,,22
2595,zQVYsPNvzzw,【Joeman】家裡就是網美打卡點！現代法式風格開箱！《Joe是要看房》ep.39  到邸設計,https://www.youtube.com/watch?v=zQVYsPNvzzw,2023-05-06 12:00:22,12,1192,False,title_series,0.0,,False,True,買房課程,,22
2596,TMyrtdjIHgE,【Joeman】1500元的奢華洗頭對決220元的平價洗頭！小林髮廊、Rosa越式洗髮《Joe是要對決S2》Ep159 @linda-egg,https://www.youtube.com/watch?v=TMyrtdjIHgE,2023-05-08 18:00:17,18,1824,False,playlist,5.0,促銷檔期用語|折扣導購用語,False,False,,【Joe是要對決】第二季,22
2597,3x4Tg05z6Yg,【Joeman】在東京Sony總部開箱Sony手機！Xperia 1 V,https://www.youtube.com/watch?v=3x4Tg05z6Yg,2023-05-11 18:00:03,18,1030,False,keyword,0.0,,False,False,,,22
2598,EFagoLPCmWU,【Joeman】效能極致的硬派電競手機 紅魔8 Pro開箱,https://www.youtube.com/watch?v=EFagoLPCmWU,2023-05-12 20:00:09,20,885,False,keyword,0.0,,False,False,,,22
2599,rJsKUm4fhIs,【Joeman】地表最強電競掌機 Rog Ally 開箱！,https://www.youtube.com/watch?v=rJsKUm4fhIs,2023-05-12 17:00:43,17,924,False,keyword,0.0,,False,False,,,22
2600,LkCV7tBExOw,2023 Model X Plaid全台首駕！地表最速休旅車開起來是怎樣的體驗？【Joeman】特斯拉試駕開箱,https://www.youtube.com/watch?v=LkCV7tBExOw,2023-05-13 20:00:12,20,747,False,playlist,8.0,推薦或聯盟行銷連結|專屬導購指引|折扣導購用語,False,False,,【Joeman開箱去】,22
2601,NhSMfo-SSFg,【Joeman】 880元的奢華牛肉麵對決100元的平價牛肉麵！廖家牛肉麵、72牛肉麵、小吳牛肉麵、劉山東牛肉麵、愛.熟成21《Joe是要對決S2》Ep160 ft.Kiki,https://www.youtube.com/watch?v=NhSMfo-SSFg,2023-05-15 18:00:25,18,2910,False,playlist,3.0,電商賣場連結,False,False,,【Joe是要對決】第二季,22
2602,I9cqlAIO8-w,【Joeman】聊聊我的失敗與成功！創作者年會演講【網紅觀察室】,https://www.youtube.com/watch?v=I9cqlAIO8-w,2023-05-19 18:00:11,18,1425,False,title_series,3.0,致謝贊助句型,False,False,,,22
2603,DttGzU6xqL0,【Joeman】 3900元的奢華香腸對決100元的平價香腸！《Joe是要對決S2》Ep161 ft.Lucy,https://www.youtube.com/watch?v=DttGzU6xqL0,2023-05-22 18:00:16,18,2566,False,playlist,2.0,折扣導購用語,False,False,,【Joe是要對決】第二季,22
2604,TzMKTGoIkGA,【Joeman】到底是用PC還是Mac？開箱我的剪輯設備跟網路備份！,https://www.youtube.com/watch?v=TzMKTGoIkGA,2023-05-23 18:30:15,18,886,False,playlist,11.0,專屬導購代碼|專屬導購連結|結帳代碼指引|折扣導購用語,False,False,,【Joeman開箱去】,22
2605,Wz6O19W21zg,【Joeman】我終於去做眼睛雷射了！優缺點與心得分析！,https://www.youtube.com/watch?v=Wz6O19W21zg,2023-05-24 18:00:22,18,865,False,playlist,0.0,,False,False,,【Joeman開箱去】,22
2606,nENYcGYI0Mw,【Joeman】出國玩都給女友刷卡會怎樣？東京三天快閃！ft. Niya @niya0325,https://www.youtube.com/watch?v=nENYcGYI0Mw,2023-05-25 18:00:42,18,1383,False,keyword,12.0,致謝贊助句型|影片合作聲明|直接提及贊助方|折扣導購用語|提及廠商,False,False,,,22
2607,F8KxgLoHqYg,【Joeman】開箱宅女小紅的家！沒有風格只追求實用！38坪一家四口超溫馨《Joe是要看房》ep.40,https://www.youtube.com/watch?v=F8KxgLoHqYg,2023-05-27 19:00:19,19,1497,False,title_series,0.0,,False,False,,,22
2608,wUebiYIc9gY,【Joeman】特斯拉vs超跑！包下一個飛機場實測誰比較快？@ChesterCar  Model X Plaid 、Ferrari 488 Pista、McLaren 600 LT、Model S,https://www.youtube.com/watch?v=wUebiYIc9gY,2023-05-28 12:00:32,12,882,False,keyword,20.0,致謝贊助句型|影片合作聲明|直接提及贊助方|推薦或聯盟行銷連結|專屬導購指引|折扣導購用語|行動呼籲句型|提及廠商,False,False,,,22
2609,ImafWBn0qeQ,【Joeman】美國版對決！22000元的奢華牛排對決3800元的平價牛排！《Joe是要對決S2》Ep162 ft.阿滴 【Joeman】@rayduenglish,https://www.youtube.com/watch?v=ImafWBn0qeQ,2023-05-29 18:00:17,18,2316,False,playlist,14.0,專屬導購代碼|專屬導購連結|專屬導購指引|結帳代碼指引|折扣導購用語,False,False,,【Joe是要對決】第二季,22
2610,WIuA12U6Lhk,美國奢華牛排有多貴？吃個牛排竟然台幣2萬多…小費就要20%起跳！,https://www.youtube.com/watch?v=WIuA12U6Lhk,2023-05-29 19:42:26,19,28,False,keyword,0.0,,False,False,,,22
2611,161-DJXcPD8,【Joeman】一台超過10萬塊！開箱我用很久的攝影器材！聊聊Sony FX3跟FX30,https://www.youtube.com/watch?v=161-DJXcPD8,2023-05-30 18:00:00,18,640,False,keyword,1.0,品牌官方導流,False,False,,,22
2612,X9rgnYi3UFw,【Joeman】輕薄小巧的電競筆電！第 13 代 Intel® Core™ i7-13700H 的 MSI Stealth 14 Studio,https://www.youtube.com/watch?v=X9rgnYi3UFw,2023-06-01 18:00:32,18,750,False,keyword,6.0,導購區塊標題|電商賣場連結,False,False,,,22
2613,LQYeAl6GEQA,【Joeman】能順跑暗黑4的配備最便宜要花多少錢？平價電腦vs奢華電腦！GTX1630、GTX1660S、RTX3060Ti、RTX4060Ti、RTX4070、RTX4090暗黑破壞神IV電腦需求,https://www.youtube.com/watch?v=LQYeAl6GEQA,2023-06-02 18:00:15,18,1060,False,playlist,0.0,,False,False,,【Joeman開箱去】,22
2614,SSMCWrzFYiA,【Joeman】我為什麼要去美國看房？我的全球看房企劃心得與檢討《網紅觀察室》,https://www.youtube.com/watch?v=SSMCWrzFYiA,2023-06-03 18:00:30,18,662,False,playlist,0.0,,False,False,,Joe是要看房-美國篇,22
2615,oqEvOHspv2U,【Joeman】收入三倍房價卻比台北低？西雅圖科技業都住怎樣的房子！ft.劉沛《Joe是要看房美國篇》ep.1,https://www.youtube.com/watch?v=oqEvOHspv2U,2023-06-04 18:00:39,18,2080,False,playlist,0.0,,False,True,買房課程,Joe是要看房-美國篇,22
2616,zzaRXVVgjiM,【Joeman】 S級女優再度參戰！58680元奢華睡衣對決590元平價睡衣！絕對實用！4K黃標無碼版《Joe是要對決S2》Ep163,https://www.youtube.com/watch?v=zzaRXVVgjiM,2023-06-05 18:00:47,18,2632,False,playlist,10.0,電商賣場連結|促銷檔期用語|折扣導購用語|購買行動用語,False,False,,【Joe是要對決】第二季,22
2617,niMrZqr-KUw,蘋果全新的頭戴裝置Vision Pro，外觀很潮，價格很奢,https://www.youtube.com/watch?v=niMrZqr-KUw,2023-06-06 08:27:04,8,41,False,none,0.0,,False,False,,,22
2618,GqOnNCq5VQ0,【Joeman】魔法般的體驗！蘋果最新Vision Pro實際體驗心得！聊聊為什麼這麼貴跟未來的發展可能,https://www.youtube.com/watch?v=GqOnNCq5VQ0,2023-06-07 23:00:13,23,1106,False,playlist,0.0,,False,False,,【Joeman開箱去】,22
2619,hllr9hnwPwE,【Joeman】6180元的奢華和牛漢堡對決225元的平價漢堡！ Li'l Woody's、Red Mill Burgers、John Howie Steak《Joe是要對決S2》Ep164ft.劉沛,https://www.youtube.com/watch?v=hllr9hnwPwE,2023-06-12 18:30:12,18,2235,False,playlist,2.0,購買行動用語,False,False,,【Joe是要對決】第二季,22
2620,z9PMKxQja3k,暗黑破壞神4典藏版開箱！,https://www.youtube.com/watch?v=z9PMKxQja3k,2023-06-16 20:54:43,20,60,False,keyword,0.0,,False,False,,,22
2621,PryIU7x8jJY,【Joeman】一隻1650元奢華雞肉對決一隻143元的平價雞肉！《Joe是要對決S2》Ep165 ft.Peeta @peetagege,https://www.youtube.com/watch?v=PryIU7x8jJY,2023-06-19 18:00:31,18,1949,False,playlist,14.0,致謝贊助句型|影片合作聲明|直接提及贊助方|折扣導購用語|行動呼籲句型|提及廠商,False,False,,【Joe是要對決】第二季,22
2622,O14dY_wnn08,【Joeman】被蘋果邀請去美國總部是怎樣的體驗？Apple Park朝聖！,https://www.youtube.com/watch?v=O14dY_wnn08,2023-06-21 18:00:31,18,1026,False,keyword,1.0,新品發表用語,False,False,,,22
2623,_DW6WMYFuhc,【Joeman】破千萬的保值賽道神車！保時捷911 GT3 992開箱試駕,https://www.youtube.com/watch?v=_DW6WMYFuhc,2023-06-22 18:00:34,18,850,False,keyword,0.0,,False,False,,,22
2624,HpHlJhwPmOs,【Joeman】台幣一億兩千萬！占地400坪的美國透天開箱！《Joe是要看房美國篇》ep.2,https://www.youtube.com/watch?v=HpHlJhwPmOs,2023-06-24 12:00:06,12,1061,False,playlist,0.0,,False,True,買房課程,Joe是要看房-美國篇,22
2625,uRd135xhw1g,【Joeman】 5280元奢華燒鵝對決520元的平價燒鵝！家鴻燒鵝、喜來登 辰園、《Joe是要對決S2》Ep166 ft.徐海莉@haileyhsu,https://www.youtube.com/watch?v=uRd135xhw1g,2023-06-26 18:00:41,18,2724,False,playlist,1.0,新品發表用語,False,False,,【Joe是要對決】第二季,22
2626,_75KMSWNI8o,【Joeman】遊戲與生產力兼具的電競主機！MSI Infinite S3開箱！Intel® Core™ i7-13700F 處理器+ RTX4070,https://www.youtube.com/watch?v=_75KMSWNI8o,2023-06-29 18:00:34,18,512,False,keyword,0.0,,False,False,,,22
2627,aaIXLOnsQ4c,【Joeman】手感最好的旗艦手機！Zenfone 10開箱！,https://www.youtube.com/watch?v=aaIXLOnsQ4c,2023-06-29 21:30:00,21,1129,False,playlist,0.0,,False,False,,【Joeman開箱去】,22
2628,GMNJYVcaCno,當大家瘋買比特幣時，當年的人賠得有多慘？台灣礦難啟示錄 - 加密貨幣三部曲 Ep3【Joeman】第九人稱,https://www.youtube.com/watch?v=GMNJYVcaCno,2023-06-30 18:00:08,18,1505,False,playlist,3.0,專屬導購指引,False,False,,加密貨幣三部曲,22
2629,6A755QAxJfg,年薪400萬還不用進辦公室？微軟總部vs亞馬遜總部！世界級奢華辦公室對決！《Joe是要對決S2》Ep167 ft.阿滴 @rayduenglish【Joeman】Microsoft vs Amazon,https://www.youtube.com/watch?v=6A755QAxJfg,2023-07-03 18:00:05,18,3320,False,playlist,14.0,致謝贊助句型|影片合作聲明|直接提及贊助方|折扣導購用語|行動呼籲句型|提及廠商,False,False,,【Joe是要對決】第二季,22
2630,w3lc7s57_FI,【Joeman】人生第一次開Lexus！一口氣試三台豪華車！,https://www.youtube.com/watch?v=w3lc7s57_FI,2023-07-04 18:00:45,18,1124,False,none,0.0,,False,False,,,22
2631,WWNX-LrKTQQ,【Joeman】台灣地表最速戰！每台車都超過1000匹！Model S Plaid、SF90、GT-R、R8 Plus@anarchy99999@treasuremax_studio,https://www.youtube.com/watch?v=WWNX-LrKTQQ,2023-07-08 20:00:33,20,1042,False,none,0.0,,False,False,,,22
2632,Z42363G72GY,台北豬腳爭霸戰！770元的奢華豬腳對決90元的平價豬腳！五燈獎 、鄭記豬腳飯、老牌張豬腳、富霸王豬腳、富錦樹台菜香檳《Joe是要對決S2》Ep168 ft.陳艾熙@amber0309【Joeman】,https://www.youtube.com/watch?v=Z42363G72GY,2023-07-10 18:00:33,18,1990,False,playlist,10.0,專屬導購指引|結帳代碼指引|折扣導購用語|購買行動用語,False,False,,【Joe是要對決】第二季,22
2633,6TcEYiiUYP4,最快電動車vs最速法拉利Model S Plaid vs Ferrari SF90 Part2,https://www.youtube.com/watch?v=6TcEYiiUYP4,2023-07-13 19:04:31,19,56,False,keyword,0.0,,False,False,,,22
2634,DHCg34W_ARs,最快電動車vs最速法拉利Model S Plaid vs Ferrari SF90,https://www.youtube.com/watch?v=DHCg34W_ARs,2023-07-13 19:04:22,19,60,False,keyword,0.0,,False,False,,,22
2635,1OF8doyCYoc,亞洲最速GTR vs 特斯拉最速量產車Model S Plaid,https://www.youtube.com/watch?v=1OF8doyCYoc,2023-07-14 21:47:00,21,46,False,keyword,0.0,,False,False,,,22
2636,Im3HsXeTzX4,亞洲最速GTR vs 特斯拉最速量產車Model S Plaid Part2 #shorts,https://www.youtube.com/watch?v=Im3HsXeTzX4,2023-07-14 21:47:37,21,55,False,keyword,0.0,,False,False,,,22
2637,BG5nj5gAlws,一小時燒肉吃播！10000元的奢華燒肉對決199元的平價燒肉！肉執事、八和和牛燒肉專門店、《Joe是要對決S2》Ep169 ft.阿達@atotheda,https://www.youtube.com/watch?v=BG5nj5gAlws,2023-07-17 18:00:12,18,3559,False,playlist,3.0,影片合作聲明,False,False,,【Joe是要對決】第二季,22
2638,DH4ZUk_ACq4,台幣一億五千萬！家裡有碼頭的湖岸豪宅！《Joe是要看房美國篇》ep.3 ft.阿滴 @rayduenglish,https://www.youtube.com/watch?v=DH4ZUk_ACq4,2023-07-18 18:00:16,18,1531,False,playlist,14.0,致謝贊助句型|影片合作聲明|直接提及贊助方|折扣導購用語|行動呼籲句型|提及廠商,False,False,,Joe是要看房-美國篇,22
2639,Ns1vpxykf5k,第三屆比基尼對決預告！中秋烤肉,https://www.youtube.com/watch?v=Ns1vpxykf5k,2023-07-18 18:10:25,18,35,False,keyword,0.0,,False,False,,,22
2640,JHHH3KZNGHs,露營神器！可以分解合體的環繞音響喇叭！Sony HT-AX7開箱【Joeman】,https://www.youtube.com/watch?v=JHHH3KZNGHs,2023-07-19 18:00:14,18,496,False,playlist,3.0,購買行動用語|品牌官方導流,False,False,,【Joeman開箱去】,22
2641,iQnJufjtml0,聊一下今年iPhone15的謠言,https://www.youtube.com/watch?v=iQnJufjtml0,2023-07-20 18:35:24,18,60,False,keyword,0.0,,False,False,,,22
2642,z2_kKx8NGhg,值不值得換？iPhone15系列的謠言與猜測！【Joeman】,https://www.youtube.com/watch?v=z2_kKx8NGhg,2023-07-20 18:00:53,18,520,False,playlist,3.0,致謝贊助句型,False,False,,【Joeman開箱去】,22
2643,29rgY7h8vbY,特斯拉vs無限改裝組！時速超200公里的頂尖對決！Model S Plaid 0-400台灣實測成績揭曉！,https://www.youtube.com/watch?v=29rgY7h8vbY,2023-07-22 12:00:01,12,610,False,keyword,8.0,推薦或聯盟行銷連結|專屬導購指引|折扣導購用語,False,False,,,22
2644,a7M_dcX1x_Q,在台灣封路飆車到底有多爽？特斯拉Model S Plaid 直線0到400米體驗！,https://www.youtube.com/watch?v=a7M_dcX1x_Q,2023-07-22 12:30:27,12,60,False,keyword,0.0,,False,False,,,22
2645,gn1He1mCSIo,這是免費能看的？27900元的奢華比基尼對決290元的平價比基尼！《Joe是要對決S2》Ep170 ft.元元.拐拐.林艾融,https://www.youtube.com/watch?v=gn1He1mCSIo,2023-07-24 18:00:28,18,2964,False,playlist,5.0,影片合作聲明|通路鋪貨用語,False,False,,【Joe是要對決】第二季,22
2646,1z4dKxdmblU,元元南半球比基尼開箱！比基尼對決精華篇 #元元 #airspace #比基尼 #bikini,https://www.youtube.com/watch?v=1z4dKxdmblU,2023-07-25 18:35:29,18,30,False,keyword,0.0,,False,False,,,22
2647,a4Bral8cl9I,艾融比基尼對決精華！Wave shine大金環平口比基尼開箱 #艾融 #waveshine #比基尼 #bikini,https://www.youtube.com/watch?v=a4Bral8cl9I,2023-07-25 18:46:47,18,31,False,keyword,0.0,,False,False,,,22
2648,iJamSjFZY7Y,一萬元內最強藍牙耳機！Sony WF-1000XM5開箱實測【Joeman】,https://www.youtube.com/watch?v=iJamSjFZY7Y,2023-07-26 18:00:37,18,1289,False,playlist,1.0,品牌官方導流,False,False,,【Joeman開箱去】,22
2649,ad4Sn9Obchg,南半球+超高衩，超難駕馭的奢華泳衣  #比基尼 #bikini,https://www.youtube.com/watch?v=ad4Sn9Obchg,2023-07-27 12:00:49,12,39,False,none,0.0,,False,False,,,22
2650,r50-6_ZjrK8,一套27900元的奢華比基尼卻不能下水？純拍照用……但真的蠻美的！#艾融  #比基尼  #bikini,https://www.youtube.com/watch?v=r50-6_ZjrK8,2023-07-27 11:46:46,11,37,False,none,0.0,,False,False,,,22
2651,OKdqEM0eNvk,台中沒人開箱過的神秘破億豪宅！140坪只做2房是怎樣的體驗？由鉅大恆《Joe是要看房》ep.42,https://www.youtube.com/watch?v=OKdqEM0eNvk,2023-07-28 18:00:31,18,1757,False,title_series,11.0,致謝贊助句型|影片合作聲明|直接提及贊助方|品牌官方導流|提及廠商,False,False,,,22
2652,wrmEyCmWdkQ,最新MacBook Air 15開箱！13吋跟15吋要怎麼選？M2【Joeman】,https://www.youtube.com/watch?v=wrmEyCmWdkQ,2023-07-29 18:00:42,18,673,False,playlist,0.0,,False,False,,【Joeman開箱去】,22
2653,42TYIoxdJ78,人生最後一哩路要花多少錢？10萬元的奢華靈車對決8000元的平價靈車！《Joe是要對決S2》Ep171 ft.小冬瓜 @One_Way_Ticket_life,https://www.youtube.com/watch?v=42TYIoxdJ78,2023-07-31 18:00:04,18,2148,False,playlist,14.0,致謝贊助句型|影片合作聲明|直接提及贊助方|折扣導購用語|行動呼籲句型|提及廠商,False,False,,【Joe是要對決】第二季,22
2654,Ra8QJbOJ218,戴三年的智慧手錶終於要換啦！開箱最新的Garmin Fenix 7 Pro Sapphire solar跟epix pro #運動手錶  #智慧手錶 #garmin  #smartwatch,https://www.youtube.com/watch?v=Ra8QJbOJ218,2023-07-31 15:17:01,15,60,False,keyword,0.0,,False,False,,,22
2655,UbqxN56vrk0,住在台幣一億五千萬的湖畔豪宅裡是怎樣的體驗？#joe是要看房 #阿滴 #豪宅 #美國 @rayduenglish,https://www.youtube.com/watch?v=UbqxN56vrk0,2023-08-01 13:38:02,13,59,False,title_series,0.0,,False,False,,,22
2656,1-49kHEc40k,台通何A來了！300元的奢華麵線對決50元的平價麵線！油庫口蚵仔麵線、麵線傳奇、面線町、老姐弟麵線甜不辣專賣店、悠鱻麵線《Joe是要對決S2》Ep172 ft.台灣通勤第一品牌,https://www.youtube.com/watch?v=1-49kHEc40k,2023-08-07 18:00:01,18,2409,False,playlist,10.0,專屬導購指引|結帳代碼指引|折扣導購用語|購買行動用語,False,False,,【Joe是要對決】第二季,22
2657,N-vsCail1Z0,用VR頭盔看片看到一半發現女優就在旁邊是怎樣的體驗？ #河北彩花 #整人,https://www.youtube.com/watch?v=N-vsCail1Z0,2023-08-08 18:06:21,18,59,False,keyword,0.0,,False,False,,,22
2658,cPlOdCqiOIM,超害羞整人！看片到一半女優直接出現會怎樣？ft.河北彩花、中指通、TED,https://www.youtube.com/watch?v=cPlOdCqiOIM,2023-08-08 18:00:35,18,874,False,keyword,3.0,致謝贊助句型,False,False,,,22
2659,n9FShTOu83Y,用VR頭盔看片看到一半發現女優就在旁邊是怎樣的體驗？#河北彩花 #中指通 #整人,https://www.youtube.com/watch?v=n9FShTOu83Y,2023-08-08 18:31:59,18,60,False,keyword,0.0,,False,False,,,22
2660,OZXl2akE7IY,台中神秘豪宅由鉅大恆開箱！#台中豪宅,https://www.youtube.com/watch?v=OZXl2akE7IY,2023-08-09 17:48:21,17,55,False,keyword,0.0,,False,False,,,22
2661,KZC_0ft3MfE,真的有牛舌的牛舌餅！#八和燒肉 #牛舌 #創意料理,https://www.youtube.com/watch?v=KZC_0ft3MfE,2023-08-10 12:34:53,12,42,False,keyword,0.0,,False,False,,,22
2662,D3dMg1JrGH8,我終於買特斯拉了！台灣原廠最速車Model S Plaid 開箱！【Joeman】,https://www.youtube.com/watch?v=D3dMg1JrGH8,2023-08-11 18:00:17,18,1250,False,playlist,8.0,推薦或聯盟行銷連結|專屬導購指引|折扣導購用語,False,False,,【Joeman開箱去】,22
2663,LoYQRnYgyZY,台灣地表最速量產車Model S Plaid開箱！#特斯拉 #tesla #models #plaid,https://www.youtube.com/watch?v=LoYQRnYgyZY,2023-08-11 18:14:43,18,60,False,keyword,0.0,,False,False,,,22
2664,xuAt1FnOjhY,這一代Model S的續航真的很不錯，就算環島也沒有里程焦慮！#特斯拉 #tesla #models #續航 #環島,https://www.youtube.com/watch?v=xuAt1FnOjhY,2023-08-12 18:09:51,18,60,False,keyword,0.0,,False,False,,,22
2665,DB4GpBTlcmM,單人套餐就破2萬！18880元的奢華鐵板燒對決180元的平價鐵板燒！高林鐵板燒、森鐵板燒、《Joe是要對決S2》Ep173 ft.魚乾,https://www.youtube.com/watch?v=DB4GpBTlcmM,2023-08-14 18:00:07,18,3931,False,playlist,0.0,,False,False,,【Joe是要對決】第二季,22
2666,WP2w2I9qgas,開箱自帶風扇的外套！我覺得有變涼但這個做工好像……#開箱 #降溫 #消暑 #風扇衣,https://www.youtube.com/watch?v=WP2w2I9qgas,2023-08-15 17:50:43,17,54,False,keyword,0.0,,False,False,,,22
2667,NevdTGq5kEI,台中鐵板燒天花板，單人套餐破兩萬……#台中美食 #森鐵板燒 #和牛 #皇帝蟹,https://www.youtube.com/watch?v=NevdTGq5kEI,2023-08-16 16:42:23,16,60,False,keyword,0.0,,False,False,,,22
2668,UbOoQ-L98-g,老台中人的回憶！180元鐵板燒有魚有肉還有甜點！#鐵板燒 #高林 #平價 #台中美食,https://www.youtube.com/watch?v=UbOoQ-L98-g,2023-08-16 00:53:32,0,60,False,keyword,0.0,,False,False,,,22
2669,me7AAtLQ99k,露營神器！長得像樂高的隨身環繞音響開箱！#藍牙音響 #喇叭 #露營用品 #htax7,https://www.youtube.com/watch?v=me7AAtLQ99k,2023-08-17 18:06:14,18,56,False,keyword,0.0,,False,False,,,22
2670,AM_xQZFs7bY,新莊最高住宅，遠雄95！200坪裝潢開箱！#豪宅 #新莊 #室內設計,https://www.youtube.com/watch?v=AM_xQZFs7bY,2023-08-18 15:34:45,15,60,False,keyword,0.0,,False,False,,,22
2671,_4TwI4A8lrQ,一口氣吃5家！520元的奢華臭豆腐對決55元的平價臭豆腐！戴記獨臭之家臭豆腐專賣店、冠捷脆皮黃金肉圓、得記麻辣脆皮臭豆腐、宋上好脆皮臭豆腐、吉品初筵《Joe是要對決S2》Ep174 ft.小葵,https://www.youtube.com/watch?v=_4TwI4A8lrQ,2023-08-21 18:00:32,18,1743,False,playlist,14.0,致謝贊助句型|影片合作聲明|直接提及贊助方|折扣導購用語|行動呼籲句型|提及廠商,False,False,,【Joe是要對決】第二季,22
2672,wfvRg_amrYg,超過美金100元的奢華和牛漢堡！#漢堡 #和牛 #西雅圖 #美國,https://www.youtube.com/watch?v=wfvRg_amrYg,2023-08-21 17:52:25,17,60,False,keyword,0.0,,False,False,,,22
2673,iKfdtXlthHs,抓寶很方便但震動不能關有點尷尬……最新抓寶神奇Pokémon Go Plus開箱！#pokemon #pokemongo #寶可夢 #抓寶,https://www.youtube.com/watch?v=iKfdtXlthHs,2023-08-22 18:44:29,18,55,False,keyword,0.0,,False,False,,,22
2674,IqEHwL9EveY,開箱抖音爆紅開罐器，結果超傻眼……#開箱 #實測 #開罐器 #小物,https://www.youtube.com/watch?v=IqEHwL9EveY,2023-08-23 18:38:46,18,59,False,keyword,0.0,,False,False,,,22
2675,Jkz2S6swFGM,460坪1億8千萬的美國華人豪宅！景觀跟裝潢都超美！《Joe是要看房美國篇》ep.4,https://www.youtube.com/watch?v=Jkz2S6swFGM,2023-08-25 18:00:26,18,1261,False,playlist,0.0,,False,False,,Joe是要看房-美國篇,22
2676,Z-wPqp1UPBA,460坪1億8千萬的美國華人豪宅！景觀跟裝潢都超美！#豪宅 #開箱 #裝潢 #美國 #西雅圖 #mercerisland,https://www.youtube.com/watch?v=Z-wPqp1UPBA,2023-08-25 18:19:04,18,60,False,keyword,0.0,,False,False,,,22
2677,S4na4QCmykY,用抖音風格開箱郭台銘家【Joeman】,https://www.youtube.com/watch?v=S4na4QCmykY,2023-08-28 22:00:15,22,254,False,keyword,0.0,,False,False,,,22
2678,vBoadcFkPJU,轉為狗狗設計的透天厝！除了有給狗狗專用的浴室，還有專門的動線跟隔間！邊牧有夠可愛～#開箱 #邊境牧羊 #豪宅 #透天 #裝潢 #狗屋,https://www.youtube.com/watch?v=vBoadcFkPJU,2023-08-28 12:35:01,12,60,False,keyword,0.0,,False,False,,,22
2679,yH-p_NyxkGs,580元的奢華韓式炸雞對決130元的平價韓式炸雞！橋村炸雞、起家雞韓式炸雞、bb.q CHICKEN、歐吧噠韓餐酒、韓雞飢韓式炸雞專門店《Joe是要對決S2》Ep175 ft.紀卜心【Joeman】,https://www.youtube.com/watch?v=yH-p_NyxkGs,2023-08-28 18:00:49,18,2182,False,playlist,2.0,購買行動用語,False,False,,【Joe是要對決】第二季,22
2680,AOwRWLnxFUk,Vlog相機怎麼選？一口氣開箱4台ZV全系列相機！ZV-1F、ZV-1M2、ZV-E10、ZV-E1選購指南【Joeman】,https://www.youtube.com/watch?v=AOwRWLnxFUk,2023-08-31 18:00:08,18,848,False,keyword,0.0,,False,False,,,22
2681,wd6Klzm3B7U,朝思暮想的橋村炸雞終於在台灣開分店了！蜂蜜炸雞的還原度我覺得有到90%！#橋村 #韓式炸雞 #宵夜 #板橋車站,https://www.youtube.com/watch?v=wd6Klzm3B7U,2023-08-31 18:39:02,18,45,False,none,0.0,,False,False,,,22
2682,M3tUcP3rNkA,300塊的無菜單麵線，超多海鮮，吃完隔天會不會痛風？#奢華麵線 #華西街美食 #無菜單料理 #創意料理 #台通 #何欸,https://www.youtube.com/watch?v=M3tUcP3rNkA,2023-09-01 15:40:59,15,53,False,keyword,0.0,,False,False,,,22
2683,l-m2X_RbVKQ,每週換口味的水果冰淇淋！#瑰季 #冰淇淋 #台北甜點 #霜淇淋 #胖哥,https://www.youtube.com/watch?v=l-m2X_RbVKQ,2023-09-04 20:45:20,20,53,False,keyword,0.0,,False,False,,,22
2684,r0T7cKDk2UE,三台千萬等級的911，你會選哪一台？#porsche #992 #gt3rs #gt3 #911 #保時捷,https://www.youtube.com/watch?v=r0T7cKDk2UE,2023-09-04 17:55:06,17,21,False,keyword,0.0,,False,False,,,22
2685,z8zd7ophZi8,675元的奢華冰淇淋對決18元的平價冰淇淋！麥當勞、瑰季 Gem Season、二吉軒豆乳、克雷米爾、双聖 SWENSEN'S《Joe是要對決S2》Ep176 ft.Sandy【Joeman】,https://www.youtube.com/watch?v=z8zd7ophZi8,2023-09-04 18:00:43,18,2227,False,playlist,8.0,影片合作聲明|折扣導購用語|購買行動用語|新品發表用語,False,False,,【Joe是要對決】第二季,22
2686,atxAfQJaQ2Q,我的攝影棚開箱！花了80萬買燈光、腳架跟一些酷玩意！(不含攝影機與鏡頭)【Joeman】,https://www.youtube.com/watch?v=atxAfQJaQ2Q,2023-09-06 18:00:02,18,651,False,playlist,0.0,,False,False,,【Joeman開箱去】,22
2687,EBpOQHIzRWE,爆紅假髮帽開箱！別人戴很帥怎麼我戴就……#假髮 #假髮帽 #開箱 #實測 #王雷,https://www.youtube.com/watch?v=EBpOQHIzRWE,2023-09-07 15:03:45,15,51,False,keyword,0.0,,False,False,,,22
2688,5XRVhe-9m4k,用你的魔法對付你！我搬運了中國搬運工的影片！網紅觀察室【Joeman】,https://www.youtube.com/watch?v=5XRVhe-9m4k,2023-09-08 18:00:09,18,739,False,playlist,0.0,,False,True,頻道會員,Joeman網紅觀察室,22
2689,6k4S_tZbbgw,會頂到的超巨大丹麥熱狗！#熱狗 #慶城街 #美食,https://www.youtube.com/watch?v=6k4S_tZbbgw,2023-09-11 20:49:48,20,53,False,keyword,0.0,,False,False,,,22
2690,ypALSLetYzQ,【Joeman】225元的奢華熱狗堡對決35元的平價熱狗堡！IKEA、吉米樂狗、ALPHA DOGS 、Bun Bun  、Tulip Timeout、《Joe是要對決S2》Ep177 ft.吃貨豪豪,https://www.youtube.com/watch?v=ypALSLetYzQ,2023-09-11 18:00:44,18,2194,False,playlist,10.0,專屬導購指引|結帳代碼指引|折扣導購用語|購買行動用語,False,True,頻道會員,【Joe是要對決】第二季,22
2691,R3KErksHKa4,說好的iPhone呢？花一萬買手機盲盒開箱下場悽慘！,https://www.youtube.com/watch?v=R3KErksHKa4,2023-09-12 18:00:31,18,313,False,keyword,0.0,,False,True,頻道會員,,22
2692,fDkZWS1QSPo,果粉必來！開箱一下蘋果總部的訪客中心，第二次來還是覺得很好逛～#蘋果總部 #applepark #蘋果周邊 #果粉,https://www.youtube.com/watch?v=fDkZWS1QSPo,2023-09-12 10:08:45,10,56,False,keyword,0.0,,False,False,,,22
2693,0Sg-UytVhJg,iPhone 15 Pro Max搶先看！手感超好！5倍光學變焦很好用，重點是Type C跟USB 3.0的速度！#iphone15promax #iphone15 #開箱 #搶先看,https://www.youtube.com/watch?v=0Sg-UytVhJg,2023-09-13 03:10:38,3,59,False,keyword,0.0,,False,False,,,22
2694,HFE3qKKFEFo,夜晚的蘋果總部根本科幻電影場景！隨時有外星人出現我都不意外……#applepark #蘋果總部 #stevenjobstheater  #科幻,https://www.youtube.com/watch?v=HFE3qKKFEFo,2023-09-13 12:54:16,12,13,False,none,0.0,,False,False,,,22
2695,JbKcxWfOAyc,飛到美國搶先試用！ iPhone 15全系列發表心得！【Joeman】,https://www.youtube.com/watch?v=JbKcxWfOAyc,2023-09-13 21:30:14,21,1341,False,keyword,15.0,專屬導購代碼|專屬導購連結|推薦或聯盟行銷連結|折扣導購用語|行銷活動用語|品牌官方導流|新品發表用語,False,True,頻道會員,,22
2696,ZaIv-Nx7W7I,少女心噴發～粉紅色iPhone 15搶先看！#iPhone15 #粉紅色 #pink,https://www.youtube.com/watch?v=ZaIv-Nx7W7I,2023-09-13 04:09:34,4,43,False,keyword,0.0,,False,False,,,22
2697,F9p4o5sDIF4,我試用了一天 iPhone15全系列！更多細節與驚喜心得！【Joeman】,https://www.youtube.com/watch?v=F9p4o5sDIF4,2023-09-14 23:30:03,23,1443,False,keyword,0.0,,False,True,頻道會員,,22
2698,31NKUkNz_ZE,超帥！跟賓士聯名的電競筆電！MSI Stealth 16 Mercedes AMG Motorsport【Joeman】,https://www.youtube.com/watch?v=31NKUkNz_ZE,2023-09-15 18:00:03,18,783,False,keyword,3.0,產品導流連結,False,True,頻道會員,,22
2699,Zi4-OCT2xQA,男模會館對決！來這裏就是當女王！#男模會館 #男模店 #八大,https://www.youtube.com/watch?v=Zi4-OCT2xQA,2023-09-18 18:12:33,18,60,False,keyword,0.0,,False,False,,,22
2700,o4kq4xd7NgU,傳說中的男模店！59200元的奢華男模會館對決25200元的奢華男模會館！502男模會館、帝豪R會館《Joe是要對決S2》Ep178 ft.愛莉莎莎、Penny【Joeman】,https://www.youtube.com/watch?v=o4kq4xd7NgU,2023-09-18 18:00:40,18,2493,False,playlist,14.0,致謝贊助句型|影片合作聲明|直接提及贊助方|折扣導購用語|行動呼籲句型|提及廠商,False,True,頻道會員,【Joe是要對決】第二季,22
2701,aKjVNbFidHA,iPhone 15 Pro開箱實測！A17 Pro是否效能頂天？【Joeman】,https://www.youtube.com/watch?v=aKjVNbFidHA,2023-09-19 23:20:41,23,867,False,playlist,0.0,,False,True,頻道會員,【Joeman開箱去】,22
2702,A70cE2T6a4A,每年九月都在爆肝，明天希望能順利上另一隻iPhone 15 Pro影片……#iphone15pro #iphone15promax,https://www.youtube.com/watch?v=A70cE2T6a4A,2023-09-20 00:53:02,0,44,False,keyword,0.0,,False,False,,,22
2703,HM_LZhHzLT8,iPhone 15 Pro Max拍照錄影實測！這一代Pro到底能不能買？【Joeman】,https://www.youtube.com/watch?v=HM_LZhHzLT8,2023-09-20 18:42:17,18,1230,False,playlist,24.0,專屬導購代碼|專屬導購連結|致謝贊助句型|影片合作聲明|直接提及贊助方|專屬導購指引|結帳代碼指引|折扣導購用語|提及廠商,False,True,頻道會員,【Joeman開箱去】,22
2704,FVyqTAZyGHQ,樓下就是台北捷運有多爽？頂級蛋黃區豪宅開箱！冠德安沐居《Joe是要看房》ep.43【Joeman】,https://www.youtube.com/watch?v=FVyqTAZyGHQ,2023-09-22 18:00:13,18,1161,False,playlist,1.0,品牌官方導流,False,True,頻道會員|買房課程,《Joe是要看房》,22
2705,erMyXkfgC0w,新粉色超美！iPhone 15 & 15 Plus開箱實測！【Joeman】,https://www.youtube.com/watch?v=erMyXkfgC0w,2023-09-22 08:00:16,8,848,False,playlist,9.0,專屬導購代碼|結帳代碼指引|折扣導購用語|品牌官方導流,False,True,頻道會員,【Joeman開箱去】,22
2706,K9VSEstQfuU,兩億台幣在西雅圖可以買到怎樣的豪宅！超大超美！#美國豪宅 #西雅圖 #開箱,https://www.youtube.com/watch?v=K9VSEstQfuU,2023-09-23 18:14:20,18,61,False,keyword,0.0,,False,False,,,22
2707,f17mDgBzymg,台幣兩億竟然只是中價位？600坪美國遊艇豪宅開箱！ft.劉沛《Joe是要看房美國篇》ep.5,https://www.youtube.com/watch?v=f17mDgBzymg,2023-09-23 18:00:29,18,1268,False,playlist,0.0,,False,True,頻道會員|買房課程,Joe是要看房-美國篇,22
2708,4Xv9TLO0bT0,一口氣吃6家蛋黃酥！#陳耀訓蛋黃酥 #不二坊蛋黃酥 #蛋黃酥,https://www.youtube.com/watch?v=4Xv9TLO0bT0,2023-09-25 19:57:49,19,60,False,none,0.0,,False,False,,,22
2709,E3oLwJrJ7Gc,2200元的奢華蛋黃酥對決400元的平價蛋黃酥！佳德、不二坊、台北犁記、 陳耀訓･麵包埠、晶華 、 Mr.啃《Joe是要對決S2》Ep179 ft.老爸、酪梨女孩愛麗絲【Joeman】,https://www.youtube.com/watch?v=E3oLwJrJ7Gc,2023-09-25 18:00:13,18,2902,False,playlist,9.0,專屬導購代碼|專屬導購連結|折扣導購用語|品牌官方導流,False,True,頻道會員|買房課程,【Joe是要對決】第二季,22
2710,-w22PmWZgkI,台中頂流聯聚建設！132坪破億時尚豪宅開箱！聯聚保和大廈《Joe是要看房》ep.44【Joeman】,https://www.youtube.com/watch?v=-w22PmWZgkI,2023-09-26 19:00:01,19,1453,False,playlist,0.0,,False,True,頻道會員|買房課程,《Joe是要看房》,22
2711,maAbwK22zX4,收到了很美的中秋禮盒！#麥卡倫 #macallan #中秋 #夜燈,https://www.youtube.com/watch?v=maAbwK22zX4,2023-09-27 19:49:18,19,60,False,none,0.0,,False,False,,,22
2712,_gvGQCaBPN0,Youtube流量大暴跌！到底為什麼？【Joeman】網紅觀察室,https://www.youtube.com/watch?v=_gvGQCaBPN0,2023-09-28 18:00:37,18,664,False,playlist,0.0,,False,True,頻道會員|買房課程,Joeman網紅觀察室,22
2713,e-g_aOLxxcQ,16800元的奢華星盤算命對決500元的平價塔羅算命！《Joe是要對決S2》Ep180 ft.貝莉莓【Joeman】,https://www.youtube.com/watch?v=e-g_aOLxxcQ,2023-10-02 18:00:21,18,3672,False,playlist,10.0,專屬導購指引|結帳代碼指引|折扣導購用語|購買行動用語,False,True,頻道會員|買房課程,【Joe是要對決】第二季,22
2714,fVI7dZEwp2w,人生第一次算塔羅牌跟星盤！#塔羅 #星盤 #算命 #占卜,https://www.youtube.com/watch?v=fVI7dZEwp2w,2023-10-02 18:08:10,18,57,False,none,0.0,,False,False,,,22
2715,A1uI8Hyo9FQ,911GT3RS ASMR 992#911 #gt3rs #asmr #992,https://www.youtube.com/watch?v=A1uI8Hyo9FQ,2023-10-03 17:38:20,17,50,False,none,0.0,,False,False,,,22
2716,UdkePViEfOE,幫員工圓夢！擁有一個禮拜BMW M5！【Joeman】,https://www.youtube.com/watch?v=UdkePViEfOE,2023-10-05 18:00:20,18,842,False,keyword,0.0,,False,True,頻道會員|買房課程,,22
2717,cC0ZU5Y3lpg,被中國媒體吹爆的手機！台幣4萬值嗎？華為Mate 60 Pro vs iPhone 15 Pro系列【Joeman】,https://www.youtube.com/watch?v=cC0ZU5Y3lpg,2023-10-07 13:00:15,13,1716,False,playlist,9.0,專屬導購代碼|致謝贊助句型|折扣導購用語|品牌官方導流,False,True,頻道會員|買房課程,【Joeman開箱去】,22
2718,pJbc1Tw13R4,850元的奢華台式炸雞對決20元的平價台式炸雞！東加炸雞、文德炸雞、全球炸雞、格登炸雞、週末炸雞俱樂部《Joe是要對決S2》Ep181 ft.鐵牛【Joeman】,https://www.youtube.com/watch?v=pJbc1Tw13R4,2023-10-09 18:00:41,18,2065,False,playlist,0.0,,False,True,頻道會員|買房課程,【Joe是要對決】第二季,22
2719,0H9vXCYuO2U,當你發現李多慧跟你比的愛心怪怪的…#李多慧 #樂天桃猿 #樂天女孩,https://www.youtube.com/watch?v=0H9vXCYuO2U,2023-10-10 12:01:07,12,43,False,none,0.0,,False,False,,,22
2720,USlXSSfaEkk,米其林推薦的夜市炸雞！#米其林 #炸雞 #台式炸雞 #美食 #小吃 #格登炸雞,https://www.youtube.com/watch?v=USlXSSfaEkk,2023-10-11 12:02:35,12,59,False,keyword,0.0,,False,False,,,22
2721,IpanzFMJbv8,可以AI換臉的手機！Pixel 8 Pro!#pixel8pro #ai #完美合照,https://www.youtube.com/watch?v=IpanzFMJbv8,2023-10-12 06:06:40,6,52,False,keyword,0.0,,False,False,,,22
2722,pqIXtals8Ec,走鐘獎得獎預測！我對每個入圍影片的看法！(精簡版)網紅觀察室【Joeman】,https://www.youtube.com/watch?v=pqIXtals8Ec,2023-10-13 18:00:45,18,4665,False,playlist,0.0,,False,True,頻道會員|買房課程,Joeman網紅觀察室,22
2723,s75EI9HxVCU,當你發現錯過河北彩花的擁抱…#河北彩花 #走鐘獎 #中指通 #羨慕忌妒恨 #如果有時光機,https://www.youtube.com/watch?v=s75EI9HxVCU,2023-10-14 20:10:09,20,12,False,none,0.0,,False,False,,,22
2724,fqusWcSscpo,一次開箱3台千萬保時捷911！如果有錢你選哪台？Porsche GT3RS、GT3 、Targa992 【Joeman】,https://www.youtube.com/watch?v=fqusWcSscpo,2023-10-15 12:00:23,12,955,False,playlist,0.0,,False,True,頻道會員|買房課程,【Joeman開箱去】,22
2725,8ijDQTWwm5M,75900元的奢華行動電源對決399元的平價行動電源！《Joe是要對決S2》Ep182【Joeman】,https://www.youtube.com/watch?v=8ijDQTWwm5M,2023-10-16 18:00:08,18,1645,False,title_series,14.0,致謝贊助句型|影片合作聲明|直接提及贊助方|折扣導購用語|行動呼籲句型|提及廠商,False,True,頻道會員|買房課程,,22
2726,R1f6aDNdsKk,最頂的BRAVIA！旗艦Sony顯示器A95L開箱實測！【Joeman】,https://www.youtube.com/watch?v=R1f6aDNdsKk,2023-10-17 18:00:19,18,779,False,playlist,1.0,品牌官方導流,False,True,頻道會員|買房課程,【Joeman開箱去】,22
2727,3EHSKs7VkpY,可以邊逛邊結帳的日本手推車，方便又好玩～#東京旅遊,https://www.youtube.com/watch?v=3EHSKs7VkpY,2023-10-21 12:13:11,12,34,False,keyword,0.0,,False,False,,,22
2728,7_uZ5JSfHYE,在日本秋葉原搶到限動款鋼彈，結果半小時就弄丟，當下差點沒崩潰……#旅遊趣事 #攻擊鋼彈 #秋葉原,https://www.youtube.com/watch?v=7_uZ5JSfHYE,2023-10-23 22:17:28,22,60,False,keyword,0.0,,False,False,,,22
2729,lAc_2slwUns,1029元的奢華健康餐對決89元的平價健康餐！強尼兄弟健康廚房、 KEEP FIT 低脂健康料理、餵 WAY!、晶華 、FEELING《Joe是要對決S2》Ep183 ft.涼子【Joeman】,https://www.youtube.com/watch?v=lAc_2slwUns,2023-10-23 18:00:36,18,2859,False,title_series,2.0,品牌官方導流|新品發表用語,False,True,頻道會員|買房課程,,22
2730,2TcDFMwTn6Y,可以AI換臉的魔術手機 Pixel 8 Pro開箱【Joeman】,https://www.youtube.com/watch?v=2TcDFMwTn6Y,2023-10-24 18:00:02,18,912,False,keyword,0.0,,False,True,頻道會員|買房課程,,22
2731,mUqTILQxdz0,爸爸突然說可以請假出去玩…結果…#新豐街底迪,https://www.youtube.com/watch?v=mUqTILQxdz0,2023-10-25 18:08:56,18,45,False,none,0.0,,False,False,,,22
2732,OeTGrc3QDVw,如何讓自己看起來財富自由？那就是每天都吃健康餐…#健康餐 #健身餐 #減肥 #瘦身 #飲食控制,https://www.youtube.com/watch?v=OeTGrc3QDVw,2023-10-26 13:01:02,13,58,False,none,0.0,,False,False,,,22
2733,aOSaIPAg8hE,去日本買一堆東西要怎麼裝？出國帶熱水壺被吐槽是老人行徑，但後來覺得蠻好用的，前提是裝得下的話…目前我跟LOJEL有專屬85折團購，點我IG主頁有連結，只到11／5喔～,https://www.youtube.com/watch?v=aOSaIPAg8hE,2023-10-26 19:54:01,19,60,False,none,6.0,團購檔期用語|社群導流指引,False,False,,,22
2734,xKO7ni6rS8I,沒看價錢就點餐的下場，到了才發現是奢華健康餐…#健康餐 #奢華 #friday #tgif #健身餐 #沙拉,https://www.youtube.com/watch?v=xKO7ni6rS8I,2023-10-27 15:22:14,15,32,False,none,0.0,,False,False,,,22
2735,L_KtuPq_GGU,台灣無訊號的地方華為手機竟然還能打？Mate 60 Pro衛星通訊實測【Joeman】,https://www.youtube.com/watch?v=L_KtuPq_GGU,2023-10-28 12:00:17,12,738,False,playlist,0.0,,False,True,頻道會員|買房課程,【Joeman開箱去】,22
2736,V8gkWmdjzqg,傳說中的啦啦隊休息室！香到爆～#李多慧 #琳妲 #樂天女孩 #樂天啦啦隊 #rakuten #rakutengirls,https://www.youtube.com/watch?v=V8gkWmdjzqg,2023-10-30 18:15:09,18,60,False,none,0.0,,False,False,,,22
2737,vg-euFMHNwk,52500元的奢華棒球場對決200元的平價棒球場！樂天桃園棒球場《Joe是要對決S2》Ep184 ft.琳妲、李多慧、樂天女孩【Joeman】,https://www.youtube.com/watch?v=vg-euFMHNwk,2023-10-30 18:00:46,18,1833,False,playlist,2.0,行銷活動用語,False,True,頻道會員|買房課程,【Joe是要對決】第二季,22
2738,4dmvQIAE4J0,高性價比的i9電競筆電！HP OMEN 16 intel i9-13900hx + RTX4070【Joeman】,https://www.youtube.com/watch?v=4dmvQIAE4J0,2023-11-01 18:01:20,18,654,False,keyword,4.0,導購區塊標題|品牌官方導流,False,True,頻道會員|買房課程,,22
2739,9jWZZ2FoXcQ,剪輯師頭髮好稀疏...拯救稀疏大作戰！【Joeman】,https://www.youtube.com/watch?v=9jWZZ2FoXcQ,2023-11-02 18:00:15,18,795,False,none,2.0,折扣導購用語,False,True,頻道會員|買房課程,,22
2740,XGIePxlhfEU,890元的奢華早餐吃到飽對決99元的平價早餐吃到飽！無所不包、島語、《Joe是要對決S2》Ep185 ft.金魚腦【Joeman】,https://www.youtube.com/watch?v=XGIePxlhfEU,2023-11-06 19:27:35,19,2422,False,title_series,0.0,,False,True,頻道會員|買房課程,,22
2741,HsmjEwZq1do,我找很久超級好用的車充《 Omnia X MagSafe 車用磁吸無線充電器 》,https://www.youtube.com/watch?v=HsmjEwZq1do,2023-11-07 12:35:09,12,59,False,keyword,11.0,專屬導購代碼|專屬導購指引|導購區塊標題|折扣導購用語,False,False,,,22
2742,d0zhS5BccjI,大麻事件道歉影片【Joeman】,https://www.youtube.com/watch?v=d0zhS5BccjI,2023-11-07 15:00:16,15,205,False,none,0.0,,False,False,,,22
2743,nfDDrtp6FJk,首次跨國對決！¥69500元的奢華鐵板燒對決120元的平價鐵板燒！大埕鐵板燒、嘉門鐵板燒、《Joe是要對決S2》Ep186 ft.大蛇丸【Joeman】,https://www.youtube.com/watch?v=nfDDrtp6FJk,2023-11-13 18:00:38,18,3168,False,title_series,0.0,,False,True,頻道會員|買房課程,,22
2744,2Ry3-Y_Ogcs,帶杭州女孩吃好料！奢華和牛九吃！ft.阿貝很全能【Joeman】,https://www.youtube.com/watch?v=2Ry3-Y_Ogcs,2023-11-15 18:00:02,18,1413,False,keyword,2.0,購買行動用語,False,True,頻道會員|買房課程,,22
2745,pnnv2XCM6R4,自帶風扇的雨傘！,https://www.youtube.com/watch?v=pnnv2XCM6R4,2023-11-15 11:44:52,11,54,False,none,0.0,,False,False,,,22
2746,HquWaQARgkg,一個人7萬日幣的頂級東京鐵板燒！東京帝國飯店嘉門鐵板燒！#鐵板燒 #帝國飯店 #奢華料理 #東京 #joe是要對決,https://www.youtube.com/watch?v=HquWaQARgkg,2023-11-16 12:02:22,12,60,False,title_series,0.0,,False,False,,,22
2747,F7fjBEdnb3o,自動發牌機！有點貴但蠻好玩的！#自動發牌機 #小物開箱 #撲克牌,https://www.youtube.com/watch?v=F7fjBEdnb3o,2023-11-17 12:48:40,12,60,False,keyword,0.0,,False,False,,,22
2748,pvqhWk6nZb0,日本天婦羅之神！¥27000元的奢華天婦羅對決¥510元的平價天婦羅！天丼天屋 (淺草)、美川是山居《Joe是要對決S2》Ep187 ft.阿達【Joeman】,https://www.youtube.com/watch?v=pvqhWk6nZb0,2023-11-20 18:00:40,18,2951,False,title_series,10.0,致謝贊助句型|影片合作聲明|直接提及贊助方|提及廠商,False,True,頻道會員|買房課程,,22
2749,IVQ6LbB9wNg,日本天婦羅對決！平價的全東京超多分店超划算，奢華的則是傳說中的日本料理三神之一的天婦羅之神！#天婦羅 #天婦羅之神 #天丼 #JOE是要對決 #shorts,https://www.youtube.com/watch?v=IVQ6LbB9wNg,2023-11-22 13:00:18,13,60,False,title_series,0.0,,False,True,頻道會員|買房課程,,22
2750,V0kt3BLvJDs,從Windows轉換到Mac剪輯的差異？實測半年心得分享！【Joeman】,https://www.youtube.com/watch?v=V0kt3BLvJDs,2023-11-22 18:00:20,18,506,False,playlist,0.0,,False,True,頻道會員|買房課程,【Joeman開箱去】,22
2751,jyHTZvG_CYo,可以拆成兩半的機械鍵盤開箱！完全符合雙手打字角度！只是價格也蠻奢華的⋯#機械鍵盤 #開箱 #keychron,https://www.youtube.com/watch?v=jyHTZvG_CYo,2023-11-23 12:15:47,12,54,False,keyword,0.0,,False,False,,,22
2752,ds7RR1XwCqI,超帥鎖子甲手機殼！但一堆縫隙感覺會卡一堆灰塵⋯#手機殼 #小物開箱 #鎖子甲 #shorts,https://www.youtube.com/watch?v=ds7RR1XwCqI,2023-11-24 12:40:33,12,58,False,keyword,0.0,,False,True,頻道會員|買房課程,,22
2753,67esP10SvT4,全新Steam Deck OLED開箱！各方面體驗有感提升！【Joeman】,https://www.youtube.com/watch?v=67esP10SvT4,2023-11-25 16:30:01,16,274,False,playlist,0.0,,False,True,頻道會員|買房課程,【Joeman開箱去】,22
2754,mUsAr2Fm8Bg,一次吃5家！47元的奢華水餃對決2.5元的平價水餃！樹林兩點五元水餃、阿娥水餃、巧之味手工水餃、鄒記食舖、蕭媽媽手工創意水餃《Joe是要對決S2》Ep188 ft.蘋蘋【Joeman】,https://www.youtube.com/watch?v=mUsAr2Fm8Bg,2023-11-27 18:00:40,18,2685,False,playlist,10.0,致謝贊助句型|影片合作聲明|直接提及贊助方|提及廠商,False,True,頻道會員|買房課程,【Joe是要對決】第二季,22
2755,XLWk1usEf2k,你知道用iOS內購Youtube會員會比較貴嗎？因為要被多抽三成，所以各位如果平常有需要訂閱Youtube會員記得切到PC或Mac瀏覽器喔！,https://www.youtube.com/watch?v=XLWk1usEf2k,2023-11-28 18:30:25,18,49,False,keyword,0.0,,False,False,,,22
2756,eqVb8jx8rPI,很不受控的寵物檯燈開箱⋯或者說是檯燈造型的玩具 #米家皮皮燈 #開箱 #米家 #shorts,https://www.youtube.com/watch?v=eqVb8jx8rPI,2023-12-01 18:10:19,18,60,False,keyword,0.0,,False,True,頻道會員|買房課程,,22
2757,D68DM0FaMPQ,一杯5000元的世界冠軍咖啡對決19元的平價咖啡！全聯、CAFE!N硬咖啡、% Arabica、富錦樹咖啡、興波、《Joe是要對決S2》Ep189 ft.JOJO、吳則霖【Joeman】,https://www.youtube.com/watch?v=D68DM0FaMPQ,2023-12-04 18:00:17,18,2340,False,title_series,3.0,購買行動用語|品牌官方導流,False,True,頻道會員|買房課程,,22
2758,TESgOkDhcQY,實測！把電腦UI放大500%竟然會死機？ #shorts #賽博燈泡 #惡整 #實測,https://www.youtube.com/watch?v=TESgOkDhcQY,2023-12-06 12:10:54,12,50,False,keyword,0.0,,False,True,頻道會員|買房課程,,22
2759,M6UB6hkbTPI,Line貼圖用網頁版買竟然會比手機App版便宜！可惜太晚知道已經買了代幣了⋯ #line貼圖 #省錢 #便宜,https://www.youtube.com/watch?v=M6UB6hkbTPI,2023-12-07 19:09:46,19,25,False,keyword,0.0,,False,False,,,22
2760,IF-8Ad7bfcI,短片比長片更賺錢？Shorts、Tiktok、Reels要怎麼把流量變現？我的心得與戰略改變！【Joeman】網紅觀察室,https://www.youtube.com/watch?v=IF-8Ad7bfcI,2023-12-08 19:00:14,19,1193,False,playlist,0.0,,False,True,頻道會員|買房課程,Joeman網紅觀察室,22
2761,s5mO8OkJ2Mc,台灣第一家寶可夢中心！只是這個排隊人潮太晚去完全沒買到QQ #寶可夢中心 #台北寶可夢中心 #pokemon,https://www.youtube.com/watch?v=s5mO8OkJ2Mc,2023-12-08 18:29:09,18,47,False,none,0.0,,False,False,,,22
2762,RIDRevVdhOI,一次吃5家鍋貼名店！16.6元的輕奢鍋貼對決6.5元的平價鍋貼！八方雲集、及品鍋貼水餃專賣店、頂好紫琳蒸餃館、佳佳香鍋貼、楊家麵食水餃館《Joe是要對決S2》Ep190 ft.陳艾熙【Joeman】,https://www.youtube.com/watch?v=RIDRevVdhOI,2023-12-11 18:00:28,18,2434,False,title_series,10.0,致謝贊助句型|影片合作聲明|直接提及贊助方|提及廠商,False,True,頻道會員|團購平台|買房課程,,22
2763,1uuB_A7GVmE,一體成形可以直接丟洗衣機的超懶人韓國棉被Maatila！這次跟原廠合作團購，保證真品～不用再韓國扛回來囉～ #maatila #韓國棉被,https://www.youtube.com/watch?v=1uuB_A7GVmE,2023-12-12 17:10:35,17,36,False,none,6.0,影片合作聲明|原廠合作聲明,False,False,,,22
2764,wtocK4mGGs4,用手槍造型的滑鼠打槍真的會變強嗎？用起來其實不錯，只是手腕多年的肌肉記憶反而很難改過來⋯#手槍滑鼠 #槍型滑鼠 #ragnok2,https://www.youtube.com/watch?v=wtocK4mGGs4,2023-12-13 18:15:10,18,54,False,keyword,0.0,,False,False,,,22
2765,m2gGWCkKkIM,BlackPink演唱會的票都是誰買走？直擊台灣黃牛產業鏈 - 第九人稱,https://www.youtube.com/watch?v=m2gGWCkKkIM,2023-12-15 18:00:38,18,1574,False,playlist,0.0,,False,True,頻道會員|團購平台|買房課程,【第九人稱】,22
2766,p_XrL2iHztA,占地600坪！2.4億的超大透天開箱！《Joe是要看房美國篇》ep.6ft.劉沛,https://www.youtube.com/watch?v=p_XrL2iHztA,2023-12-16 16:00:21,16,1347,False,playlist,2.0,購買行動用語,False,True,頻道會員|團購平台|買房課程,Joe是要看房-美國篇,22
2767,r_up9lhgvSk,很像Switch的PC遊戲掌機，手把還能當槍柄，很酷但台灣還沒上市！#legiongo #遊戲掌機 #lenovo,https://www.youtube.com/watch?v=r_up9lhgvSk,2023-12-17 12:11:35,12,50,False,keyword,1.0,新品發表用語,False,False,,,22
2768,VhMoSjrF6Mg,一隻1400元的奢華大閘蟹對決380元的平價大閘蟹！《Joe是要對決S2》Ep191 ft.海莉【Joeman】,https://www.youtube.com/watch?v=VhMoSjrF6Mg,2023-12-18 18:00:31,18,2584,False,title_series,9.0,專屬導購代碼|致謝贊助句型|折扣導購用語|品牌官方導流,False,True,頻道會員|團購平台|買房課程,,22
2769,lE3kOLeDHdM,跟小12歲的女生約會！ft.美麗妄娜【Joeman】,https://www.youtube.com/watch?v=lE3kOLeDHdM,2023-12-20 18:00:34,18,1169,False,keyword,13.0,致謝贊助句型|影片合作聲明|直接提及贊助方|購買行動用語|品牌官方導流|提及廠商,False,True,頻道會員|團購平台|買房課程,,22
2770,L3Hc_i7ISpQ,帶小12歲的女生去打網咖是怎樣的體驗？包廂直接有床太舒服了吧～#網咖 #約會,https://www.youtube.com/watch?v=L3Hc_i7ISpQ,2023-12-21 14:18:35,14,35,False,keyword,0.0,,False,False,,,22
2771,8QNE9Jc0Kdw,聖誕禮物如果收到這個就太爽了！#airpodspro2 #usbc #聖誕禮物 #交換禮物,https://www.youtube.com/watch?v=8QNE9Jc0Kdw,2023-12-22 12:02:44,12,44,False,keyword,0.0,,False,False,,,22
2772,rbo7uL6mxgw,每天上班看到財位很多吉祥物心情就很好～#財位 #招財 #storyleather #吉祥物 #龍年,https://www.youtube.com/watch?v=rbo7uL6mxgw,2023-12-23 12:13:50,12,45,False,none,0.0,,False,False,,,22
2773,4Fct9vAEA6w,當你遇到很嗆的來賓⋯  #joe是要對決,https://www.youtube.com/watch?v=4Fct9vAEA6w,2023-12-25 19:10:52,19,31,False,title_series,0.0,,False,False,,,22
2774,cssZ2sCSXTk,14387元的奢華火鍋對決150元的平價火鍋！老先覺功夫窯燒鍋、富樂台式涮涮鍋、囍聚精緻鍋物、《Joe是要對決S2》Ep192 ft.LUCY【Joeman】,https://www.youtube.com/watch?v=cssZ2sCSXTk,2023-12-25 18:00:31,18,3625,False,title_series,10.0,致謝贊助句型|影片合作聲明|直接提及贊助方|提及廠商,False,True,頻道會員|團購平台|買房課程,,22
2775,Bzmtl23_PIU,冬天上班打字手會冰冷的用這台真的很讚😎#飛利浦暖風機 #辦公神器 #壁掛,https://www.youtube.com/watch?v=Bzmtl23_PIU,2023-12-26 11:21:17,11,54,False,none,0.0,,False,False,,,22
2776,yc9EZlPrXOo,跟世界首富當鄰居！我最愛的美國豪宅！4億台幣200坪樓中樓！《Joe是要看房美國篇》ep.7 ft.阿滴,https://www.youtube.com/watch?v=yc9EZlPrXOo,2023-12-28 18:00:47,18,2155,False,playlist,2.0,購買行動用語,False,True,頻道會員|團購平台|買房課程,Joe是要看房-美國篇,22
2777,fy_OzfGxioM,2300元的奢華牛丼對決69元的平價牛丼！SUKIYA、GYUU NUKU、牛丁次郎坊、有吉豐盛丼專賣門店、YORUよる《Joe是要對決S2》Ep193 ft.艾嘉【Joeman】,https://www.youtube.com/watch?v=fy_OzfGxioM,2024-01-01 18:00:31,18,2790,False,title_series,0.0,,False,True,頻道會員|團購平台|買房課程,,22
2778,ZPssfec9DGk,踩踏式鬧鐘，如果放在距離床很遠的地方，那應該效果不錯，因為真的很吵⋯,https://www.youtube.com/watch?v=ZPssfec9DGk,2024-01-04 19:13:35,19,40,False,none,0.0,,False,False,,,22
2779,bbygNJPYtnA,李多慧是如何成功的？韓系旅遊Vlog影片是怎麼拍出來的？【Joeman】網紅觀察室(精簡版),https://www.youtube.com/watch?v=bbygNJPYtnA,2024-01-05 19:00:35,19,1273,False,playlist,0.0,,False,True,頻道會員|團購平台|買房課程,Joeman網紅觀察室,22
2780,lj05jFhLm5w,現在的年輕妹子都沒打過保齡球嗎？,https://www.youtube.com/watch?v=lj05jFhLm5w,2024-01-05 15:42:50,15,46,False,none,0.0,,False,False,,,22
2781,C0mXHGmtsWw,吃完五家牛丼還沒飽的大胃王,https://www.youtube.com/watch?v=C0mXHGmtsWw,2024-01-08 14:36:14,14,59,False,none,0.0,,False,False,,,22
2782,CrwE9k_ji-U,3480元的奢華壽喜燒對決99元的平價壽喜燒！和民居食屋、金月《Joe是要對決S2》Ep194 ft. 筠熹【Joeman】,https://www.youtube.com/watch?v=CrwE9k_ji-U,2024-01-08 18:00:08,18,2159,False,title_series,1.0,品牌官方導流,False,True,頻道會員|團購平台|買房課程,,22
2783,HtC4OAr7_vU,全台灣只有十幾隻的限量Youtube熊！,https://www.youtube.com/watch?v=HtC4OAr7_vU,2024-01-08 22:19:34,22,49,False,none,0.0,,False,False,,,22
2784,sKV9ayOHCeE,到底在紅什麼？單身即地獄3有沒有劇本？【Joeman】網紅觀察室,https://www.youtube.com/watch?v=sKV9ayOHCeE,2024-01-11 19:30:28,19,1075,False,playlist,0.0,,False,True,頻道會員|團購平台|買房課程,Joeman網紅觀察室,22
2785,T1eUtj44Uco,1800元的奢華豬肋排對決360元的平價豬肋排！Baba KevinBBQ、CAMPUS CAFE、Buttermilk、Ed's 《Joe是要對決S2》Ep195 ft.鮪魚【Joeman】,https://www.youtube.com/watch?v=T1eUtj44Uco,2024-01-15 18:00:30,18,3090,False,title_series,10.0,致謝贊助句型|影片合作聲明|直接提及贊助方|提及廠商,False,True,頻道會員|團購平台|買房課程,,22
2786,SRTi59KqjnU,硬到可以當錘子的鋼鐵香蕉！🍌🍌🍌,https://www.youtube.com/watch?v=SRTi59KqjnU,2024-01-17 15:51:59,15,53,False,none,0.0,,False,False,,,22
2787,IV2Wa7fZ-Mc,龍年限定版Airpods Pro 2跟專屬紅包袋開箱！,https://www.youtube.com/watch?v=IV2Wa7fZ-Mc,2024-01-18 10:14:16,10,47,False,keyword,0.0,,False,False,,,22
2788,lML4MwiYGOI,吃飯到一半對面出現裸男會發現？,https://www.youtube.com/watch?v=lML4MwiYGOI,2024-01-19 21:29:01,21,53,False,none,0.0,,False,False,,,22
2789,-RuD_U2FDgw,怎樣的人需要買正脊坐墊？真的有用嗎？,https://www.youtube.com/watch?v=-RuD_U2FDgw,2024-01-22 18:28:14,18,47,False,none,0.0,,False,False,,,22
2790,XEghzjTAg5M,過年送禮必看！1780元的奢華鳳梨酥對決18元的平價鳳梨酥！佳德、高女婿、小潘蛋糕坊、微熱山丘、Sweet Chen、文華東方《Joe是要對決S2》Ep196 ft. 阿貝【Joeman】,https://www.youtube.com/watch?v=XEghzjTAg5M,2024-01-22 18:00:18,18,2425,False,playlist,0.0,,False,True,頻道會員|團購平台|買房課程,【Joe是要對決】第二季,22
2791,mHRFdvNRTJI,開車也能用的正脊坐墊！,https://www.youtube.com/watch?v=mHRFdvNRTJI,2024-01-26 18:48:39,18,51,False,keyword,0.0,,False,False,,,22
2792,LhZoQqbcIdg,預算150萬！ 2024賓士選購指南C300、E300、A250【Joeman】,https://www.youtube.com/watch?v=LhZoQqbcIdg,2024-01-27 12:00:15,12,869,False,keyword,0.0,,False,True,頻道會員|團購平台|買房課程,,22
2793,C-nOuJbQnXE,麻系對決！5880元的奢華麻婆豆腐對決79元的平價麻婆豆腐！極饗、Mrs.Mapo、老罈香川味兜、開飯、聚苑 Ju Yuan《Joe是要對決S2》Ep197 ft.魚乾【Joeman】,https://www.youtube.com/watch?v=C-nOuJbQnXE,2024-01-29 18:00:09,18,2556,False,title_series,10.0,致謝贊助句型|影片合作聲明|直接提及贊助方|提及廠商,False,True,頻道會員|團購平台|買房課程,,22
2794,F-2cP-rr7aY,iPhone可以玩的3A大作又多一款！死亡擱淺導演版現在也能順跑，期待能在手機上玩GTA6！,https://www.youtube.com/watch?v=F-2cP-rr7aY,2024-01-30 12:42:00,12,45,False,keyword,0.0,,False,False,,,22
2795,qVXEr1x2Pwc,2024刮刮樂大賽！花30萬給員工刮600張！【Joeman】,https://www.youtube.com/watch?v=qVXEr1x2Pwc,2024-02-01 19:00:43,19,1009,False,none,0.0,,False,True,頻道會員|團購平台|買房課程,,22
2796,OaXNLfnsgmM,18歲就做到流量巔峰！短影音天才Jenny Hoyos的成功祕訣【Joeman會員專屬】網紅觀察室,https://www.youtube.com/watch?v=OaXNLfnsgmM,2024-02-02 18:00:26,18,1229,False,playlist,0.0,,False,True,頻道會員|團購平台|買房課程,Joeman網紅觀察室,22
2797,Sbn6_H9IVtA,一人4000元的奢華自助餐！尾牙吃饗A Joy 是怎樣的體驗？【Joeman】,https://www.youtube.com/watch?v=Sbn6_H9IVtA,2024-02-03 18:00:19,18,1468,False,keyword,0.0,,False,True,頻道會員|團購平台|買房課程,,22
2798,vBqPQiKpUmI,新年企劃！一個208元的奢華紅包袋對決0元的平價紅包袋！《Joe是要對決S2》Ep198 ft.阿民【Joeman】,https://www.youtube.com/watch?v=vBqPQiKpUmI,2024-02-05 18:00:44,18,3152,False,title_series,0.0,,False,True,頻道會員|團購平台|買房課程,,22
2799,yorMfrPjJr0,都市傳說！裸裝的小潘鳳梨酥真的比較好吃嗎？,https://www.youtube.com/watch?v=yorMfrPjJr0,2024-02-07 15:05:45,15,59,False,keyword,0.0,,False,False,,,22
2800,DbENsQG2AvM,一杯五千元的咖啡到底有多好喝？,https://www.youtube.com/watch?v=DbENsQG2AvM,2024-02-12 15:47:34,15,59,False,keyword,0.0,,False,True,頻道會員|團購平台|買房課程,,22
2801,Eu7FcQOlCxw,500元的奢華甜甜圈對決15元的平價甜甜圈！脆皮鮮奶甜甜圈、MY幾圈、車路頭街40年老店、Haritts甜甜圈、晶華 Knotted甜甜圈《Joe是要對決S2》Ep199 ft.元元【Joeman】,https://www.youtube.com/watch?v=Eu7FcQOlCxw,2024-02-12 18:00:07,18,1621,False,title_series,10.0,致謝贊助句型|影片合作聲明|直接提及贊助方|提及廠商,False,True,頻道會員|團購平台|買房課程,,22
2802,EQJQAg5s5NM,我真的在東京買房了！1500萬就有全新透天！【Joeman】《Joe是要看房日本篇》ep.15,https://www.youtube.com/watch?v=EQJQAg5s5NM,2024-02-15 18:00:11,18,1171,False,playlist,2.0,購買行動用語,False,True,頻道會員|團購平台|買房課程,Joe是要看房-日本篇,22
2803,xLLa8aVZ8EM,之前團購賣斷貨的Lojel行李箱又來啦！而且這次是最新的升級版，新增了一個自帶軟墊的易碎品儲藏袋、Airtag收納袋、全新TSA密碼鎖！連結在IG主頁,https://www.youtube.com/watch?v=xLLa8aVZ8EM,2024-02-15 15:22:10,15,37,False,none,3.0,社群導流指引,False,False,,,22
2804,hi4WqUtygV8,穿賽博龐克全套走在路上！只要我不尷尬，尷尬的就是別人！#visionpro #dysonzone,https://www.youtube.com/watch?v=hi4WqUtygV8,2024-02-19 20:51:46,20,48,False,keyword,0.0,,False,False,,,22
2805,z6XO0vXJCbI,傳說中的酒店！31460元的平價酒店對決消費超過六位數的奢華酒店！《Joe是要對決S2》Ep 200 ft.蛇丸、Ted、阿軟【Joeman】,https://www.youtube.com/watch?v=z6XO0vXJCbI,2024-02-19 18:00:41,18,2703,False,title_series,0.0,,False,True,頻道會員|團購平台|買房課程,,22
2806,t3YaLnLMgmg,帶你穿越到未來！Vision Pro詳細開箱！【Joeman】,https://www.youtube.com/watch?v=t3YaLnLMgmg,2024-02-21 21:00:47,21,1114,False,playlist,0.0,,False,True,頻道會員|團購平台|買房課程,【Joeman開箱去】,22
2807,xqRCioJXXyI,爆賠150萬？日本房地產的持有成本分析！能不能貸款、要怎麼買？【Joeman】《Joe是要看房日本篇》,https://www.youtube.com/watch?v=xqRCioJXXyI,2024-02-21 18:00:49,18,1536,False,playlist,2.0,購買行動用語,False,True,頻道會員|團購平台|買房課程,Joe是要看房-日本篇,22
2808,nFoh6aUpr7I,才喝幾杯就倒了⋯,https://www.youtube.com/watch?v=nFoh6aUpr7I,2024-02-22 22:04:33,22,8,False,none,0.0,,False,False,,,22
2809,njbS2NycD8k,母胎單身30年卻突然被正妹環繞是怎樣的體驗？,https://www.youtube.com/watch?v=njbS2NycD8k,2024-02-23 11:39:22,11,59,False,keyword,0.0,,False,False,,,22
2810,iLuwT84GYO4,以後沒藉口不遛狗了～#visionpro #walkingdog,https://www.youtube.com/watch?v=iLuwT84GYO4,2024-02-25 14:17:13,14,12,False,none,0.0,,False,False,,,22
2811,JkvuvugbmJw,真正的酒店來啦！一晚150000元的奢華酒店！《Joe是要對決S2》Ep 201 ft.大蛇丸、Ted、阿軟【Joeman】,https://www.youtube.com/watch?v=JkvuvugbmJw,2024-02-26 19:30:08,19,3125,False,title_series,17.0,專屬導購連結|致謝贊助句型|影片合作聲明|直接提及贊助方|購買行動用語|行動呼籲句型|提及廠商,False,True,頻道會員|團購平台|買房課程,,22
2812,ZmM67BlYfEE,自帶螢幕的手機殼，每天都可以換圖片！就是重量跟價格比較不親民⋯#奢華手機殼 #reinkstone,https://www.youtube.com/watch?v=ZmM67BlYfEE,2024-02-29 18:16:00,18,54,False,keyword,0.0,,False,False,,,22
2813,yuFIKmQXERE,去酒店喝到一半被暈船對象抓包是怎樣的體驗？,https://www.youtube.com/watch?v=yuFIKmQXERE,2024-03-01 20:31:22,20,59,False,keyword,0.0,,False,False,,,22
2814,RTlmmToGUdo,希望我可以靠著被罵上天堂,https://www.youtube.com/watch?v=RTlmmToGUdo,2024-03-04 22:10:10,22,38,False,none,0.0,,False,False,,,22
2815,aXkwYtRmFqk,3280元的奢華烤雞對決189元的平價烤雞！21世紀烤雞、Ho Tshu 好處餐酒、叁酒弍沏、Muzeo Gastronomy&Draft《Joe是要對決S2》Ep202 ft. 泡芙【Joeman】,https://www.youtube.com/watch?v=aXkwYtRmFqk,2024-03-04 18:00:03,18,2464,False,title_series,0.0,,False,True,頻道會員|團購平台|買房課程,,22
2816,ajK5BoDNW4c,超讚的除塵蟎機，大拍6.0駕到！我的專屬團購59折只要4690起！現貨搶完就沒啦～換季必備！#除塵蟎機 #大拍第6代,https://www.youtube.com/watch?v=ajK5BoDNW4c,2024-03-04 18:11:01,18,60,False,none,3.0,團購檔期用語,False,False,,,22
2817,nCSYnkAnIVw,可以印刺青在皮膚上的印表機！不會痛又可以一直改圖案！缺點就是寬度不夠，要刺包手要弄很久⋯#刺青 #印表機 #imprintuu,https://www.youtube.com/watch?v=nCSYnkAnIVw,2024-03-05 16:18:32,16,58,False,none,0.0,,False,False,,,22
2818,3Q-Mcow-i4I,蘋果滑鼠專用底座！原本以為可以解決手感問題，但後來表現不如預期⋯#蘋果滑鼠 #applemouse,https://www.youtube.com/watch?v=3Q-Mcow-i4I,2024-03-06 17:59:39,17,56,False,keyword,0.0,,False,False,,,22
2819,SubB9I2-nCI,實際入住東京新家體驗！晴空塔慶生、宴請朋友、開伙料理、美夢成真！ft.大蛇丸、阿達《Joe是要看房日本篇》ep.16【Joeman】,https://www.youtube.com/watch?v=SubB9I2-nCI,2024-03-07 18:00:18,18,1557,False,playlist,2.0,購買行動用語,False,True,頻道會員|團購平台|買房課程,Joe是要看房-日本篇,22
2820,BwZarVAtSbo,5620元的奢華燒臘對決110元的平價燒臘！港宏燒臘、九記何燒臘、香港裕記燒臘、名門燒臘、朧粤《Joe是要對決S2》Ep203 ft. 赤鬼伯伯【Joeman】,https://www.youtube.com/watch?v=BwZarVAtSbo,2024-03-11 18:00:11,18,3271,False,title_series,17.0,專屬導購連結|致謝贊助句型|影片合作聲明|直接提及贊助方|購買行動用語|行動呼籲句型|提及廠商,False,True,頻道會員|團購平台|買房課程,,22
2821,yzZ2_jCFXgY,迷你熱水器！乍看之下很方便，可惜電壓問題，加熱溫度不足⋯#迷你熱水器 #卡片式熱水器,https://www.youtube.com/watch?v=yzZ2_jCFXgY,2024-03-11 14:18:00,14,49,False,none,0.0,,False,False,,,22
2822,xRqDeX-SYWI,可以自動磨指甲的電動指甲剪，優點是磨的很光滑，缺點是這速度有點慢⋯,https://www.youtube.com/watch?v=xRqDeX-SYWI,2024-03-13 20:25:48,20,60,False,none,0.0,,False,False,,,22
2823,y7Zsc8FN0L4,左右不會鏡像的真實之鏡！一開始很不習慣，但看別人左右顛倒好像又無感，只有自己覺得怪,https://www.youtube.com/watch?v=y7Zsc8FN0L4,2024-03-14 13:23:11,13,59,False,none,0.0,,False,False,,,22
2824,H6j54drpgUk,超可愛的迷你麥金塔電腦！只是裡面的系統是Windows…#ayaneo #am01,https://www.youtube.com/watch?v=H6j54drpgUk,2024-03-15 18:45:52,18,60,False,keyword,0.0,,False,False,,,22
2825,QJPm1kkiTaQ,1850元的奢華美式炸雞對決69元的平價美式炸雞！德州美墨炸雞 、爆Q美式炸雞、Nola、Buttermilk 、HOTTIES 《Joe是要對決S2》Ep204 ft.KIKI【Joeman】,https://www.youtube.com/watch?v=QJPm1kkiTaQ,2024-03-18 18:00:26,18,3090,False,title_series,0.0,,False,True,頻道會員|團購平台|買房課程,,22
2826,lkTMki6KZ1E,用死神辣椒調味的炸雞！才吃一口就被辣到神智不清！#美式炸雞 #hotties,https://www.youtube.com/watch?v=lkTMki6KZ1E,2024-03-18 18:14:08,18,49,False,none,0.0,,False,False,,,22
2827,tTOXHHBS-Wg,百萬Youtuber的一天都怎麼規劃？如何擠出更多時間？,https://www.youtube.com/watch?v=tTOXHHBS-Wg,2024-03-18 21:00:08,21,47,False,keyword,0.0,,False,False,,,22
2828,Tl20LjQFUXE,聊一下我長期持有台積電的根本邏輯#本影片非投資建議請謹慎理財,https://www.youtube.com/watch?v=Tl20LjQFUXE,2024-03-19 18:13:30,18,53,False,keyword,0.0,,False,False,,,22
2829,V8vTYx9MBz8,為什麼現在短影音都要邊走邊拍？很玄！,https://www.youtube.com/watch?v=V8vTYx9MBz8,2024-03-22 19:54:24,19,58,False,none,0.0,,False,False,,,22
2830,nYKLeVnX7B4,百萬Youtuber的包袱,https://www.youtube.com/watch?v=nYKLeVnX7B4,2024-03-22 10:34:25,10,47,False,keyword,0.0,,False,False,,,22
2831,xa14nwyYcO0,賺到100萬比賺到1000萬難？,https://www.youtube.com/watch?v=xa14nwyYcO0,2024-03-24 10:59:59,10,49,False,none,0.0,,False,False,,,22
2832,igY8SrLE5P4,我最想拍的對決是什麼？,https://www.youtube.com/watch?v=igY8SrLE5P4,2024-03-25 11:55:19,11,42,False,keyword,0.0,,False,False,,,22
2833,l8x7VVhW1sE,3280元的奢華酸菜魚對決126元的平價酸菜魚！老鉄沒毛病酸菜魚、官小二酸菜魚、刁民酸菜魚、正大酸菜魚、富錦樹台菜香檳101旗艦店《Joe是要對決S2》Ep205 ft. 陳敬宣【Joeman】,https://www.youtube.com/watch?v=l8x7VVhW1sE,2024-03-25 18:00:38,18,2602,False,title_series,17.0,專屬導購連結|致謝贊助句型|影片合作聲明|直接提及贊助方|購買行動用語|行動呼籲句型|提及廠商,False,True,頻道會員|團購平台|買房課程,,22
2834,bfenetDJ02U,百萬Youtuber變有名後的煩惱,https://www.youtube.com/watch?v=bfenetDJ02U,2024-03-26 13:18:40,13,50,False,keyword,0.0,,False,False,,,22
2835,WR-RcLu7ZUM,2024 Model 3煥新版開箱！外觀大進化！【Joeman】,https://www.youtube.com/watch?v=WR-RcLu7ZUM,2024-03-27 20:45:02,20,409,False,keyword,0.0,,False,True,頻道會員|團購平台|買房課程,,22
2836,paJbaOmENaI,2024全新Model 3煥新版開箱！,https://www.youtube.com/watch?v=paJbaOmENaI,2024-03-27 16:43:07,16,51,False,keyword,0.0,,False,False,,,22
2837,D6Pssi_duF8,M3 Macbook Air開箱！2024文書Mac選購指南【Joeman】,https://www.youtube.com/watch?v=D6Pssi_duF8,2024-03-28 20:00:18,20,571,False,playlist,2.0,購買行動用語,False,True,頻道會員|團購平台|買房課程,【Joeman開箱去】,22
2838,STQiBH4L7so,為了了解年輕觀眾，嘗試Threads脆，結果⋯,https://www.youtube.com/watch?v=STQiBH4L7so,2024-03-28 21:33:57,21,50,False,none,0.0,,False,False,,,22
2839,ST7tI7Mo7DY,比特幣破新高！比特幣一顆10萬美金有可能嗎？,https://www.youtube.com/watch?v=ST7tI7Mo7DY,2024-03-29 19:36:32,19,43,False,keyword,3.0,專屬導購指引,False,False,,,22
2840,l24p4KDQNLE,清明節企劃！220元的平價潤餅對決50元的平價潤餅！ 正宗現做手工潤餅、吾旺再季、A-Bei 潤餅小棧、欣葉台菜巧味潤餅《Joe是要對決S2》Ep206 ft. 阿貝【Joeman】,https://www.youtube.com/watch?v=l24p4KDQNLE,2024-04-01 18:00:40,18,1663,False,title_series,1.0,品牌官方導流,False,True,頻道會員|團購平台|買房課程,,22
2841,X_1aonjNt_o,我平常都看那些Youtube頻道？,https://www.youtube.com/watch?v=X_1aonjNt_o,2024-04-04 13:11:54,13,57,False,none,0.0,,False,False,,,22
2842,rioJ6TNFlYc,128坪8000萬！台中七期白派豪宅！新朗日匯《Joe是要看房》ep.45【Joeman】,https://www.youtube.com/watch?v=rioJ6TNFlYc,2024-04-07 18:00:42,18,1274,False,playlist,6.0,購買行動用語|通路鋪貨用語|品牌官方導流|新品發表用語,False,True,頻道會員|團購平台|買房課程,《Joe是要看房》,22
2843,Rnfo9Rh_k3Q,650元的奢華漢堡排對決140元的平價漢堡排！台灣松屋、野毛食所、焱の挽肉、挽肉と米《Joe是要對決S2》Ep207 ft. Ken【Joeman】,https://www.youtube.com/watch?v=Rnfo9Rh_k3Q,2024-04-08 18:00:30,18,2615,False,title_series,17.0,專屬導購連結|致謝贊助句型|影片合作聲明|直接提及贊助方|購買行動用語|行動呼籲句型|提及廠商,False,True,頻道會員|團購平台|買房課程,,22
2844,ftaYBwnXJsk,颱風天吃麥當勞！美國麥當勞的大薯比臉還大！這就是洋人的尺寸嗎？,https://www.youtube.com/watch?v=ftaYBwnXJsk,2024-04-10 07:57:31,7,23,False,none,0.0,,False,False,,,22
2845,5B1WHTu2B1I,開在路上超高調！電動皮卡Cybertruck試駕！【Joeman】Tesla特斯拉,https://www.youtube.com/watch?v=5B1WHTu2B1I,2024-04-12 18:00:04,18,869,False,keyword,8.0,推薦或聯盟行銷連結|專屬導購指引|折扣導購用語,False,True,頻道會員|團購平台|買房課程,,22
2846,ALIdXqcOrPM,傳說中的電動皮卡Cybertruck！,https://www.youtube.com/watch?v=ALIdXqcOrPM,2024-04-12 18:11:11,18,37,False,none,0.0,,False,False,,,22
2847,opx_gFtRloQ,在美國開Cybertruck是怎樣的體驗？,https://www.youtube.com/watch?v=opx_gFtRloQ,2024-04-13 18:14:42,18,45,False,keyword,0.0,,False,False,,,22
2848,Ss84VWA5Ixs,正脊坐墊的辦公椅版本「優雅椅」來啦！如果是已經習慣坐正脊坐墊的千萬別錯過，以一般人體工學椅的角度來看價格也不貴！團購連結請至我的IG主頁～,https://www.youtube.com/watch?v=Ss84VWA5Ixs,2024-04-15 18:17:19,18,57,False,none,6.0,品牌專屬團購連結|社群導流指引,False,False,,,22
2849,ygJ1xUEF3zc,5346元的奢華素食對決130元的平價素食吃到飽！玉貴人蔬食、晶華酒店 Curious《Joe是要對決S2》Ep208 ft. JOJO【Joeman】,https://www.youtube.com/watch?v=ygJ1xUEF3zc,2024-04-15 18:00:49,18,2750,False,title_series,8.0,專屬導購連結|推薦或聯盟行銷連結|購買行動用語,False,True,頻道會員|團購平台|買房課程,,22
2850,YyhcrcokyDU,驚喜企劃！幫蛇丸升等一晚15萬的東京飯店！新宿高空200米絕美夜景ft.大蛇丸 【Joeman】,https://www.youtube.com/watch?v=YyhcrcokyDU,2024-04-16 18:00:33,18,949,False,keyword,2.0,購買行動用語,False,True,頻道會員|團購平台|買房課程,,22
2851,mKmfXKQg-X8,吸引力法則跟賺錢真的有關嗎？,https://www.youtube.com/watch?v=mKmfXKQg-X8,2024-04-17 15:39:35,15,44,False,none,0.0,,False,False,,,22
2852,AD6_QKearY8,頻道陷入瓶頸！如果對決停更我要怎麼辦？【Joeman】網紅觀察室,https://www.youtube.com/watch?v=AD6_QKearY8,2024-04-18 18:00:07,18,1441,False,playlist,0.0,,False,True,頻道會員|團購平台|買房課程,Joeman網紅觀察室,22
2853,K0BMWahyyIA,台灣最強大胃王爭霸賽！ft.蛇丸、阿達、丁丁、泡芙、艾嘉、小霖、傑克、艾里斯【Joeman】《JOE愛吃大胃王爭霸戰》,https://www.youtube.com/watch?v=K0BMWahyyIA,2024-04-19 18:00:16,18,1560,True,title_series,4.0,折扣導購用語|購買行動用語,False,True,頻道會員|團購平台|買房課程,,22
2854,AA8IwxhSx84,大家現在玩網路遊戲會交網公網婆嗎？,https://www.youtube.com/watch?v=AA8IwxhSx84,2024-04-21 13:41:28,13,30,False,keyword,0.0,,False,False,,,22
2855,c_mn-T7H90g,1980元的奢華炒飯對決55元的平價炒飯！東園街無名炒飯、世界美食總匯、水源食坊-不一樣炒飯、蘇杭點心店、心潮飯店《Joe是要對決S2》Ep209ft. 妲妲【Joeman】,https://www.youtube.com/watch?v=c_mn-T7H90g,2024-04-22 18:00:30,18,2435,False,title_series,17.0,專屬導購連結|致謝贊助句型|影片合作聲明|直接提及贊助方|購買行動用語|行動呼籲句型|提及廠商,False,True,頻道會員|團購平台|買房課程,,22
2856,Tr6_QX8hLlM,台幣300萬內最速車！大改款Model 3性能版全球首駕！Tesla煥新版Performance 2024【Joeman】,https://www.youtube.com/watch?v=Tr6_QX8hLlM,2024-04-24 08:00:24,8,688,False,keyword,1.0,品牌官方導流,False,True,頻道會員|團購平台|買房課程,,22
2857,ev1T_dHNIDk,300萬內最速車!大改款Model 3 性能版全球首駕！ #model3performance,https://www.youtube.com/watch?v=ev1T_dHNIDk,2024-04-24 08:08:16,8,54,False,none,0.0,,False,False,,,22
2858,SOqlEtJlk24,可以隔絕PM2.5的超讚紗窗！,https://www.youtube.com/watch?v=SOqlEtJlk24,2024-04-25 18:02:55,18,50,False,none,0.0,,False,False,,,22
2859,7Z4tqorJZGw,最強大胃王終局之戰！超大蛋糕＋超巨大熱狗  ft.蛇丸、阿達、丁丁、泡芙、艾嘉、小霖、傑克、艾里斯【Joeman】《JOE愛吃大胃王爭霸戰》,https://www.youtube.com/watch?v=7Z4tqorJZGw,2024-04-26 18:00:06,18,1948,False,title_series,2.0,購買行動用語,False,True,頻道會員|團購平台|買房課程,,22
2860,cjVa2rZXQh0,跟小學生學自拍！,https://www.youtube.com/watch?v=cjVa2rZXQh0,2024-04-26 17:49:28,17,30,False,none,0.0,,False,False,,,22
2861,ciJgagMfEuU,大家應該都會開自拍鏡頭當鏡子吧！？,https://www.youtube.com/watch?v=ciJgagMfEuU,2024-04-27 20:30:34,20,24,False,keyword,0.0,,False,False,,,22
2862,HtLvpLmdJb8,超巨大蛋糕挑戰竟意外湊合一對佳偶？,https://www.youtube.com/watch?v=HtLvpLmdJb8,2024-04-28 14:08:24,14,59,False,keyword,0.0,,False,False,,,22
2863,0g3ak12tr_0,6390元的奢華義大利麵對決90元的平價義大利麵！麵食主義KIRIN PASTA、金孫韓廚、PASTAIO 手工義大利麵、波波海鮮市集《Joe是要對決S2》Ep210 ft.Sarah【Joeman】,https://www.youtube.com/watch?v=0g3ak12tr_0,2024-04-29 18:00:00,18,2511,False,title_series,0.0,,False,True,頻道會員|團購平台|買房課程,,22
2864,W8Esmw3cTzI,超巨大熱狗堡挑戰！,https://www.youtube.com/watch?v=W8Esmw3cTzI,2024-04-30 18:04:22,18,60,False,keyword,0.0,,False,False,,,22
2865,2fhr0vgxI7A,人生第一次看NBA就上大螢幕！太爽啦！,https://www.youtube.com/watch?v=2fhr0vgxI7A,2024-05-01 13:02:05,13,49,False,keyword,0.0,,False,False,,,22
2866,zEjw00Cp-FY,員工圓夢企劃！第一次看NBA就上大螢幕！花3萬在搖滾區值得嗎？【Joeman】,https://www.youtube.com/watch?v=zEjw00Cp-FY,2024-05-01 13:00:27,13,1074,False,keyword,0.0,,False,True,頻道會員|團購平台|買房課程,,22
2867,3mHkh_YJus4,大家可以忍受在再不分嗎？,https://www.youtube.com/watch?v=3mHkh_YJus4,2024-05-03 12:40:58,12,41,False,none,0.0,,False,False,,,22
2868,wnXFd-VhipI,真假NIKE對決！看不出來就直接切開！價差80倍潮鞋！ft.王思佳、小馬、大隻《Joe是要切開》ep.1【Joeman】,https://www.youtube.com/watch?v=wnXFd-VhipI,2024-05-03 18:00:59,18,1173,True,title_series,5.0,專屬導購連結|折扣導購用語,False,True,頻道會員|團購平台|買房課程,,22
2869,Rv_RJD1TC8A,開著千萬賓利橫跨沙漠有多爽！22790元的奢華租車對決2279元的平價Toyota租車！ 《Joe是要對決S2》Ep211 【Joeman】美國公路旅行,https://www.youtube.com/watch?v=Rv_RJD1TC8A,2024-05-06 18:00:26,18,2731,False,title_series,14.0,專屬導購連結|電商賣場連結|折扣導購用語|購買行動用語|行動呼籲句型|品牌官方導流|新品發表用語,False,True,頻道會員|團購平台|買房課程,,22
2870,Kr3QgmS6WgQ,在全世界最大的球星建築物裡看一場3800元的奢華電影！#sphere,https://www.youtube.com/watch?v=Kr3QgmS6WgQ,2024-05-07 18:40:08,18,48,False,none,0.0,,False,False,,,22
2871,sReiGg5cTIs,Line的貼圖現在可以合併使用！組合起來超好笑！,https://www.youtube.com/watch?v=sReiGg5cTIs,2024-05-08 18:19:06,18,30,False,none,0.0,,False,False,,,22
2872,oSvslpPUNYA,當你想買外匯BMW卻發現比預期還貴⋯,https://www.youtube.com/watch?v=oSvslpPUNYA,2024-05-09 18:00:59,18,33,False,keyword,0.0,,False,False,,,22
2873,oa9KAysIIVk,當你遇到不能貸款的客人⋯,https://www.youtube.com/watch?v=oa9KAysIIVk,2024-05-11 18:15:37,18,37,False,none,0.0,,False,False,,,22
2874,rdTKvRgovCw,你有多久沒送最愛自己的女人一束花？,https://www.youtube.com/watch?v=rdTKvRgovCw,2024-05-12 18:07:38,18,52,False,none,0.0,,False,False,,,22
2875,DcnY-kBiqEw,4980元的奢華蛋包飯對決80元的平價蛋包飯！九如義大利麵蛋包飯、陸角蛋包飯、NAGOYA ナゴヤ、輪輪1976 和食茶酒駅、燒鳩居酒屋《Joe是要對決S2》Ep212 ft.Mana【Joeman】,https://www.youtube.com/watch?v=DcnY-kBiqEw,2024-05-13 18:00:16,18,2425,False,title_series,17.0,專屬導購連結|致謝贊助句型|影片合作聲明|直接提及贊助方|購買行動用語|行動呼籲句型|提及廠商,False,True,頻道會員|團購平台|買房課程,,22
2876,JkU7PuYnZVU,我這智商當年到底是怎麼考上大學的🤣,https://www.youtube.com/watch?v=JkU7PuYnZVU,2024-05-13 18:09:38,18,23,False,none,0.0,,False,False,,,22
2877,UkZdyUHXS8Y,跟李多慧一起跳大小姐晚安！,https://www.youtube.com/watch?v=UkZdyUHXS8Y,2024-05-17 18:40:51,18,41,False,none,0.0,,False,False,,,22
2878,lJZMUQp8EKo,晚安大小姐 Cover By阿滴、Joeman、志祺 잘자요 아가씨 @rayduenglish @shasha77,https://www.youtube.com/watch?v=lJZMUQp8EKo,2024-05-17 21:25:35,21,117,False,none,0.0,,False,True,頻道會員|團購平台|買房課程,,22
2879,R5E-YojM1KM,真正的走路有風！充電3.5小時就可以用24小時的超美無線電風扇！#koizumi #無線電風扇,https://www.youtube.com/watch?v=R5E-YojM1KM,2024-05-20 23:38:35,23,48,False,keyword,0.0,,False,False,,,22
2880,ULIPBPa4SfU,1600元的奢華釣蝦對決720元的平價釣蝦！蝦金多釣蝦場、淘氣釣蝦埸《Joe是要對決S2》Ep213 ft. 沐雨柔【Joeman】,https://www.youtube.com/watch?v=ULIPBPa4SfU,2024-05-20 18:00:22,18,2650,False,title_series,3.0,影片合作聲明,False,True,頻道會員|團購平台|買房課程,,22
2881,Vss3c-6lyYg,超夢幻聯動！第一次拍跳舞Cover是怎樣的體驗？ft.阿滴、志祺【Joeman】晚安大小姐 잘자요 아가씨,https://www.youtube.com/watch?v=Vss3c-6lyYg,2024-05-22 21:45:01,21,774,False,keyword,0.0,,False,True,頻道會員|團購平台|買房課程,,22
2882,nnWczCTZp18,減肥20公斤後重回一樣的景點拍照！,https://www.youtube.com/watch?v=nnWczCTZp18,2024-05-23 18:29:49,18,21,False,none,0.0,,False,False,,,22
2883,2iYGeMfipkE,切開7萬的NIKE鞋王看真假！跟假鞋居然一模一樣？！ft.王思佳、小馬、大隻《Joe是要切開》ep.2【Joeman】,https://www.youtube.com/watch?v=2iYGeMfipkE,2024-05-24 18:00:02,18,1179,False,title_series,12.0,專屬導購代碼|專屬導購連結|致謝贊助句型|折扣導購用語|品牌官方導流,False,True,頻道會員|團購平台|買房課程,,22
2884,oUqCSnV7flc,3300元的奢華甜點對決499元的平價甜點！Uncle Tetsu's徹思叔叔、akeruE Dessert《Joe是要對決S2》Ep214 ft. 陳芷妧【Joeman】,https://www.youtube.com/watch?v=oUqCSnV7flc,2024-05-27 18:00:38,18,2905,False,title_series,17.0,專屬導購連結|致謝贊助句型|影片合作聲明|直接提及贊助方|購買行動用語|行動呼籲句型|提及廠商,False,True,頻道會員|團購平台|買房課程,,22
2885,qhtofQ5eDRw,我做了哪些整形？有曖昧對象？這7年來我的人生改變！【Joeman】,https://www.youtube.com/watch?v=qhtofQ5eDRw,2024-05-28 18:00:47,18,1372,False,none,0.0,,False,True,頻道會員|團購平台|買房課程,,22
2886,H-TeyADKU8Y,超荒謬企劃 ！模仿韓星給李多慧看是什麼體驗？ft.琳妲、酷炫【Joeman】淚之女王金秀賢超不像仿妝,https://www.youtube.com/watch?v=H-TeyADKU8Y,2024-05-30 18:00:15,18,546,False,keyword,0.0,,False,True,頻道會員|團購平台|買房課程,,22
2887,aDMy8zpvoY8,真正的走路有風！充電3.5小時就可以用24小時的超美無線電風扇！#koizumi #無線電風扇,https://www.youtube.com/watch?v=aDMy8zpvoY8,2024-05-30 11:46:16,11,37,False,keyword,0.0,,False,False,,,22
2888,ujs-zSoiHkQ,八九妹又來了！說要現金買車！結果⋯,https://www.youtube.com/watch?v=ujs-zSoiHkQ,2024-05-31 17:28:25,17,47,False,none,0.0,,False,False,,,22
2889,a62k_b-nzVc,16800元的奢華粽子對決45元的平價粽子！葉記小吃、 再發號、億長御坊、紅豆食府、福華飯店吉利八寶裹蒸粽、晶華酒店龍蝦乾鮑海味粽瓷禮盒《Joe是要對決S2》Ep215 ft. 艾嘉【Joeman】,https://www.youtube.com/watch?v=a62k_b-nzVc,2024-06-03 18:00:01,18,2206,False,title_series,0.0,,False,True,頻道會員|團購平台|買房課程,,22
2890,ePdgi7qhgHw,豪宅的牆面竟然直接用畫的來模仿石材紋路！根本看不出來⋯,https://www.youtube.com/watch?v=ePdgi7qhgHw,2024-06-03 18:13:46,18,55,False,keyword,0.0,,False,False,,,22
2891,HQZ9u7Rzw38,超能裝的外出神包開箱！前陣子美國出差都靠它～,https://www.youtube.com/watch?v=HQZ9u7Rzw38,2024-06-04 18:38:45,18,56,False,keyword,0.0,,False,False,,,22
2892,2b5kQWoOD44,請學妹吃糖葫蘆,https://www.youtube.com/watch?v=2b5kQWoOD44,2024-06-05 21:06:48,21,28,False,none,0.0,,False,False,,,22
2893,_muIpWZR004,一顆16800元的粽子吃起來是什麼體驗？,https://www.youtube.com/watch?v=_muIpWZR004,2024-06-05 18:16:17,18,42,False,keyword,0.0,,False,False,,,22
2894,QnaEN86Yeqw,在學長畢業前勇敢說出真心話！學長會接受嗎？,https://www.youtube.com/watch?v=QnaEN86Yeqw,2024-06-06 23:25:46,23,10,False,none,0.0,,False,False,,,22
2895,wqR40qDR5Yg,如何把300萬的車開出1000萬的感覺？,https://www.youtube.com/watch?v=wqR40qDR5Yg,2024-06-07 23:00:46,23,56,False,none,0.0,,False,False,,,22
2896,HBwSNLDLMgE,93000元的奢華租屋對決5800元的平價租屋！《Joe是要對決S2》Ep216 ft. 安娜【Joeman】,https://www.youtube.com/watch?v=HBwSNLDLMgE,2024-06-10 18:00:18,18,2422,False,title_series,17.0,專屬導購連結|致謝贊助句型|影片合作聲明|直接提及贊助方|購買行動用語|行動呼籲句型|提及廠商,False,True,頻道會員|團購平台|買房課程,,22
2897,Y0yCo9m5WMs,冰淇淋一口吞挑戰！蔡醫師14,https://www.youtube.com/watch?v=Y0yCo9m5WMs,2024-06-11 17:46:05,17,12,False,keyword,0.0,,False,False,,,22
2898,w3KCWcbuhHc,在日本遇到阿伯一起跳糖葫蘆⋯,https://www.youtube.com/watch?v=w3KCWcbuhHc,2024-06-11 07:14:48,7,12,False,none,0.0,,False,False,,,22
2899,OehNZcia7dQ,預算1萬～4萬元的石頭掃地機器人要怎麼挑？一次比四台！Qrevo Master、Qrevo S、S8 MaxV Ultra開箱【Joeman】,https://www.youtube.com/watch?v=OehNZcia7dQ,2024-06-12 18:00:30,18,675,False,keyword,11.0,專屬導購連結|電商賣場連結|折扣導購用語|購買行動用語|新品發表用語,False,True,頻道會員|團購平台|買房課程,,22
2900,h4Nl5kI75Z8,來看一下我的R1 Mega都裝了啥？,https://www.youtube.com/watch?v=h4Nl5kI75Z8,2024-06-12 15:42:42,15,60,False,none,0.0,,False,False,,,22
2901,m6DqioHCEoY,一個月93000還會有人幫忙打掃的套房住起來是什麼體驗？,https://www.youtube.com/watch?v=m6DqioHCEoY,2024-06-13 18:06:17,18,49,False,keyword,0.0,,False,False,,,22
2902,i0tNXtqSoeM,台北大直第一豪宅！西華富邦2億毛胚精裝後開箱！《Joe是要看房》ep.47【Joeman】,https://www.youtube.com/watch?v=i0tNXtqSoeM,2024-06-14 18:00:51,18,1586,False,playlist,10.0,致謝贊助句型|影片合作聲明|直接提及贊助方|提及廠商,False,True,頻道會員|團購平台|買房課程,《Joe是要看房》,22
2903,WahgYnpR614,一個月5800就可以住台北市區？還有101夜景可以看！,https://www.youtube.com/watch?v=WahgYnpR614,2024-06-15 00:47:59,0,42,False,none,0.0,,False,False,,,22
2904,pZQlNFu8un0,懶人救星！自從買了它我都不用自己擦窗戶了！窗之魔手智能洗窗機Pro,https://www.youtube.com/watch?v=pZQlNFu8un0,2024-06-15 19:34:44,19,59,False,none,0.0,,False,False,,,22
2905,uGxmzqkYCeo,一個月2900元的的超平價租屋！《Joe是要對決S2》Ep217 ft. 安娜【Joeman】,https://www.youtube.com/watch?v=uGxmzqkYCeo,2024-06-17 18:00:53,18,930,False,title_series,17.0,專屬導購連結|致謝贊助句型|影片合作聲明|直接提及贊助方|購買行動用語|行動呼籲句型|提及廠商,False,True,頻道會員|團購平台|買房課程,,22
2906,79MX2ehOS1k,宅男小九遇到喜歡的啦啦隊成員俐蓁！,https://www.youtube.com/watch?v=79MX2ehOS1k,2024-06-18 23:49:57,23,48,False,none,0.0,,False,False,,,22
2907,yass3_pOl9g,AI是否會取代Youtuber？聊一下目前AI對影片創作者的改變【Joeman】網紅觀察室,https://www.youtube.com/watch?v=yass3_pOl9g,2024-06-18 18:00:55,18,840,False,title_series,3.0,產品導流連結,False,True,頻道會員|團購平台|買房課程,,22
2908,mOHDjUJ6bgI,全新節目雷射迷宮！通過直接送 iPhone！ft.晨灰、啾啾、筠熹、蘋蘋澎澎、Jason、阿潔《JOE是要闖關》ep.1【Joeman】波拉西亞戰記,https://www.youtube.com/watch?v=mOHDjUJ6bgI,2024-06-19 21:09:59,21,1482,True,title_series,5.0,致謝贊助句型|行動呼籲句型,False,True,頻道會員|團購平台|買房課程,,22
2909,14dUcGOm_2I,（未被野火燒毀）總價破5億的加州海景豪宅開箱！一坪500萬、景色絕美！Malibu透天豪宅《Joe是要看房美國篇》ep.8,https://www.youtube.com/watch?v=14dUcGOm_2I,2024-06-20 18:00:01,18,1054,False,playlist,0.0,,False,True,頻道會員|團購平台|買房課程,Joe是要看房-美國篇,22
2910,0SLlNn3kQDo,八九妹看車，別人有的配備我也要有！,https://www.youtube.com/watch?v=0SLlNn3kQDo,2024-06-22 12:28:07,12,43,False,none,0.0,,False,False,,,22
2911,hYLd6Ru-Ckc,售價5.8億的海景透天！走路50公尺就有海，客廳打開來就可以聽海聲，裝潢超美！,https://www.youtube.com/watch?v=hYLd6Ru-Ckc,2024-06-23 12:53:43,12,46,False,none,0.0,,False,False,,,22
2912,0U2jqhF3hT4,台中手搖店大PK！299元的奢華手搖飲料對決20元的平價手搖飲料！太空紅茶冰、炎伯紅茶冰、八曜和茶、紅濃紅、十盛、吃茶三千、n25《Joe是要對決S2》Ep218 ft. 魚乾【Joeman】,https://www.youtube.com/watch?v=0U2jqhF3hT4,2024-06-24 18:00:01,18,2494,False,title_series,17.0,專屬導購連結|致謝贊助句型|影片合作聲明|直接提及贊助方|購買行動用語|行動呼籲句型|提及廠商,False,True,頻道會員|團購平台|買房課程,,22
2913,VdoV8cmMJ9g,一個月租金只要2900元的套房！還能申請租屋補助？,https://www.youtube.com/watch?v=VdoV8cmMJ9g,2024-06-24 18:38:56,18,59,False,none,0.0,,False,False,,,22
2914,A6u3mYWbRRU,"MAGEASY Power Station Qi2 15W 無線充電座，火熱募資中！Qi2 15W 磁吸快充，一台無線充電座可一次充 4 台裝置！現在大瓦數超早鳥募資價只要$2,999一台抵多台！",https://www.youtube.com/watch?v=A6u3mYWbRRU,2024-06-25 13:08:51,13,56,False,keyword,0.0,,False,False,,,22
2915,njOUQCIPMwI,iPhone 16 模型機外流開箱！這代值得等嗎？螢幕加大？AI按鈕？【Joeman】,https://www.youtube.com/watch?v=njOUQCIPMwI,2024-06-26 22:00:41,22,705,False,keyword,0.0,,False,True,頻道會員|團購平台|買房課程,,22
2916,zEexVqhdU2c,iPhone16系列模型機開箱！今年值得等嗎？,https://www.youtube.com/watch?v=zEexVqhdU2c,2024-06-27 00:19:29,0,51,False,keyword,0.0,,False,False,,,22
2917,3UtbWLk8PBM,質感89,https://www.youtube.com/watch?v=3UtbWLk8PBM,2024-06-28 00:05:56,0,11,False,none,0.0,,False,False,,,22
2918,fEsFvxj-0To,9339元的奢華泰式對決100元的平價泰式！銀魚泰國料理、SUKHOTHAI 《Joe是要對決S2》Ep219 ft. 小葵【Joeman】,https://www.youtube.com/watch?v=fEsFvxj-0To,2024-07-01 18:00:39,18,3216,False,title_series,2.0,購買行動用語,False,True,頻道會員|團購平台|買房課程,,22
2919,kq86XPHhwjw,超好吃的藍海饌牛肉麵料理包開箱！限時團購只到7/10，連結請至我的IG主頁,https://www.youtube.com/watch?v=kq86XPHhwjw,2024-07-03 02:30:25,2,38,False,keyword,3.0,社群導流指引,False,False,,,22
2920,ZWhRHgfbUNA,自由女神下出現奇怪男子⋯,https://www.youtube.com/watch?v=ZWhRHgfbUNA,2024-07-05 20:20:40,20,14,False,none,0.0,,False,False,,,22
2921,caxs_KhG8Sw,長榮航空最高級別貴賓室開箱！現點現做牛肉麵+鼎泰豐！還有哈根達茲雪糕！The Garden,https://www.youtube.com/watch?v=caxs_KhG8Sw,2024-07-05 00:12:12,0,50,False,title_series,0.0,,False,False,,,22
2922,3qay5E8rWmk,一盒510元的奢華蛋塔對決60元的平價蛋塔！老成香、東方樓、肯德基 KFC、巢屋、Supranormal Bakery Café、曾家豆漿《Joe是要對決S2》Ep220 ft. 林可【Joeman】,https://www.youtube.com/watch?v=3qay5E8rWmk,2024-07-08 18:00:06,18,2120,False,title_series,17.0,專屬導購連結|致謝贊助句型|影片合作聲明|直接提及贊助方|購買行動用語|行動呼籲句型|提及廠商,False,True,頻道會員|團購平台|買房課程,,22
2923,uE3ZOtQ-d6s,8隻熱門手機大PK！安卓旗艦要買哪隻？S24 Ultra、ROG Phone 8、Xperia VI、小米14Ultra、zenfone 11、Pixel 8a、POCO F6 PRO【Joeman】,https://www.youtube.com/watch?v=uE3ZOtQ-d6s,2024-07-13 18:00:58,18,1580,False,playlist,0.0,,False,True,頻道會員|團購平台|買房課程,【Joeman開箱去】,22
2924,xyFHO7rnj4s,9999元的奢華法式料理對決780元的平價法式料理！FRiTTA、Podium 《Joe是要對決S2》Ep221 ft.阿辰師【Joeman】,https://www.youtube.com/watch?v=xyFHO7rnj4s,2024-07-15 18:00:56,18,4080,False,title_series,0.0,,False,True,頻道會員|團購平台|買房課程,,22
2925,0Y2awkmOqD8,(蛇丸已脫單，本影片是之前拍的) 一次花光30000元的奢華約會對決3000元的平價約會！有人即將失去魔法？！《Joe是要對決S2》Ep222 ft.蛇丸、來福、艾融、阿滴【Joeman】,https://www.youtube.com/watch?v=0Y2awkmOqD8,2024-07-22 18:00:01,18,3231,False,title_series,0.0,,False,True,頻道會員|團購平台|買房課程,,22
2926,25KZV0SeQxg,被特斯拉邀去美國有多爽？又操又好玩的美國出差Vlog！【Joeman】,https://www.youtube.com/watch?v=25KZV0SeQxg,2024-07-24 18:00:02,18,1642,False,keyword,8.0,推薦或聯盟行銷連結|專屬導購指引|折扣導購用語,False,True,頻道會員|團購平台|買房課程,,22
2927,883YQQwcW_Q,在紐約遇到黑心計程車！說好跳表結果是10倍費率！第一次在美國報警！【Joeman】,https://www.youtube.com/watch?v=883YQQwcW_Q,2024-07-25 12:00:04,12,906,False,none,9.0,專屬導購連結|團購檔期用語|購買行動用語|新品發表用語,False,True,頻道會員|團購平台|買房課程,,22
2928,vz1kMzPS-XM,特斯拉AI自動駕駛有多神？在紐約全程不扶方向盤...結果直接闖紅燈！Tesla FSD V12體驗【Joeman】,https://www.youtube.com/watch?v=vz1kMzPS-XM,2024-07-28 15:00:26,15,1022,False,keyword,17.0,專屬導購連結|推薦或聯盟行銷連結|專屬導購指引|團購檔期用語|折扣導購用語|購買行動用語|新品發表用語,False,True,頻道會員|團購平台|買房課程,,22
2929,wmKLyPkDsv4,麥當勞珍珠奶茶冰炫風試吃！珍珠跟茶味都很讚！但第三口開始有點甜，建議兩人共食即可,https://www.youtube.com/watch?v=wmKLyPkDsv4,2024-07-28 20:32:03,20,43,False,keyword,0.0,,False,False,,,22
2930,S2USz2A4LtA,這熱量比三隻蛋捲冰淇淋還多？#麥當勞珍珠奶茶冰炫風,https://www.youtube.com/watch?v=S2USz2A4LtA,2024-07-29 00:38:18,0,42,False,keyword,0.0,,False,False,,,22
2931,nB6BGAcPnbw,重溫學生時代的浪漫！一整天只能花3000元的平價約會！《Joe是要對決S2》Ep223 ft.蛇丸、來福、艾融【Joeman】,https://www.youtube.com/watch?v=nB6BGAcPnbw,2024-07-29 18:00:46,18,3162,False,playlist,17.0,專屬導購連結|致謝贊助句型|影片合作聲明|直接提及贊助方|購買行動用語|行動呼籲句型|提及廠商,False,True,頻道會員|團購平台|買房課程,【Joe是要對決】第二季,22
2932,fQWQd-rBcsA,全世界最高住宅！超過20億的頂奢豪宅！住在120樓的人生是什麼體驗？Central Park Tower《Joe是要看房美國篇》ep.9,https://www.youtube.com/watch?v=fQWQd-rBcsA,2024-07-30 18:00:41,18,1433,False,playlist,2.0,服務導流,False,True,頻道會員|團購平台|買房課程,Joe是要看房-美國篇,22
2933,mbOGi1W_kgg,全世界最高住宅！超過20億台幣的頂奢豪宅！住在120樓的人生是什麼體驗？Central Park Tower,https://www.youtube.com/watch?v=mbOGi1W_kgg,2024-07-30 18:18:49,18,54,False,keyword,0.0,,False,False,,,22
2934,qstdz2GV4SI,【紀錄片】Joeman大麻風暴！名譽掃地、心態崩潰、損失千萬！我被捕後的第二人生 - 第九人稱,https://www.youtube.com/watch?v=qstdz2GV4SI,2024-07-31 18:00:56,18,1917,False,playlist,,,False,False,,【第九人稱】,22
2935,DbTHWGW5zb4,一帶二，去程托運三個行李箱，回程就可以買爆！LOJEL新色現正團購中，只到8/8！連結請至我的IG主頁,https://www.youtube.com/watch?v=DbTHWGW5zb4,2024-08-02 13:00:27,13,56,False,none,6.0,團購檔期用語|社群導流指引,False,False,,,22
2936,oWfQQL8jUKg,開著特斯拉最新版全自動駕駛，在號稱交通地獄的紐約是怎樣的體驗？基本上90%的路況真的都能自動開了⋯,https://www.youtube.com/watch?v=oWfQQL8jUKg,2024-08-03 12:29:39,12,55,False,keyword,0.0,,False,False,,,22
2937,pvvY3g3RsDs,全世界最大間的鼎泰豐！裝潢超美但價格是台灣的三倍？小籠包要600塊！美國紐約鼎泰豐開箱！【Joeman】,https://www.youtube.com/watch?v=pvvY3g3RsDs,2024-08-03 18:00:48,18,849,False,keyword,9.0,專屬導購連結|團購檔期用語|購買行動用語|新品發表用語,False,True,頻道會員|團購平台|買房課程,,22
2938,JaR0cHmtKsc,Youtuber做節目還有未來嗎？我學到的教訓、挫折與檢討！網紅觀察室【Joeman】,https://www.youtube.com/watch?v=JaR0cHmtKsc,2024-08-04 18:00:15,18,1997,False,playlist,0.0,,False,True,頻道會員|團購平台|買房課程,Joeman網紅觀察室,22
2939,LBld2lQXzCg,《靈能的挑戰》前導預告！全台第一檔靈能選秀節目！今年9月正式開播！,https://www.youtube.com/watch?v=LBld2lQXzCg,2024-08-04 19:00:26,19,109,True,playlist,0.0,,False,True,頻道會員|團購平台|買房課程,靈能的挑戰,22
2940,EoXkGTi2MZU,公園對決！台股睡大安森林公園，美股睡紐約中央公園，請大家自行卡位⋯,https://www.youtube.com/watch?v=EoXkGTi2MZU,2024-08-05 18:26:00,18,36,False,keyword,0.0,,False,False,,,22
2941,O6oDJRDBD2Q,台股、美股大崩跌！今晚住哪個公園？大安森林公園對決紐約中央公園！《Joe是要對決S2》Ep224【Joeman】,https://www.youtube.com/watch?v=O6oDJRDBD2Q,2024-08-05 18:00:32,18,2373,False,title_series,0.0,,False,True,頻道會員|團購平台|買房課程,,22
2942,oXsjyB2Rmew,準備了一年，只為了⋯ #河北彩花 #河北彩伽,https://www.youtube.com/watch?v=oXsjyB2Rmew,2024-08-09 12:03:00,12,22,False,none,0.0,,False,False,,,22
2943,9Gnby1PhpUI,16800元的奢華牛排對決390元的平價牛排！我家牛排、ROBIN'S 牛排屋 《Joe是要對決S2》Ep225 ft.徐海莉【Joeman】,https://www.youtube.com/watch?v=9Gnby1PhpUI,2024-08-12 18:00:08,18,3268,False,title_series,17.0,專屬導購連結|致謝贊助句型|影片合作聲明|直接提及贊助方|購買行動用語|行動呼籲句型|提及廠商,False,True,頻道會員|團購平台|買房課程,,22
2944,n21NBJl6U3M,白色半甲介紹智能床！能夠電動變形的床真的超讚🥹 #床的世界,https://www.youtube.com/watch?v=n21NBJl6U3M,2024-08-14 13:20:53,13,60,False,none,0.0,,False,True,頻道會員|團購平台|買房課程,,22
2945,Ll87-kf8B7s,一樣房價你會選紐約還是台北？樓高150米！絕美天際線！一次開箱兩套破億曼哈頓豪宅！Rose Hill《Joe是要看房美國篇》ep.10,https://www.youtube.com/watch?v=Ll87-kf8B7s,2024-08-16 19:00:30,19,1791,False,playlist,2.0,服務導流,False,True,頻道會員|團購平台|買房課程,Joe是要看房-美國篇,22
2946,FzwY6CVdVzY,11家紐約美食名店集錦！從50元的平價披薩一路吃到6000元的奢華牛排！漢堡、Pizza、熱狗、貝果、清真烤肉飯、煙燻牛肉三明治《Joe是要對決S2》Ep226【Joeman】,https://www.youtube.com/watch?v=FzwY6CVdVzY,2024-08-19 18:00:14,18,2868,False,title_series,12.0,專屬導購代碼|專屬導購連結|致謝贊助句型|折扣導購用語|品牌官方導流,False,True,頻道會員|團購平台|買房課程,,22
2947,SnyX8QWPjRk,號稱全美第一的牛排館Peter Luger！,https://www.youtube.com/watch?v=SnyX8QWPjRk,2024-08-20 19:54:11,19,51,False,keyword,0.0,,False,False,,,22
2948,pGDSkkgtTDs,32坪隔四房要如何省錢？老屋翻新不到50萬！《Joe是要看房》民生社區40年老公寓 ep.48【Joeman】,https://www.youtube.com/watch?v=pGDSkkgtTDs,2024-08-20 18:00:50,18,1048,False,playlist,2.0,購買行動用語,False,True,頻道會員|團購平台|買房課程,《Joe是要看房》,22
2949,daie87LyhR0,美國必吃漢堡Five guys！薯條也好吃😋,https://www.youtube.com/watch?v=daie87LyhR0,2024-08-23 16:44:27,16,40,False,keyword,0.0,,False,False,,,22
2950,PzuImXiRA8w,1888元的奢華披薩對決99元的平價披薩！不賴皮窯烤披薩、Solo Pizza 、CURA PIZZA、 Big Boyz Pizza 、比薩屋《Joe是要對決S2》Ep227 ft.Una,https://www.youtube.com/watch?v=PzuImXiRA8w,2024-08-26 18:00:32,18,2722,False,title_series,17.0,專屬導購連結|致謝贊助句型|影片合作聲明|直接提及贊助方|購買行動用語|行動呼籲句型|提及廠商,False,True,頻道會員|團購平台|買房課程,,22
2951,X6X33N3zAms,36歲生日企劃！看自己的新聞氣到笑出來！成名的代價【Joeman】網紅觀察室,https://www.youtube.com/watch?v=X6X33N3zAms,2024-08-28 19:00:37,19,2163,False,playlist,0.0,,False,True,頻道會員|團購平台|買房課程,Joeman網紅觀察室,22
2952,9mvgmTzccQQ,Dodo Men闖關新節目！過關就送iPhone！ft.艾熙《JOE是要闖關》【Joeman】,https://www.youtube.com/watch?v=9mvgmTzccQQ,2024-08-30 18:00:09,18,1289,False,title_series,5.0,影片合作聲明|購買行動用語,False,True,頻道會員|團購平台|買房課程,,22
2953,iyv6FtLZ0JI,一戶2.5億！280坪有多爽？兩戶豪宅合併的快樂！《Joe是要看房》遠雄九五  ep.49【Joeman】,https://www.youtube.com/watch?v=iyv6FtLZ0JI,2024-08-31 12:00:27,12,1215,False,playlist,2.0,購買行動用語,False,True,頻道會員|團購平台|買房課程,《Joe是要看房》,22
2954,5DyuFsO775w,來拿紐約就是要吃貝果！#bestbagels  #libertybagels,https://www.youtube.com/watch?v=5DyuFsO775w,2024-09-02 12:15:45,12,60,False,none,0.0,,False,False,,,22
2955,pWqtBopHReA,套房一個月就要10萬？超貴的紐約租屋對決！月租32萬的奢華美景豪宅對決10萬的平價溫馨套房！《Joe是要對決S2》Ep228【Joeman】,https://www.youtube.com/watch?v=pWqtBopHReA,2024-09-02 18:00:53,18,2673,False,title_series,0.0,,False,True,頻道會員|團購平台|買房課程,,22
2956,HbMVZBT5INU,一個月租金32萬台幣的紐約豪宅開箱！,https://www.youtube.com/watch?v=HbMVZBT5INU,2024-09-04 18:21:05,18,41,False,keyword,0.0,,False,False,,,22
2957,FHnP5_9_hMQ,直擊詐騙車手集團被抓！#存股詐騙 #投資詐騙,https://www.youtube.com/watch?v=FHnP5_9_hMQ,2024-09-07 13:53:27,13,54,False,keyword,3.0,影片合作聲明,False,False,,,22
2958,alR4Vb-VGBg,在詐騙群組臥底180天！最後報警抓人！詐騙投資存股社團真相解析 - 第九人稱紀錄片 ft.吳淡如、老王、黃國昌、法律白話文,https://www.youtube.com/watch?v=alR4Vb-VGBg,2024-09-07 12:00:01,12,1852,False,playlist,0.0,,False,True,頻道會員|團購平台|買房課程,【第九人稱】,22
2959,erfR0r1g5cA,我又來蘋果發表會啦！這次除了iPhone16系列外還有什麼呢？詳細資訊請追蹤我的IG跟Youtube!,https://www.youtube.com/watch?v=erfR0r1g5cA,2024-09-09 13:08:57,13,56,False,keyword,0.0,,False,False,,,22
2960,u-9NcjZU5hE,6880元的奢華烤鴨對決470元的平價烤鴨！金馥記脆皮烤鴨、美福大飯店 潮粤坊《Joe是要對決S2》Ep229 ft.俐蓁【Joeman】,https://www.youtube.com/watch?v=u-9NcjZU5hE,2024-09-09 18:00:51,18,2594,False,title_series,17.0,專屬導購連結|致謝贊助句型|影片合作聲明|直接提及贊助方|購買行動用語|行動呼籲句型|提及廠商,False,True,頻道會員|團購平台|買房課程,,22
2961,GdqaTFzJlx0,一開始看發表會覺得AirPods Max只改顏色跟TypeC很敷衍，但實際看到新顏色後又不爭氣的覺得好美⋯蘋果調色真的世界一流！,https://www.youtube.com/watch?v=GdqaTFzJlx0,2024-09-10 07:45:07,7,41,False,keyword,0.0,,False,False,,,22
2962,fVbsra-vyk0,iPhone 16數字系列全顏色搶先看！你喜歡哪個顏色？#湖水綠 #湛海藍,https://www.youtube.com/watch?v=fVbsra-vyk0,2024-09-10 05:33:04,5,53,False,keyword,0.0,,False,False,,,22
2963,lZkbnDSu9l0,第一時間拿到iPhone 16 Pro Max啦！沙漠色鈦金屬肉眼看很典雅舒服，很美！記得關注我的IG跟YT，這幾天會不斷發iPhone資訊！,https://www.youtube.com/watch?v=lZkbnDSu9l0,2024-09-10 05:34:55,5,53,False,keyword,0.0,,False,False,,,22
2964,x5_jysnrLUc,實際試用後的選購指南！iPhone 16 Pro全系列分析！你要怎麼買？【Joeman】,https://www.youtube.com/watch?v=x5_jysnrLUc,2024-09-10 21:30:37,21,1446,False,keyword,18.0,專屬導購代碼|專屬導購連結|推薦或聯盟行銷連結|折扣導購用語|購買行動用語|行銷活動用語|品牌官方導流|活動檔期用語|新品發表用語,False,True,頻道會員|團購平台|買房課程,,22
2965,z9cUO1bsbKk,飛到美國蘋果發表會搶先試用！ iPhone 16全系列心得！Airpods 4、Airpods Max能不能買？【Joeman】,https://www.youtube.com/watch?v=z9cUO1bsbKk,2024-09-10 14:30:30,14,715,False,keyword,0.0,,False,True,頻道會員|團購平台|買房課程,,22
2966,5CGYq22OrD0,我又試用了iPhone 16 Pro一天！發表會上沒說的細節分享！4K120錄影、AI混音、室內機身顏色差異【Joeman】,https://www.youtube.com/watch?v=5CGYq22OrD0,2024-09-11 16:00:03,16,551,False,keyword,0.0,,False,True,頻道會員|團購平台|買房課程,,22
2967,7YAtArcnnpk,華為再度遙遙領先？全世界第一台三摺疊手機！超大螢幕超薄機身！Mate XT非凡大師【Joeman】,https://www.youtube.com/watch?v=7YAtArcnnpk,2024-09-12 19:45:00,19,825,False,keyword,0.0,,False,True,頻道會員|團購平台|買房課程,,22
2968,jwf3qdKZaWA,Dcard員工算桃花！3800元的奢華算命對決200元的平價算命！姻緣篇！《Joe是要對決S2》Ep230 ft.Leo、Zona、胡子、妲妲【Joeman】,https://www.youtube.com/watch?v=jwf3qdKZaWA,2024-09-16 18:00:52,18,3708,False,title_series,0.0,,False,True,頻道會員|團購平台|買房課程,,22
2969,qQMj3Y49pgY,你有看過可以變形的手機充電座嗎！又好玩又實用！可以同時充iPhone、Airpods跟Apple watch！,https://www.youtube.com/watch?v=qQMj3Y49pgY,2024-09-16 19:00:57,19,58,False,keyword,3.0,導購區塊標題,False,False,,,22
2970,9qQJ1wWWW7E,拿到iPhone 16 Pro啦！,https://www.youtube.com/watch?v=9qQJ1wWWW7E,2024-09-18 20:02:55,20,48,False,keyword,0.0,,False,False,,,22
2971,J3uTxdbA-Gk,全台第一個算命選秀！尋找鬼乘客！通靈、紫微、易經、塔羅、星盤、阿卡西紀錄、薩滿等各種流派神仙對決！《靈能的挑戰》EP1【Joeman】,https://www.youtube.com/watch?v=J3uTxdbA-Gk,2024-09-18 18:00:08,18,2195,False,playlist,0.0,,False,True,頻道會員|團購平台|買房課程,靈能的挑戰,22
2972,KmOsGsDi0Rc,iPhone 16數字系列新色很讚😎,https://www.youtube.com/watch?v=KmOsGsDi0Rc,2024-09-18 20:10:36,20,42,False,keyword,0.0,,False,False,,,22
2973,Y6FcI6YkyxU,1萬字爆肝實測分析！iPhone 16 Pro實機開箱！全台首開！【Joeman】,https://www.youtube.com/watch?v=Y6FcI6YkyxU,2024-09-18 20:00:29,20,2039,False,keyword,0.0,,False,True,頻道會員|團購平台|買房課程,,22
2974,cS-kxbnVFUI,跑到臉都扭曲！iPhone 16 Pro 4K 120就是猛🤣,https://www.youtube.com/watch?v=cS-kxbnVFUI,2024-09-18 20:40:24,20,9,False,keyword,0.0,,False,False,,,22
2975,cabXMIKPErc,牙膏擠爆！這代升級超有感！iPhone 16數字系列開箱！【Joeman】,https://www.youtube.com/watch?v=cabXMIKPErc,2024-09-18 20:15:02,20,883,False,keyword,12.0,專屬導購代碼|專屬導購連結|致謝贊助句型|折扣導購用語|品牌官方導流,False,True,頻道會員|團購平台|買房課程,,22
2976,eXJPoGWz2DA,這代iPhone16 Pro的混音功能超好用！,https://www.youtube.com/watch?v=eXJPoGWz2DA,2024-09-18 21:14:04,21,58,False,keyword,0.0,,False,False,,,22
2977,1Td-0APNtv0,iPhone 16 Pro Max對決安卓旗艦！S24 Ultra、ROG Phone 8 Pro、Pixel 9 Pro XL！A18 Pro能輾壓8 Gen3嗎？【Joeman】,https://www.youtube.com/watch?v=1Td-0APNtv0,2024-09-19 21:45:00,21,1606,False,keyword,9.0,專屬導購代碼|結帳代碼指引|折扣導購用語|品牌官方導流,False,True,頻道會員|團購平台|買房課程,,22
2978,AiV3vVylkxY,驚見片場的女鬼！通靈計程車！靈能師遇過最難關卡《靈能的挑戰》EP2【Joeman】,https://www.youtube.com/watch?v=AiV3vVylkxY,2024-09-20 18:00:19,18,2406,False,playlist,1.0,品牌官方導流,False,True,頻道會員|團購平台|買房課程,靈能的挑戰,22
2979,BgC7u9HqxeY,iPhone發表週的工作狀態⋯,https://www.youtube.com/watch?v=BgC7u9HqxeY,2024-09-20 21:14:06,21,44,False,keyword,0.0,,False,False,,,22
2980,U7OAW-_CL2k,240小時的戰鬥！被蘋果邀請是什麼體驗？iPhone地獄加班週實錄【Joeman】網紅觀察室,https://www.youtube.com/watch?v=U7OAW-_CL2k,2024-09-20 21:00:27,21,2907,False,playlist,9.0,專屬導購代碼|結帳代碼指引|折扣導購用語|品牌官方導流,False,True,頻道會員|團購平台|買房課程,Joeman網紅觀察室,22
2981,7Ve8p_iqqDA,3800元的奢華算命對決200元的平價算命！姻緣篇！《Joe是要對決S2》Ep231 ft.胡子、妲妲【Joeman】,https://www.youtube.com/watch?v=7Ve8p_iqqDA,2024-09-23 18:31:41,18,3492,False,playlist,3.0,購買行動用語|新品發表用語,False,True,頻道會員|團購平台|買房課程,【Joe是要對決】第二季,22
2982,pO8qt8r4EEU,誰是殺人犯？看穿命盤中的殺機！如何識破重刑者《靈能的挑戰》EP3【Joeman】,https://www.youtube.com/watch?v=pO8qt8r4EEU,2024-09-25 18:01:01,18,1613,False,playlist,11.0,專屬導購代碼|專屬導購連結|結帳代碼指引|行動呼籲句型,False,True,頻道會員|團購平台|買房課程,靈能的挑戰,22
2983,4Bc7dbPCjVk,搶救繁殖場狗狗！捐了1萬公斤飼料給狗園！ft.趙媽媽狗園【Joeman】,https://www.youtube.com/watch?v=4Bc7dbPCjVk,2024-09-26 18:00:08,18,1514,False,keyword,3.0,影片合作聲明,False,True,頻道會員|團購平台|買房課程,,22
2984,_e9GWEHtIgk,從沒說過的隱藏故事！解密殺人犯！《靈能的挑戰》EP4【Joeman】,https://www.youtube.com/watch?v=_e9GWEHtIgk,2024-09-27 18:00:38,18,1661,False,playlist,8.0,專屬導購代碼|結帳代碼指引|折扣導購用語,False,True,頻道會員|團購平台|買房課程,靈能的挑戰,22
2985,zT83fawS5t4,帶員工去看美國職棒！人生第一次看MLB！紐約洋基主場體驗，傳說中的基襪大戰！【Joeman】,https://www.youtube.com/watch?v=zT83fawS5t4,2024-09-28 12:00:44,12,1046,False,keyword,0.0,,False,True,頻道會員|團購平台|買房課程,,22
2986,rnyDg0_a4Xk,一顆70元的五星級奢華水餃對決一顆3元的超平價水餃！台北君悦酒店 雲錦中餐廳、無敵水餃、餃子樂、北大荒水餃店、樹林3元水餃店《Joe是要對決S2》Ep232 ft.蘋蘋澎澎【Joeman】,https://www.youtube.com/watch?v=rnyDg0_a4Xk,2024-09-30 18:00:53,18,2357,False,playlist,17.0,專屬導購代碼|專屬導購連結|專屬導購指引|結帳代碼指引|折扣導購用語|購買行動用語|品牌官方導流,False,True,頻道會員|團購平台|買房課程,【Joe是要對決】第二季,22
2987,h87DqA4-BnM,光機票就35萬？在紐約出差到底有多貴？12天機酒食宿消費統計大公開！ 【Joeman】,https://www.youtube.com/watch?v=h87DqA4-BnM,2024-10-01 18:00:44,18,1011,False,none,0.0,,False,True,頻道會員|團購平台|買房課程,,22
2988,_5yRP7xc63c,殺人犯關卡完結！無預警敗部復活展開！《靈能的挑戰》EP5【Joeman】,https://www.youtube.com/watch?v=_5yRP7xc63c,2024-10-02 18:00:43,18,1597,False,playlist,0.0,,False,True,頻道會員|團購平台|買房課程,靈能的挑戰,22
2989,EbQWa2uR1xo,穿越時空回應錫蘭！【Joeman】《靈能的挑戰》番外篇,https://www.youtube.com/watch?v=EbQWa2uR1xo,2024-10-04 18:05:26,18,178,False,playlist,0.0,,False,True,頻道會員|團購平台|買房課程,靈能的挑戰,22
2990,JLx3aPbpKZ0,眭澔平參戰！透視支線出現超驚悚鬼物！第一階段淘汰者黯然離場 《靈能的挑戰》EP6【Joeman】,https://www.youtube.com/watch?v=JLx3aPbpKZ0,2024-10-04 18:00:16,18,1600,False,playlist,0.0,,False,True,頻道會員|團購平台|買房課程,靈能的挑戰,22
2991,pBu0f3024jw,我們正在見證Dcard的殞落！Threads爆紅所帶來的連鎖反應！網紅觀察室【Joeman】,https://www.youtube.com/watch?v=pBu0f3024jw,2024-10-06 13:45:02,13,775,False,playlist,0.0,,False,True,頻道會員|團購平台|買房課程,Joeman網紅觀察室,22
2992,Dq7ADR6tGL4,1800元的奢華滷味對決60元的平價滷味！南村私廚小酒棧、小後苑、燈籠滷味、東引小吃店、老翔記《Joe是要對決S2》Ep233 ft.阿貝【Joeman】,https://www.youtube.com/watch?v=Dq7ADR6tGL4,2024-10-07 18:00:13,18,2762,False,playlist,0.0,,False,True,頻道會員|團購平台|買房課程,【Joe是要對決】第二季,22
2993,QmrEK1nJ47g,團體賽分組！最多老師選的計程車竟然真的出事？《靈能的挑戰》EP7【Joeman】,https://www.youtube.com/watch?v=QmrEK1nJ47g,2024-10-09 18:00:23,18,1920,False,playlist,1.0,品牌官方導流,False,True,頻道會員|團購平台|買房課程,靈能的挑戰,22
2994,E-NlTve6jZ8,跟員工的假期vlog！在紐約過國慶是甚麼體驗？【Joeman】,https://www.youtube.com/watch?v=E-NlTve6jZ8,2024-10-10 12:00:17,12,1373,False,keyword,0.0,,False,True,頻道會員|團購平台|買房課程,,22
2995,CaTJdJPDzc8,團隊戰開始！出現被下降頭的來賓？《靈能的挑戰》EP8【Joeman】,https://www.youtube.com/watch?v=CaTJdJPDzc8,2024-10-11 18:00:12,18,1300,False,playlist,0.0,,False,True,頻道會員|團購平台|買房課程,靈能的挑戰,22
2996,JAKHdfkwqmI,影視颶風影片被迫下架事件分析！是否真的針對bilibili開戰？《網紅觀察室 》Joeman,https://www.youtube.com/watch?v=JAKHdfkwqmI,2024-10-12 00:03:19,0,1175,False,title_series,0.0,,False,False,,,22
2997,7ooNzHex8MA,一小時燒肉吃播！10000元的奢華板前燒肉對決210元的平價個人燒肉！發肉ME 個人燒肉專門店、板前中山《Joe是要對決S2》Ep234 ft.泱泱【Joeman】,https://www.youtube.com/watch?v=7ooNzHex8MA,2024-10-14 18:00:11,18,3797,False,playlist,5.0,專屬導購連結|行動呼籲句型,False,True,頻道會員|團購平台|買房課程,【Joe是要對決】第二季,22
2998,NXkJ8q4tYik,來賓槓上參賽者！心理師打抱不平！《靈能的挑戰》EP9【Joeman】,https://www.youtube.com/watch?v=NXkJ8q4tYik,2024-10-16 18:00:26,18,1444,False,playlist,8.0,專屬導購代碼|結帳代碼指引|折扣導購用語,False,True,頻道會員|團購平台|買房課程,靈能的挑戰,22
2999,8iPvn7r0oPI,無人計程車體驗！能夠取代真人司機嗎？【Joeman】美國waymo實測,https://www.youtube.com/watch?v=8iPvn7r0oPI,2024-10-17 18:00:17,18,1156,False,keyword,0.0,,False,True,頻道會員|團購平台|買房課程,,22
3000,WQgoQ0ZGY6w,無人計程車體驗！能夠取代真人司機嗎？,https://www.youtube.com/watch?v=WQgoQ0ZGY6w,2024-10-17 18:57:08,18,58,False,keyword,0.0,,False,False,,,22
3001,gG4k1XyIans,強運父親vs衰運兒子！參賽老師看破心魔？《靈能的挑戰》EP10【Joeman】,https://www.youtube.com/watch?v=gG4k1XyIans,2024-10-18 18:00:47,18,1242,False,playlist,2.0,行動呼籲句型,False,True,頻道會員|團購平台|買房課程,靈能的挑戰,22
3002,J4J4RmRoSRc,用了兩年的Sony旗艦降噪耳機竟然出粉紅色！#wf1000xm5  #wh1000xm5  #lesserafim,https://www.youtube.com/watch?v=J4J4RmRoSRc,2024-10-21 23:18:31,23,60,False,keyword,0.0,,False,False,,,22
3003,PGCKnn-jRT0,麥當勞炎上事件！為何網紅收到公關品也會被燒？網紅觀察室【Joeman】麥當勞獵人聯名,https://www.youtube.com/watch?v=PGCKnn-jRT0,2024-10-21 04:00:07,4,1220,False,playlist,0.0,,False,True,頻道會員|團購平台|買房課程,Joeman網紅觀察室,22
3004,RgNO-U5tV2E,你吃過破千的滷肉飯嗎？1200元的奢華滷肉飯對決30元的平價滷肉飯！矮仔財滷肉飯、阿英滷肉飯、店小二魯肉飯、WOOBAR 、歐買尬豬霸王 《Joe是要對決S2》Ep235 ft.陳敬宣【Joeman】,https://www.youtube.com/watch?v=RgNO-U5tV2E,2024-10-21 18:00:22,18,2072,False,playlist,0.0,,False,True,頻道會員|團購平台|買房課程,【Joe是要對決】第二季,22
3005,CcoTgUcUPOA,昨天還在拍片說沒收到麥當勞卡包，這不就來了嗎！話語霸權！,https://www.youtube.com/watch?v=CcoTgUcUPOA,2024-10-22 19:21:21,19,29,False,none,0.0,,False,False,,,22
3006,7Q1Aq84HbPk,條件超好卻單身？多芬姻緣桃花怎麼求？現場直接配對！《靈能的挑戰》EP11【Joeman】,https://www.youtube.com/watch?v=7Q1Aq84HbPk,2024-10-23 18:00:13,18,1241,False,playlist,0.0,,False,True,頻道會員|團購平台|買房課程,靈能的挑戰,22
3007,oAHmNxJSuLQ,用中華電信1G光纖搶周杰倫演唱會門票！,https://www.youtube.com/watch?v=oAHmNxJSuLQ,2024-10-23 14:16:45,14,60,False,none,0.0,,False,True,頻道會員|團購平台|買房課程,,22
3008,wpHJq-Na_ic,文哥神預言多芬？卦象見砲友？命盤預言配對結果！算命vs.感覺怎麼選？《靈能的挑戰》EP12【Joeman】,https://www.youtube.com/watch?v=wpHJq-Na_ic,2024-10-25 18:01:11,18,1147,False,playlist,0.0,,False,True,頻道會員|團購平台|買房課程,靈能的挑戰,22
3009,dByUlzwq3yg,螃蟹吃到快3萬是甚麼體驗？14000元的奢華螃蟹懷石對決200元的平價鮮活螃蟹！月夜岩、阿杰萬里蟹《Joe是要對決S2》Ep236 ft.阿達【Joeman】,https://www.youtube.com/watch?v=dByUlzwq3yg,2024-10-28 18:01:48,18,3664,False,playlist,7.0,折扣導購用語|購買行動用語|行動呼籲句型|新品發表用語,False,True,頻道會員|團購平台|買房課程,【Joe是要對決】第二季,22
3010,eoGRjUxVITg,偷把媽媽手機換成最新 iPhone 16 Pro Max！【Joeman】,https://www.youtube.com/watch?v=eoGRjUxVITg,2024-10-29 18:00:41,18,929,False,keyword,3.0,行銷活動用語|活動檔期用語,False,True,頻道會員|團購平台|買房課程,,22
3011,ZjuT4zkzV7Y,眼肉芽來了！星象看婚緣？最般配的面相！男方顧問諫戀愛忠告《靈能的挑戰》EP13【Joeman】,https://www.youtube.com/watch?v=ZjuT4zkzV7Y,2024-10-30 18:00:40,18,1237,False,playlist,0.0,,False,True,頻道會員|團購平台|買房課程,靈能的挑戰,22
3012,PGyybvOLAQ8,挑戰台灣最貴的螃蟹料理！好貴但真的好好吃🤤#月夜岩  #松葉蟹 #鱈場蟹 #奢華料理,https://www.youtube.com/watch?v=PGyybvOLAQ8,2024-10-31 23:29:06,23,60,False,keyword,0.0,,False,False,,,22
3013,V1Jhc7IF4Kg,接受專訪到一半，發現對方是專寫網紅無聊新聞的記者！現場對質！網紅觀察室【Joeman】,https://www.youtube.com/watch?v=V1Jhc7IF4Kg,2024-10-31 11:30:23,11,1382,False,playlist,0.0,,False,True,頻道會員|團購平台|買房課程,Joeman網紅觀察室,22
3014,nND8bgloOyc,最終選擇！情關完結篇《靈能的挑戰》EP14【Joeman】,https://www.youtube.com/watch?v=nND8bgloOyc,2024-11-01 18:00:54,18,1555,False,playlist,8.0,專屬導購代碼|結帳代碼指引|折扣導購用語,False,True,頻道會員|團購平台|買房課程,靈能的挑戰,22
3015,po8LTdZOuAM,大家有一直被媽媽敷衍的經驗嗎？但想想我自己也很常敷衍她🤣,https://www.youtube.com/watch?v=po8LTdZOuAM,2024-11-02 16:35:58,16,35,False,none,0.0,,False,False,,,22
3016,2YEq5U9oK40,2500元的奢華漢堡對決60元的平價漢堡！元素手工漢堡、SKRABUR 黑膠漢堡、Charles' Kitchen、Fa Burger《Joe是要對決S2》Ep237 ft.泡芙【Joeman】,https://www.youtube.com/watch?v=2YEq5U9oK40,2024-11-04 18:00:04,18,2531,False,playlist,5.0,購買行動用語|通路鋪貨用語|新品發表用語,False,True,頻道會員|團購平台|買房課程,【Joe是要對決】第二季,22
3017,HW-6dkNNflk,很多時候當下覺得運氣很差，事後才發現躲過一劫！,https://www.youtube.com/watch?v=HW-6dkNNflk,2024-11-05 17:34:05,17,50,False,none,0.0,,False,False,,,22
3018,aeI3j7IOpjQ,幫洋蔥圓夢！平常開國產車的人擁有保時捷雙門跑車一個月！Porsche 718 Cayman S【Joeman】,https://www.youtube.com/watch?v=aeI3j7IOpjQ,2024-11-05 18:00:02,18,1159,False,keyword,0.0,,False,True,頻道會員|團購平台|買房課程,,22
3019,PnYmB1VMv2k,參賽者翻臉！又有6位老師面臨淘汰！神明說只能保一個？《靈能的挑戰》EP15【Joeman】,https://www.youtube.com/watch?v=PnYmB1VMv2k,2024-11-06 18:00:21,18,1614,False,title_series,1.0,品牌官方導流,False,True,頻道會員|團購平台|買房課程,,22
3020,13U-c62C5QY,用10公尺的自拍棒拍片是什麼體驗？能夠取代空拍機嗎？,https://www.youtube.com/watch?v=13U-c62C5QY,2024-11-07 17:48:09,17,56,False,keyword,0.0,,False,False,,,22
3021,TvXHxn-uU2E,老師淚灑現場！只剩6位靈能者！《靈能的挑戰》EP16【Joeman】,https://www.youtube.com/watch?v=TvXHxn-uU2E,2024-11-08 18:00:33,18,1346,False,playlist,0.0,,False,True,頻道會員|團購平台|買房課程,靈能的挑戰,22
3022,rSHsO4CIBxc,韓國銷售第一的人體工學椅！在台灣買竟然比較便宜？趕快到momo搜尋SIDIZ T50看更多優惠#SIDIZ #T50 #人體工學椅 @sidiztaiwan,https://www.youtube.com/watch?v=rSHsO4CIBxc,2024-11-08 12:04:24,12,55,False,none,0.0,,False,False,,,22
3023,fkC7YmeYyBs,地表最強遊戲家機！PS5 Pro詳細實測開箱！2025還需要買家機嗎？【Joeman】,https://www.youtube.com/watch?v=fkC7YmeYyBs,2024-11-09 22:30:23,22,968,False,keyword,3.0,導購區塊標題,False,True,頻道會員|團購平台|買房課程,,22
3024,K7sGQzxrmo4,1988元的奢華海鮮燉飯對決150元的平價學餐燉飯！夯麵坊、青沐、ChiaoDuo House 巧哚洋房、想聚《Joe是要對決S2》Ep238 ft.Sarah【Joeman】,https://www.youtube.com/watch?v=K7sGQzxrmo4,2024-11-11 18:00:15,18,2603,False,playlist,2.0,行動呼籲句型,False,True,頻道會員|團購平台|買房課程,【Joe是要對決】第二季,22
3025,ccrQfG6Xvqk,比特幣突破新高！我會賣嗎？好久沒拍走路影片,https://www.youtube.com/watch?v=ccrQfG6Xvqk,2024-11-13 08:47:35,8,47,False,keyword,3.0,專屬導購指引,False,False,,,22
3026,dFlPxMxmsMQ,靈能的挑戰集數大變動！【Joeman】網紅觀察室,https://www.youtube.com/watch?v=dFlPxMxmsMQ,2024-11-13 18:00:41,18,813,False,playlist,0.0,,False,True,頻道會員|團購平台|買房課程,Joeman網紅觀察室,22
3027,qdFkk29g18Y,"懸案關卡啟動！老師備受挑戰，喊真的太難《靈能的挑戰》EP17, EP18【Joeman】",https://www.youtube.com/watch?v=qdFkk29g18Y,2024-11-15 18:00:54,18,2672,False,playlist,2.0,折扣導購用語,False,True,頻道會員|團購平台|買房課程,靈能的挑戰,22
3028,6FrgQBZGvZk,退休在東京的生活！一個人獨自的美食、耍廢、放空【Joeman】,https://www.youtube.com/watch?v=6FrgQBZGvZk,2024-11-16 18:00:04,18,2289,False,keyword,0.0,,False,True,頻道會員|團購平台|買房課程,,22
3029,r52IeNaDCDw,在台灣吃黑白大廚！,https://www.youtube.com/watch?v=r52IeNaDCDw,2024-11-16 14:51:08,14,53,False,none,0.0,,False,False,,,22
3030,e-dk8Rk7NTM,開箱陳華的水晶收藏！小顆的也太可愛～,https://www.youtube.com/watch?v=e-dk8Rk7NTM,2024-11-17 12:28:14,12,50,False,keyword,0.0,,False,False,,,22
3031,foEGXfxR4QE,也買太多了吧？陳華的超可愛水晶收藏！《Joe是要收藏》ep.26【Joeman】,https://www.youtube.com/watch?v=foEGXfxR4QE,2024-11-17 12:00:31,12,1081,False,playlist,0.0,,False,True,頻道會員|團購平台|買房課程,Joe是要看房-美國篇|Joe是要收藏,22
3032,JuGIBygBKMs,吃完要刷牙的黑色燉飯！好吃！這家是在羅斯福路的黑米,https://www.youtube.com/watch?v=JuGIBygBKMs,2024-11-18 12:40:34,12,37,False,keyword,0.0,,False,False,,,22
3033,SBhwZQN1aiw,台中火鍋天花板！32800元的奢華高空火鍋對決199元的平價迴轉火鍋 －台中篇 花漾𨍭轉鍋、沐明鍋物、《Joe是要對決S2》Ep239 ft.奶油米【Joeman】,https://www.youtube.com/watch?v=SBhwZQN1aiw,2024-11-18 18:00:26,18,3350,False,playlist,0.0,,False,True,頻道會員|團購平台|買房課程,【Joe是要對決】第二季,22
3034,0P3nHhPxyuE,"家族疾病與祖墳有關？悲痛的前世讓老師數度哽咽《靈能的挑戰》EP19, EP20【Joeman】",https://www.youtube.com/watch?v=0P3nHhPxyuE,2024-11-22 18:00:01,18,2731,False,playlist,0.0,,False,True,頻道會員|團購平台|買房課程,靈能的挑戰,22
3035,zgYtIrKIQm8,超像iPhone的安卓手機！【Joeman】OPPO Find X8 & Find X8 Pro系列,https://www.youtube.com/watch?v=zgYtIrKIQm8,2024-11-22 16:00:48,16,1247,False,keyword,0.0,,False,True,頻道會員|團購平台|買房課程,,22
3036,ocgSQm-P3Ew,全套Sony就是爽！工作室遊戲間大升級！【Joeman】Sony BRAVIA 9+Theatre Bar 9+PS5 Pro,https://www.youtube.com/watch?v=ocgSQm-P3Ew,2024-11-23 18:00:52,18,1045,False,keyword,3.0,延伸導流連結,False,True,頻道會員|團購平台|買房課程,,22
3037,G2GMkGzLD-w,這是免費可以看的？元元、梓梓泡溫泉畫面全都錄！,https://www.youtube.com/watch?v=G2GMkGzLD-w,2024-11-25 19:51:06,19,52,False,none,0.0,,False,False,,,22
3038,zXHVazKMbk8,一晚150000元的奢華溫泉對決290元的平價溫泉 ！礁溪川湯春天旗艦館、日勝生加賀屋國際溫泉飯店《Joe是要對決S2》Ep240 ft.元元、梓梓【Joeman】,https://www.youtube.com/watch?v=zXHVazKMbk8,2024-11-25 18:00:56,18,2629,False,playlist,2.0,行動呼籲句型,False,True,頻道會員|團購平台|買房課程,【Joe是要對決】第二季,22
3039,M2GlVTQby24,不到2萬就能剪片！蘋果最有性價比的產品！大改款Mac mini M4開箱【Joeman】,https://www.youtube.com/watch?v=M2GlVTQby24,2024-11-26 19:00:31,19,547,False,playlist,0.0,,False,True,頻道會員|團購平台|買房課程,【Joeman開箱去】,22
3040,wm2s0q98-dQ,如何一年做300支影片、年點閱破億？2024我的心得與回顧！網紅觀察室【Joeman】,https://www.youtube.com/watch?v=wm2s0q98-dQ,2024-11-28 18:30:25,18,2473,False,playlist,3.0,專屬導購指引,False,True,頻道會員|團購平台|買房課程,Joeman網紅觀察室,22
3041,UhnCRTpwIok,"演員家族的命案謎題！老師能成功破解嗎？《靈能的挑戰》EP21, EP22【Joeman】",https://www.youtube.com/watch?v=UhnCRTpwIok,2024-11-29 18:00:36,18,3213,False,playlist,3.0,專屬導購指引,False,True,頻道會員|團購平台|買房課程,靈能的挑戰,22
3042,-tdCv38d57s,跟周杰倫當鄰居！總價破7億！傳說中的信義聯勤！大安森林公園第一排、高樓層露臺戶有多爽？《Joe是要看房》 ep.50【Joeman】,https://www.youtube.com/watch?v=-tdCv38d57s,2024-11-30 12:00:00,12,1350,False,playlist,3.0,專屬導購指引,False,True,頻道會員|團購平台|買房課程,《Joe是要看房》,22
3043,5-O9_uNlMG4,Andy老師來了！一晚15萬的奢華溫泉總統套房！兩男兩女真實住一晚！《Joe是要對決S2》Ep241 ft.元元、梓梓【Joeman】,https://www.youtube.com/watch?v=5-O9_uNlMG4,2024-12-02 18:00:07,18,2652,False,title_series,5.0,專屬導購連結|行動呼籲句型,False,True,頻道會員|團購平台|買房課程,,22
3044,RYJpMHaXw4I,蘋果最有性價比的產品！台幣不到2萬也能順剪4K影片！大改款M4 Mac Mini開箱,https://www.youtube.com/watch?v=RYJpMHaXw4I,2024-12-02 14:34:05,14,54,False,keyword,0.0,,False,False,,,22
3045,6S-pPaUJPPk,房間一幅畫就3000萬！沒人拍過的台中神秘豪宅！寶璽天睿《Joe是要看房》 ep.51【Joeman】,https://www.youtube.com/watch?v=6S-pPaUJPPk,2024-12-03 18:00:09,18,1602,False,playlist,6.0,折扣導購用語|購買行動用語|通路鋪貨用語,False,True,頻道會員|團購平台|買房課程,《Joe是要看房》,22
3046,kvEjPGaJv68,最近很多人在徵周杰倫演唱會門票，按照之前我們拍黃牛紀錄片的經驗，推測會有大量詐騙，大家要千萬小心！,https://www.youtube.com/watch?v=kvEjPGaJv68,2024-12-03 18:03:04,18,57,False,none,0.0,,False,False,,,22
3047,HpogY8d4ibM,多一張周杰倫演唱會門票！決定直接送粉絲去看！,https://www.youtube.com/watch?v=HpogY8d4ibM,2024-12-05 19:30:15,19,48,False,none,0.0,,False,False,,,22
3048,eNXw5AI6O4U,Youtube十大熱門影片榜單與遺珠之憾！發生衰事才上榜到底要開心還是難過？ 網紅觀察室【Joeman】,https://www.youtube.com/watch?v=eNXw5AI6O4U,2024-12-05 10:00:29,10,1337,False,title_series,0.0,,False,True,頻道會員|團購平台|買房課程,,22
3049,wezva9-OooI,送粉絲去看周杰倫演唱會！親自送門票！【Joeman】,https://www.youtube.com/watch?v=wezva9-OooI,2024-12-05 19:30:40,19,556,False,none,0.0,,False,True,頻道會員|團購平台|買房課程,,22
3050,6phQa8GR97E,"全場痛哭！來賓崩潰面對家族命案《靈能的挑戰》EP23, EP24【Joeman】",https://www.youtube.com/watch?v=6phQa8GR97E,2024-12-06 18:00:07,18,2688,False,playlist,0.0,,False,True,頻道會員|團購平台|買房課程,靈能的挑戰,22
3051,GBmsKpAGJKA,黑白大廚特別企劃！奢華白大廚對決平價黑大廚！前進韓國！度量 도량、甜蜜蜜 티엔미미《Joe是要對決S2》Ep242 ft.蘿倫、小隆【Joeman】,https://www.youtube.com/watch?v=GBmsKpAGJKA,2024-12-09 18:00:16,18,3464,False,playlist,2.0,行動呼籲句型,False,True,頻道會員|團購平台|買房課程,【Joe是要對決】第二季,22
3052,zrGiR15hv7g,黑白大廚中港點女王鄭智善的餐廳裡的甜點：糯米球！真的是超巨大化料理耶⋯需特別預訂才有！,https://www.youtube.com/watch?v=zrGiR15hv7g,2024-12-09 21:05:42,21,10,False,keyword,0.0,,False,False,,,22
3053,k78-gi_GZ9A,老闆吃螃蟹、員工吃麵線？工作狂上班都吃啥？伙食大公開！竟然出現頂級美食！【Joeman】,https://www.youtube.com/watch?v=k78-gi_GZ9A,2024-12-12 18:00:47,18,1648,False,keyword,0.0,,False,True,頻道會員|團購平台|買房課程,,22
3054,Hejh29fjeJk,"文哥面臨各種踢館！《靈能的挑戰》EP25, EP26【Joeman】",https://www.youtube.com/watch?v=Hejh29fjeJk,2024-12-13 18:00:15,18,3244,False,playlist,1.0,品牌官方導流,False,True,頻道會員|團購平台|買房課程,靈能的挑戰,22
3055,AWLG1x5styo,一餐上百萬韓元！白湯匙崔鉉碩主廚對決黑湯匙無菜單阿姨！黑白大廚企劃第二彈！安東家 안동집손칼국시、CHOI. 쵸이닷《Joe是要對決S2》Ep243 ft. 凱倫、小隆、Fion【Joeman】,https://www.youtube.com/watch?v=AWLG1x5styo,2024-12-16 18:00:10,18,3394,False,playlist,1.0,品牌官方導流,False,True,頻道會員|團購平台|買房課程,【Joe是要對決】第二季,22
3056,6n6TZKFl7c4,在美國公然打手槍！這畫面不講還以為是戰地現場！直接在沙漠試槍！【Joeman】,https://www.youtube.com/watch?v=6n6TZKFl7c4,2024-12-17 18:00:06,18,882,False,none,0.0,,False,True,頻道會員|團購平台|買房課程,,22
3057,NWTerc3yEfk,克服萬難！我們如何在韓國拍黑白大廚？ft.high a day、蘿倫、凱倫、fion、小隆、台通何欸【Joeman】,https://www.youtube.com/watch?v=NWTerc3yEfk,2024-12-18 18:00:25,18,1976,False,keyword,13.0,專屬導購代碼|專屬導購連結|專屬導購指引|折扣導購用語|購買行動用語,False,True,頻道會員|團購平台|買房課程,,22
3058,gg5Ep6PVLrs,終於開賣啦！台版Vision Pro開箱！12萬值嗎？【Joeman】,https://www.youtube.com/watch?v=gg5Ep6PVLrs,2024-12-19 18:00:42,18,726,False,playlist,0.0,,False,True,頻道會員|團購平台|買房課程,【Joeman開箱去】,22
3059,QPpbudpd20U,中年男子是否能駕馭年輕人的穿搭呢！？好啦我只是想炫耀我有新滑板（但不會滑）,https://www.youtube.com/watch?v=QPpbudpd20U,2024-12-20 14:38:00,14,58,False,none,0.0,,False,False,,,22
3060,StNhD0FY5Ic,"震驚！冠軍熱門慘遭淘汰！最終淘汰中意外發生《靈能的挑戰》EP27, 28【Joeman】",https://www.youtube.com/watch?v=StNhD0FY5Ic,2024-12-20 18:00:23,18,2649,False,playlist,0.0,,False,True,頻道會員|團購平台|買房課程,靈能的挑戰,22
3061,oXbflkncrCs,最奢華白大廚登場！白湯匙呂敬來對決黑湯匙撕漫男！黑白大廚企劃第三彈完結篇！紅寶閣 홍보각、朝光201 조광201《Joe是要對決S2》Ep244 ft. High A Day【Joeman】,https://www.youtube.com/watch?v=oXbflkncrCs,2024-12-23 18:00:55,18,3317,False,playlist,2.0,行動呼籲句型,False,True,頻道會員|團購平台|買房課程,【Joe是要對決】第二季,22
3062,HjXGhbujADQ,竟然在路上巧遇自己以前的車！許久不見還是覺得小牛好帥好好看⋯,https://www.youtube.com/watch?v=HjXGhbujADQ,2024-12-25 19:34:33,19,38,False,none,0.0,,False,False,,,22
3063,N92CHWr1B_8,年末慶功宴！那些陪我度過2024的人！ft.阿滴、洋蔥、Dcard、Ted、痣作人【Joeman】,https://www.youtube.com/watch?v=N92CHWr1B_8,2024-12-26 18:00:31,18,2121,False,keyword,0.0,,False,True,頻道會員|團購平台|買房課程,,22
3064,N0gobQIyi9w,"禁止進入的廢墟飯店，竟然有眾多廢棄神像！《靈能的挑戰》EP29,30【Joeman】",https://www.youtube.com/watch?v=N0gobQIyi9w,2024-12-27 18:00:31,18,3590,False,playlist,0.0,,False,True,頻道會員|團購平台|買房課程,靈能的挑戰,22
3065,JWKwr7DOFIw,在東京深夜玩溜滑梯的台灣阿伯😳,https://www.youtube.com/watch?v=JWKwr7DOFIw,2024-12-28 11:10:38,11,36,False,none,0.0,,False,False,,,22
3066,ZobG2c4Fcr0,拯救流量大作戰！一口氣上5個訪談節目！ft.博恩、Dodomen、激罵揪某聊、AmazingTalker、瘋女人聊天室【Joeman】網紅觀察室,https://www.youtube.com/watch?v=ZobG2c4Fcr0,2024-12-28 12:00:15,12,1204,False,playlist,0.0,,False,True,頻道會員|團購平台|買房課程,Joeman網紅觀察室,22
3067,tE-hmw2ZRaM,2200元的奢華帝王蟹吃到飽對決1090元的奢華流水蝦吃到飽！泰蝦樂、品帝主蟹火鍋《Joe是要對決S2》Ep245 ft.艾嘉【Joeman】,https://www.youtube.com/watch?v=tE-hmw2ZRaM,2024-12-30 18:00:54,18,2474,False,playlist,2.0,購買行動用語,False,True,頻道會員|團購平台|買房課程,【Joe是要對決】第二季,22
3068,WR9bi11sEzo,當你發現演唱會旁邊有個戴著vision pro的人⋯,https://www.youtube.com/watch?v=WR9bi11sEzo,2024-12-31 22:39:34,22,18,False,none,0.0,,False,False,,,22
3069,V1aM41ETxYY,"廢棄飯店的真相！冤屈小三陰魂不散！最終冠軍大結局誕生《靈能的挑戰》EP31,32【Joeman】",https://www.youtube.com/watch?v=V1aM41ETxYY,2025-01-03 18:00:24,18,3816,False,playlist,5.0,專屬導購連結|折扣導購用語,False,True,頻道會員|團購平台|買房課程,靈能的挑戰,22
3070,lJvnbvTxGwg,韓國租房有多貴？一個月台幣232萬的奢華租屋對決6490元的平價租屋！最極致的對決！《Joe是要對決S2》Ep246 ft.Fion、小隆【Joeman】,https://www.youtube.com/watch?v=lJvnbvTxGwg,2025-01-06 18:00:48,18,2787,False,playlist,6.0,通路鋪貨用語|促銷方案用語|銷售話術,False,True,頻道會員|團購平台|買房課程,【Joe是要對決】第二季,22
3071,uAKCJJtDwI4,2025電動車怎麼選？n7、ix2、ix試駕心得！ft.Echo、Tim哥、Ted【Joeman】,https://www.youtube.com/watch?v=uAKCJJtDwI4,2025-01-07 19:01:18,19,2606,False,keyword,0.0,,False,True,頻道會員|團購平台|買房課程,,22
3072,RS8QqbF2fpk,聽說是大尾Youtuber才有的年度禮物開箱！,https://www.youtube.com/watch?v=RS8QqbF2fpk,2025-01-08 19:45:35,19,56,False,keyword,0.0,,False,False,,,22
3073,MdYZSNv1KpA,超過4000萬的牛！等了十年的新大牛試駕體驗！Lamborghini Revuelto藍寶堅尼【Joeman】,https://www.youtube.com/watch?v=MdYZSNv1KpA,2025-01-10 18:00:31,18,979,False,keyword,0.0,,False,True,頻道會員|團購平台|買房課程,,22
3074,O886VHifoMs,在賀瓏夜夜秀被瘋狂消費！緊張到在後台偷喝酒！ft.椅人、多多【Joeman】,https://www.youtube.com/watch?v=O886VHifoMs,2025-01-10 01:00:20,1,1124,False,keyword,0.0,,False,True,頻道會員|團購平台|買房課程,,22
3075,cVo0fN1vcb0,開著大牛的賠錢Youtuber!#lamborghini  #revuelto,https://www.youtube.com/watch?v=cVo0fN1vcb0,2025-01-10 18:29:25,18,21,False,keyword,0.0,,False,False,,,22
3076,82lcyVVlSGc,用橡皮筋綁住耳朵竟然能消水腫？實測小紅書秘技是否有效！,https://www.youtube.com/watch?v=82lcyVVlSGc,2025-01-11 11:58:50,11,49,False,keyword,0.0,,False,False,,,22
3077,KVw-8_95gAo,一個月租金1億！住在韓國最高樓是甚麼體驗？樂天世界塔開箱！Lotte World Tower《Joe是要對決S2》Ep247 ft.Fion、小隆【Joeman】,https://www.youtube.com/watch?v=KVw-8_95gAo,2025-01-13 18:00:18,18,2664,False,playlist,4.0,購買行動用語|行動呼籲句型,False,True,頻道會員|團購平台|買房課程,【Joe是要對決】第二季,22
3078,ifBe8hoihTQ,住在韓國最高樓裡面有多美？俯瞰整個首爾！夕陽灑下超美！lotte world tower,https://www.youtube.com/watch?v=ifBe8hoihTQ,2025-01-13 22:49:40,22,23,False,none,0.0,,False,False,,,22
3079,tadjP94YOEg,勞斯萊斯比Toyota還多？韓國最多豪車的停車場！直擊首爾樂天塔地下室！,https://www.youtube.com/watch?v=tadjP94YOEg,2025-01-13 19:20:05,19,56,False,keyword,0.0,,False,False,,,22
3080,O_LRCpDOIZ4,超迷你又能直接吸在iphone上直接拍片的SSD! #AGiTech #亞奇雷 @agi_technology,https://www.youtube.com/watch?v=O_LRCpDOIZ4,2025-01-15 19:53:11,19,43,False,keyword,0.0,,False,False,,,22
3081,UNgZG01vzDA,全球瘋搶的特斯拉機器人可動模型！聽說網路炒價破5000？,https://www.youtube.com/watch?v=UNgZG01vzDA,2025-01-16 18:59:02,18,49,False,keyword,0.0,,False,False,,,22
3082,hF8b9qukpNU,加了整片純金金箔的奢華奶茶！一杯竟然要288元！#UG #霸王茶姬 #dior,https://www.youtube.com/watch?v=hF8b9qukpNU,2025-01-18 22:44:34,22,54,False,keyword,0.0,,False,False,,,22
3083,SHyNUOaT_hU,沒關係就跳舞！#khongsaoca #肯掐拿  #khôngsaocả,https://www.youtube.com/watch?v=SHyNUOaT_hU,2025-01-19 20:26:58,20,15,False,none,0.0,,False,False,,,22
3084,MQHJ_7bMuTg,爆紅全球的智慧戒指！超科幻～ #galaxyring #galaxyai,https://www.youtube.com/watch?v=MQHJ_7bMuTg,2025-01-20 17:58:37,17,48,False,none,0.0,,False,False,,,22
3085,rNlH4mG0C4U,蛇丸來福再續前緣？！88888元的奢華年菜對決3580元的平價年菜！輝葉台菜、AKA café 老宅咖啡廳《Joe是要對決S2》Ep248 ft.蛇丸、來福、泡芙、阿軟【Joeman】,https://www.youtube.com/watch?v=rNlH4mG0C4U,2025-01-20 18:00:53,18,3083,False,playlist,3.0,影片合作聲明,False,True,頻道會員|團購平台|買房課程,【Joe是要對決】第二季,22
3086,9Fa0FSpKsgI,要價1億的法拉利交車了！全球超限量Ferrari Daytona SP3！第一人稱沈浸體驗（3D暈者慎入！）【Joeman】,https://www.youtube.com/watch?v=9Fa0FSpKsgI,2025-01-21 18:00:08,18,1020,False,keyword,0.0,,False,True,頻道會員|團購平台|買房課程,,22
3087,-CDoUY27Gj4,三星無預警現場發布第四隻神秘手機！S25 Edge應該會是今年手感最好的安卓旗艦！ #GalaxyS25edge #GalaxyS25 #GalaxyAI #AI神隊友說了算,https://www.youtube.com/watch?v=-CDoUY27Gj4,2025-01-23 12:01:04,12,58,False,keyword,0.0,,False,False,,,22
3088,Ior8_9hvw_M,挑戰台灣第一個拿到S25 Ultra的人？#s25ultra#GalaxyAI #GalaxyUnpacked,https://www.youtube.com/watch?v=Ior8_9hvw_M,2025-01-23 05:45:39,5,25,False,keyword,0.0,,False,False,,,22
3089,Jr7YcSKmC6k,美國第一手現場！S25 Ultra、Plus全系列搶先看！【Joeman】,https://www.youtube.com/watch?v=Jr7YcSKmC6k,2025-01-23 02:00:10,2,580,False,none,0.0,,False,True,頻道會員|團購平台|買房課程,,22
3090,SxMLEsBGl5Y,S25 Ultra 新機搶先看！#S25Ultra #GalaxyAI #GalaxyUnpacked,https://www.youtube.com/watch?v=SxMLEsBGl5Y,2025-01-23 02:00:18,2,60,False,none,0.0,,False,False,,,22
3091,hWvocJR_4fc,S25新機全顏色開箱！#GalaxyS25 #GalaxyAI #GalaxyUnpacked,https://www.youtube.com/watch?v=hWvocJR_4fc,2025-01-23 02:00:36,2,76,False,keyword,0.0,,False,False,,,22
3092,DEF9fW63il4,鍍膜一年不限次數只要5999？帶大家參觀超划算的鍍膜店！ #大大力良品鍍膜,https://www.youtube.com/watch?v=DEF9fW63il4,2025-01-24 12:32:02,12,64,False,none,0.0,,False,False,,,22
3093,l-ce2GEyfrI,效能、續航大升級！2025最強遊戲掌機？MSI Claw 8 AI+【Joeman】,https://www.youtube.com/watch?v=l-ce2GEyfrI,2025-01-24 18:01:01,18,772,False,keyword,0.0,,False,True,頻道會員|團購平台|買房課程,,22
3094,l7ddSTLcV7s,一直飛美國爽嗎？我的真心話時間！被三星邀請的80小時瘋狂拍片戰鬥 ！網紅觀察室【Joeman】ft. 3C Tim、可恩、宇恩,https://www.youtube.com/watch?v=l7ddSTLcV7s,2025-01-25 18:30:21,18,1934,False,title_series,13.0,專屬導購代碼|專屬導購連結|專屬導購指引|折扣導購用語|購買行動用語,False,True,頻道會員|團購平台|買房課程,,22
3095,uwNz5fdnUnw,紐約必去行程！一次逛三個世界級博物館！埃及神廟、梵谷星空、暴龍化石！大都會藝術博物館、自然歷史博物館、現代藝術博物館！《Joe是要對決S2》Ep249【Joeman】,https://www.youtube.com/watch?v=uwNz5fdnUnw,2025-01-27 18:01:00,18,3564,False,playlist,4.0,購買行動用語|行動呼籲句型,False,True,頻道會員|團購平台|買房課程,【Joe是要對決】第二季,22
3096,bGVoJBgSkOo,月租金破百萬？在東京買房出租好賺嗎？我的真實心得分享！《Joe是要看房日本篇》【Joeman】,https://www.youtube.com/watch?v=bGVoJBgSkOo,2025-02-02 14:00:17,14,1298,False,playlist,0.0,,False,True,頻道會員|團購平台|買房課程,Joe是要看房-日本篇,22
3097,GGaglnio_OE,6680元的奢華川菜對決140元的平價川菜！《Joe是要對決S2》Ep250 ft.阿貝【Joeman】,https://www.youtube.com/watch?v=GGaglnio_OE,2025-02-03 18:00:22,18,3288,False,playlist,6.0,通路鋪貨用語|促銷方案用語|銷售話術,False,True,頻道會員|團購平台|買房課程,【Joe是要對決】第二季,22
3098,N4xZCeSksic,高性價比安卓旗艦Zenfone 12 Ultra詳細實測開箱！台幣不到3萬就有8 elite！【Joeman】,https://www.youtube.com/watch?v=N4xZCeSksic,2025-02-06 21:30:27,21,804,False,keyword,0.0,,False,True,頻道會員|團購平台|買房課程,,22
3099,brvuhoE8iIQ,開得比真人還好！最新特斯拉自動駕駛體驗！無人計程車即將成真！FSD V13.2.2【Joeman】,https://www.youtube.com/watch?v=brvuhoE8iIQ,2025-02-07 18:00:46,18,672,False,keyword,0.0,,False,True,頻道會員|團購平台|買房課程,,22
3100,IGp6P1ICa6g,5間台北知名排骨飯大對決！台鐵便當、一級排骨、金園排骨、東一排骨、貓下去敦北俱樂部《Joe是要對決S2》Ep251 ft.Una【Joeman】,https://www.youtube.com/watch?v=IGp6P1ICa6g,2025-02-10 18:00:28,18,2378,False,playlist,4.0,購買行動用語|行動呼籲句型,False,True,頻道會員|團購平台|買房課程,【Joe是要對決】第二季,22
3101,BOr74FT0vKI,安卓機皇S25 Ultra對決iPhone 16 Pro！頂是真的頂，但S24 Ultra比較香...【Joeman】,https://www.youtube.com/watch?v=BOr74FT0vKI,2025-02-15 12:00:07,12,1283,False,keyword,0.0,,False,True,頻道會員|團購平台|買房課程,,22
3102,3kcA0Hjjfzk,影片炎上後下架的反省與檢討【Joeman】網紅觀察室,https://www.youtube.com/watch?v=3kcA0Hjjfzk,2025-02-17 19:02:28,19,339,False,title_series,0.0,,False,False,,,22
3103,wI2V_PQBKgc,傳說中的無菜單！8500元的奢華無菜單料理對決300元的平價無菜單料理！一洋日料小舖、すし謙《Joe是要對決S2》Ep252 ft.阿達【Joeman】,https://www.youtube.com/watch?v=wI2V_PQBKgc,2025-02-17 18:01:02,18,3099,False,playlist,5.0,專屬導購連結|折扣導購用語,False,True,頻道會員|團購平台|買房課程,【Joe是要對決】第二季,22
3104,gvTHJf5DSq8,不到2萬、最便宜的iPhone要來了？除了價格很划算，可能也是最輕巧、背面造型最簡約的iPhone！#iphonese4 #iphone16e,https://www.youtube.com/watch?v=gvTHJf5DSq8,2025-02-18 18:22:17,18,43,False,keyword,0.0,,False,False,,,22
3105,AERd2mm6N8A,24萬元的Macbook Pro！M4 Max+8TB SSD+128G Ram+奈米紋理顯示器【Joeman】,https://www.youtube.com/watch?v=AERd2mm6N8A,2025-02-19 18:00:18,18,850,False,keyword,0.0,,False,True,頻道會員|團購平台|買房課程,,22
3106,xMRWe8L2vDc,一台24萬的頂規Macbook Pro！這代M4 Max效能可以雙開剪輯軟體剪4K，轉檔速度幾乎是M4的一倍！舒服～,https://www.youtube.com/watch?v=xMRWe8L2vDc,2025-02-19 18:44:16,18,62,False,keyword,0.0,,False,False,,,22
3107,_lZpaplHja8,你有看過40萬的顯示卡嗎？一張RTX 5090要配20顆i9，配貨價來到誇張的40萬⋯這畫面跟多年前搶RTX3090好像，至少價格又更高了，看了看荷包，決定還是繼續用RTX4090,https://www.youtube.com/watch?v=_lZpaplHja8,2025-02-20 18:53:36,18,58,False,none,0.0,,False,False,,,22
3108,PWsO5fZW_Xk,After watching kendrick lamar super bowl halftime,https://www.youtube.com/watch?v=PWsO5fZW_Xk,2025-02-21 17:28:30,17,17,False,none,0.0,,False,False,,,22
3109,FQdnSRofAxE,Youtube現在可以4倍速播放了！按下去有一種時光穿越的感覺⋯真的可以這麼快看影片嗎？,https://www.youtube.com/watch?v=FQdnSRofAxE,2025-02-22 12:25:35,12,50,False,none,0.0,,False,False,,,22
3110,ISRmrQND1E8,只要300元的無菜單日料！在公館夜市站著吃很chill！只是位置不多大家記得要提前預約。店名：一洋日料小舖#公館美食  #無菜單料理  #便宜,https://www.youtube.com/watch?v=ISRmrQND1E8,2025-02-23 17:33:08,17,67,False,keyword,0.0,,False,False,,,22
3111,-sz7vMvJIXQ,現在的AI修圖不只能把路人消掉，連跟你摟在一起的人都可以消掉！未來分手就不用刪照片、只要刪照片中的人就可以了！#s25ultra #ai修圖,https://www.youtube.com/watch?v=-sz7vMvJIXQ,2025-02-24 19:21:21,19,62,False,none,0.0,,False,False,,,22
3112,RRfU0L0_VX8,台南牛肉湯大戰！一口氣喝六家！1500元的奢華牛肉湯對決150元的平價牛肉湯！台南篇  樺哥、永樂、西羅殿、旗哥、文章、順福《Joe是要對決S2》Ep253 ft.阿辰師【Joeman】,https://www.youtube.com/watch?v=RRfU0L0_VX8,2025-02-24 18:00:33,18,3421,False,title_series,4.0,購買行動用語|行動呼籲句型,False,True,頻道會員|團購平台|買房課程,,22
3113,KE-zGpgITBE,中國特斯拉的自動駕駛FSD上線了！第一時間就有人開去中國菜市場，看起來雖然會很卡，但不到需要車主接管，如果這樣的路況在中國能自動駕駛，那理論上台灣的路況應該也可以，就看法規何時要放行了⋯,https://www.youtube.com/watch?v=KE-zGpgITBE,2025-02-25 17:56:13,17,40,False,keyword,0.0,,False,False,,,22
3114,L8AT1OVX8gY,一個人8500的無菜單料理有多瘋狂？貴是真的貴，但好吃也是真的好好吃🤤 #すし謙  #無菜單料理 #奢華,https://www.youtube.com/watch?v=L8AT1OVX8gY,2025-02-26 18:30:48,18,60,False,keyword,0.0,,False,False,,,22
3115,-N5Rys0rUpM,iPhone 16e值不值得買？實機開箱後的真實心得！ #iphone16e,https://www.youtube.com/watch?v=-N5Rys0rUpM,2025-02-27 12:00:00,12,57,False,keyword,0.0,,False,True,頻道會員|團購平台|買房課程,,22
3116,ec_Knbmr5GI,iPhone 16e實機開箱！雖然大家都嫌貴，但這個背面的美感不輸當年的iPhone 4阿~ #iphone16e,https://www.youtube.com/watch?v=ec_Knbmr5GI,2025-02-27 10:00:34,10,49,False,keyword,0.0,,False,True,頻道會員|團購平台|買房課程,,22
3117,idOX4nh7SUE,iPhone 16e全台首開！最便宜但現在值得買嗎？實測開箱【Joeman】,https://www.youtube.com/watch?v=idOX4nh7SUE,2025-02-27 10:00:34,10,923,False,keyword,0.0,,False,True,頻道會員|團購平台|買房課程,,22
3118,tvCgpM3kFzk,為了魔物獵人買了一台4090的筆電 #rtx4090 #魔物獵人荒野 #msi,https://www.youtube.com/watch?v=tvCgpM3kFzk,2025-02-28 12:00:41,12,38,False,keyword,0.0,,False,True,頻道會員|團購平台|買房課程,,22
3119,bVgXndmEFcs,台南鱔魚意麵大戰！精選五家！1400元的奢華鱔魚意麵對決110元的平價鱔魚意麵！台南篇 城邊真味、阿霞飯店、南興、品味、進福《Joe是要對決S2》Ep254 ft.JOSH【Joeman】,https://www.youtube.com/watch?v=bVgXndmEFcs,2025-03-03 18:00:40,18,2427,False,title_series,5.0,專屬導購連結|折扣導購用語,False,True,頻道會員|團購平台|買房課程,,22
3120,mHzpl5yeKHg,1500元的奢華牛肉湯！肉多到滿出來～凌晨兩點開還是排滿人🤤#台南牛肉湯 #體育場樺哥土產牛肉湯,https://www.youtube.com/watch?v=mHzpl5yeKHg,2025-03-03 17:25:18,17,51,False,none,0.0,,False,False,,,22
3121,fUS1l6VbWPU,肯德基竟然出了用炸雞包薯餅的漢堡，很爽但很肥🤣#kfc #咔啦肉霸堡,https://www.youtube.com/watch?v=fUS1l6VbWPU,2025-03-04 17:30:57,17,59,False,keyword,0.0,,False,False,,,22
3122,1TB8bkYNMD8,如何只花100元就讓別人覺得你很有錢？ #百元炫富 #Joeman,https://www.youtube.com/watch?v=1TB8bkYNMD8,2025-03-05 18:00:02,18,62,False,none,0.0,,False,True,頻道會員|團購平台|買房課程,,22
3123,ixv9ZWHCSGs,如何一支手機變兩隻？時間管理大師必學！ #安全資料夾 #三星 #joeman,https://www.youtube.com/watch?v=ixv9ZWHCSGs,2025-03-06 18:00:56,18,47,False,keyword,0.0,,False,True,頻道會員|團購平台|買房課程,,22
3124,dRP4qv_ympQ,身價百億的代價！世界第一網紅MrBeast野獸先生分析【Joeman】網紅觀察室,https://www.youtube.com/watch?v=dRP4qv_ympQ,2025-03-07 21:30:22,21,3134,False,playlist,0.0,,False,True,頻道會員|團購平台|買房課程,Joeman網紅觀察室,22
3125,qbngFf0aOZo,10XL的超巨大鞋子穿在路上是甚麼體驗？ #巴黎世家 #巨人鞋 #10XL #balenciaga,https://www.youtube.com/watch?v=qbngFf0aOZo,2025-03-07 18:01:07,18,44,False,keyword,0.0,,False,True,頻道會員|團購平台|買房課程,,22
3126,GdaaEug5rBA,不貼防窺膜就能手機防窺的密技！ #防窺 #Joeman,https://www.youtube.com/watch?v=GdaaEug5rBA,2025-03-08 18:00:30,18,56,False,keyword,0.0,,False,True,頻道會員|團購平台|買房課程,,22
3127,NoyERwLSyR4,更新完畫質變更好！有用DJI Pocket3拍片的人記得更新！ #pocket3 #dji #joeman,https://www.youtube.com/watch?v=NoyERwLSyR4,2025-03-09 18:00:31,18,21,False,none,0.0,,False,True,頻道會員|團購平台|買房課程,,22
3128,GiXkZRZFtRg,超有質感的特斯拉模型！消光金超帥～ #特斯拉 #模型 #joeman,https://www.youtube.com/watch?v=GiXkZRZFtRg,2025-03-10 18:00:17,18,88,False,keyword,0.0,,False,True,頻道會員|團購平台|買房課程,,22
3129,oI8LzKckOeU,台北鹹酥雞大戰！爆吃五家！700元的奢華鹽酥雞對決60元的平價鹽酥雞！180度C、龍鹽酥雞、兄弟鹽酥雞、原火乍初、Razzle Dazzle《Joe是要對決S2》Ep255 ft.丘涵【Joeman】,https://www.youtube.com/watch?v=oI8LzKckOeU,2025-03-10 18:00:58,18,2787,False,playlist,4.0,購買行動用語|行動呼籲句型,False,True,頻道會員|團購平台|買房課程,【Joe是要對決】第二季,22
3130,A_X6BpOkvEI,本來想好好炫耀特斯拉的自動停車，然後就⋯⋯#fsd #自動停車 #特斯拉,https://www.youtube.com/watch?v=A_X6BpOkvEI,2025-03-11 01:19:19,1,23,False,keyword,0.0,,False,False,,,22
3131,qaXS7PzGbNg,聽信老闆建議買股票的下場 #台積電 #特斯拉 #韭菜,https://www.youtube.com/watch?v=qaXS7PzGbNg,2025-03-11 15:45:04,15,44,False,keyword,0.0,,False,False,,,22
3132,AG71F5Tg1UA,從同行角度看 Andy 應該拿多少股份？網紅觀察室Joeman,https://www.youtube.com/watch?v=AG71F5Tg1UA,2025-03-12 22:19:16,22,640,False,playlist,0.0,,False,True,頻道會員|團購平台|買房課程,Joeman網紅觀察室,22
3133,bT8wdYP-4TM,韓國逛街發現超美超大間的更衣間！在聖水洞的ader error #adererror  #韓國,https://www.youtube.com/watch?v=bT8wdYP-4TM,2025-03-14 17:00:57,17,20,False,none,0.0,,False,False,,,22
3134,r09UNWEvvMY,在機場隨機送人底片相機！#底片相機 #photography  #disposablecamera,https://www.youtube.com/watch?v=r09UNWEvvMY,2025-03-15 17:46:49,17,40,False,keyword,0.0,,False,False,,,22
3135,1LFhhQzEEmk,男朋友不回訊息的時候都在幹嘛？,https://www.youtube.com/watch?v=1LFhhQzEEmk,2025-03-16 15:20:08,15,17,False,none,0.0,,False,False,,,22
3136,arxHyiDv7VQ,學霸都吃甚麼？跟博恩一起回母校！台大學餐對決！椰林燒臘、臺大農產中心 三明治冰淇淋、女九餐廳久久滷味 、臺大餐車、活大 食香園素食《Joe是要對決S2》Ep256 ft.博恩【Joeman】,https://www.youtube.com/watch?v=arxHyiDv7VQ,2025-03-17 18:00:04,18,2239,False,playlist,0.0,,False,True,頻道會員|團購平台|買房課程,【Joe是要對決】第二季,22
3137,XqekMvr-4zE,被困在Olive Young的男朋友,https://www.youtube.com/watch?v=XqekMvr-4zE,2025-03-18 16:37:15,16,53,False,none,0.0,,False,False,,,22
3138,s1CG21cnYXM,最新的M4 Macbook Air搶先看！天藍色在某些角度下也有點像銀色，大通膨時代竟然還降價，可以說是今年蘋果產品中最有性價比的！,https://www.youtube.com/watch?v=s1CG21cnYXM,2025-03-19 19:41:26,19,49,False,keyword,0.0,,False,False,,,22
3139,NN6YKD_bErI,台灣第一間哈利波特專門店就在剛開幕的南港Lalaport！氛圍很像環球影城裡的哈利波特園區，很好逛外也有很多小巧思！開幕首周有現場整理券，第二週起可以線上預約～ #哈利波特 #lalaport #南港,https://www.youtube.com/watch?v=NN6YKD_bErI,2025-03-20 19:54:45,19,85,False,none,0.0,,False,False,,,22
3140,P3VpPa4uH3w,帶韓國歐巴體驗台北夜生活！【Joeman】ft.小隆、Leo、痣作人、小聶、艾熙、美麗本人,https://www.youtube.com/watch?v=P3VpPa4uH3w,2025-03-20 18:00:36,18,953,False,keyword,0.0,,False,True,頻道會員|團購平台|買房課程,,22
3141,HRD7u-dzjkU,一戶4億的東區第一豪宅！台北之星鑽石塔Diamond Towers ft.EMC Ryan《Joe是要看房》 ep.52【Joeman】,https://www.youtube.com/watch?v=HRD7u-dzjkU,2025-03-22 12:00:14,12,2007,False,playlist,4.0,預約導流|品牌官方導流,False,True,頻道會員|團購平台|買房課程,《Joe是要看房》,22
3142,-jzz4YhzW2c,12800元的奢華雞湯對決150元的平價雞湯！雞家莊、龍軒傳承、沉雨晴《Joe是要對決S2》Ep257 ft.徐海莉【Joeman】,https://www.youtube.com/watch?v=-jzz4YhzW2c,2025-03-24 18:00:00,18,2823,False,playlist,0.0,,False,True,頻道會員|團購平台,【Joe是要對決】第二季,22
3143,wBnkLMwEa4k,台北東區第一豪宅！一戶4億的台北之星鑽石塔！Ryan的品味真的很讚～#台北之星 #鑽石塔 #diamondtowers #豪宅,https://www.youtube.com/watch?v=wBnkLMwEa4k,2025-03-24 18:42:33,18,83,False,keyword,0.0,,False,False,,,22
3144,3C8nj7wwMtY,輕薄筆電之王！性價比高到不像蘋果！M4 Macbook Air開箱！【Joeman】,https://www.youtube.com/watch?v=3C8nj7wwMtY,2025-03-26 18:30:01,18,620,False,playlist,0.0,,False,True,頻道會員|團購平台,【Joeman開箱去】,22
3145,M54g3HMaXK0,用Vision Pro看NBA有多爽？同時看轉播的同時還可以看到兩隊的位置細節！#nba #visionpro #tabletop,https://www.youtube.com/watch?v=M54g3HMaXK0,2025-03-26 17:57:29,17,57,False,none,0.0,,False,False,,,22
3146,3mZB_dr4mdc,傳說全世界的蘋果專賣店螢幕角度都是76度，為的竟然是要讓消費者忍不住去轉螢幕？,https://www.youtube.com/watch?v=3mZB_dr4mdc,2025-03-27 18:00:08,18,37,False,keyword,0.0,,False,False,,,22
3147,jAW3nt1QekI,去韓國必辦的快速通關SES，台灣人也能辦，辦完每次入境時可以直接走韓國人通道，也不必填入境卡，熱門時段整個過程快超多！#韓國旅遊 #快速通關 #ses,https://www.youtube.com/watch?v=jAW3nt1QekI,2025-03-29 14:23:21,14,52,False,keyword,0.0,,False,False,,,22
3148,zs3muz-XXPM,台北蛋餅大戰！328元的奢華蛋餅對決35元的平價蛋餅！秦菲菲、Seasons、石牌無名手工蛋餅、可蜜達、味鼎《Joe是要對決S2》Ep258 ft.禾羽【Joeman】,https://www.youtube.com/watch?v=zs3muz-XXPM,2025-03-31 18:02:04,18,2164,False,playlist,4.0,購買行動用語|行動呼籲句型,False,True,頻道會員|團購平台,【Joe是要對決】第二季,22
3149,Ch3iXiv1uyY,韓國必吃生章魚，看起來很驚悚，吃起來很新鮮⋯畢竟還在動⋯#廣藏市場 #生章魚,https://www.youtube.com/watch?v=Ch3iXiv1uyY,2025-04-02 16:16:24,16,42,False,none,0.0,,False,False,,,22
3150,5V0oZyGjgzQ,在韓國自製專屬地鐵交通卡！只要按照介面上傳照片即可，還可以自己添加卡片文字！超簡單～ #韓國旅遊 #地鐵卡,https://www.youtube.com/watch?v=5V0oZyGjgzQ,2025-04-03 23:16:27,23,31,False,keyword,0.0,,False,False,,,22
3151,po24OFyyOBo,最難訂的黑白大廚！三星對決料理狂人！一頓吃了上百萬！《Joe是要對決S2》Ep259 ft.Syri、小隆【Joeman】,https://www.youtube.com/watch?v=po24OFyyOBo,2025-04-07 18:01:10,18,3352,False,playlist,0.0,,False,True,頻道會員|團購平台,【Joe是要對決】第二季,22
3152,t8yxu_JstYA,說好的支撐已經消失了⋯#台股 #跌停,https://www.youtube.com/watch?v=t8yxu_JstYA,2025-04-07 19:41:13,19,39,False,none,0.0,,False,False,,,22
3153,6-TeFHplXgE,一群男生去韓國要玩甚麼？首爾旅遊的優缺點！ft.小隆【Joeman】,https://www.youtube.com/watch?v=6-TeFHplXgE,2025-04-10 18:00:10,18,2061,False,keyword,15.0,專屬導購代碼|專屬導購連結|專屬導購指引|折扣導購用語|購買行動用語|行動呼籲句型,False,True,頻道會員|團購平台,,22
3154,Yv4Ae_t99Uc,已經搞不清楚是為了玩夾娃娃機買掃地機器人，還是買掃地機器人送夾娃娃機了🤣#石頭掃地機 #saros #z70,https://www.youtube.com/watch?v=Yv4Ae_t99Uc,2025-04-10 16:16:21,16,60,False,title_series,0.0,,False,False,,,22
3155,ygSBXv-IgGg,在韓國體驗連鎖髮廊！價格跟台北差不多但裝潢很美～因為語言不通我直接請他幫我剪韓國主流髮型😆#韓國旅遊 #韓國髮廊 #junohair,https://www.youtube.com/watch?v=ygSBXv-IgGg,2025-04-11 18:07:24,18,36,False,keyword,0.0,,False,False,,,22
3156,9CVOQA8yMZM,BTS、Blackpink也來過！46萬的頂級韓牛烤肉對決只要2萬的平價韓國烤肉吃到飽！會比日本和牛好吃嗎？《Joe是要對決S2》Ep260 ft.Mira【Joeman】,https://www.youtube.com/watch?v=9CVOQA8yMZM,2025-04-14 18:00:12,18,3447,False,playlist,19.0,專屬導購代碼|專屬導購連結|推薦或聯盟行銷連結|專屬導購指引|結帳代碼指引|折扣導購用語|行動呼籲句型,False,True,頻道會員|團購平台,【Joe是要對決】第二季,22
3157,JwBaKvKz3wg,收留離婚的經紀人！我的舊家大翻新！《Joe是要看房》 ep.53【Joeman】,https://www.youtube.com/watch?v=JwBaKvKz3wg,2025-04-15 18:00:36,18,1431,False,playlist,9.0,結帳代碼指引|折扣導購用語|購買行動用語|銷售話術,False,True,頻道會員|團購平台,《Joe是要看房》,22
3158,hC1yVhrTqqk,另一半超愛逛街，一不小心就陷入時光黑洞 #逛街 #星際效應 @Doris131,https://www.youtube.com/watch?v=hC1yVhrTqqk,2025-04-18 18:33:44,18,37,False,none,0.0,,False,False,,,22
3159,XtCVotttsks,百元炫富挑戰！買一送一的品項直接跟店員說我只要一件！沒想到⋯#百元炫富 #joeman,https://www.youtube.com/watch?v=XtCVotttsks,2025-04-21 18:11:19,18,32,False,keyword,0.0,,False,False,,,22
3160,dGsitIKbyBw,台北雞腿飯大戰！660元的奢華雞腿飯對決120元的平價雞腿飯！可愛村便當、壹森泰食堂、玉林雞腿大王、萬芳冰室、PALI PALI《Joe是要對決S2》Ep261 ft.蘋蘋【Joeman】,https://www.youtube.com/watch?v=dGsitIKbyBw,2025-04-21 18:01:03,18,2404,False,playlist,19.0,專屬導購代碼|專屬導購連結|推薦或聯盟行銷連結|專屬導購指引|結帳代碼指引|折扣導購用語|行動呼籲句型,False,True,頻道會員|團購平台,【Joe是要對決】第二季,22
3161,MI4WRENAxZM,Joeman去打職籃？這兩天我的私訊都是這張截圖⋯說我怎麼去打職籃🤣 #井上九妹,https://www.youtube.com/watch?v=MI4WRENAxZM,2025-04-22 18:58:47,18,33,False,none,0.0,,False,False,,,22
3162,sxGH8365kQw,最近穿白色衣服都會激凸，決定來試試看韓國熱賣的男性胸貼⋯#韓國必買 #男性胸貼 #oliveyoung,https://www.youtube.com/watch?v=sxGH8365kQw,2025-04-24 20:52:16,20,60,False,none,0.0,,False,False,,,22
3163,N-pfEtaL6wo,超好買超好逛！全世界最便宜的韓裝怎麼買？東大門攻略與潛規則介紹！首爾旅遊購物必去【Joeman】ft.小宮、小隆,https://www.youtube.com/watch?v=N-pfEtaL6wo,2025-04-25 20:00:49,20,1880,False,keyword,0.0,,False,True,頻道會員|團購平台,,22
3164,OM57GewXsyE,一條破千的蘋果原廠線開箱！有了它，Airpods Max不但能聽無損音質，還能連結20年前塵封在iPod裡的回憶⋯⋯#airpodsmax #3.5 #ipod,https://www.youtube.com/watch?v=OM57GewXsyE,2025-04-25 19:30:25,19,53,False,keyword,0.0,,False,False,,,22
3165,D7trASXHL3I,韓國旅遊必追的養樂多媽媽車！除了有經典養樂多外，竟然還有人參口味，瓶蓋上還有藥丸！很多觀光景點都有，大家在韓國看到可以體驗一下！#韓國旅遊 #養樂多車 #養樂多媽媽 #養樂多阿姨,https://www.youtube.com/watch?v=D7trASXHL3I,2025-04-26 16:32:18,16,34,False,keyword,0.0,,False,False,,,22
3166,lxzvDZcO8n4,賣到缺貨！日本爆紅的大猩猩之握按摩器開箱！竟然有三款～某些角度力道真的蠻大的⋯#大猩猩之握 #日本購物 #按摩器,https://www.youtube.com/watch?v=lxzvDZcO8n4,2025-04-27 17:57:41,17,51,False,keyword,0.0,,False,False,,,22
3167,xVpNDW4satM,台韓泡麵大對決！出國帶甚麼泡麵最好吃？23元的台灣泡麵對決₩1400元的韓國泡麵！《Joe是要對決S2》Ep262 ft.小隆【Joeman】,https://www.youtube.com/watch?v=xVpNDW4satM,2025-04-28 18:01:38,18,2289,False,playlist,0.0,,False,True,頻道會員|團購平台,【Joe是要對決】第二季,22
3168,KIRtgAddTk4,iPhone 17 Air搶先看！這個厚度真的太猛了吧⋯#iphone17 #iphone17air,https://www.youtube.com/watch?v=KIRtgAddTk4,2025-04-29 18:15:06,18,24,False,keyword,0.0,,False,False,,,22
3169,d2-9qzKxIcQ,這次真的值得等！iPhone 17 Air、iPhone 17 Pro Max模型機外流開箱！【Joeman】,https://www.youtube.com/watch?v=d2-9qzKxIcQ,2025-04-29 18:01:03,18,605,False,playlist,0.0,,False,True,頻道會員|團購平台,【Joeman開箱去】,22
3170,ZqZXCFbusZ8,一次在lalaport開三間店的狠人#lalaport #家電姐妹,https://www.youtube.com/watch?v=ZqZXCFbusZ8,2025-04-30 18:30:55,18,60,False,none,0.0,,False,False,,,22
3171,TIz4dZLDxeY,全世界賣最好的電動車全新改款！台灣Model Y開箱！【Joeman】Tesla特斯拉煥新,https://www.youtube.com/watch?v=TIz4dZLDxeY,2025-05-02 18:00:46,18,747,False,keyword,8.0,推薦或聯盟行銷連結|專屬導購指引|購買行動用語,False,True,頻道會員|團購平台,,22
3172,_EGhSLAs57k,全世界賣最好的電動車終於來台灣了！全新Model Y這次雖然首發價格有點奢華，但外觀跟內裝的改動也是非常有感⋯#modely #tesla #小改款 #全新,https://www.youtube.com/watch?v=_EGhSLAs57k,2025-05-02 17:55:26,17,60,False,keyword,0.0,,False,False,,,22
3173,YTyRC8vp3WI,可以自動追蹤人眼來達到3D顯示的黑科技螢幕！最大優勢就是不用頭戴任何裝置自動把2D畫面變成3D！但除了售價奢華，要求的最低顯卡建議在RTX3080以上！#3D螢幕 #裸視3D #odyssey3d,https://www.youtube.com/watch?v=YTyRC8vp3WI,2025-05-03 20:53:01,20,64,False,keyword,0.0,,False,False,,,22
3174,5MKgEt5Nxa0,整支帝王蟹放在披薩上！一個竟然要3500！是達美樂的母親節限定，但母親節買這個真的不會被媽媽唸嗎？但後來聽說限量300份已經賣完了，我多慮了🤣#帝王蟹披薩 #達美樂 #母親節 #奢華 #奇怪披薩,https://www.youtube.com/watch?v=5MKgEt5Nxa0,2025-05-05 18:55:03,18,57,False,keyword,0.0,,False,False,,,22
3175,Wt6-2PysTY0,韓國炸雞名店大戰！一周吃五家也太爽！橋村、Puradak、bhc、mom's touch、60雞《Joe是要對決S2》Ep263 ft.痣作人【Joeman】,https://www.youtube.com/watch?v=Wt6-2PysTY0,2025-05-05 18:00:50,18,3025,False,playlist,2.0,購買行動用語,False,True,頻道會員|團購平台,【Joe是要對決】第二季,22
3176,kibk-NsCRTk,兩個不關心彼此的人如何尬聊？ #蘋蘋 #湘綾 #joe是要對決,https://www.youtube.com/watch?v=kibk-NsCRTk,2025-05-06 18:15:32,18,57,False,title_series,0.0,,False,False,,,22
3177,Q1yWS0Cx_Tc,全世界最貴物價，為何還一堆人要去？傳說中的瑞士旅遊！一口氣自駕遊：蘇黎世、策馬特、馬特洪峰、冰川天堂、Gornergrat、琉森湖【Joeman】,https://www.youtube.com/watch?v=Q1yWS0Cx_Tc,2025-05-10 12:00:26,12,2166,False,keyword,15.0,專屬導購代碼|專屬導購連結|專屬導購指引|折扣導購用語|購買行動用語|行動呼籲句型,False,True,頻道會員|團購平台,,22
3178,ZVwT73yB7Fo,如何與愛因斯坦產生量子糾纏？在瑞士尋找愛因斯坦的置物櫃！#瑞士旅遊 #蘇黎世 #聯邦理工大學,https://www.youtube.com/watch?v=ZVwT73yB7Fo,2025-05-10 12:12:10,12,45,False,keyword,0.0,,False,False,,,22
3179,XNPvSLHqf1k,瑞士旅遊要花多少錢？全世界物價最貴的國家vs年收千萬的男人！瑞士自駕自由行心得《Joe是要對決S2》Ep264【Joeman】,https://www.youtube.com/watch?v=XNPvSLHqf1k,2025-05-12 18:00:55,18,2045,False,playlist,19.0,專屬導購代碼|專屬導購連結|推薦或聯盟行銷連結|專屬導購指引|結帳代碼指引|折扣導購用語|行動呼籲句型,False,True,頻道會員|團購平台,【Joe是要對決】第二季,22
3180,wXrU2QjPHrQ,開著車搭火車是什麼感覺？這次瑞士自駕遊為了穿越阿爾卑斯山脈，竟然體驗到開車搭火車，省很多時間，但過路費要1000台幣🤣 #瑞士旅遊 #瑞士自駕 #阿爾卑斯山,https://www.youtube.com/watch?v=wXrU2QjPHrQ,2025-05-12 18:23:55,18,39,False,keyword,0.0,,False,False,,,22
3181,3xN2CBwCuGU,超輕薄的旗艦手機S25 Edge來了！但是不是世界最輕薄呢？這還要看接下來的iPhone 17 Air的表現！#s25edge #iphone17air #旗艦手機 #輕薄,https://www.youtube.com/watch?v=3xN2CBwCuGU,2025-05-13 15:20:51,15,48,False,keyword,0.0,,False,False,,,22
3182,3wVj1tGEdxY,當你被AI迷因洗腦⋯第一次看：這什麼鬼？第二次看：現在的人也太無聊了吧！第三次看：tralalero tralala！#義大利腦腐  #ai迷因 #外國山海經 #tralalerotralala🗣️,https://www.youtube.com/watch?v=3wVj1tGEdxY,2025-05-14 16:31:09,16,52,False,none,0.0,,False,False,,,22
3183,FkiXREdD-Yc,史上最薄旗艦手機S25 edge全台首測！iPhone 17 Air的最強對手！很輕薄，但終究有取捨...【Joeman】,https://www.youtube.com/watch?v=FkiXREdD-Yc,2025-05-15 02:00:11,2,536,False,playlist,0.0,,False,True,頻道會員|團購平台,【Joeman開箱去】,22
3184,fyGnls7PCmI,台北蛋糕買哪家？22890元的奢華生日蛋糕對決620元的平價生日蛋糕！85度C、紅葉、吳一無二法式、畬室、魚子醬夫人的珠寶盒、就是要玩蛋糕《Joe是要對決S2》Ep265 ft.台灣妞【Joeman】,https://www.youtube.com/watch?v=fyGnls7PCmI,2025-05-19 18:01:14,18,2065,False,playlist,0.0,,False,True,頻道會員|團購平台,【Joe是要對決】第二季,22
3185,JhpaUXwZEgw,當你終於開上夢想中的車，心愛的女孩還在身邊嗎？#瀨戸環奈  #tre #2025 #瀨戶環奈,https://www.youtube.com/watch?v=JhpaUXwZEgw,2025-05-20 20:42:15,20,30,False,none,0.0,,False,False,,,22
3186,xGyJnBDIsdA,Netflix憑什麼最貴？5大影音平台費用、畫質、片量、寄生難易度大PK！Netflix、Apple TV、Disney+、HBO Max、Prime Video串流平台【Joeman】,https://www.youtube.com/watch?v=xGyJnBDIsdA,2025-05-21 18:01:36,18,804,False,playlist,0.0,,False,True,頻道會員|團購平台,【Joeman開箱去】,22
3187,mpSaeFKBa6E,我是如何面對網路霸凌？回覆酸民的留言！網紅觀察室【Joeman】,https://www.youtube.com/watch?v=mpSaeFKBa6E,2025-05-22 18:01:18,18,914,False,title_series,0.0,,False,True,頻道會員|團購平台,,22
3188,Lplr69ViTF4,比對岸貴100萬...值得嗎？煥新版Model Y真實心得！【Joeman】Tesla 2025 Longrange 全輪驅動Model Y 特斯拉,https://www.youtube.com/watch?v=Lplr69ViTF4,2025-05-23 21:15:04,21,914,False,keyword,8.0,推薦或聯盟行銷連結|專屬導購指引|購買行動用語,False,True,頻道會員|團購平台,,22
3189,dUZ9vOH1gx0,開箱Youtuber的家！1000萬訂閱對決100萬訂閱對決10萬訂閱《Joe是要對決S2》Ep266 ft.真奈特每天都在瞎忙、DODOMEN、奇軒【Joeman】,https://www.youtube.com/watch?v=dUZ9vOH1gx0,2025-05-26 18:00:59,18,2702,False,playlist,0.0,,False,True,頻道會員|團購平台,【Joe是要對決】第二季,22
3190,005a8GllC20,獨家外流！跟最強新人女優在車上拍片是什麼體驗？ft.瀨戶環奈【Joeman】4K高清無碼,https://www.youtube.com/watch?v=005a8GllC20,2025-06-01 12:00:01,12,651,False,keyword,14.0,專屬導購代碼|專屬導購連結|結帳代碼指引|折扣導購用語|購買行動用語|新品發表用語,False,True,頻道會員|團購平台,,22
3191,qJcxdtBBeHA,第一屆背番號大賽！每天晚上努力看片就是為了此刻！8/8-8/10台北TRE國際成人展，結帳輸入折扣碼JOEMAN再折200元  #瀨戶環奈,https://www.youtube.com/watch?v=qJcxdtBBeHA,2025-06-01 11:54:30,11,28,False,none,6.0,專屬導購代碼|結帳代碼指引,False,False,,,22
3192,3tosFNAk8PU,我終於拿到千萬訂閱的獎牌了！傳說中的鑽石播放鍵！ @73_tricking,https://www.youtube.com/watch?v=3tosFNAk8PU,2025-06-02 18:11:07,18,48,False,none,0.0,,False,False,,,22
3193,TFF2IP025C4,開箱全台唯一千萬訂閱Youtuber的家！頻道分潤大揭密！1000萬訂閱對決100萬訂閱對決10萬訂閱下集《Joe是要對決S2》Ep267 ft.DODOMEN、奇軒【Joeman】,https://www.youtube.com/watch?v=TFF2IP025C4,2025-06-02 18:00:55,18,3039,False,playlist,0.0,,False,True,頻道會員|團購平台,【Joe是要對決】第二季,22
3194,oLudI6eWLsM,The next station is #shibuya 下一站 #涉谷 #tokyo #東京旅遊 #travel,https://www.youtube.com/watch?v=oLudI6eWLsM,2025-06-03 20:26:45,20,10,False,keyword,0.0,,False,False,,,22
3195,yk94w5D2BRw,收到了可愛的粉紅色劍玉，結果發現建文是劍玉社的#redbull,https://www.youtube.com/watch?v=yk94w5D2BRw,2025-06-07 16:45:21,16,53,False,none,0.0,,False,False,,,22
3196,-kzdKcsZrn8,終於吃到傳說中的香菜多力多滋！如果是本來就敢吃香菜的話我覺得好吃！但把它揉碎配麵線會好吃嗎？,https://www.youtube.com/watch?v=-kzdKcsZrn8,2025-06-09 18:36:30,18,46,False,keyword,0.0,,False,False,,,22
3197,hq7KRQ72rMM,台北雞排對決！一次帶韓國女生Judy吃5家雞排名店！350元的奢華雞排對決35元的平價雞排！蒜什麼咚咚、好吃炸雞、炸糊、萬隆、Knock《Joe是要對決S2》Ep268ft.Judy【Joeman】,https://www.youtube.com/watch?v=hq7KRQ72rMM,2025-06-09 18:01:10,18,2089,False,playlist,3.0,影片合作聲明,False,True,頻道會員|團購平台,【Joe是要對決】第二季,22
3198,OdFF7eIM8DA,iOS26更新教學！目前還在開發者beta版，小bug還很多，發熱跟耗電表現也可能會修改，喜歡搶先或有備用機的人還是可以試試看! #ios升級 #2026 #安裝 #install #iphone17,https://www.youtube.com/watch?v=OdFF7eIM8DA,2025-06-10 19:57:08,19,30,False,keyword,0.0,,False,False,,,22
3199,UglHsqhbbUY,iOS大改版！目前還在開發者beta版，還有很多bug，不建議主力機更換！期待正式搭載在iPhone 17 Pro上的效果 #ios26 #iphone17 #ios改版 #liquidglass,https://www.youtube.com/watch?v=UglHsqhbbUY,2025-06-10 17:30:06,17,90,False,keyword,0.0,,False,False,,,22
3200,hQmYsZvE2SQ,體驗日本柏青哥！換到的景品在店外竟然真的可以換錢？ #柏青哥 #pachinko #日本旅遊,https://www.youtube.com/watch?v=hQmYsZvE2SQ,2025-06-13 12:44:55,12,59,False,keyword,0.0,,False,False,,,22
3201,ZNF45t6HQHU,iOS26新功能Automix可以自動幫下一首音樂做混音，跟過去一般的淡入淡出不同，在某些拍點能對上的音樂銜接更加自然！#自動混音 #自動過渡 #automix #ios26,https://www.youtube.com/watch?v=ZNF45t6HQHU,2025-06-16 19:43:01,19,50,False,keyword,0.0,,False,False,,,22
3202,k79RZH_3Bns,超多正妹的輔大學餐對決！阿滴回母校引發暴動！《Joe是要對決S2》Ep269 ft.阿滴、采欣【Joeman】,https://www.youtube.com/watch?v=k79RZH_3Bns,2025-06-16 18:01:14,18,3047,False,playlist,19.0,專屬導購代碼|專屬導購連結|推薦或聯盟行銷連結|專屬導購指引|結帳代碼指引|折扣導購用語|行動呼籲句型,False,True,頻道會員|團購平台,【Joe是要對決】第二季,22
3203,TxV6adl256U,全台灣最會賣課的人！愛莉莎莎是怎麼做團購的？網紅觀察室【Joeman】,https://www.youtube.com/watch?v=TxV6adl256U,2025-06-18 18:00:49,18,1477,False,playlist,10.0,結帳代碼指引|折扣導購用語|購買行動用語|行動呼籲句型|新品發表用語,False,True,頻道會員|團購平台,Joeman網紅觀察室,22
3204,UV6wX8SLAHM,未來的iPhone可以幫你接電話！我自己實際用下來有點類似更加強版的whoscall，ios會先語音問對方是誰，同步把對方語音轉譯成文字，真的是I人救星！#來電篩選 #ios26 #防騷擾 #防詐騙,https://www.youtube.com/watch?v=UV6wX8SLAHM,2025-06-18 17:30:39,17,41,False,keyword,0.0,,False,False,,,22
3205,qcZXiWQ3ds4,全台限量500台的首發版Model Y開箱！跟一般版的y差在哪？#tesla #特斯拉 #modely,https://www.youtube.com/watch?v=qcZXiWQ3ds4,2025-06-19 18:44:41,18,40,False,keyword,0.0,,False,False,,,22
3206,BaBR8qtSVg8,瑞士之旅完結篇！就算很貴還是值得去第二次！格林德瓦、因特拉肯、first山、艾格峰、巴克普湖、施皮茨、圖恩湖、布里恩茨湖【Joeman】,https://www.youtube.com/watch?v=BaBR8qtSVg8,2025-06-20 18:00:19,18,1586,False,keyword,0.0,,False,True,頻道會員|團購平台,,22
3207,k3Sjrq44bao,大阪拉麵對決！一口氣吃五家！超濃豚骨拉麵、咖哩拉麵、黃金貝雞白湯、白菜醬油拉麵、牡蠣拉麵《Joe是要對決S2》日本篇Ep270 ft.拉麵毛【Joeman】,https://www.youtube.com/watch?v=k3Sjrq44bao,2025-06-23 18:01:17,18,2123,False,playlist,0.0,,False,True,頻道會員|團購平台,【Joe是要對決】第二季,22
3208,PqlRnvsC59Q,7/10台灣才上市的Switch 2值得衝首發嗎？實際測下來獨佔還是很香，但我會選擇等OLED版⋯#ns2 #switch2 #任天堂#nintendo,https://www.youtube.com/watch?v=PqlRnvsC59Q,2025-06-24 20:18:32,20,39,False,none,0.0,,False,False,,,22
3209,YePsJGqlLm4,性能有提升，但不用現在買！全世界賣爆的 Switch 2 詳細開箱！性能實測、外觀改哪裡？真實感想與購買建議【Joeman】Nintendo Switch 2 Review,https://www.youtube.com/watch?v=YePsJGqlLm4,2025-06-24 20:00:57,20,980,False,playlist,0.0,,False,True,頻道會員|團購平台,【Joeman開箱去】,22
3210,yez92X6yX8g,三星摺疊手機今年確定要大改款！從邀請函剪影來看，今年的Fold7應該也會跟上S25 Edge走超薄路線。發表會是7/9，我會跟大家一起看！超期待！#GalaxyAI #GalaxyUnpacked,https://www.youtube.com/watch?v=yez92X6yX8g,2025-06-24 07:07:14,7,75,False,keyword,0.0,,False,False,,,22
3211,b06Buo1w3g0,大阪萬博2025！#expo #osaka,https://www.youtube.com/watch?v=b06Buo1w3g0,2025-06-25 18:15:58,18,31,False,none,0.0,,False,False,,,22
3212,pxbCIQ9_s70,一次逛10個館！又好玩又崩潰的大阪萬博真實體驗！2025 EXPO 台灣館、美國館、法國館、鋼彈館、原子小金剛PASONA、NTT、西班牙館、水舞【Joeman】ft.小尾巴,https://www.youtube.com/watch?v=pxbCIQ9_s70,2025-06-25 18:01:28,18,3228,False,keyword,14.0,專屬導購代碼|致謝贊助句型|專屬導購指引|結帳代碼指引|折扣導購用語,False,True,頻道會員|團購平台,,22
3213,oQRRySDKz7U,可以自動做飲料的機器人！一開始覺得很酷，但最關鍵的手搖怎麼還是要自己搖⋯這個機器人在大阪醫療保健館的出口附近，杯子很可愛！#大阪萬博 #expo,https://www.youtube.com/watch?v=oQRRySDKz7U,2025-06-26 18:09:45,18,60,False,none,0.0,,False,False,,,22
3214,DzGL5meSCyI,去萬博前你必須知道的事 ！我的心得與推薦場館！【Joeman】,https://www.youtube.com/watch?v=DzGL5meSCyI,2025-06-27 18:00:33,18,972,False,none,0.0,,False,True,頻道會員|團購平台,,22
3215,sX9MgWz5xw0,等兩年終於換代了！降噪耳機王者Sony WH-1000XM6開箱！,https://www.youtube.com/watch?v=sX9MgWz5xw0,2025-06-27 23:37:40,23,53,False,keyword,0.0,,False,False,,,22
3216,BQ5RcFYU9NE,下次經過大阪道頓堀可以注意一下的小彩蛋！哭哭的金龍拉麵🍜#大阪旅遊 #道頓堀 #名店,https://www.youtube.com/watch?v=BQ5RcFYU9NE,2025-06-28 13:40:44,13,20,False,keyword,0.0,,False,False,,,22
3217,E2b69_BDh4Y,Babymonster現場超強～Taipei world tour #GalaxyS25Ultra #FilmedwithGalaxy,https://www.youtube.com/watch?v=E2b69_BDh4Y,2025-06-28 22:04:53,22,35,False,none,0.0,,False,False,,,22
3218,1VV_Kp98fsQ,大阪萬博的免費洗瓶子機跟免費冰水！#expo #大阪旅遊,https://www.youtube.com/watch?v=1VV_Kp98fsQ,2025-06-29 22:18:26,22,43,False,keyword,0.0,,False,False,,,22
3219,cQVbKp8EQQI,現在的行動電源竟然可以分解又合體！還能當紓壓玩具！實用又好玩的發電行動電源開箱！有興趣的人請參考IG主頁～,https://www.youtube.com/watch?v=cQVbKp8EQQI,2025-06-30 17:00:54,17,58,False,keyword,5.0,品牌專屬團購連結|購買行動用語,False,False,,,22
3220,fibSaE6fApU,百年老店大戰！一口氣吃五家！從清朝開到現在真的好吃嗎？林合發油飯店、川業肉圓、金春發牛肉、永樂雞捲大王、龍都冰菓專家《Joe是要對決S2》Ep271 ft.魚乾【Joeman】,https://www.youtube.com/watch?v=fibSaE6fApU,2025-06-30 18:01:14,18,2326,False,playlist,3.0,購買行動用語|品牌官方導流,False,True,頻道會員|團購平台,【Joe是要對決】第二季,22
3221,lyCSLfdh69I,洪瑞珍竟然有維力炸醬麵版？大阪萬博的台灣館獨家限定口味，聽說下午就會賣完，一個800日圓，奢華但蠻有特色的！#萬博美食 #大阪旅遊 #洪瑞珍 #維力炸醬麵,https://www.youtube.com/watch?v=lyCSLfdh69I,2025-07-01 12:40:08,12,39,False,keyword,0.0,,False,False,,,22
3222,PRMx0IKHnmY,跟藝術品一樣！感謝好友借我開箱全球限量200瓶，一瓶600萬的麥卡倫TIME：SPACE 「時空旅行」！買了之後還有超尊榮的到府開箱服務，這也太奢華了吧～,https://www.youtube.com/watch?v=PRMx0IKHnmY,2025-07-03 15:00:21,15,90,False,keyword,0.0,,False,False,,,22
3223,8xA0lHsJmn0,日本超有名的生甜甜圈I’m donut？來台灣啦！來吃吃看什麼口味最好吃～,https://www.youtube.com/watch?v=8xA0lHsJmn0,2025-07-04 12:13:25,12,75,False,keyword,0.0,,False,False,,,22
3224,oOFhvKKfIS0,一堆新聞說大屋根蚊蟲問題很嚴重，我們自己實際體驗是覺得大屋根樓上的確有，但平地大部分都還行，就當作公園或郊外難免有蚊蟲這樣，只是我們是五月多去的，現在七月不確定有沒有更嚴重,https://www.youtube.com/watch?v=oOFhvKKfIS0,2025-07-05 17:19:46,17,54,False,keyword,0.0,,False,False,,,22
3225,ukXrRqWoMNc,義大利快閃12小時！超多美食、美景、精品！米蘭大教堂、歐洲最大星巴克、和平門【Joeman】,https://www.youtube.com/watch?v=ukXrRqWoMNc,2025-07-05 12:01:10,12,1277,False,keyword,2.0,購買行動用語,False,True,頻道會員|團購平台,,22
3226,3B7S02e4kSU,台北牛肉麵大戰！2178元的奢華牛肉麵對決110元的平價牛肉麵！天東86牛肉麵、史記正宗牛肉麵、老劉刀切牛肉麵、gubami Sacial《Joe是要對決S2》Ep272 ft.陳艾熙【Joeman】,https://www.youtube.com/watch?v=3B7S02e4kSU,2025-07-07 18:00:12,18,3435,False,playlist,5.0,活動兌換代碼|行動呼籲句型,False,True,頻道會員|團購平台,【Joe是要對決】第二季,22
3227,_dd53Dybu1U,弄髒衣服或清潔家裡不知道買什麼？直男救星碧歐馨來了！我超愛他們的護手洗碗精，整組清潔用品超實用、味道清新、成分天然，一次買整組就對了！現在有獨家團購，滿額再送贈品～連結在我 IG 主頁！,https://www.youtube.com/watch?v=_dd53Dybu1U,2025-07-07 15:00:37,15,83,False,none,8.0,品牌專屬團購連結|社群導流指引|購買行動用語,False,False,,,22
3228,5VwN3f7oOqI,自拍神器大改款！這代的新顏色胭脂紅很美！#Flip7 #GalaxyUnpacked #GalaxyAI,https://www.youtube.com/watch?v=5VwN3f7oOqI,2025-07-09 22:00:09,22,42,False,none,0.0,,False,False,,,22
3229,ZX0gYlL1fBU,飛到美國體驗最新的Fold7！這代摺疊手機真的太猛了！Galaxy Z Fold7、Flip7搶先體驗【Joeman】,https://www.youtube.com/watch?v=ZX0gYlL1fBU,2025-07-09 22:01:03,22,659,False,keyword,5.0,活動兌換代碼|行動呼籲句型,True,True,頻道會員|團購平台,,22
3230,s8zOWV5_RkI,三星摺疊手機大改款！這個厚度跟重量真的超猛！ #Fold7 #GalaxyUnpacked #GalaxyAI,https://www.youtube.com/watch?v=s8zOWV5_RkI,2025-07-09 22:01:34,22,60,False,keyword,0.0,,False,False,,,22
3231,bt85BTgbiSo,台灣第一個拿到Fold7的人！我好開心啊～～🥰 #GalaxyZFold7,https://www.youtube.com/watch?v=bt85BTgbiSo,2025-07-10 02:11:23,2,58,False,none,0.0,,False,False,,,22
3232,VihZQffK240,完全不用排的I’m Donut？店員比客人還多！口味跟台灣不一樣但也好吃😋只是坐飛機要比較久就是了⋯#生甜甜圈 #紐約旅遊 #美食 #甜點,https://www.youtube.com/watch?v=VihZQffK240,2025-07-11 12:14:20,12,55,False,keyword,0.0,,False,False,,,22
3233,u0nFfjgn694,最老牛排館對決！開業91年的牛排套餐對決開業79年的牛排吃到飽！台灣早期有錢人都在這吃！沾美西餐廳、波麗路西餐廳《Joe是要對決S2》Ep273 ft.泡芙【Joeman】,https://www.youtube.com/watch?v=u0nFfjgn694,2025-07-14 18:01:43,18,2983,False,playlist,19.0,專屬導購代碼|專屬導購連結|推薦或聯盟行銷連結|專屬導購指引|結帳代碼指引|折扣導購用語|行動呼籲句型,False,True,頻道會員|團購平台,【Joe是要對決】第二季,22
3234,T0KAU7uBDak,這個正妹我好像有在哪裡看過？在路上隨機送人底片相機！#底片相機 #photography  #disposablecamera #瀨戶環奈 #瀬戸環奈 #SetoKanna #tre,https://www.youtube.com/watch?v=T0KAU7uBDak,2025-07-16 19:01:30,19,53,False,keyword,0.0,,False,False,,,22
3235,LEzNOKX1QR4,來教大家一下我平常都是如何暗示別人訂閱我的！直接挑戰三星主廚安成宰！#社交技巧  #GalaxyZFold7,https://www.youtube.com/watch?v=LEzNOKX1QR4,2025-07-18 17:03:55,17,50,False,keyword,0.0,,False,False,,,22
3236,jc2Y5eGdWBc,最貴的手機！Galaxy Z Fold7 實測、效能、續航與心得！【Joeman】,https://www.youtube.com/watch?v=jc2Y5eGdWBc,2025-07-18 18:01:24,18,700,False,playlist,0.0,,False,True,頻道會員|團購平台,【Joeman開箱去】,22
3237,e14uxSqof0Q,如何擁有六塊肌？,https://www.youtube.com/watch?v=e14uxSqof0Q,2025-07-21 18:01:03,18,54,False,none,16.0,專屬導購代碼|專屬導購連結|專屬導購指引|結帳代碼指引|折扣導購用語|購買行動用語,False,False,,,22
3238,usTHgaMiu4I,原來有拍了沒播的集數！Joe是要對決五週年QA！曾經被店家拒絕？節目要收攤了嗎？《Joe是要對決S2》Ep274 ft.痣作人【Joeman】,https://www.youtube.com/watch?v=usTHgaMiu4I,2025-07-21 18:01:33,18,2447,False,playlist,16.0,專屬導購代碼|專屬導購連結|專屬導購指引|結帳代碼指引|折扣導購用語|購買行動用語,False,True,頻道會員|團購平台,【Joe是要對決】第二季,22
3239,0n4bKVcVIv0,漢堡王跟火影忍者聯名！買套餐直接送公仔！角色都是火影前期的重要角色～我個人最愛的是鳴人地瓜薯😆 活動即日起到9/8，全台漢堡王都有！#naruto #hamburg #burgerking,https://www.youtube.com/watch?v=0n4bKVcVIv0,2025-07-22 15:20:45,15,53,False,keyword,0.0,,False,False,,,22
3240,If_2YsNlXuY,如何面不改色的在記者面前講幹話#joeman #感情 #女友,https://www.youtube.com/watch?v=If_2YsNlXuY,2025-07-22 19:23:44,19,52,False,none,0.0,,False,False,,,22
3241,xNYTPde_ZC8,電池最大、拍照最強的折疊手機！vivo X Fold5開箱實測【Joeman】,https://www.youtube.com/watch?v=xNYTPde_ZC8,2025-07-23 18:01:34,18,921,False,playlist,5.0,購買行動用語|通路鋪貨用語|品牌官方導流,False,True,頻道會員|團購平台,【Joeman開箱去】,22
3242,n9jNAzTMSZI,超帥的透明耳機！造型充滿辨識度，主動降噪效果很不錯！#nothing #nothingheadphone1,https://www.youtube.com/watch?v=n9jNAzTMSZI,2025-07-24 17:18:27,17,60,False,keyword,0.0,,False,False,,,22
3243,wkXW8ryejcQ,在台南高鐵遇到怪人 #justmytype  #扭屁股 #斐棋 #戴耳機,https://www.youtube.com/watch?v=wkXW8ryejcQ,2025-07-24 20:07:28,20,21,False,keyword,0.0,,False,False,,,22
3244,Y1m-AHLSg-A,iPhone 17系列即將上市，手機周邊廠商也在此刻發表各種新品！ #亞瑟3c #energea #uniq #skinarma,https://www.youtube.com/watch?v=Y1m-AHLSg-A,2025-07-26 12:35:42,12,59,False,keyword,0.0,,False,False,,,22
3245,RFne0wdpVTw,一小時民生社區美食漫步！怎樣的魅力吸引在地人願意住一輩子？《Joe是要對決S2》Ep275 ft.呱吉【Joeman】,https://www.youtube.com/watch?v=RFne0wdpVTw,2025-07-28 18:00:42,18,3193,False,playlist,19.0,專屬導購代碼|專屬導購連結|影片合作聲明|推薦或聯盟行銷連結|結帳代碼指引|折扣導購用語|行動呼籲句型,False,True,頻道會員|團購平台,【Joe是要對決】第二季,22
3246,4-eHWTHOP9I,呂敬來主廚帶我吃好料！我與韓國歐巴的日常！ft.小隆、建文【Joeman】,https://www.youtube.com/watch?v=4-eHWTHOP9I,2025-07-30 18:00:10,18,1346,False,keyword,15.0,專屬導購代碼|專屬導購連結|專屬導購指引|折扣導購用語|購買行動用語|行動呼籲句型,False,True,頻道會員|團購平台,,22
3247,EqTMPCRCCJI,最新的詐騙集團手法！盜用真的開箱影片+片尾用AI合成以假亂真的超低價資訊，並且還有分身留言購買心得增加可信度，大家最近看到太便宜的商品要特別小心！#詐騙 #ai #合成 #一頁式購物 #ai變聲,https://www.youtube.com/watch?v=EqTMPCRCCJI,2025-07-31 11:44:23,11,35,False,keyword,0.0,,False,False,,,22
3248,OPg0rpaqZng,泰國爆紅的Potato Corner來台灣啦！第一家店開在統一時代百貨B2，明天開始試營運！試營運期間有限購並發號碼牌，預估還是要排蠻久的但至少在百貨裡有冷氣吹⋯,https://www.youtube.com/watch?v=OPg0rpaqZng,2025-08-01 22:19:41,22,42,False,none,0.0,,False,False,,,22
3249,c-L58cCrRn4,豬排飯大戰！一次吃5家名店！福勝亭、Katsu鑫、卡滋豬排、富士豬排、勝政豬排、杏子豬排《Joe是要對決S2》Ep276 ft.泱泱【Joeman】,https://www.youtube.com/watch?v=c-L58cCrRn4,2025-08-04 18:00:55,18,2936,False,playlist,10.0,專屬導購代碼|結帳代碼指引|折扣導購用語|購買行動用語,False,True,9好吃益生菌|頻道會員|團購平台,【Joe是要對決】第二季,22
3250,l55qh0XmVqM,超多人問我的命定神鞋！之前的紐約自拍穿的就是這雙Pedro hybrix 皮革樂福鞋，內增高又好看，他們家的Saxton德比鞋也很好看，大家最近想買你的命定神鞋的話可以參考看看！,https://www.youtube.com/watch?v=l55qh0XmVqM,2025-08-05 18:01:22,18,54,False,none,0.0,,False,False,,,22
3251,Ue5orMobxDY,《陽光女子合唱團》導演的家！90坪兩戶打通超舒適！ft.林孝謙、小寶優居《Joe是要看房》 ep.54【Joeman】,https://www.youtube.com/watch?v=Ue5orMobxDY,2025-08-06 18:01:01,18,990,False,title_series,1.0,品牌官方導流,False,True,頻道會員|團購平台,,22
3252,rl4YQjT5dBI,超有特色，背面模組直接不對稱的手機！Nothing Phone 3 開箱！,https://www.youtube.com/watch?v=rl4YQjT5dBI,2025-08-07 21:31:44,21,59,False,keyword,0.0,,False,False,,,22
3253,zOPEKLgy0OY,台積電破新高！一定要來慶祝一下！,https://www.youtube.com/watch?v=zOPEKLgy0OY,2025-08-07 18:02:02,18,57,False,none,3.0,行動呼籲句型|新品發表用語,False,False,,,22
3254,_7-OQtOPCZM,iPhone 17 上市前最終爆料外流！iPhone 17 Air跟Pro值得等嗎？【Joeman】,https://www.youtube.com/watch?v=_7-OQtOPCZM,2025-08-08 19:15:11,19,1178,False,keyword,10.0,專屬導購代碼|結帳代碼指引|折扣導購用語|購買行動用語,False,True,9好吃益生菌|頻道會員|團購平台,,22
3255,WFtkXX9mWug,身價4兆的華人首富吃什麼？黃仁勳美食地圖！牛耳精緻麵館、廚房客家美食、豆花莊、犂園湯包館《Joe是要對決S2》Ep277 ft.阿達【Joeman】,https://www.youtube.com/watch?v=WFtkXX9mWug,2025-08-11 18:00:55,18,2383,False,playlist,11.0,專屬導購代碼|專屬導購指引|結帳代碼指引|折扣導購用語,False,True,頻道會員|團購平台,【Joe是要對決】第二季,22
3256,lE6DlmdiAA0,自帶螢幕的耳機！可以自由更換螢幕內容！#morningblues #block #x1,https://www.youtube.com/watch?v=lE6DlmdiAA0,2025-08-14 15:24:36,15,54,False,keyword,0.0,,False,False,,,22
3257,9UgO-Fq8IRY,台南滷肉飯對決！到底是肉燥飯還是滷肉飯？開元路無名、永記、vaso弘、阿和、國榮《Joe是要對決S2》Ep278 ft.斐棋【Joeman】,https://www.youtube.com/watch?v=9UgO-Fq8IRY,2025-08-18 18:00:14,18,2966,False,playlist,19.0,專屬導購代碼|專屬導購連結|推薦或聯盟行銷連結|專屬導購指引|結帳代碼指引|折扣導購用語|行動呼籲句型,False,True,頻道會員|團購平台,【Joe是要對決】第二季,22
3258,Ckof-QvJLqA,偷看啦啦隊斐棋被抓包⋯建文啊⋯⋯,https://www.youtube.com/watch?v=Ckof-QvJLqA,2025-08-18 20:45:26,20,32,False,none,0.0,,False,False,,,22
3259,wqSLQ550CT8,Lojel團購又來啦！這次新推出19吋、28吋！19吋是專為廉航設計，全部都是現貨，近期要出國的人有需要就直接下單吧，記得要加入購物車才會看到優惠價喔～連結在我主頁，只到8/31！,https://www.youtube.com/watch?v=wqSLQ550CT8,2025-08-18 17:11:28,17,50,False,none,6.0,推薦或聯盟行銷連結|團購檔期用語,False,False,,,22
3260,n7L1rpqKp-s,直男挑戰學化妝！基本上都是我看著網路教學自己摸索，還有很多不熟練的地方，請大家對我不要太嚴格🤣⋯ （目前妝齡約4w),https://www.youtube.com/watch?v=n7L1rpqKp-s,2025-08-20 13:27:54,13,88,False,keyword,0.0,,False,False,,,22
3261,zpRIYhNWwlI,我的新家裝了上百萬的電視！在主臥躺著打8K遊戲有多爽？三星Neo QLED 8K Samsung QN990F、Q990、The frame Pro 開箱【Joeman】,https://www.youtube.com/watch?v=zpRIYhNWwlI,2025-08-20 18:01:53,18,1122,False,keyword,0.0,,False,True,頻道會員|團購平台,,22
3262,vibKG9jswRI,高雄鍋燒意麵大戰！一口氣吃五家！小栗子、美迪亞漢堡、麵Power、萬鍋燒、謙稻《Joe是要對決S2》Ep279 ft.Mana【Joeman】,https://www.youtube.com/watch?v=vibKG9jswRI,2025-08-25 18:30:39,18,3273,False,playlist,0.0,,False,True,頻道會員|團購平台,【Joe是要對決】第二季,22
3263,VUcq_blQDhY,如果我會時間暫停⋯#石川澪 #時間停止  #timestop,https://www.youtube.com/watch?v=VUcq_blQDhY,2025-08-26 20:30:17,20,48,False,none,0.0,,False,False,,,22
3264,YKWthEQNGsE,全新改款特斯拉Model S Plaid開箱！好羨慕有前鏡頭啊～#tesla #models #2026 #plaid #改款,https://www.youtube.com/watch?v=YKWthEQNGsE,2025-08-26 16:11:42,16,57,False,keyword,0.0,,False,False,,,22
3265,DD7D5Vq2SiA,如何正確使用時間暫停！想不到吧還有第二集！#宮下玲奈 #時間停止  #timestop,https://www.youtube.com/watch?v=DD7D5Vq2SiA,2025-08-27 18:07:44,18,38,False,none,0.0,,False,False,,,22
3266,x1yWjVs60oM,如何分辨霸軒跟Joeman？跟女優拍時間暫停！ft.宮下玲奈、石川澪、蘋蘋、妲妲《工作室日常廢片ep.1》 【Joeman】,https://www.youtube.com/watch?v=x1yWjVs60oM,2025-08-27 18:01:40,18,1599,True,title_series,15.0,專屬導購代碼|專屬導購連結|專屬導購指引|折扣導購用語|購買行動用語|行動呼籲句型,False,True,頻道會員|團購平台,,22
3267,NKo_tPVbBAc,Pixel最大的改動竟然是這個？ #magsafe #pixelsnap #磁吸,https://www.youtube.com/watch?v=NKo_tPVbBAc,2025-08-28 12:00:24,12,40,False,none,0.0,,False,False,,,22
3268,VZMWQtbeTd0,Pixel 10 Pro超強100倍變焦！ 直接用AI去猜物體的顏色跟細節，如果有猜中真的超神，沒猜中的話就有點獵奇... #pixel10pro #100倍變焦 #google #ai生圖,https://www.youtube.com/watch?v=VZMWQtbeTd0,2025-08-28 01:00:50,1,48,False,none,0.0,,False,False,,,22
3269,_82eh6twyko,一個1800的奢華玻璃杯！倒下酒後金光閃閃 ✨阿爾卑斯山紀念杯！#馬特宏 #matterhorn #alpine #盤子 #瑞士 #必買,https://www.youtube.com/watch?v=_82eh6twyko,2025-08-30 12:45:37,12,54,False,none,0.0,,False,False,,,22
3270,6Np0Y9niE7g,奢華手搖對決！一杯400！人均破百的飲料到底好不好喝？machi machi、Odd One Out Tea 、無印良品 、儒記、花茶大師《Joe是要對決S2》Ep280 ft.小葵【Joeman】,https://www.youtube.com/watch?v=6Np0Y9niE7g,2025-09-01 18:00:10,18,2167,False,playlist,0.0,,False,True,頻道會員|團購平台,【Joe是要對決】第二季,22
3271,FLpMCJ-uIqc,這一年來我身邊超多人推薦我去日本福岡玩，甚至愛福岡到直接在福岡買房，這次趁著工作空檔我獨自一人前往福岡，到底福岡好不好玩呢？訂房就選🌟樂天旅遊,https://www.youtube.com/watch?v=FLpMCJ-uIqc,2025-09-02 18:12:12,18,83,False,keyword,0.0,,False,False,,,22
3272,S-4N8BMP3-o,100小時的福岡獨旅 ！一個人在北九州的美食與漫步，這裡有想像中好玩嗎？【Joeman】,https://www.youtube.com/watch?v=S-4N8BMP3-o,2025-09-02 18:00:48,18,2448,False,keyword,7.0,專屬導購連結|折扣導購用語|行銷活動用語,False,True,9好吃益生菌|頻道會員|團購平台,,22
3273,aoefpJJJfNY,福岡必打卡地標：一蘭拉麵總店！看到一蘭直接想到蛇丸🤣上面還有人在跳舞超嗨！但因為朝聖的人太多，我經過兩次都是滿滿的排隊人潮⋯ #一蘭 #福岡旅遊 #名店,https://www.youtube.com/watch?v=aoefpJJJfNY,2025-09-03 17:56:34,17,49,False,keyword,0.0,,False,False,,,22
3274,m55L44FH46A,有女粉願意為我拍片我是很開心的，但越看越不對勁⋯,https://www.youtube.com/watch?v=m55L44FH46A,2025-09-04 15:03:54,15,57,False,none,0.0,,False,False,,,22
3275,FsPPrwFpy8E,又醜又萌的放克牙寶⋯一不小心就買很多，絨毛款還缺貨⋯#fuggler #玩具 #公仔,https://www.youtube.com/watch?v=FsPPrwFpy8E,2025-09-05 23:05:43,23,24,False,keyword,0.0,,False,False,,,22
3276,LWPyeLnVnxE,開箱Garmin最新的旗艦錶王Fenix 8 Pro ，Micro LED的螢幕亮度最高可至4500nit，支援上百種運動模式，再加上無需手機的SOS搜救系統，長達10天的續航，唯一問題就是價格了⋯,https://www.youtube.com/watch?v=LWPyeLnVnxE,2025-09-05 15:00:32,15,54,False,keyword,0.0,,False,False,,,22
3277,NSvBVaZ8Moc,到底怎怎樣的人吃金豬食堂會被邀請簽名呢？#韓式烤肉,https://www.youtube.com/watch?v=NSvBVaZ8Moc,2025-09-06 23:14:25,23,84,False,none,0.0,,False,False,,,22
3278,BnL-BXjomLQ,能夠自助洗車、澆花的日本無線高壓清潔機！有興趣的人請參考IG主頁～,https://www.youtube.com/watch?v=BnL-BXjomLQ,2025-09-08 19:00:29,19,54,False,none,13.0,專屬導購代碼|品牌專屬團購連結|結帳代碼指引|折扣導購用語|購買行動用語,False,False,,,22
3279,oKx2NEA_Aj8,8000元的奢華威靈頓牛排對決400元的平價威靈頓牛排！好吃好吃 2號店、Bel Air 寶艾西餐廳《Joe是要對決S2》Ep281 ft.泱泱【Joeman】,https://www.youtube.com/watch?v=oKx2NEA_Aj8,2025-09-08 18:01:30,18,2933,False,playlist,16.0,專屬導購代碼|專屬導購連結|專屬導購指引|結帳代碼指引|折扣導購用語|促銷方案用語,False,True,9好吃益生菌|頻道會員|團購平台,【Joe是要對決】第二季,22
3280,EAhfBmMv2OI,上班喝酒被扣8000元！製作人只吃女來賓的剩飯！ft.斐棋、Mana《工作室日常廢片ep2》,https://www.youtube.com/watch?v=EAhfBmMv2OI,2025-09-09 18:00:21,18,1116,False,title_series,0.0,,False,True,9好吃益生菌|頻道會員|團購平台,,22
3281,vkV3X-4fMlo,✨九九生醫品牌日✨，48小時限時下殺折扣～,https://www.youtube.com/watch?v=vkV3X-4fMlo,2025-09-09 00:01:39,0,43,False,keyword,3.0,促銷檔期用語,False,True,9好吃益生菌,,22
3282,0IpJuqW6_OM,iPhone 17 Air搶先看！絕對的輕薄跟超讚的手感！,https://www.youtube.com/watch?v=0IpJuqW6_OM,2025-09-10 05:02:21,5,42,False,keyword,0.0,,False,False,,,22
3283,8v4bTQeOLro,iPhone17全新前置鏡頭讓你自拍隨時可以切換比例，以後要自拍合照更簡單了！,https://www.youtube.com/watch?v=8v4bTQeOLro,2025-09-10 03:52:39,3,32,False,keyword,0.0,,False,False,,,22
3284,JAB8P3ZAd8s,iPhone 17 Pro最新橘色搶先看！現場看有點消光橘，新增8倍光學變焦、前後鏡頭同時錄影功能！其他更新追蹤我、陸續補上！,https://www.youtube.com/watch?v=JAB8P3ZAd8s,2025-09-10 02:54:09,2,57,False,keyword,0.0,,False,False,,,22
3285,K2m1wAftEko,台灣獨家！體驗iPhone 17一天，iPhone Air才是真主角！Airpods Pro 3必買！【Joeman】,https://www.youtube.com/watch?v=K2m1wAftEko,2025-09-10 21:15:02,21,1160,False,keyword,14.0,專屬導購代碼|專屬導購連結|推薦或聯盟行銷連結|折扣導購用語|行銷活動用語|品牌官方導流,False,True,9好吃益生菌|頻道會員|團購平台,,22
3286,LEHtf4LnXmg,蘋果總部現場直擊！ iPhone 17、Air、Pro上手心得！【Joeman】,https://www.youtube.com/watch?v=LEHtf4LnXmg,2025-09-10 15:30:08,15,700,False,keyword,0.0,,False,True,9好吃益生菌|頻道會員|團購平台,,22
3287,RqVROZYpGgg,特斯拉Model S模型開箱！#tesla #figure,https://www.youtube.com/watch?v=RqVROZYpGgg,2025-09-13 13:00:28,13,43,False,keyword,0.0,,False,False,,,22
3288,4yxINDGiS9U,台北冰店吃哪家？350元的奢華雪花冰對決30元的古早味清冰！三星宜蘭、木柵製冰所、貨室甜品、KAKIGORI TOSHIHIKO、昭和浪漫冰室《Joe是要對決S2》Ep282 ft.阿民【Joeman,https://www.youtube.com/watch?v=4yxINDGiS9U,2025-09-15 18:00:08,18,2816,False,playlist,19.0,專屬導購代碼|專屬導購連結|推薦或聯盟行銷連結|專屬導購指引|結帳代碼指引|折扣導購用語|行動呼籲句型,False,True,9好吃益生菌|頻道會員|團購平台,【Joe是要對決】第二季,22
3289,9ApEaLbgP5g,我的攝影師離職了！彥瑋掰掰👋《工作室日常廢片ep5》【Joeman】,https://www.youtube.com/watch?v=9ApEaLbgP5g,2025-09-16 20:00:17,20,848,False,title_series,0.0,,False,True,9好吃益生菌|頻道會員|團購平台,,22
3290,Z1F3-eSKoTs,蘋果錶王Apple Watch Ultra 3來了！,https://www.youtube.com/watch?v=Z1F3-eSKoTs,2025-09-16 20:01:08,20,36,False,none,0.0,,False,False,,,22
3291,-TtwFUmGvvU,史上最薄！iPhone Air 開箱！【Joeman】,https://www.youtube.com/watch?v=-TtwFUmGvvU,2025-09-17 20:02:38,20,1058,False,keyword,17.0,專屬導購代碼|專屬導購連結|專屬導購指引|結帳代碼指引|折扣導購用語|購買行動用語|品牌官方導流,False,True,9好吃益生菌|頻道會員|團購平台,,22
3292,5FHIgRnz7k4,實測一周後真實心得 ！iPhone 17選購指南！【Joeman】,https://www.youtube.com/watch?v=5FHIgRnz7k4,2025-09-17 20:30:07,20,870,False,keyword,14.0,專屬導購代碼|專屬導購指引|結帳代碼指引|折扣導購用語|購買行動用語|新品發表用語,False,True,9好吃益生菌|頻道會員|團購平台,,22
3293,VUEb3AqoA8A,性價比最高！iPhone 17 標準版開箱！【Joeman】,https://www.youtube.com/watch?v=VUEb3AqoA8A,2025-09-17 20:03:41,20,805,False,keyword,15.0,專屬導購代碼|專屬導購連結|專屬導購指引|折扣導購用語|購買行動用語|行動呼籲句型,False,True,9好吃益生菌|頻道會員|團購平台,,22
3294,VqXR85V902g,蘋果為了iPhone Air還出了一個要價3290元的奢華行動電源！,https://www.youtube.com/watch?v=VqXR85V902g,2025-09-17 20:15:07,20,40,False,keyword,0.0,,False,False,,,22
3295,j_2rJO0QAeY,徒手挑戰凹iPhone Air！會不會壞掉？,https://www.youtube.com/watch?v=j_2rJO0QAeY,2025-09-17 20:30:59,20,60,False,keyword,0.0,,False,False,,,22
3296,mUvWxHJfqDA,蘋果新的原廠40W充電頭！可以符合iPhone 17系列的快充！但只有一個C口稍微可惜~,https://www.youtube.com/watch?v=mUvWxHJfqDA,2025-09-17 21:01:47,21,46,False,keyword,0.0,,False,False,,,22
3297,pby-8b_K1XA,台灣首發！iPhone17 Pro 萬字解析開箱實測！【Joeman】,https://www.youtube.com/watch?v=pby-8b_K1XA,2025-09-17 20:01:45,20,1488,False,keyword,0.0,,False,True,9好吃益生菌|頻道會員|團購平台,,22
3298,tCJ_UVBO9Oc,iPhone 17 Pro Max全台首發！這代遊戲跟續航真的強！,https://www.youtube.com/watch?v=tCJ_UVBO9Oc,2025-09-17 20:01:51,20,52,False,keyword,0.0,,False,False,,,22
3299,b4RkSPpbwP0,必換iPhone 17三大理由！,https://www.youtube.com/watch?v=b4RkSPpbwP0,2025-09-19 19:30:40,19,60,False,keyword,1.0,品牌官方導流,False,False,,,22
3300,qUNjT9WWMvU,一次吃5家🍱1800元的奢華五星級便當對決50元的巷弄平價便當！《Joe是要對決S2》Ep283 ft.元元【Joeman】,https://www.youtube.com/watch?v=qUNjT9WWMvU,2025-09-22 18:01:49,18,2433,False,playlist,13.0,專屬導購連結|折扣導購用語|購買行動用語|通路鋪貨用語|促銷方案用語|銷售話術,False,True,9好吃益生菌|頻道會員|團購平台,【Joe是要對決】第二季,22
3301,FQEJ57GG2CI,直男穿搭進化史！100公斤的穿搭 vs 70公斤的穿搭！我這十年來的穿搭改變！【Joeman】PEDRO、Uniqlo、GU,https://www.youtube.com/watch?v=FQEJ57GG2CI,2025-09-23 18:00:25,18,1097,False,none,1.0,品牌官方導流,False,True,9好吃益生菌|頻道會員|團購平台,,22
3302,ax6PbVOZZIU,iPhone的即時翻譯來了！而且支援繁體中文！使用辦法：1.確認自己的手機為iPhone 15 Pro或更新 2.iOS更新至26.1 beta 3.擁有airpods pro 2、pro 3或4,https://www.youtube.com/watch?v=ax6PbVOZZIU,2025-09-23 17:04:39,17,52,False,keyword,0.0,,False,False,,,22
3303,6UyF4TSv8tI,全員爆肝200小時的加班地獄！今年iPhone週我們有多操？【Joeman】,https://www.youtube.com/watch?v=6UyF4TSv8tI,2025-09-24 21:30:13,21,3376,False,keyword,9.0,專屬導購代碼|結帳代碼指引|折扣導購用語|品牌官方導流,False,True,9好吃益生菌|頻道會員|團購平台,,22
3304,AzzwhsEiLLA,錄影現場跟女來賓吵架！後來有和好，應該啦！《工作室日常廢片ep6》【Joeman】,https://www.youtube.com/watch?v=AzzwhsEiLLA,2025-09-27 11:30:13,11,1037,False,playlist,0.0,,False,True,9好吃益生菌|頻道會員|團購平台,Joeman工作室日常廢片,22
3305,2rV5htxZ2KU,美食沙漠是真的嗎？新竹米其林美食對決！流言終結《Joe是要對決S2》Ep284 ft.Sarah【Joeman】ㄤ咕麵、鄒記菜包、禾日香古早味魯肉飯、九添福牛肉麵、原味鴨肉麵,https://www.youtube.com/watch?v=2rV5htxZ2KU,2025-09-29 18:00:04,18,2886,False,playlist,0.0,,False,True,9好吃益生菌|頻道會員|團購平台,【Joe是要對決】第二季,22
3306,9sFUCrxaYWo,全新Airpods Pro 3開箱！非常讚的一代！就等台灣上市了～#降噪耳機 #聖誕禮物 #藍牙耳機,https://www.youtube.com/watch?v=9sFUCrxaYWo,2025-10-03 19:12:57,19,69,False,keyword,0.0,,False,False,,,22
3307,sFElH41zvHk,全新大改款Airpods Pro 3開箱！【Joeman】,https://www.youtube.com/watch?v=sFElH41zvHk,2025-10-03 19:01:42,19,767,False,playlist,0.0,,False,True,9好吃益生菌|頻道會員|團購平台,【Joeman開箱去】,22
3308,xf4ssP9JoHw,只花100塊就升級iPhone 17 Pro！#開箱 #手機殼 #淘寶 #無痛升級,https://www.youtube.com/watch?v=xf4ssP9JoHw,2025-10-03 12:08:44,12,40,False,keyword,0.0,,False,False,,,22
3309,XHZLE-g8t4Q,人生繳過最貴的一次停車費⋯⋯#盤子 #耍笨 #uspace,https://www.youtube.com/watch?v=XHZLE-g8t4Q,2025-10-05 20:00:38,20,32,False,none,0.0,,False,False,,,22
3310,D-y3MFi30fg,超尷尬!忘記自己噤聲對方結果被現場抓包！ #社死 #後來有和好 #應該吧,https://www.youtube.com/watch?v=D-y3MFi30fg,2025-10-06 16:17:45,16,49,False,none,0.0,,False,False,,,22
3311,drZYsIgqSIo,台中牛肉麵大戰！1280元的奢華牛肉麵對決160元的平價牛肉麵！若柳一筋、可口牛肉麵、太初麵食、精誠牛肉麵、洄味《Joe是要對決S2》Ep285 ft.魚乾【Joeman】,https://www.youtube.com/watch?v=drZYsIgqSIo,2025-10-06 18:01:10,18,2902,False,playlist,2.0,行動呼籲句型,False,True,9好吃益生菌|頻道會員|團購平台,【Joe是要對決】第二季,22
3312,CnoGML_LIbk,我做過哪些醫美？多年整形心得大公開！鳳凰電波、雙音波、肉毒、皮秒雷射、玻尿酸、消脂針【Joeman】,https://www.youtube.com/watch?v=CnoGML_LIbk,2025-10-07 18:00:16,18,1080,False,none,0.0,,False,True,9好吃益生菌|頻道會員|團購平台,,22
3313,FnH7QXfDRJQ,從500封履歷裡挑員工！結果新人來兩天就不幹了？《工作室日常廢片ep9》【Joeman】,https://www.youtube.com/watch?v=FnH7QXfDRJQ,2025-10-11 19:00:33,19,971,False,playlist,0.0,,False,True,9好吃益生菌|頻道會員|團購平台,Joeman工作室日常廢片,22
3314,DV5rAm1pGEU,冷凍水餃大戰！月底救星！全台賣最好的水餃是？禎祥、及第、萬萬兩、㕩肉舖、美福大飯店 招牌鮮蝦水餃《Joe是要對決S2》Ep286 ft.蘋蘋【Joeman】,https://www.youtube.com/watch?v=DV5rAm1pGEU,2025-10-13 18:00:16,18,2027,False,playlist,20.0,專屬導購代碼|專屬導購連結|推薦或聯盟行銷連結|專屬導購指引|結帳代碼指引|折扣導購用語|行動呼籲句型|新品發表用語,False,True,9好吃益生菌|頻道會員|團購平台,【Joe是要對決】第二季,22
3315,KJknopvpsT4,中年危機！我的頭髮竟然越來越少！【Joeman】,https://www.youtube.com/watch?v=KJknopvpsT4,2025-10-14 18:00:35,18,785,False,none,0.0,,False,True,9好吃益生菌|頻道會員|團購平台,,22
3316,Oto6n6n3vao,韓國賣爆的旅行蓮蓬頭開箱！經過實測效果驚人！目前各個組合都有團購優惠價，連結在我的IG主頁！,https://www.youtube.com/watch?v=Oto6n6n3vao,2025-10-14 19:30:33,19,75,False,keyword,11.0,推薦或聯盟行銷連結|品牌專屬團購連結|社群導流指引|購買行動用語,False,False,,,22
3317,ftwV9Q0e7Jo,iPhone Air專用的行動電源在台灣上市啦！但怎麼好像不只iPhone Air能用⋯莫非？#magsafe #行動電源 #2025 #pixel,https://www.youtube.com/watch?v=ftwV9Q0e7Jo,2025-10-16 11:30:33,11,47,False,keyword,0.0,,False,False,,,22
3318,gHt8mEoGJLU,比早起還難！連續一個禮拜，晚上都9點半睡！我有可能這麼早睡嗎？挑戰蔡依林作息【Joeman】,https://www.youtube.com/watch?v=gHt8mEoGJLU,2025-10-16 19:01:23,19,1263,False,keyword,5.0,專屬導購連結|折扣導購用語,False,True,9好吃益生菌|頻道會員|團購平台,,22
3319,DaOX3715CU0,可以觸控的超短焦投影機！拉筋跟瑜伽時可以直接在地板上看！#thepremiere5 #超短焦 #雷射投影機 #samsung @twsamsung,https://www.youtube.com/watch?v=DaOX3715CU0,2025-10-18 17:35:03,17,56,False,none,0.0,,False,False,,,22
3320,405qhpa0Lzg,請叫我牙寶富翁！直接開箱整組7-11剛上市的放克牙寶鑰匙圈，調皮鬼系列～只生產一次，10/23上市，喜歡牙寶的千萬別錯過！@pptoys.tw,https://www.youtube.com/watch?v=405qhpa0Lzg,2025-10-20 19:10:02,19,59,False,keyword,0.0,,False,False,,,22
3321,qBRc7m3VmFU,15000元的奢華無菜單燒肉對決160元的平價i人燒肉！燒肉政宗、侍燒肉、《Joe是要對決S2》Ep287 ft.丘涵【Joeman】,https://www.youtube.com/watch?v=qBRc7m3VmFU,2025-10-20 18:01:23,18,3289,False,playlist,1.0,新品發表用語,False,True,9好吃益生菌|頻道會員|團購平台,【Joe是要對決】第二季,22
3322,jl87f-4iwU4,很會開箱的人能賣手機嗎？一日通訊行體驗 !【Joeman】,https://www.youtube.com/watch?v=jl87f-4iwU4,2025-10-21 18:01:14,18,1119,False,keyword,4.0,影片合作聲明|新品發表用語,False,True,9好吃益生菌|頻道會員|團購平台,,22
3323,AVR93bW9ZDI,住北市只要1900！台北市租屋對決！一個月180000元的奢華租屋對決1900元的平價租屋！《Joe是要對決S2》Ep288 ft.Doris【Joeman】,https://www.youtube.com/watch?v=AVR93bW9ZDI,2025-10-27 18:00:31,18,2079,False,playlist,2.0,購買行動用語,False,True,9好吃益生菌|頻道會員|團購平台,【Joe是要對決】第二季,22
3324,rI5YuE5mIS4,能在眼前翻譯的AI眼鏡！還能拍照、錄影、導航、聽音樂！Rokid Glasses樂奇智慧眼鏡開箱！【Joeman】,https://www.youtube.com/watch?v=rI5YuE5mIS4,2025-10-28 18:01:39,18,497,False,keyword,14.0,專屬導購代碼|專屬導購連結|專屬導購指引|結帳代碼指引|折扣導購用語,False,True,9好吃益生菌|頻道會員|團購平台,,22
3325,XU6u5Ro-lFw,我是如何減肥的？從100公斤到70公斤的心路歷程！【Joeman】,https://www.youtube.com/watch?v=XU6u5Ro-lFw,2025-10-29 18:01:06,18,1012,False,none,15.0,專屬導購代碼|專屬導購連結|專屬導購指引|結帳代碼指引|折扣導購用語|活動檔期用語,False,True,9好吃益生菌|頻道會員|團購平台,,22
3326,WAveXqb7FRE,外掛鏡頭、超大電池7500mAh ！安卓最新旗艦來了！OPPO Find X9 & Find X9 Pro系列【Joeman】,https://www.youtube.com/watch?v=WAveXqb7FRE,2025-10-30 18:01:04,18,1037,False,keyword,0.0,,False,True,9好吃益生菌|頻道會員|團購平台,,22
3327,DQ3fxfUWf-w,我在日本買車了！竟然只要半價？比台灣便宜超多！【Joeman】,https://www.youtube.com/watch?v=DQ3fxfUWf-w,2025-10-31 18:00:22,18,1778,False,none,15.0,專屬導購代碼|專屬導購連結|專屬導購指引|折扣導購用語|購買行動用語|行動呼籲句型,False,True,9好吃益生菌|頻道會員|團購平台,,22
3328,D-o6sQPQJpg,當郭台銘鄰居是什麼感覺？北市一個月18萬的奢華租屋！租屋對決下集《Joe是要對決S2》Ep289 ft.Doris【Joeman】,https://www.youtube.com/watch?v=D-o6sQPQJpg,2025-11-03 18:00:30,18,2320,False,playlist,3.0,購買行動用語|品牌官方導流,False,True,9好吃益生菌|頻道會員|團購平台,【Joe是要對決】第二季,22
3329,Cx4j-dux-ac,日本奢華停車場，10分鐘就要台幣100⋯#日本停車 #港區 #麻布,https://www.youtube.com/watch?v=Cx4j-dux-ac,2025-11-06 19:10:09,19,27,False,keyword,0.0,,False,False,,,22
3330,xe2Yg2aBflQ,去日本用什麼拍照？vivo X300 Pro + 增距鏡開箱！【Joeman】,https://www.youtube.com/watch?v=xe2Yg2aBflQ,2025-11-06 18:01:42,18,855,False,playlist,6.0,購買行動用語|通路鋪貨用語|品牌官方導流|活動檔期用語,False,True,9好吃益生菌|頻道會員|團購平台,【Joeman開箱去】,22
3331,GecjuFqSz2Q,直男學化妝第二集！如何簡單懶人化妝又不脫妝？#OBgETW #OBgE粉底棒 #OBgE定妝噴霧,https://www.youtube.com/watch?v=GecjuFqSz2Q,2025-11-07 15:00:16,15,90,False,none,0.0,,False,False,,,22
3332,n9OSyFouJMM,我終於入坑3D列印！Phrozen Arco ！【Joeman】,https://www.youtube.com/watch?v=n9OSyFouJMM,2025-11-07 18:01:16,18,883,False,playlist,7.0,導購區塊標題|折扣導購用語|購買行動用語,False,True,9好吃益生菌|頻道會員|團購平台,【Joeman開箱去】,22
3333,_8hRTF0EFb8,是時候該放手了...《Joe是要對決》停播原因跟心路歷程！網紅觀察室《Joe是要對決S2》【Joeman】,https://www.youtube.com/watch?v=_8hRTF0EFb8,2025-11-10 18:01:03,18,1708,False,playlist,19.0,專屬導購代碼|專屬導購連結|推薦或聯盟行銷連結|專屬導購指引|結帳代碼指引|折扣導購用語|行動呼籲句型,False,True,9好吃益生菌|頻道會員|團購平台,【Joe是要對決】第二季,22
3334,XrZSufCvG6g,辦公室裡有狗狗會不會不習慣？只要有這台美國百年品牌空氣清淨機就可以消除各種異味！保持居家好空氣！獸醫推薦的好選擇！團購連結：https://broanpetnona.tw/joeman,https://www.youtube.com/watch?v=XrZSufCvG6g,2025-11-12 18:00:53,18,72,False,none,5.0,品牌專屬團購連結|購買行動用語,False,False,,,22
3335,A8FCfN-WlyI,最近特斯拉的車機網路要開始收費了，如果你是iphone用戶，手機網路吃到飽的人，只要透過簡單的捷徑設定就能上車自動打開熱點、下車自動關熱點！#特斯拉 #tesla #網路上吃到飽 #免費 #連線,https://www.youtube.com/watch?v=A8FCfN-WlyI,2025-11-13 19:51:59,19,52,False,keyword,0.0,,False,False,,,22
3336,brirXPljYso,業務必備！可以幫你低調錄音並自動分析的AI錄音卡！,https://www.youtube.com/watch?v=brirXPljYso,2025-11-13 21:01:16,21,87,False,none,0.0,,False,False,,,22
3337,yOjD-6_Y0as,🧳喜歡旅行或露營的人不要錯過!🧳輸入『joeman100』現折$100Kolin Plus 環鈦鍋｜一鍋多用、方便收納，是旅行料理神器!🔗https://sangu.vip/Cpnfs,https://www.youtube.com/watch?v=yOjD-6_Y0as,2025-11-14 15:01:02,15,67,False,none,0.0,,False,False,,,22
3338,Jq7llIkbJeA,總價超過6000萬！第一次開箱木柵豪宅！《Joe是要看房》忠泰湛 ep.55【Joeman】,https://www.youtube.com/watch?v=Jq7llIkbJeA,2025-11-17 18:00:28,18,1298,False,playlist,0.0,,False,True,9好吃益生菌|頻道會員|團購平台,《Joe是要看房》,22
3339,1LLbClNRXt0,當李多慧的助理一天是什麼體驗？【Joeman】,https://www.youtube.com/watch?v=1LLbClNRXt0,2025-11-18 18:00:02,18,1562,False,keyword,6.0,影片合作聲明|通路鋪貨用語|新品發表用語,False,True,9好吃益生菌|頻道會員|團購平台,,22
3340,nzrBI-7tZvg,很貴但已經完銷的iphone pocket開箱！也是我人生中第一個三宅一生的單品！#配件 #奢華 #iphone,https://www.youtube.com/watch?v=nzrBI-7tZvg,2025-11-19 16:05:54,16,53,False,keyword,0.0,,False,False,,,22
3341,ymQcV_wxK8g,東京經典自駕獨旅！河口湖、箱根、伊豆半島、熱海《我獨自穿越日本》ep.0【Joeman】,https://www.youtube.com/watch?v=ymQcV_wxK8g,2025-11-19 18:01:40,18,2852,True,title_series,15.0,專屬導購代碼|專屬導購連結|專屬導購指引|折扣導購用語|購買行動用語|行動呼籲句型,False,True,9好吃益生菌|頻道會員|團購平台,,22
3342,JSc4c4BEhag,自從辦公室放了這台小輕空淨機，桌上灰塵跟過敏原都有感降低！保持居家好空氣！獸醫推薦的好選擇！團購連結在我的IG主頁！,https://www.youtube.com/watch?v=JSc4c4BEhag,2025-11-20 14:25:37,14,64,False,none,6.0,品牌專屬團購連結|社群導流指引,False,False,,,22
3343,0Gzk13yadmA,幫員工算八字 ！我的低潮要結束了嗎？《工作室日常廢片ep11》【Joeman】,https://www.youtube.com/watch?v=0Gzk13yadmA,2025-11-21 18:00:03,18,1348,False,playlist,7.0,結帳代碼指引|折扣導購用語|購買行動用語,False,True,9好吃益生菌|頻道會員|團購平台,Joeman工作室日常廢片,22
3344,MzqrZ_a_DPg,東京自駕要去哪玩？帶你四天三夜一口氣玩河口湖、伊豆半島、熱海、箱根！不想開太久的人可以只挑一個點三天兩夜即可～#東京自駕 #tokyo #河口湖 #富士山 #大室山 #你的名字 #伊豆半島 #熱海,https://www.youtube.com/watch?v=MzqrZ_a_DPg,2025-11-21 12:25:38,12,85,False,none,0.0,,False,False,,,22
3345,gQnKk3RulQo,超精華地段！台北西門18坪全新小宅！《Joe是要看房》昇陽承光 ep.56【Joeman】,https://www.youtube.com/watch?v=gQnKk3RulQo,2025-11-22 12:00:54,12,1419,False,playlist,0.0,,False,True,9好吃益生菌|頻道會員|團購平台,《Joe是要看房》,22
3346,5xccHa9UxKk,超大型獨旅企劃！我獨自開車穿過整個日本！從日本最南端出發！九州：鹿兒島、熊本、阿蘇火山、櫻島、仙巖園《我獨自穿越日本》ep.1【Joeman】,https://www.youtube.com/watch?v=5xccHa9UxKk,2025-11-25 18:00:11,18,2924,False,playlist,11.0,專屬導購代碼|專屬導購連結|折扣導購用語|購買行動用語|品牌官方導流,False,True,9好吃益生菌|頻道會員|團購平台,《我獨自穿越日本》,22
3347,hFLyhPeFHPc,日本九州三天兩夜自駕旅！從鹿耳島出發，一路到日本最南端打卡，之後再回熊本吃吃喝喝，最後一天衝阿蘇火山！#日本穿越 #自駕 #獨旅 #九州 #鹿耳島 #熊本 #阿蘇 #直升機 #草千里 #仙巖園 #櫻島,https://www.youtube.com/watch?v=hFLyhPeFHPc,2025-11-25 18:09:54,18,87,False,keyword,0.0,,False,False,,,22
3348,vcl9IM6fvzE,最新M5版本的Vision Pro終於在台灣上市啦！這代除了更新了處理器效能提升外，螢幕更新率提升至120hz，續航也增加了，但我自己最有感的是全新的雙圈編織頭戴！#apple #頭戴裝置 #m5,https://www.youtube.com/watch?v=vcl9IM6fvzE,2025-11-28 15:12:51,15,68,False,keyword,0.0,,False,False,,,22
3349,tRC-dglnpgA,在日本自駕遇到車禍🫣一次玩長崎、廣島、嚴島神社、宮島、瀨戶內海、小豆島《我獨自穿越日本》ep.2【Joeman】,https://www.youtube.com/watch?v=tRC-dglnpgA,2025-11-29 12:01:03,12,3073,False,playlist,2.0,行動呼籲句型,False,True,9好吃益生菌|頻道會員|團購平台,《我獨自穿越日本》,22
3350,X5aY3DNljUI,一口氣看3間台中豪宅！一套廚具500萬、180坪合併戶！忠泰老佛爺、寶輝Sky Tower《Joe是要看房》 ep.57【Joeman】,https://www.youtube.com/watch?v=X5aY3DNljUI,2025-12-02 18:00:52,18,1807,False,playlist,1.0,品牌官方導流,False,True,9好吃益生菌|頻道會員|團購平台,《Joe是要看房》,22
3351,rzHv20HND1k,十年前的自己穿越到現代！,https://www.youtube.com/watch?v=rzHv20HND1k,2025-12-05 18:01:37,18,83,False,none,2.0,購買行動用語,False,False,,,22
3352,HhQ4VH1UTU4,自駕如何拍出漂亮的風景畫面？首先你需要一台OSMO 360，然後⋯再有一台敞篷車就可以了！#全景相機 #dji,https://www.youtube.com/watch?v=HhQ4VH1UTU4,2025-12-06 20:05:17,20,28,False,keyword,0.0,,False,False,,,22
3353,MN0hpcQ7j10,聽AI的建議把車開下海！海之京都的天橋立有多美？伊根舟屋、倉敷美觀、雨晴海岸、千里濱《我獨自穿越日本》ep.3【Joeman】,https://www.youtube.com/watch?v=MN0hpcQ7j10,2025-12-09 18:00:27,18,2063,False,playlist,0.0,,False,True,9好吃益生菌|頻道會員|團購平台,《我獨自穿越日本》,22
3354,9dFV4FkkRhM,把我當摯友的下場！開箱我的觀眾私訊！不要再亂密我啦～【Joeman】,https://www.youtube.com/watch?v=9dFV4FkkRhM,2025-12-10 18:00:13,18,1089,False,keyword,19.0,專屬導購代碼|專屬導購連結|推薦或聯盟行銷連結|專屬導購指引|結帳代碼指引|折扣導購用語|行動呼籲句型,False,True,9好吃益生菌|頻道會員|團購平台,,22
3355,bOsVzamA4P4,舊家給經紀人住一年後的變化！溫馨小宅再進化！《Joe是要看房》 ep.58【Joeman】,https://www.youtube.com/watch?v=bOsVzamA4P4,2025-12-15 18:00:55,18,1325,False,playlist,11.0,專屬導購代碼|專屬導購指引|結帳代碼指引|折扣導購用語,False,True,9好吃益生菌|頻道會員|團購平台,《Joe是要看房》,22
3356,j1MqFAhBcUw,為何長輩都趨之若鶩？傳說中的國泰建設！台北文山木柵總價5000萬起！兩房格局直接秒殺？國泰悠然《Joe是要看房》 ep.59【Joeman】,https://www.youtube.com/watch?v=j1MqFAhBcUw,2025-12-17 18:00:00,18,829,False,playlist,0.0,,False,True,9好吃益生菌|頻道會員|團購平台,《Joe是要看房》,22
3357,zlnlIB1_7Wk,見證奇蹟的時刻！,https://www.youtube.com/watch?v=zlnlIB1_7Wk,2025-12-17 17:02:59,17,14,False,none,0.0,,False,False,,,22
3358,HKmbQaet1DM,一台9萬塊！打開後內螢幕巨大的三摺疊手機來啦！ #trifold #galaxy #奢華 #三星 #samsung,https://www.youtube.com/watch?v=HKmbQaet1DM,2025-12-18 16:00:00,16,41,False,keyword,0.0,,False,False,,,22
3359,WD1BBxsxfpE,定價9萬的奢華手機！三摺疊手機開箱！Galaxy Z TriFold【Joeman】,https://www.youtube.com/watch?v=WD1BBxsxfpE,2025-12-18 16:00:00,16,758,False,playlist,0.0,,False,True,9好吃益生菌|頻道會員|團購平台,【Joeman開箱去】,22
3360,NlyedY95lpM,近距離欣賞超稀有古董錶！勞力士邀請我去看展！GMT-Master穿越時區展就在台北松菸,https://www.youtube.com/watch?v=NlyedY95lpM,2025-12-20 18:00:40,18,845,False,playlist,0.0,,False,True,9好吃益生菌|頻道會員|團購平台,【Joeman開箱去】,22
3361,IMsIcsWcHf0,因為熊出沒被封鎖的景點！日本最浪漫的鐵道！白馬村、第一只見橋、喜多方、圓通院 《我獨自穿越日本》ep4【Joeman】,https://www.youtube.com/watch?v=IMsIcsWcHf0,2025-12-23 18:00:27,18,2252,False,playlist,9.0,專屬導購代碼|結帳代碼指引|折扣導購用語|品牌官方導流,False,True,9好吃益生菌|頻道會員|團購平台,《我獨自穿越日本》,22
3362,XiEZ02qVYVo,勞力士竟然在台灣辦展了？這次要帶大家體驗在台北松菸的勞力士GMT-Master穿越時區展覽，在這裡除了可以近距離欣賞各種古董勞力士外，也能從各種細節理解GMT-Master這個系列的歷史！,https://www.youtube.com/watch?v=XiEZ02qVYVo,2025-12-23 15:52:05,15,56,False,keyword,0.0,,False,False,,,22
3363,DJf7gPo-hTM,開車300公里只為了目睹號稱世界最浪漫的鐵道，第一只見橋！結果最高的拍攝點因為有熊出沒而被封鎖，還好還有留一個拍攝點！當列車緩緩開過伴隨著楓紅真的很美！#鐵道攝影 #福島自駕 #只見線,https://www.youtube.com/watch?v=DJf7gPo-hTM,2025-12-24 22:13:44,22,56,False,keyword,0.0,,False,False,,,22
3364,NUy9yH9Yq0A,在滑雪勝地白馬村賞楓🍁#自駕 #獨旅 #日本旅遊 #白馬 #岩岳,https://www.youtube.com/watch?v=NUy9yH9Yq0A,2025-12-25 21:54:38,21,58,False,keyword,0.0,,False,False,,,22
3365,KvQ6_bPTC8k,我終於要把用10年的大頭照換掉了！【Joeman】,https://www.youtube.com/watch?v=KvQ6_bPTC8k,2025-12-29 18:00:39,18,1270,False,none,0.0,,False,True,9好吃益生菌|頻道會員|團購平台,,22
3366,gRnhMUzDtAM,嚴島神社要怎麼玩？搭船去宮島參觀日本三大景！看海、吃牡蠣跟閒逛發呆！#日本旅遊 #三大景 #獨旅 #牡蠣 #嚴島神社,https://www.youtube.com/watch?v=gRnhMUzDtAM,2025-12-29 20:01:20,20,73,False,keyword,0.0,,False,False,,,22
3367,eLtPN9udQdw,人生第一次頭等艙！阿聯酋航空A380頭等&商務艙體驗！【Joeman】,https://www.youtube.com/watch?v=eLtPN9udQdw,2025-12-30 18:01:06,18,888,False,keyword,15.0,專屬導購代碼|專屬導購連結|專屬導購指引|折扣導購用語|購買行動用語|行動呼籲句型,False,True,9好吃益生菌|頻道會員|團購平台,,22
3368,kleRKYvlHh8,聽AI的建議把車開下海！千里濱凪沙道路#日本自駕 #石川 #獨旅,https://www.youtube.com/watch?v=kleRKYvlHh8,2025-12-31 18:23:54,18,54,False,keyword,0.0,,False,False,,,22
3369,nq-TiAyCE-o,在海之京都「伊根舟屋」住一晚！日本三景天橋立 #京都#自駕 #日本旅遊,https://www.youtube.com/watch?v=nq-TiAyCE-o,2026-01-03 15:37:02,15,60,False,keyword,0.0,,False,False,,,22
3370,1zpZp63p4to,日本東北獨旅！仙台、松島海岸、盛岡、十和田、奧入瀨溪 !《我獨自穿越日本》ep5【Joeman】,https://www.youtube.com/watch?v=1zpZp63p4to,2026-01-05 18:00:02,18,2597,False,playlist,2.0,購買行動用語,False,True,9好吃益生菌|頻道會員|團購平台,《我獨自穿越日本》,22
3371,InngxYidux4,一鍋上萬的奢華佛跳牆開箱！今年年菜吃什麼？ft.小隆【Joeman】,https://www.youtube.com/watch?v=InngxYidux4,2026-01-06 18:00:29,18,999,False,keyword,14.0,專屬導購代碼|專屬導購連結|結帳代碼指引|折扣導購用語|購買行動用語|品牌官方導流,False,True,9好吃益生菌|頻道會員|團購平台,,22
3372,PE_hTsHTBzE,嘗試把員工的婚姻賣掉！吐槽建文求婚影片！《工作室日常廢片ep14》【Joeman】,https://www.youtube.com/watch?v=PE_hTsHTBzE,2026-01-12 18:00:40,18,1333,False,playlist,2.0,購買行動用語,False,True,9好吃益生菌|頻道會員|團購平台,Joeman工作室日常廢片,22
3373,oSigp7C5vlw,全台最貴！一晚88萬的總統套房！自己房間就有游泳池跟溫泉！新北北海溫泉洲際酒店【Joeman】,https://www.youtube.com/watch?v=oSigp7C5vlw,2026-01-13 18:01:25,18,1283,False,none,0.0,,False,True,9好吃益生菌|頻道會員|團購平台,,22
3374,2ZNk0d6vfwQ,北海道獨旅！每天400公里的開車地獄！函館、帶廣、洞爺湖、朝市、村上海膽、小丑漢堡、五稜郭、十勝牛奶、印度咖哩！《我獨自穿越日本》ep6【Joeman】,https://www.youtube.com/watch?v=2ZNk0d6vfwQ,2026-01-15 18:00:04,18,2845,False,playlist,0.0,,False,True,9好吃益生菌|頻道會員|團購平台,《我獨自穿越日本》,22
3375,IlPIfGojmcc,聊聊過去一年我的成長與挫折！網紅觀察室【Joeman】,https://www.youtube.com/watch?v=IlPIfGojmcc,2026-01-19 18:00:00,18,2420,False,playlist,0.0,,False,True,9好吃益生菌|頻道會員|團購平台,Joeman網紅觀察室,22
3376,hJ0WUR_D2jY,日本拉麵之旅！6間拉麵名店！各種流派一次蒐集！《我獨自穿越日本》番外篇【Joeman】,https://www.youtube.com/watch?v=hJ0WUR_D2jY,2026-01-21 18:30:00,18,1936,False,playlist,19.0,專屬導購代碼|專屬導購連結|推薦或聯盟行銷連結|專屬導購指引|結帳代碼指引|折扣導購用語|行動呼籲句型,False,True,9好吃益生菌|頻道會員|團購平台,《我獨自穿越日本》,22
3377,hA8jtBjWlug,最新的2026 Model Y Performance性能版！更快的加速、更大的輪框、更帥的座椅還有...更貴一點點的售價～,https://www.youtube.com/watch?v=hA8jtBjWlug,2026-01-23 21:28:24,21,66,False,none,0.0,,False,True,9好吃益生菌|頻道會員|團購平台,,22
3378,juPA9SgqxiY,北海道的盡頭！日本最北端！根室、釧路、旭川 、稚內、美瑛、白金青池《我獨自穿越日本》ep7【Joeman】,https://www.youtube.com/watch?v=juPA9SgqxiY,2026-01-23 18:00:00,18,2084,False,playlist,15.0,專屬導購代碼|專屬導購連結|專屬導購指引|折扣導購用語|購買行動用語|行動呼籲句型,False,True,9好吃益生菌|頻道會員|團購平台,《我獨自穿越日本》,22
3379,sZdnmdc5cnE,挑戰一週不用社群軟體！手機成癮戒斷！多巴胺排毒後世界煥然一新！【Joeman】,https://www.youtube.com/watch?v=sZdnmdc5cnE,2026-01-26 19:00:00,19,1989,False,keyword,5.0,導購區塊標題|行銷活動用語,False,True,9好吃益生菌|頻道會員|團購平台,,22
3380,6EgMX_dqAuE,價格有誠意！影音創作者需要蘋果最新的Apple Creator Studio嗎？ #finalcut  #adobe  #apple  #premiere,https://www.youtube.com/watch?v=6EgMX_dqAuE,2026-01-28 22:00:00,22,71,False,none,0.0,,False,False,,,22
3381,fa5-N2uJjOg,10年後的我們都不需要工作？馬斯克眼裡的AI之戰、能源之戰與人類永生！馬斯克最新訪談精華【九讀】ep1【Joeman】,https://www.youtube.com/watch?v=fa5-N2uJjOg,2026-01-28 18:03:11,18,2325,True,playlist,2.0,購買行動用語,False,True,9好吃益生菌|頻道會員|團購平台,【九讀】,22
3382,Y8jRolTmRu4,一早起來發現自己的車竟然要停產！為了做機器人，馬斯克決定停掉部分產線，Model S跟X今年Q1還會接單，但明年我們就買不到了！末代鷗翼門要搶要快⋯#tesla #停產 #optimusrobot,https://www.youtube.com/watch?v=Y8jRolTmRu4,2026-01-29 19:48:25,19,81,False,keyword,0.0,,False,False,,,22
3383,T-zEQfaRRYA,全新出國神器Airtag 2開箱！搜索範圍提升50%定位精度也有感升級，常出國的人可以直接衝了！#apple #蘋果 #旅遊 #防丟 #airtag2,https://www.youtube.com/watch?v=T-zEQfaRRYA,2026-02-02 22:42:53,22,48,False,keyword,0.0,,False,False,,,22
3384,35cM167x9T8,Premiere 2026史詩級更新！終於有去背功能了！懶得更新的人這次可以試試看了～#adobe #剪輯 #去背 #教學,https://www.youtube.com/watch?v=35cM167x9T8,2026-02-03 16:30:50,16,43,False,none,0.0,,False,False,,,22
3385,-0HtTCRXI4Q,十倍濃縮黑瑪卡！濃度直接拉滿！9是猛瑪卡能量飲讓你上班有精神、下班當戰神🔥,https://www.youtube.com/watch?v=-0HtTCRXI4Q,2026-02-05 18:27:57,18,53,False,keyword,0.0,,False,False,,,22
3386,FXNreX94exU,全台灣第一台的星宇航空A350-1000開箱！機尾還有專屬的1000字樣，A350-1000最大的特色是機身加長，座位數提升到350個，2/10首航飛往東京！#starlux #星宇 #airbus,https://www.youtube.com/watch?v=FXNreX94exU,2026-02-05 10:59:36,10,76,False,keyword,0.0,,False,False,,,22
3387,t-KgPvvbr4w,荒涼空城！在日本最北的城市住一晚！稚內、札幌、北海道大學、北海道神社《我獨自穿越日本》ep8【Joeman】,https://www.youtube.com/watch?v=t-KgPvvbr4w,2026-02-05 18:00:00,18,1969,False,playlist,0.0,,False,True,9好吃益生菌|頻道會員|團購平台,《我獨自穿越日本》,22
3388,9nFyt6m4U-g,2026一轉眼就到2月份了，去年也有好幾趟印象深刻的旅程跟亮點，也期待年後的各種新企畫！#GalaxyUnpacked,https://www.youtube.com/watch?v=9nFyt6m4U-g,2026-02-06 14:00:00,14,78,False,none,0.0,,False,False,,,22
3389,036GoyUgzjs,謝謝比特幣教會了我什麼叫做工作的意義，這種東西能持有真的是太幸福了🥰🥰🥰#投資失利 #崩跌 #崩潰 #還我錢,https://www.youtube.com/watch?v=036GoyUgzjs,2026-02-07 01:21:11,1,66,False,keyword,0.0,,False,False,,,22
3390,ryNeFTtcOwY,我10年痘痘爛臉的抗痘心得 ！【Joeman】,https://www.youtube.com/watch?v=ryNeFTtcOwY,2026-02-08 12:00:00,12,1042,False,none,0.0,,False,True,9好吃益生菌|頻道會員|團購平台,,22
3391,OrTX8OiR-FQ,星宇航空最新王牌A350-1000！頭等商務一次開箱！駕駛艙也解鎖！【Joeman】,https://www.youtube.com/watch?v=OrTX8OiR-FQ,2026-02-10 18:00:00,18,1204,False,keyword,2.0,購買行動用語,False,True,9好吃益生菌|頻道會員|團購平台,,22
3392,8_VRut08Xps,從鐵粉到私訊破口大罵！又開箱觀眾私訊！把我當摯友的下場第二集！【Joeman】,https://www.youtube.com/watch?v=8_VRut08Xps,2026-02-11 18:00:00,18,1764,False,keyword,5.0,折扣導購用語|購買行動用語|活動檔期用語,False,True,9好吃益生菌|頻道會員|團購平台,,22
3393,h70ZfDVvk1I,真無線降噪王者！Sony WF-1000XM6開箱！【Joeman】,https://www.youtube.com/watch?v=h70ZfDVvk1I,2026-02-25 18:00:00,18,972,False,playlist,1.0,品牌官方導流,False,True,9好吃益生菌|頻道會員|團購平台,【Joeman開箱去】,22
3394,0eF81AyV_us,可以主動控制防窺開關的黑科技螢幕！S26 Ultra這代真的太猛了！ #GalaxyS26Ultra  #隱私 #privacy,https://www.youtube.com/watch?v=0eF81AyV_us,2026-02-26 02:00:00,2,55,False,keyword,0.0,,False,False,,,22
3395,FKKpTDGspJk,我把日本的車子賣了！比想像中便宜！穿越日本花了我多少錢？【Joeman】,https://www.youtube.com/watch?v=FKKpTDGspJk,2026-02-26 18:00:00,18,1130,False,none,15.0,專屬導購代碼|專屬導購連結|專屬導購指引|折扣導購用語|購買行動用語|行動呼籲句型,False,True,9好吃益生菌|頻道會員|團購平台,,22
3396,KGwFYiQyYsQ,拿到我的S26 Ultra啦！#galaxys26ultra,https://www.youtube.com/watch?v=KGwFYiQyYsQ,2026-02-26 09:59:46,9,82,False,none,0.0,,False,False,,,22
3397,OTG5RGeLAQQ,S26 Ultra美國首發開箱！黑科技防窺螢幕太酷了！【Joeman】,https://www.youtube.com/watch?v=OTG5RGeLAQQ,2026-02-26 02:00:00,2,799,False,keyword,0.0,,False,True,9好吃益生菌|頻道會員|團購平台,,22
3398,JfQ3t9d7UFw,我訪問到身價破2兆的男人！傳說中的CZ趙長鵬與幣安執行長！【Joeman】,https://www.youtube.com/watch?v=JfQ3t9d7UFw,2026-02-27 18:00:00,18,1160,False,none,0.0,,False,True,9好吃益生菌|頻道會員|團購平台,,22
3399,-1mIe6Puq9s,訂哪個最划算？5大音樂平台費用、音質、曲庫、介面大PK！Spotify、Apple Music、KKBOX、Youtube Music、Tidal【Joeman】,https://www.youtube.com/watch?v=-1mIe6Puq9s,2026-02-28 12:00:00,12,1625,False,none,19.0,專屬導購代碼|專屬導購連結|推薦或聯盟行銷連結|專屬導購指引|結帳代碼指引|折扣導購用語|行動呼籲句型,False,True,9好吃益生菌|頻道會員|團購平台,,22
3400,IMTaW-qDd7g,最便宜的iPhone來了！這次iPhone 17e加量不加價！直接給到256g還是非常不錯的，但最佳性價比的iphone另有其人⋯3/4 晚上10:15預購3/11開售！,https://www.youtube.com/watch?v=IMTaW-qDd7g,2026-03-03 00:19:24,0,78,False,keyword,0.0,,False,False,,,22
3401,VSYDmR0pRd8,超豪華！帶員工潛入Google辦公室！意外看到機密實驗室！【Joeman】,https://www.youtube.com/watch?v=VSYDmR0pRd8,2026-03-03 18:00:00,18,1807,False,keyword,0.0,,False,True,9好吃益生菌|頻道會員|團購平台,,22
3402,5iiVtuwweZM,Youtube 20週年賽車外套開箱！還有專屬頻道名稱跟年份，超帥的啦～感謝Youtube把麻🥰🥰🥰,https://www.youtube.com/watch?v=5iiVtuwweZM,2026-03-04 10:59:53,10,81,False,keyword,0.0,,False,False,,,22
3403,nUuj48gvNvA,蘋果出了一台要11萬的奢華高階顯示器！Studio Display XDR！miniLED、超過2000個分區背光、峰值亮度超2000nit、並且有120hz promotion！但27吋這個大小⋯,https://www.youtube.com/watch?v=nUuj48gvNvA,2026-03-04 00:03:15,0,50,False,keyword,0.0,,False,False,,,22
3404,yXq9L2M1dy4,佛心蘋果大降價！M5 Macbook Pro跟Macbook Air都逆向降價～太佛啦～,https://www.youtube.com/watch?v=yXq9L2M1dy4,2026-03-04 17:43:26,17,44,False,keyword,0.0,,False,False,,,22
3405,6NudKxFWJ2k,最便宜的全新Macbook Neo來了！台幣不到2萬塊，適合給學生用的第一台Mac，雖然處理器是手機用的A18 Pro，鍵盤也沒背光，螢幕素質也一般，但⋯便宜治百病！,https://www.youtube.com/watch?v=6NudKxFWJ2k,2026-03-05 00:29:13,0,53,False,keyword,0.0,,False,False,,,22
3406,7r-qoSzWXHo,我使用了S26 Ultra一週！實測防窺螢幕、效能跟拍照！【Joeman】,https://www.youtube.com/watch?v=7r-qoSzWXHo,2026-03-05 18:00:00,18,730,False,keyword,0.0,,False,True,9好吃益生菌|頻道會員|團購平台,,22
3407,IsgXGbK4Uak,最新iPhone 17e嫩粉色實機開箱！實際看比想像中更淡雅，我覺得很好駕馭！,https://www.youtube.com/watch?v=IsgXGbK4Uak,2026-03-05 00:12:07,0,22,False,keyword,0.0,,False,False,,,22
3408,ZHus-bYc4es,連腳墊都是粉紅的Macbook Neo！,https://www.youtube.com/watch?v=ZHus-bYc4es,2026-03-05 15:04:14,15,58,False,keyword,0.0,,False,False,,,22
3409,wW6ycct7SZo,別人漲價我降價！蘋果今年太殺了！Macbook Neo、iPhone 17e、Studio Display XDR、M5 Pro、M5 Max【Joeman】,https://www.youtube.com/watch?v=wW6ycct7SZo,2026-03-05 10:19:52,10,751,False,keyword,0.0,,False,True,9好吃益生菌|頻道會員|團購平台,,22
3410,KzNWUxU0HCk,一晚3萬元！新加坡金沙酒店體驗！世界最大無邊際泳池！【Joeman】,https://www.youtube.com/watch?v=KzNWUxU0HCk,2026-03-06 18:00:00,18,1774,False,keyword,16.0,專屬導購代碼|推薦或聯盟行銷連結|專屬導購指引|結帳代碼指引|折扣導購用語|行銷活動用語,False,True,9好吃益生菌|頻道會員|團購平台,,22
3411,HsOEdfrgeZk,iPhone 17e全台首開！最便宜的iPhone適合你嗎？開箱實測！【Joeman】,https://www.youtube.com/watch?v=HsOEdfrgeZk,2026-03-09 21:00:00,21,634,False,keyword,0.0,,False,True,9好吃益生菌|頻道會員|團購平台,,22
3412,OeafMZyEcgg,iPhone 17e全台首開！最便宜的iPhone適合你嗎？開箱實測！,https://www.youtube.com/watch?v=OeafMZyEcgg,2026-03-09 21:00:00,21,63,False,keyword,0.0,,False,False,,,22
3413,n2SkFb6M24w,台灣特斯拉博物館開幕！雖然小小的但有一台解構Model Y很酷！還有印章可以搜集～就在南港特斯拉,https://www.youtube.com/watch?v=n2SkFb6M24w,2026-03-11 16:02:13,16,61,False,keyword,0.0,,False,False,,,22
3414,cC-hKpbuqS0,為了蘋果，重回對岸！36小時上海快閃！【Joeman】,https://www.youtube.com/watch?v=cC-hKpbuqS0,2026-03-12 18:00:00,18,1913,False,none,2.0,品牌官方導流|新品發表用語,False,True,9好吃益生菌|頻道會員|團購平台,,22
3415,dA2QVBtEVps,啊～真香！ #嵐 #固態香水 #體香膏 #len,https://www.youtube.com/watch?v=dA2QVBtEVps,2026-03-17 18:09:11,18,49,False,none,5.0,品牌專屬團購連結|購買行動用語,False,False,,,22
3416,444EDKBid2w,一個月165元的Line Premium！主打可以跨陣營備份跟可以上傳高畫質影片到相簿，如果跟Google Drive的價錢比，Line Premium沒有太大競爭力，但聽說還有無痕訊息收回？,https://www.youtube.com/watch?v=444EDKBid2w,2026-03-18 17:08:34,17,73,False,none,0.0,,False,False,,,22
3417,FOu0L1nYRkM,搶翻天的Lady M杜拜巧克力！但我覺得經典口味的Lady M更好吃⋯,https://www.youtube.com/watch?v=FOu0L1nYRkM,2026-03-19 19:18:26,19,67,False,keyword,0.0,,False,False,,,22
3418,1hqgUdZKbjM,00後整頓職場！#心動小鎮  #heartopia,https://www.youtube.com/watch?v=1hqgUdZKbjM,2026-03-20 18:00:00,18,101,False,none,0.0,,False,False,,,22
3419,GHe8GOKV5dk,IG、抖音跟Threads是如何傷害我們的？網路成癮要怎麼辦？多巴胺國度、失控的焦慮世代、社群帝國那些人心得分享【九讀】ep2【Joeman】,https://www.youtube.com/watch?v=GHe8GOKV5dk,2026-03-20 18:00:00,18,2370,False,playlist,0.0,,False,True,9好吃益生菌|頻道會員|團購平台,【九讀】,22
3420,Ygi0JsphXok,IG跟Threads是如何讓用戶上癮的？聊聊間歇性強化跟可變獎勵在現代的實際應用！ #多巴胺,https://www.youtube.com/watch?v=Ygi0JsphXok,2026-03-21 12:23:01,12,68,False,none,0.0,,False,False,,,22
3421,L60oEgOQdvk,我與Z世代的差距⋯⋯,https://www.youtube.com/watch?v=L60oEgOQdvk,2026-03-22 13:53:07,13,68,False,none,0.0,,False,False,,,22
3422,0EATAxsSnKk,全球缺貨的Macbook Neo開箱實測！真的是性價比之王？【Joeman】,https://www.youtube.com/watch?v=0EATAxsSnKk,2026-03-24 20:00:00,20,851,False,keyword,0.0,,False,True,9好吃益生菌|頻道會員|團購平台,,22
3423,ZeEqpS2Fiy8,挑戰一週不喝咖啡！會有戒斷反應嗎？【Joeman】,https://www.youtube.com/watch?v=ZeEqpS2Fiy8,2026-03-25 18:00:00,18,1150,False,keyword,17.0,專屬導購代碼|專屬導購連結|結帳代碼指引|折扣導購用語|購買行動用語|促銷方案用語|品牌官方導流|新品發表用語,False,True,9好吃益生菌|頻道會員|團購平台,,22
3424,wszdluHzTak,新加坡獨旅吃播😋咖椰吐司、肉骨茶、椰漿飯、椰奶冰沙、蝦麵、香格里拉飯店【Joeman】,https://www.youtube.com/watch?v=wszdluHzTak,2026-03-26 18:00:00,18,2895,False,keyword,15.0,專屬導購代碼|專屬導購連結|專屬導購指引|折扣導購用語|購買行動用語|行動呼籲句型,False,True,9好吃益生菌|頻道會員|團購平台,,22
3425,5OqpeSSYYtI,開箱世界第一網紅Mr.Beast的巧克力feastables！,https://www.youtube.com/watch?v=5OqpeSSYYtI,2026-03-27 18:00:00,18,88,False,keyword,0.0,,False,False,,,22
3426,Lez3FG1fZxc,強的可怕！開著2000萬的新世代小牛下賽道！Lamborghini Temerario 試駕開箱！【Joeman】,https://www.youtube.com/watch?v=Lez3FG1fZxc,2026-03-30 18:00:00,18,1208,False,keyword,22.0,專屬導購代碼|專屬導購連結|影片合作聲明|推薦或聯盟行銷連結|專屬導購指引|結帳代碼指引|折扣導購用語|行動呼籲句型,False,True,9好吃益生菌|頻道會員|團購平台,,22
3427,vOlwhC4yn4w,全新世代藍寶堅尼混動小牛Temerario 動力920匹！選完輕量化套件Alleggerita後總價破2000萬！ #超跑  #lamborghini    #2026,https://www.youtube.com/watch?v=vOlwhC4yn4w,2026-03-30 18:00:00,18,78,False,keyword,0.0,,False,False,,,22
3428,krwAJblmVPU,真實體驗每個月都做雷射+外泌體！什麼是外泌體？【Joeman】,https://www.youtube.com/watch?v=krwAJblmVPU,2026-03-31 18:00:00,18,767,False,keyword,1.0,新品發表用語,False,True,9好吃益生菌|頻道會員|團購平台,,22
3429,EJFV0dV9uDo,Macbook Neo賣太好全球缺貨⋯其中一個原因是當初拿來消庫存的A18 Pro可能不夠了？,https://www.youtube.com/watch?v=EJFV0dV9uDo,2026-04-08 21:00:00,21,47,False,keyword,0.0,,False,False,,,22
3430,jGrA3JTWmIY,花生加可樂竟然會好喝？實測看看！,https://www.youtube.com/watch?v=jGrA3JTWmIY,2026-04-08 15:57:31,15,66,False,keyword,0.0,,False,False,,,22
3431,66VVCava7-Y,來去Joeman家住一晚！體驗我下班後的人生【Joeman】,https://www.youtube.com/watch?v=66VVCava7-Y,2026-04-09 18:00:00,18,2143,False,keyword,0.0,,False,True,9好吃益生菌|頻道會員|團購平台,,22
3432,E8x56e38ATM,一個2萬的手機殼造型行李箱！ #casetify,https://www.youtube.com/watch?v=E8x56e38ATM,2026-04-10 12:00:00,12,66,False,keyword,0.0,,False,False,,,22
3433,ydy3nSE7ywQ,未來的蘋果摺疊機可能就長這樣！摺痕消失術！能自我修復的折疊手機！OPPO Find N6開箱實測【Joeman】,https://www.youtube.com/watch?v=ydy3nSE7ywQ,2026-04-10 18:00:00,18,854,False,keyword,0.0,,False,True,9好吃益生菌|頻道會員|團購平台,,22
3434,sVeucKGTsnQ,一戶1.7億！東門商圈、永康街旁的低調豪宅！耕玉《Joe是要看房》 ep.60【Joeman】,https://www.youtube.com/watch?v=sVeucKGTsnQ,2026-04-14 18:00:00,18,1082,False,playlist,6.0,行動導流連結|預約導流,False,True,9好吃益生菌|頻道會員|團購平台,《Joe是要看房》,22
3435,ujOybtSQ_dc,陽痿、早洩、不夠大、不夠硬怎麼辦？人生第一次看泌尿科！ft.顧芳瑜醫師【Joeman】,https://www.youtube.com/watch?v=ujOybtSQ_dc,2026-04-15 18:00:00,18,1620,False,keyword,3.0,專屬導購連結,False,True,9好吃益生菌|頻道會員|團購平台,,22
3436,9VcAFieFARI,手機影像之王！演唱會神機vivo X300 Ultra！【Joeman】,https://www.youtube.com/watch?v=9VcAFieFARI,2026-04-16 20:00:00,20,1099,False,keyword,5.0,購買行動用語|通路鋪貨用語|品牌官方導流,False,True,9好吃益生菌|頻道會員|團購平台,,22
3437,tnpgwdGOZq8,當你開完一台破2000千萬的新小牛後⋯#lamborghini  #temerario  #麗寶,https://www.youtube.com/watch?v=tnpgwdGOZq8,2026-04-16 15:05:19,15,59,False,keyword,0.0,,False,False,,,22
3438,ITU7kU8Pdtw,你都玩什麼手遊？,https://www.youtube.com/watch?v=ITU7kU8Pdtw,2026-04-27 15:41:06,15,42,False,keyword,0.0,,False,False,,,22
3439,Hc81mqEjK4A,iPhone如何稱霸世界？iPhone 20年來的改變與危機《蘋果之道》【九讀】ep3【Joeman】,https://www.youtube.com/watch?v=Hc81mqEjK4A,2026-04-29 18:00:00,18,2572,False,title_series,19.0,專屬導購代碼|專屬導購連結|推薦或聯盟行銷連結|專屬導購指引|結帳代碼指引|折扣導購用語|行動呼籲句型,False,True,9好吃益生菌|頻道會員|團購平台,,22
3440,Lh54UyiPr6s,一張票十幾萬！人生第一次看F1！日本鈴鹿賽道VIP包廂體驗，近距離看世界冠軍車手【Joeman】,https://www.youtube.com/watch?v=Lh54UyiPr6s,2026-05-05 18:00:00,18,1823,False,keyword,18.0,專屬導購代碼|專屬導購連結|影片合作聲明|專屬導購指引|折扣導購用語|購買行動用語|行動呼籲句型,False,True,9好吃益生菌|頻道會員|團購平台,,22
3441,tc9rDfTXGK8,一台12萬！偷把員工的螢幕換成蘋果最高階的顯示器！會被發現嗎？Studio Display XDR 開箱實測【Joeman】,https://www.youtube.com/watch?v=tc9rDfTXGK8,2026-05-06 18:00:00,18,1027,False,keyword,0.0,,False,True,9好吃益生菌|頻道會員|團購平台,,22
3442,44Z8I1L1Gg0,iPhone 18 Pro與iPhone摺疊機外流爆料！這代值得等嗎？【Joeman】,https://www.youtube.com/watch?v=44Z8I1L1Gg0,2026-05-08 18:00:12,18,1376,False,keyword,7.0,專屬導購連結|購買行動用語|行動呼籲句型,False,True,9好吃益生菌|頻道會員|團購平台,,22
3443,NjsYyPA8Wic,一戶12億！陶朱隱園開箱！《Joe是要看房》 ep.61【Joeman】,https://www.youtube.com/watch?v=NjsYyPA8Wic,2026-05-12 19:30:29,19,2860,False,playlist,0.0,,False,True,9好吃益生菌|頻道會員|團購平台,《Joe是要看房》,22
3444,vzPb8j0w9ks,今年的iPhone 18 Pro值得等嗎？新顏色如果是深紫櫻桃色大家覺得如何？#iphone18pro #darkcherry #可變光圈 #爆料 #預測,https://www.youtube.com/watch?v=vzPb8j0w9ks,2026-05-12 12:49:52,12,60,False,keyword,0.0,,False,False,,,22
3445,Rp-_-EKVb1o,一台7萬的iPhone摺疊機值得等嗎？因為比例很接近iPad mini，所以如果是很常用ipad的人我覺得可以等！#iphoneultra  #iphonefold  #fold  #爆料,https://www.youtube.com/watch?v=Rp-_-EKVb1o,2026-05-13 18:46:17,18,66,False,keyword,0.0,,False,False,,,22
3446,tboE3v0NDfs,陶朱隱園裡的超跑電梯！有這台電梯就真的可以開車回「家」！,https://www.youtube.com/watch?v=tboE3v0NDfs,2026-05-13 10:30:09,10,67,False,keyword,0.0,,False,False,,,22
3447,gMAU2PdFggg,100秒看完陶朱隱園！2000坪生態庭院、10米瀑布、室內無柱、降板電視、垂直花園,https://www.youtube.com/watch?v=gMAU2PdFggg,2026-05-14 21:42:46,21,99,False,keyword,0.0,,False,False,,,22
3448,p_vbneEIfm8,超崩潰！現在組電腦也太貴了吧！從台幣3萬一路組到20萬的菜單分享【Joeman】,https://www.youtube.com/watch?v=p_vbneEIfm8,2026-05-14 18:00:10,18,1023,False,keyword,10.0,專屬導購代碼|專屬導購連結|折扣導購用語|購買行動用語,False,True,9好吃益生菌|頻道會員|團購平台,,22
3449,ZAwRlnGva_w,人生第一次吃螺絲粉⋯約會不能吃的食物挑戰！【Joeman】,https://www.youtube.com/watch?v=ZAwRlnGva_w,2026-05-15 18:00:06,18,1574,False,keyword,0.0,,False,True,9好吃益生菌|頻道會員|團購平台,,22
3450,3Wf4UxaJ-zo,蘋果的第一隻手機嚴格講並不是iPhone，早在21年前蘋果跟motorola合作推出內建iTunes的Rokr e1，還是由當時還在世的賈伯斯發表⋯但⋯,https://www.youtube.com/watch?v=3Wf4UxaJ-zo,2026-05-16 11:44:05,11,53,False,keyword,0.0,,False,False,,,22
3451,b6GCP9otK_Y,10倍原生長焦好猛！OPPO超旗艦手機Find X9 Ultra開箱實測【Joeman】,https://www.youtube.com/watch?v=b6GCP9otK_Y,2026-05-16 12:00:37,12,742,False,playlist,4.0,影片合作聲明|新品發表用語,False,True,9好吃益生菌|頻道會員|團購平台,【Joeman開箱去】,22
3452,YEAIgTzYmMo,Airpods Max 2終於在台灣上市啦！這代因為有H2晶片，降噪有感提升，也可以接USBC聽無損音質！,https://www.youtube.com/watch?v=YEAIgTzYmMo,2026-05-17 15:51:53,15,49,False,keyword,0.0,,False,False,,,22
3453,UY0hNkXcK6A,最便宜的豪華電動車！為了賓士退訂特斯拉值得嗎？CLA200開箱試駕【Joeman】,https://www.youtube.com/watch?v=UY0hNkXcK6A,2026-05-21 19:00:34,19,705,False,keyword,0.0,,False,True,9好吃益生菌|頻道會員|團購平台,,22
3454,sgFbsOG_y58,海底撈香菜奶茶！聽店員說這週才會上！,https://www.youtube.com/watch?v=sgFbsOG_y58,2026-05-21 22:55:48,22,17,False,keyword,0.0,,False,False,,,22
3455,-8Jqg3cymSs,信義區老屋翻新不到50萬？包租代管好賺嗎？《Joe是要看房》 ep.62【Joeman】,https://www.youtube.com/watch?v=-8Jqg3cymSs,2026-05-22 18:30:04,18,1452,False,playlist,7.0,影片合作聲明|折扣導購用語|購買行動用語,False,True,9好吃益生菌|頻道會員|團購平台,《Joe是要看房》,22
3456,bhV5Mvhn2RA,把特斯拉遙控召喚過來！勘誤：FSD應該是22.2萬。這個功能是2025年前購買EAP或FSD就有，2025年之後的特斯拉因為R79法案導致只能6公尺內召喚蠻可惜的，期待未來的自動駕駛！,https://www.youtube.com/watch?v=bhV5Mvhn2RA,2026-05-25 18:50:40,18,55,False,keyword,0.0,,False,False,,,22
3457,jemBC8agGf4,台北跟團一日遊！跟著外國人當觀光客！體驗最熟悉的陌生景點...每天經過卻從沒進去過！《Joe是要跟團》ep1【Joeman】,https://www.youtube.com/watch?v=jemBC8agGf4,2026-05-26 18:00:31,18,2744,True,playlist,15.0,專屬導購代碼|專屬導購連結|專屬導購指引|折扣導購用語|購買行動用語|行動呼籲句型,False,True,9好吃益生菌|頻道會員|團購平台,《Joe是要跟團》,22
3458,J8AQ96FPwsg,我去參加了外國人在台北的跟團一日遊！體驗外國人眼中的台北！很多景點真的是天天路過卻從沒想過要走進去⋯#joe是要跟團 #台北觀光 #台北旅遊,https://www.youtube.com/watch?v=J8AQ96FPwsg,2026-05-27 13:10:50,13,80,False,title_series,0.0,,False,False,,,22
3459,kFxuDAajkB4,在公車上隨機搭訕！讓乘客推薦美食！挑戰307從頭吃到尾！《公車食刻表》ep1【Joeman】,https://www.youtube.com/watch?v=kFxuDAajkB4,2026-05-29 18:00:34,18,2673,True,playlist,19.0,專屬導購代碼|專屬導購連結|推薦或聯盟行銷連結|專屬導購指引|結帳代碼指引|折扣導購用語|行動呼籲句型,False,True,9好吃益生菌|頻道會員|團購平台,《公車食刻表》,22
3460,WON67J0NJB4,最新螢幕黑科技來啦！三星的Micro RGB把發光源做到100微米以下，達到近萬個分區背光！進而做到更精準的控光跟亮度！#microrgb #samsung #電視 #顯示器,https://www.youtube.com/watch?v=WON67J0NJB4,2026-05-30 12:03:25,12,78,False,keyword,0.0,,False,False,,,22
3461,M7eF66fQBxs,私底下的Joeman，就是一個阿伯,https://www.youtube.com/watch?v=M7eF66fQBxs,2026-05-31 22:41:10,22,35,False,none,0.0,,False,False,,,22
3462,KNwqT1tgbKU,在公車上隨機搭訕！讓乘客推薦美食！挑戰307從頭吃到尾！《公車食刻表》ep1,https://www.youtube.com/watch?v=KNwqT1tgbKU,2026-06-01 20:03:03,20,81,False,title_series,0.0,,False,False,,,22
3463,p9YmY8Nh8kQ,帶很省錢的人體驗有錢人的一天！一日富豪體驗（我想像中的）【Joeman】,https://www.youtube.com/watch?v=p9YmY8Nh8kQ,2026-06-01 18:00:06,18,2118,False,keyword,22.0,專屬導購代碼|專屬導購連結|影片合作聲明|推薦或聯盟行銷連結|專屬導購指引|結帳代碼指引|折扣導購用語|行銷活動用語,False,True,9好吃益生菌|頻道會員|團購平台,,22
3464,KdFj7m7Vi6U,特斯拉的AI語音來啦！現在開車也可以跟Grok聊天了！甚至還有爆走的神經模式⋯目前Grok更新陸續推播中，只要是AMD晶片的特斯拉應該都可以更新～,https://www.youtube.com/watch?v=KdFj7m7Vi6U,2026-06-02 21:26:52,21,115,False,keyword,0.0,,False,False,,,22
3465,bdsXqWZX_C4,100秒快速看完台北國際電腦展ComputeX！這次Nvidia、Asus跟技嘉都有很酷的新品！ 尤其是N1X的RTX Spark測下來效能很不錯，只是價格還沒公開，不知道性價比如何！,https://www.youtube.com/watch?v=bdsXqWZX_C4,2026-06-02 18:44:01,18,105,False,keyword,0.0,,False,False,,,22
3466,QhNkG7Z_FjA,DJI Pocket 4已經上市一陣子，跟大家分享我的真實使用心得！跟Pocket 3的差異在哪？是否要等 4 Pro呢？#雲台相機 #開箱,https://www.youtube.com/watch?v=QhNkG7Z_FjA,2026-06-04 20:53:25,20,80,False,keyword,0.0,,False,False,,,22
3467,e1ehNZzQLkA,Sony出了一款要2萬塊的超旗艦耳機WH-1000XX，外觀採用不鏽鋼框架，雖然重了點，但真的超帥！音質跟降噪也超好！1000X THE COLLEXION,https://www.youtube.com/watch?v=e1ehNZzQLkA,2026-06-06 11:27:38,11,79,False,keyword,0.0,,False,False,,,22
3468,nOJYE2uLlDU,台股史詩大暴跌！給大家看之前多開心！一個月賺50%、股票漲太多都不想工作！【Joeman會員優先】,https://www.youtube.com/watch?v=nOJYE2uLlDU,2026-06-06 18:51:41,18,1071,False,keyword,0.0,,False,True,頻道會員|9好吃益生菌|團購平台,,22
3469,DQl32Kjouqw,iOS 27照片消除功能大進化！這次終於追上安卓陣營了！新的擴圖延伸跟重構改視角也很有趣🤔不過目前還只是Beta測試版，正式版預計9月上！,https://www.youtube.com/watch?v=DQl32Kjouqw,2026-06-09 20:22:08,20,57,False,keyword,0.0,,False,False,,,22
3470,voVSMSJ9ewU,iOS 27來了！這次的AI超好用！【Joeman】,https://www.youtube.com/watch?v=voVSMSJ9ewU,2026-06-09 14:45:03,14,890,False,keyword,0.0,,False,True,9好吃益生菌|頻道會員|團購平台,,22
3471,jZtVd0j_Yic,iOS27只要用閒聊的方式就可以幫你創立捷徑！再也不用複雜的設定了！,https://www.youtube.com/watch?v=jZtVd0j_Yic,2026-06-10 13:13:14,13,36,False,keyword,0.0,,False,False,,,22
3472,ftrwUn1WEX4,打死都不吃！台灣最難吃的伴手禮！【Joeman】,https://www.youtube.com/watch?v=ftrwUn1WEX4,2026-06-11 18:00:19,18,1330,False,keyword,4.0,折扣導購用語|購買行動用語,False,True,9好吃益生菌|頻道會員|團購平台,,22
3473,udAVvAaVh6k,爽玩整天只要699？挑戰超低價老人團！《Joe是要跟團》ep2【Joeman】,https://www.youtube.com/watch?v=udAVvAaVh6k,2026-06-15 18:00:01,18,2868,False,playlist,0.0,,False,True,9好吃益生菌|頻道會員|團購平台,《Joe是要跟團》,22
3474,gbRkYlK-AW0,自動駕駛終於要進台灣啦！來算一下FSD是買斷的22萬比較划算，還是一個月3000元的訂閱比較有性價比？我自己是最一開始就買斷了啦⋯希望2027能在台灣開到自動駕駛！#tesla,https://www.youtube.com/watch?v=gbRkYlK-AW0,2026-06-16 23:10:24,23,111,False,keyword,0.0,,False,False,,,22
3475,vLXcVJGciMM,史上第一台雙鏡頭雲台相機Luna Ultra來啦！可以分離螢幕控制的創新我非常喜歡，白色機身也很有鑑別度，遙控手柄的小腳架也很貼心！ #insta360 #DJI #vlog #開箱,https://www.youtube.com/watch?v=vLXcVJGciMM,2026-06-16 19:43:50,19,106,False,keyword,0.0,,False,False,,,22
3476,2isdqFF0MYI,我報名了傳說中的低價長輩旅遊團，坐遊覽車北部玩一天只要699，長輩對我都超親切！雖然有購物行程但不會強迫消費，適合不想開車又想去戶外走走的人！#國旅 #一日旅遊 #繡球花 #金山 #萬里,https://www.youtube.com/watch?v=2isdqFF0MYI,2026-06-17 20:37:15,20,69,False,keyword,0.0,,False,False,,,22
3477,WnvPjGoeIyQ,台灣最難吃的伴手禮開箱！經典的三色軟糖、哈士條、甜筒軟糖、雙響砲跟⋯⋯⋯正露丸？,https://www.youtube.com/watch?v=WnvPjGoeIyQ,2026-06-17 13:33:53,13,67,False,keyword,0.0,,False,False,,,22
3478,mu4YWCkKoDk,台灣流量最好的頻道！ 跟酷拍片的一天！【Joeman】,https://www.youtube.com/watch?v=mu4YWCkKoDk,2026-06-21 00:00:35,0,1349,False,none,19.0,專屬導購代碼|專屬導購連結|推薦或聯盟行銷連結|專屬導購指引|結帳代碼指引|折扣導購用語|行動呼籲句型,False,True,9好吃益生菌|頻道會員|團購平台,,22
3479,kUkoP7D19FU,新版Siri AI串上Gemini後實用度上升不少，跨app執行能力相當不錯，還能讀取訊息，但目前還不能讀line訊息，期待9月正式版！ #ios27 #beta,https://www.youtube.com/watch?v=kUkoP7D19FU,2026-06-23 14:53:40,14,70,False,keyword,0.0,,False,False,,,22
3480,y17vWDmDLLU,iOS27可以滿版桌布了！還有Airpods EQ跟獨立鬧鐘音量調整！,https://www.youtube.com/watch?v=y17vWDmDLLU,2026-06-24 23:45:30,23,75,False,keyword,0.0,,False,False,,,22
3481,T3sjpFXvdFo,自費開箱！Pocket 4 Pro對決Luna Ultra！【Joeman】,https://www.youtube.com/watch?v=T3sjpFXvdFo,2026-06-25 18:00:13,18,1129,False,playlist,-4.0,明確聲明非業配,False,True,9好吃益生菌|頻道會員|團購平台,【Joeman開箱去】,22
3482,cXUjaYvp0xk,Luna Ultra跟Pocket 4 Pro要怎麼選？ #雲台相機 #vlog #dji #insta360,https://www.youtube.com/watch?v=cXUjaYvp0xk,2026-06-25 21:09:25,21,99,False,keyword,0.0,,False,False,,,22
3483,PPRUq_lJ2BE,在公車站隨機搭訕路人吃美食！跟著299從頭坐到尾！夏天拍到快中暑🥵《公車食刻表》ep2【Joeman】,https://www.youtube.com/watch?v=PPRUq_lJ2BE,2026-06-26 19:00:16,19,3381,False,playlist,15.0,專屬導購代碼|專屬導購連結|專屬導購指引|折扣導購用語|購買行動用語|行動呼籲句型,False,True,9好吃益生菌|頻道會員|團購平台,《公車食刻表》,22
3484,J-buiTKFR0U,來開箱一台上百億的空中藝術品！星宇航空與藝術大師空山基聯名的Airsorayama特殊塗裝，一台銀色、一台金色，還有整套特別的備品！#starlux #藝術 #超寫實機械 #張國煒 #A3501000,https://www.youtube.com/watch?v=J-buiTKFR0U,2026-07-09 21:28:46,21,103,False,keyword,0.0,,False,False,,,22
3485,BPtb9WWqe4c,為什麼兩個禮拜沒上片？因為我被卡在歐洲超崩潰🥲地獄倒霉鬼的歐洲之旅已經在Youtube上片，50分鐘的大長篇陪伴你颱風天不無聊！,https://www.youtube.com/watch?v=BPtb9WWqe4c,2026-07-11 18:09:07,18,45,False,keyword,0.0,,False,False,,,22
3486,udko1Z6zg2U,班機取消！行程泡湯！我的歐洲崩潰之旅！傳說中的英國航空...ft.阿滴、Peggy、Henry【Joeman】,https://www.youtube.com/watch?v=udko1Z6zg2U,2026-07-11 18:00:15,18,2983,False,keyword,3.0,專屬導購代碼,False,True,9好吃益生菌|頻道會員|團購平台,,22
3487,6iJJf0UrNGc,三星全新的摺疊機要來了！聽說這次展開是4:3的螢幕比例，這個比例的好處是拿來閱讀文章跟看影片都會更加的舒適，似乎...也很適合拿來看公車食刻表的地圖？#galaxyunpacked #samsung,https://www.youtube.com/watch?v=6iJJf0UrNGc,2026-07-14 19:00:16,19,80,False,keyword,0.0,,False,False,,,22
3488,8Nwf7kjg2DQ,這幾天脆上最火的就是我們的剪輯師建文！來跟他聊聊為何剪片可以這麼快？更多完整心得與流量觀察歡迎加入我的youtube會員頻道！,https://www.youtube.com/watch?v=8Nwf7kjg2DQ,2026-07-15 19:12:18,19,93,False,none,0.0,,False,False,,,22
3489,3UEKgJlfNo0,被黃牛炒到5000塊一台的Dyson手持風扇，造型特殊、風力很強，掛繩我也很喜歡，可惜沒有製冷不然就太棒啦～#dyson #hushjetminicool  #hushjet,https://www.youtube.com/watch?v=3UEKgJlfNo0,2026-07-17 15:14:01,15,118,False,keyword,0.0,,False,False,,,22
3490,OSWJut6AGZ4,桃園機場有免費的按摩椅！就在三航D18登機口～還可以變按邊看飛機起降！,https://www.youtube.com/watch?v=OSWJut6AGZ4,2026-07-19 15:44:37,15,30,False,keyword,0.0,,False,False,,,22
3491,K6inhdZotBA,極致省錢！禁止開車！一週都只能搭大眾運輸挑戰！【Joeman】,https://www.youtube.com/watch?v=K6inhdZotBA,2026-07-20 18:00:42,18,1938,False,keyword,16.0,專屬導購代碼|專屬導購連結|結帳代碼指引|折扣導購用語|購買行動用語|促銷方案用語|品牌官方導流,False,True,9好吃益生菌|頻道會員|團購平台,,22
3492,VLRwTIc_iPU,一小時120的停車場直接面不改色的開進去⋯因為我是USPACE 黑卡會員！,https://www.youtube.com/watch?v=VLRwTIc_iPU,2026-07-20 15:00:40,15,82,False,keyword,19.0,專屬導購代碼|專屬導購連結|推薦或聯盟行銷連結|專屬導購指引|結帳代碼指引|折扣導購用語|行銷活動用語,False,False,,,22
3493,2bplSe6pkLE,Fold7的下一代竟然叫Fold8 Ultra！主要還是新出的Fold8是全新比例，而原本的方形書本折疊就改名為Fold8 Ultra，這代比較有感的是多了抗反射塗層跟增加電池密度，續航更好啦！,https://www.youtube.com/watch?v=2bplSe6pkLE,2026-07-22 21:03:16,21,44,False,none,0.0,,False,False,,,22
3494,Di9P7et21xs,三星把iPhone Ultra想做的提早完成了！Fold 8新比例好用嗎？Galaxy Z Fold 8 Ultra 、Flip 8開箱！【Joeman】,https://www.youtube.com/watch?v=Di9P7et21xs,2026-07-22 21:00:34,21,722,False,playlist,0.0,,False,True,9好吃益生菌|頻道會員|團購平台,【Joeman開箱去】,22
3495,g63Hjg9OD50,三星最新摺疊手機Fold 8來了！這次改了比例，拿來看影片跟多工都非常好用，而且依舊輕薄，重量甚至比iPhone 17 Pro還輕，看來傳說iPhone Ultra想做的被Fold 8搶先了...,https://www.youtube.com/watch?v=g63Hjg9OD50,2026-07-22 21:00:18,21,78,False,keyword,0.0,,False,False,,,22
3496,PKkkM9OXnFM,新一代手遊神機！Fold 8效能與續航實測，拿來玩卡牌或角色養成遊戲真的超爽！ #galaxy  #fold8  #unpacked,https://www.youtube.com/watch?v=PKkkM9OXnFM,2026-07-23 19:17:11,19,80,False,keyword,0.0,,False,False,,,22
3497,_xv786d9A-E,隨機搭訕路人吃美食！承德幹線從頭坐到尾！全新任務超難解！《公車食刻表》ep3【Joeman】,https://www.youtube.com/watch?v=_xv786d9A-E,2026-07-24 18:00:36,18,2891,False,playlist,4.0,折扣導購用語|購買行動用語,False,True,9好吃益生菌|頻道會員|團購平台,《公車食刻表》,22
3498,0BVdKWFx8oI,歐洲崩潰之旅續集！終於到倫敦了！跟著不認識的網友出去玩！《Joe是要跟團》ep3【Joeman】,https://www.youtube.com/watch?v=0BVdKWFx8oI,2026-07-28 18:00:11,18,1765,False,playlist,15.0,專屬導購代碼|專屬導購連結|專屬導購指引|折扣導購用語|購買行動用語|行動呼籲句型,False,True,9好吃益生菌|頻道會員|團購平台,《Joe是要跟團》,22
3499,TZGYVke-4T8,在公車站隨機搭訕路人，他在哪站下車我們就在那站下車！是否可以從頭打到尾？這次要挑戰的是承德幹線！ #公車食刻表 #9好吃益生菌 #隨機搭訕,https://www.youtube.com/watch?v=TZGYVke-4T8,2026-07-30 16:19:50,16,105,False,keyword,0.0,,False,False,,,22
3500,luFr-iC-jhE,一個月4萬只能住小雅房！英國租屋有多貴？打工度假的小資女生活開箱《Joe是要看房》英國篇【Joeman】,https://www.youtube.com/watch?v=luFr-iC-jhE,2026-07-30 19:00:34,19,2105,False,playlist,19.0,專屬導購代碼|專屬導購連結|推薦或聯盟行銷連結|專屬導購指引|結帳代碼指引|折扣導購用語|行動呼籲句型,False,True,9好吃益生菌|頻道會員|團購平台,《Joe是要看房》,22
3501,ILXTh-OULwE,當初辦網路的時候沒跟我說會看到這個⋯#水果短劇 #surfshark,https://www.youtube.com/watch?v=ILXTh-OULwE,2026-07-31 13:14:44,13,70,False,none,0.0,,False,False,,,22
3502,KifkcqxCOcI,騙老闆要拍片，結果全公司翹班！瞞著老闆包棟民宿有多爽？【Joeman】,https://www.youtube.com/watch?v=KifkcqxCOcI,2026-07-31 18:00:15,18,1831,False,none,0.0,,False,True,9好吃益生菌|頻道會員|團購平台,,22
3503,0meg0UDP5r0,跟沒見過面的網友出國玩是什麼體驗？#倫敦 #自由行 #旅遊 #英國 #joe是要跟團,https://www.youtube.com/watch?v=0meg0UDP5r0,2026-08-02 20:20:19,20,127,False,title_series,0.0,,False,False,,,22
3504,_CaBvNr6ytU,不能拍照反而更沒壓力！可以翻譯、導航、串聯本地AI的智慧眼鏡！Even G2開箱【Joeman】,https://www.youtube.com/watch?v=_CaBvNr6ytU,2026-08-03 18:00:39,18,680,False,keyword,4.0,折扣導購用語|品牌官方導流|活動檔期用語,False,True,9好吃益生菌|頻道會員|團購平台,,22
3505,yzi9N1jsta0,如果建文離職，可能兩年就能存到頭期款！其實我很清楚哪些是他份內的工作，哪些是他額外多做的。更多我跟建文的深聊歡迎加入會員頻道，這次也是大長片！,https://www.youtube.com/watch?v=yzi9N1jsta0,2026-08-05 18:24:20,18,68,False,none,0.0,,False,False,,,22
3506,ujdtW9-ubZc,為什麼我拍片都沒人看⋯⋯是不是我被演算法盯上了？來聊聊為何我們頻道近期流量創生涯巔峰！完整版網紅觀察室請加入yt會員！,https://www.youtube.com/watch?v=ujdtW9-ubZc,2026-08-06 22:53:39,22,106,False,title_series,0.0,,False,False,,,22
