影片鍵,發布日期,格式鍵,類型鍵,系列鍵,業配判定鍵,觀看數,按讚數,留言數
1,2010-10-11,1,1,0,1,72240,810,457
2,2010-10-11,1,2,0,1,5966,45,14
3,2010-10-12,1,2,0,1,2147,14,3
4,2010-10-12,1,1,0,1,1546,12,2
5,2010-10-12,1,2,0,1,3690,18,2
6,2010-10-12,1,2,0,1,3151,20,3
7,2010-10-12,1,2,0,1,2336,16,1
8,2010-10-12,1,2,0,1,4291,29,6
9,2010-10-12,1,1,0,1,2099,16,2
10,2010-10-13,1,3,0,2,3185,13,1
11,2010-10-13,1,2,0,1,2212,9,0
12,2010-10-13,1,1,0,1,7678,34,13
13,2010-10-13,1,2,0,1,3800,11,0
14,2010-10-13,1,3,0,2,2331,7,2
15,2010-10-14,1,2,0,1,1852,7,0
16,2010-10-14,1,2,0,1,1720,7,3
17,2010-10-14,1,2,0,1,5478,9,7
18,2010-10-14,1,2,0,1,1966,11,2
19,2010-10-14,1,2,0,1,1200,9,2
20,2010-10-14,1,2,0,1,1506,6,0
21,2010-10-14,1,2,0,1,1897,7,0
22,2010-10-15,1,2,0,1,2287,7,2
23,2010-10-15,1,2,0,1,10506,8,1
24,2010-10-15,1,2,0,1,6355,8,3
25,2010-10-15,1,2,0,1,2186,7,0
26,2010-10-15,1,2,0,1,2672,7,2
27,2010-10-15,1,2,0,1,5427,8,2
28,2010-10-16,1,2,0,1,8634,14,7
29,2010-10-16,1,2,0,1,8445,11,4
30,2010-10-16,1,2,0,1,6888,12,6
31,2010-10-16,1,2,0,1,5798,14,6
32,2010-10-16,1,2,0,1,9206,9,2
33,2010-10-17,1,2,0,1,10068,11,7
34,2010-10-17,1,2,0,1,3725,5,3
35,2010-10-17,1,2,0,1,4936,5,7
36,2010-10-17,1,2,0,1,7982,13,4
37,2010-10-17,1,2,0,1,4049,4,4
38,2010-10-17,1,2,0,1,6018,11,4
39,2010-10-18,1,2,0,1,8742,9,3
40,2010-10-19,1,2,0,1,7406,13,5
41,2010-10-20,1,2,0,1,4266,9,1
42,2010-10-21,1,2,0,1,2328,3,2
43,2010-10-21,1,2,0,1,2985,7,1
44,2010-10-21,1,2,0,1,1841,4,3
45,2010-10-21,1,1,0,2,28220,31,16
46,2010-10-21,1,1,0,2,16482,25,4
47,2010-10-21,1,2,0,1,2010,4,0
48,2010-10-21,1,2,0,1,2970,5,0
49,2010-10-22,1,2,0,2,9344,12,12
50,2010-10-22,1,1,0,1,8011,16,0
51,2010-10-23,1,2,0,1,30197,242,97
52,2010-10-24,1,2,0,1,11854,17,6
53,2010-10-24,1,2,0,1,12796,6,2
54,2010-10-24,1,2,0,1,13356,18,4
55,2010-10-24,1,2,0,1,16725,20,4
56,2010-10-24,1,2,0,1,10579,16,6
57,2010-10-24,1,2,0,1,13676,14,1
58,2010-10-24,1,2,0,1,16233,14,2
59,2010-10-24,1,2,0,1,14735,14,3
60,2010-10-29,1,2,0,1,1410,5,0
61,2010-10-29,1,2,0,1,1224,4,0
62,2010-10-29,1,2,0,1,7413,6,1
63,2010-10-29,1,2,0,1,1033,5,1
64,2010-10-29,1,2,0,1,1315,4,1
65,2010-10-29,1,2,0,1,11947,10,2
66,2010-11-01,1,2,0,1,27620,25,16
67,2010-11-01,1,2,0,1,3142,4,4
68,2010-11-01,1,2,0,1,8760,13,6
69,2010-11-02,1,1,0,1,11469,10,8
70,2010-11-02,1,1,0,1,15051,12,6
71,2010-11-02,1,2,0,1,28673,24,13
72,2010-11-03,1,2,0,1,20694,11,4
73,2010-11-03,1,2,0,1,26113,15,11
74,2010-11-03,1,2,0,1,42681,31,8
75,2010-11-03,1,2,0,1,37516,29,3
76,2010-11-07,1,2,0,1,6368,5,3
77,2010-11-07,1,2,0,1,4386,6,5
78,2010-11-07,1,2,0,1,8535,5,4
79,2010-11-07,1,2,0,1,4376,4,1
80,2010-11-07,1,2,0,1,6686,3,9
81,2010-11-07,1,2,0,1,6006,5,0
82,2010-11-07,1,2,0,1,4493,10,10
83,2010-11-08,1,2,0,1,9052,11,4
84,2010-11-08,1,1,0,1,9668,63,21
85,2010-11-09,1,2,0,1,3196,4,1
86,2010-11-09,1,2,0,1,5775,2,6
87,2010-11-09,1,2,0,1,8969,4,3
88,2010-11-09,1,2,0,1,5540,0,1
89,2010-11-09,1,2,0,1,3941,2,2
90,2010-11-09,1,2,0,1,5552,2,4
91,2010-11-09,1,2,0,1,4623,3,2
92,2010-11-09,1,2,0,1,2942,3,0
93,2010-11-09,1,2,0,1,10098,10,3
94,2010-11-11,1,2,0,1,15499,15,9
95,2010-11-11,1,2,0,1,3922,3,9
96,2010-11-11,1,2,0,1,2698,2,0
97,2010-11-11,1,2,0,1,3453,3,1
98,2010-11-11,1,2,0,1,2798,2,1
99,2010-11-11,1,2,0,1,19679,7,4
100,2010-11-11,1,2,0,1,2732,0,2
101,2010-11-11,1,2,0,1,170564,195,83
102,2010-11-11,1,1,0,1,3282,5,8
103,2010-11-11,1,2,0,1,3021,2,1
104,2010-11-12,1,2,0,1,3020,3,0
105,2010-11-12,1,2,0,1,4265,4,3
106,2010-11-12,1,2,0,1,2598,1,3
107,2010-11-13,1,2,0,1,2490,1,0
108,2010-11-13,1,2,0,1,2728,3,3
109,2010-11-14,1,2,0,1,2418,3,0
110,2010-11-14,1,2,0,1,3754,2,2
111,2010-11-14,1,2,0,1,2592,6,3
112,2010-11-14,1,2,0,1,3020,0,3
113,2010-11-15,1,2,0,1,5589,8,0
114,2010-11-15,1,2,0,1,3925,2,4
115,2010-11-15,1,2,0,1,4793,3,8
116,2010-11-15,1,2,0,1,5184,5,3
117,2010-11-15,1,2,0,1,4075,6,2
118,2010-11-15,1,2,0,1,6121,4,0
119,2010-11-16,1,2,0,1,3385,5,2
120,2010-11-16,1,2,0,1,3625,2,3
121,2010-11-16,1,2,0,1,3227,7,1
122,2010-11-21,1,2,0,1,2863,6,1
123,2010-11-21,1,2,0,1,3600,4,5
124,2010-11-22,1,2,0,1,2115,2,0
125,2010-11-22,1,2,0,1,4353,4,1
126,2010-11-22,1,2,0,1,6457,7,2
127,2010-11-22,1,2,0,1,5542,6,4
128,2010-11-22,1,2,0,1,1783,3,5
129,2010-11-22,1,2,0,1,1956,3,0
130,2010-11-22,1,2,0,1,3298,9,2
131,2010-11-22,1,2,0,1,2042,1,1
132,2010-11-22,1,2,0,1,2043,4,0
133,2010-11-22,1,2,0,1,2694,4,1
134,2010-11-22,1,2,0,1,2192,2,1
135,2010-11-22,1,2,0,1,3348,7,0
136,2010-11-22,1,2,0,1,2126,3,0
137,2010-11-23,1,2,0,1,2261,2,2
138,2010-11-23,1,2,0,1,1796,1,1
139,2010-11-23,1,2,0,1,2853,4,2
140,2010-11-24,1,2,0,1,47569,70,17
141,2010-11-24,1,2,0,1,4709,5,1
142,2010-11-24,1,2,0,1,2186,4,4
143,2010-11-24,1,2,0,1,1970,5,1
144,2010-11-24,1,2,0,1,3060,5,3
145,2010-11-24,1,2,0,1,1992,4,1
146,2010-11-25,1,2,0,1,3270,3,2
147,2010-11-25,1,2,0,1,4167,6,3
148,2010-11-25,1,2,0,1,4364,2,2
149,2010-11-30,1,2,0,1,12863,8,22
150,2010-11-30,1,2,0,1,16662,20,8
151,2010-11-30,1,2,0,1,51087,70,17
152,2010-11-30,1,2,0,1,12676,13,1
153,2010-12-01,1,2,0,1,3929,5,1
154,2010-12-02,1,2,0,1,2403,3,2
155,2010-12-02,1,2,0,1,2308,2,2
156,2010-12-02,1,2,0,1,1856,1,2
157,2010-12-02,1,2,0,1,1999,3,2
158,2010-12-03,1,2,0,1,2889,5,2
159,2010-12-03,1,2,0,1,1954,4,3
160,2010-12-03,1,2,0,1,2160,2,2
161,2010-12-04,1,2,0,1,4204,3,0
162,2010-12-04,1,2,0,1,3130,7,2
163,2010-12-04,1,2,0,1,2962,2,0
164,2010-12-04,1,2,0,1,2682,4,3
165,2010-12-04,1,2,0,1,2847,7,0
166,2010-12-06,1,2,0,1,10852,10,3
167,2010-12-06,1,2,0,1,13052,14,2
168,2010-12-07,1,2,0,1,4609,3,1
169,2010-12-07,1,2,0,1,2954,7,3
170,2010-12-07,1,2,0,1,4160,11,0
171,2010-12-08,1,1,0,1,2908,2,2
172,2010-12-08,1,1,0,1,5210,4,8
173,2010-12-11,1,2,0,1,3270,13,0
174,2010-12-12,1,2,0,1,2064,4,0
175,2010-12-12,1,2,0,1,2830,3,1
176,2010-12-12,1,2,0,1,2829,5,6
177,2010-12-12,1,2,0,1,2415,8,3
178,2010-12-12,1,2,0,1,2788,5,1
179,2010-12-13,1,2,0,1,2216,4,3
180,2010-12-13,1,2,0,1,2640,10,1
181,2010-12-14,1,1,0,1,4534,12,2
182,2010-12-15,1,2,0,1,2156,3,1
183,2010-12-15,1,2,0,1,2441,2,6
184,2010-12-16,1,2,0,1,4427,8,6
185,2010-12-17,1,2,0,1,2846,1,3
186,2010-12-17,1,2,0,1,1669,1,1
187,2010-12-17,1,2,0,1,4227,5,7
188,2010-12-17,1,2,0,1,10732,8,7
189,2010-12-18,1,2,0,1,3545,2,2
190,2010-12-18,1,2,0,1,2744,0,4
191,2010-12-21,1,2,0,1,2314,4,5
192,2010-12-22,1,2,0,1,2735,5,3
193,2010-12-22,1,2,0,1,11272,10,7
194,2010-12-22,1,2,0,1,6976,5,3
195,2010-12-23,1,1,0,1,65175,157,53
196,2010-12-29,1,2,0,1,4683,4,7
197,2010-12-31,1,1,0,1,4758,3,5
198,2010-12-31,1,2,0,1,2069,4,1
199,2010-12-31,1,1,0,1,3996,2,2
200,2010-12-31,1,1,0,1,3638,1,2
201,2011-01-04,1,2,0,1,3325,3,0
202,2011-01-04,1,2,0,1,4609,7,4
203,2011-01-04,1,2,0,1,3245,3,1
204,2011-01-06,1,1,0,1,12413,21,12
205,2011-01-10,1,1,0,1,43364,89,36
206,2011-01-10,1,2,0,1,10816,14,9
207,2011-01-15,1,1,0,1,9749,16,7
208,2011-01-18,1,2,0,1,4865,7,4
209,2011-01-18,1,2,0,1,3032,3,3
210,2011-01-18,1,2,0,1,3277,4,5
211,2011-01-20,1,2,0,1,19506,57,18
212,2011-01-20,1,1,0,1,85876,161,40
213,2011-01-20,1,1,0,1,53567,52,7
214,2011-01-22,1,1,0,2,58603,135,30
215,2011-01-26,1,2,0,1,10744,10,10
216,2011-01-28,1,2,0,1,4773,8,6
217,2011-01-29,1,2,0,1,29353,84,40
218,2011-02-11,1,2,0,1,1991,1,5
219,2011-02-11,1,2,0,1,3142,2,3
220,2011-02-11,1,2,0,1,11867,21,2
221,2011-02-11,1,2,0,1,2537,3,1
222,2011-02-11,1,2,0,1,4397,9,0
223,2011-02-11,1,2,0,1,4419,6,1
224,2011-02-11,1,2,0,1,4518,4,8
225,2011-02-12,1,2,0,1,2641,3,1
226,2011-02-12,1,2,0,1,2635,3,2
227,2011-02-12,1,2,0,1,1936,2,2
228,2011-02-13,1,2,0,1,4540,6,4
229,2011-02-13,1,2,0,1,4246,6,4
230,2011-02-13,1,2,0,1,1412,2,7
231,2011-02-17,1,2,0,1,2458,4,4
232,2011-02-17,1,2,0,1,1353,2,5
233,2011-02-19,1,2,0,1,2591,7,4
234,2011-02-19,1,2,0,1,15506,108,37
235,2011-02-20,1,4,0,1,6454,31,15
236,2011-02-22,1,2,0,1,2570,7,9
237,2011-02-26,1,2,0,1,3043,1,9
238,2011-02-27,1,2,0,1,27559,48,12
239,2011-02-27,1,2,0,1,5795,9,5
240,2011-02-28,1,2,0,1,1321,13,7
241,2011-03-01,1,2,0,1,218041,257,47
242,2011-03-07,1,2,0,1,3199,2,1
243,2011-03-07,1,2,0,1,1700,2,3
244,2011-03-07,1,2,0,1,3939,2,0
245,2011-03-07,1,2,0,1,4124,4,3
246,2011-03-07,1,2,0,1,4343,2,0
247,2011-03-07,1,2,0,1,3300,2,4
248,2011-03-07,1,2,0,1,3312,6,0
249,2011-03-07,1,2,0,1,5342,9,6
250,2011-03-07,1,2,0,1,4338,4,6
251,2011-03-13,1,2,0,1,11074,36,29
252,2011-03-14,1,1,0,1,28319,78,33
253,2011-03-14,1,2,0,1,9705,10,6
254,2011-03-14,1,2,0,1,4256,7,3
255,2011-03-14,1,2,0,1,2972,3,2
256,2011-03-14,1,2,0,1,5059,6,0
257,2011-03-17,1,2,0,1,8695,17,7
258,2011-03-21,1,2,0,1,8474,21,14
259,2011-03-23,1,2,0,1,8828,27,13
260,2011-03-24,1,2,0,1,9183,11,6
261,2011-03-24,1,2,0,1,34720,55,27
262,2011-03-24,1,2,0,1,5517,7,10
263,2011-03-24,1,2,0,1,10634,10,10
264,2011-03-25,1,2,0,1,143325,276,67
265,2011-03-30,1,2,0,1,4015,22,6
266,2011-04-08,1,2,0,1,3980,8,1
267,2011-04-08,1,2,0,1,3772,7,6
268,2011-04-08,1,2,0,1,2668,8,2
269,2011-04-08,1,2,0,1,3938,4,3
270,2011-04-09,1,1,0,1,18978,22,11
271,2011-04-09,1,2,0,1,4571,6,5
272,2011-04-09,1,2,0,1,34042,29,12
273,2011-04-10,1,2,0,1,11670,19,13
274,2011-04-14,1,2,0,1,8265,13,9
275,2011-04-15,1,2,0,1,13083,14,14
276,2011-04-20,1,2,0,1,7568,12,11
277,2011-04-23,1,2,0,1,7913,12,9
278,2011-04-24,1,2,0,1,7352,11,10
279,2011-04-27,1,2,0,1,47980,67,28
280,2011-04-28,1,2,0,1,3491,5,1
281,2011-04-28,1,2,0,1,141932,316,67
282,2011-04-28,1,2,0,1,8692,11,8
283,2011-04-28,1,2,0,1,11994,23,11
284,2011-05-03,1,2,0,1,7502,49,10
285,2011-05-04,1,1,0,1,47708,65,24
286,2011-05-05,1,1,0,1,54096,68,26
287,2011-05-05,1,2,0,1,6171,12,13
288,2011-05-06,1,2,0,1,65745,125,35
289,2011-05-08,1,5,1,1,6605,16,12
290,2011-05-12,1,2,0,1,9057,16,16
291,2011-05-13,1,2,0,1,5065,6,4
292,2011-05-15,1,2,0,1,3999,11,6
293,2011-05-15,1,1,0,1,137882,907,142
294,2011-05-16,1,5,0,1,41818,54,43
295,2011-05-17,1,2,0,1,18670,26,9
296,2011-05-17,1,2,0,1,11235,22,15
297,2011-05-18,1,2,0,1,11304,14,11
298,2011-05-21,1,2,0,1,9347,17,20
299,2011-05-21,1,1,0,1,34141,64,29
300,2011-05-23,1,5,0,1,150387,186,139
301,2011-05-24,1,2,0,1,220327,1219,142
302,2011-05-27,1,4,0,1,19813,83,40
303,2011-05-30,1,5,0,1,20111,12,13
304,2011-05-30,1,5,0,1,17059,12,2
305,2011-05-30,1,2,0,1,18506,33,12
306,2011-05-31,1,2,0,1,195805,796,70
307,2011-06-01,1,1,0,1,20358,79,16
308,2011-06-01,1,1,0,1,80538,119,34
309,2011-06-01,1,1,0,1,9554,21,3
310,2011-06-04,1,4,0,1,11365,63,24
311,2011-06-07,1,2,0,1,142757,496,70
312,2011-06-07,1,1,0,1,61938,116,28
313,2011-06-08,1,5,1,1,35948,44,20
314,2011-06-12,1,2,0,1,14507,31,16
315,2011-06-13,1,1,0,1,23415,85,20
316,2011-06-15,1,2,0,1,142619,502,59
317,2011-06-16,1,2,0,1,8702,24,16
318,2011-06-16,1,2,0,1,17154,149,17
319,2011-06-17,1,1,0,1,282892,3651,420
320,2011-06-18,1,2,0,1,11150,21,9
321,2011-06-18,1,2,0,1,14456,24,15
322,2011-06-20,1,4,0,1,33551,201,77
323,2011-06-22,1,1,0,1,91966,278,86
324,2011-06-25,1,2,0,1,87748,251,83
325,2011-06-29,1,2,0,1,6605,25,8
326,2011-06-29,1,5,1,1,11688,18,13
327,2011-07-03,1,2,0,1,58374,197,21
328,2011-07-03,1,2,0,1,82803,220,34
329,2011-07-05,1,2,0,1,21996,49,12
330,2011-07-05,1,2,0,1,59082,118,26
331,2011-07-06,1,2,0,1,12859,38,2
332,2011-07-06,1,1,0,1,15434,44,14
333,2011-07-07,1,1,0,1,7407,10,4
334,2011-07-07,1,1,0,1,39950,74,25
335,2011-07-07,1,4,0,1,8049,33,31
336,2011-07-11,1,1,0,1,16522,54,17
337,2011-07-27,1,1,0,1,5370,12,4
338,2011-07-27,1,2,0,1,11334,20,6
339,2011-07-27,1,1,0,1,6323,12,5
340,2011-07-27,1,1,0,1,4670,4,1
341,2011-07-28,1,1,0,1,5186,13,3
342,2011-07-29,1,2,0,1,21360,86,12
343,2011-08-02,1,1,0,1,10870,15,9
344,2011-08-02,1,1,0,1,5517,4,1
345,2011-08-02,1,1,0,1,8207,7,1
346,2011-08-02,1,1,0,1,5383,15,0
347,2011-08-02,1,1,0,1,12869,19,11
348,2011-08-02,1,1,0,1,13211,30,6
349,2011-08-02,1,1,0,1,15389,33,13
350,2011-08-06,1,2,0,1,19231,58,15
351,2011-08-23,1,1,0,1,42018,237,49
352,2011-09-13,1,4,0,1,24723,180,47
353,2011-09-14,1,6,0,1,27021,52,23
354,2011-09-15,1,6,0,1,3720,4,0
355,2011-09-15,1,6,0,1,8395,13,7
356,2011-09-16,1,6,0,1,6690,8,4
357,2011-09-16,1,6,0,1,3498,6,0
358,2011-09-21,1,2,0,1,10578,60,15
359,2011-09-21,1,6,0,1,5065,4,2
360,2011-09-21,1,6,0,1,4898,2,0
361,2011-09-22,1,1,0,1,622862,4009,997
362,2011-09-23,1,2,0,1,12133,26,14
363,2011-09-28,1,1,0,1,7592,17,4
364,2011-09-28,1,1,0,1,12491,16,7
365,2011-10-28,1,2,0,1,125808,340,110
366,2011-12-07,1,2,0,1,9689,41,25
367,2012-02-01,1,1,0,1,30363,79,31
368,2012-02-07,1,6,0,1,8933,23,7
369,2012-02-07,1,6,0,1,9863,14,6
370,2012-02-07,1,6,0,1,8227,21,17
371,2012-02-08,1,6,0,1,14275,20,19
372,2012-02-12,1,1,0,1,3203,5,0
373,2012-02-12,1,2,0,1,10164,34,9
374,2012-02-12,1,1,0,1,8122,16,9
375,2012-02-12,1,1,0,1,3668,9,1
376,2012-02-12,1,1,0,1,11790,27,28
377,2012-02-14,1,1,0,1,16859,41,17
378,2012-03-08,1,1,0,1,6840,23,9
379,2012-03-21,1,2,0,1,7781,35,7
380,2012-03-23,1,5,1,1,3138,4,2
381,2012-03-23,1,5,1,1,6555,18,6
382,2012-03-29,1,2,0,1,7966,22,7
383,2012-03-29,1,5,1,1,7889,32,5
384,2012-04-03,1,1,0,1,14934,24,14
385,2012-04-05,1,5,1,1,4415,10,9
386,2012-04-05,1,5,1,1,3236,7,4
387,2012-04-11,1,5,1,1,3262,6,2
388,2012-04-11,1,5,1,1,6327,15,15
389,2012-04-13,1,1,0,1,6235,18,9
390,2012-04-13,1,1,0,1,2061,6,0
391,2012-04-13,1,1,0,1,2966,5,1
392,2012-04-19,1,5,1,1,3460,9,4
393,2012-04-19,1,5,1,1,10319,34,7
394,2012-04-25,1,5,0,1,9613,,10
395,2012-04-26,1,5,1,1,8011,22,9
396,2012-04-26,1,5,1,1,1476,1,1
397,2012-04-26,1,5,1,1,2553,5,4
398,2012-04-26,1,5,1,1,2325,5,1
399,2012-04-27,1,1,0,1,9364,49,19
400,2012-05-03,1,5,1,1,2778,2,1
401,2012-05-03,1,5,1,1,12266,28,23
402,2012-05-03,1,5,1,1,1745,5,3
403,2012-05-03,1,5,1,1,7443,8,10
404,2012-05-09,1,5,1,1,2827,3,4
405,2012-05-10,1,5,1,1,2285,9,1
406,2012-05-10,1,5,1,1,7017,18,12
407,2012-05-10,1,5,1,1,11828,33,8
408,2012-05-12,1,2,0,1,4959,12,4
409,2012-05-12,1,2,0,1,7158,19,5
410,2012-05-16,1,5,1,1,7534,22,4
411,2012-05-25,1,5,1,1,9984,34,13
412,2012-05-28,1,4,0,1,23909,86,22
413,2012-06-01,1,1,0,1,54013,101,27
414,2012-07-24,1,2,0,1,1009,7,2
415,2012-07-24,1,2,0,1,2686,9,3
416,2012-07-27,1,2,0,1,7363,30,8
417,2012-08-06,1,2,0,1,3427,16,3
418,2012-08-06,1,2,0,1,2753,6,5
419,2012-08-09,1,4,0,1,11088,65,28
420,2012-08-14,1,1,0,1,3125,23,10
421,2012-08-16,1,2,0,1,1651,7,3
422,2012-08-19,1,7,0,1,3584,16,16
423,2012-09-13,1,1,0,1,3385,11,5
424,2012-10-23,1,1,0,3,10456,20,4
425,2012-10-30,1,1,0,3,6071,11,3
426,2012-11-01,1,1,0,1,368,5,0
427,2012-11-01,1,2,0,1,3086,2,2
428,2012-11-01,1,2,0,1,520,3,0
429,2012-11-01,1,2,0,1,751,5,0
430,2012-11-01,1,2,0,1,4374,20,4
431,2012-11-01,1,2,0,1,3286,2,1
432,2012-11-01,1,2,0,1,3070,15,1
433,2012-11-01,1,2,0,1,2612,2,2
434,2012-11-01,1,2,0,1,1056,16,2
435,2012-11-01,1,2,0,1,4211,7,0
436,2012-11-01,1,1,0,1,506,5,0
437,2012-11-01,1,1,0,1,426,4,1
438,2012-11-01,1,1,0,1,294,6,2
439,2012-11-01,1,1,0,1,338,0,1
440,2012-11-01,1,2,0,1,2191,2,3
441,2012-11-01,1,1,0,1,553,8,0
442,2012-11-01,1,2,0,1,3357,5,2
443,2012-11-01,1,1,0,1,6040,16,10
444,2012-11-06,1,1,0,3,5611,11,3
445,2012-12-12,1,1,0,1,6820,35,10
446,2013-01-04,1,1,0,1,3431,45,10
447,2013-01-14,1,7,0,1,3397,6,10
448,2013-01-31,1,2,0,1,7554,29,6
449,2013-01-31,1,2,0,1,1620,5,3
450,2013-02-01,1,2,0,1,3408,18,3
451,2013-02-01,1,2,0,1,2183,10,5
452,2013-02-02,1,2,0,1,4048,12,5
453,2013-02-02,1,2,0,1,2559,11,2
454,2013-02-03,1,2,0,1,3719,10,2
455,2013-02-03,1,2,0,1,1271,5,0
456,2013-02-08,1,6,0,1,54025,150,78
457,2013-02-15,1,6,0,1,19126,62,40
458,2013-02-17,1,6,0,1,32542,102,50
459,2013-02-25,1,2,0,1,7294,31,9
460,2013-03-03,1,1,0,1,6856,23,10
461,2013-03-10,1,1,0,1,9615,71,19
462,2013-03-13,1,1,0,1,21209,78,51
463,2013-03-15,1,2,0,1,17454,55,24
464,2013-03-18,1,2,0,1,888,9,1
465,2013-03-18,1,2,0,1,523,6,0
466,2013-03-18,1,2,0,1,476,5,0
467,2013-03-18,1,8,2,1,3905,40,11
468,2013-03-22,1,2,0,1,15442,33,13
469,2013-03-29,1,2,0,1,18347,56,32
470,2013-03-30,1,1,0,1,15992,84,42
471,2013-04-04,1,2,0,1,21799,75,24
472,2013-04-04,1,2,0,1,10433,31,6
473,2013-04-04,1,2,0,1,11484,40,18
474,2013-04-15,1,1,0,1,5958,21,12
475,2013-04-15,1,4,0,1,10996,99,42
476,2013-04-20,1,1,0,1,5643,31,10
477,2013-05-04,1,1,0,1,26973,353,36
478,2013-05-06,1,6,0,1,14990,63,34
479,2013-05-17,1,1,0,1,63075,602,135
480,2013-05-23,1,1,0,1,3700,13,10
481,2013-06-01,1,8,2,1,66727,589,149
482,2013-06-03,1,1,0,1,4361,33,7
483,2013-07-08,1,8,2,1,11695,92,18
484,2013-07-09,1,1,0,1,4132,16,5
485,2013-08-03,1,2,0,1,18862,62,9
486,2013-08-03,1,2,0,1,33649,175,24
487,2013-08-03,1,2,0,1,25603,115,62
488,2013-08-03,1,8,2,1,21055,103,13
489,2013-08-19,1,8,2,1,16376,102,15
490,2013-08-21,1,6,0,1,10098,18,9
491,2013-08-29,1,8,2,1,4862,63,10
492,2013-08-29,1,2,0,1,10628,66,23
493,2013-10-17,1,8,2,1,6558,75,7
494,2013-10-21,1,6,0,1,4151,11,6
495,2013-10-22,1,6,0,1,5821,14,3
496,2013-10-28,1,6,0,1,31973,104,30
497,2013-10-28,1,6,0,1,26864,107,13
498,2013-10-28,1,6,0,1,47558,243,25
499,2013-11-01,1,6,0,2,51343,202,39
500,2013-11-23,1,6,0,1,32272,133,19
501,2013-12-20,1,1,0,1,4131,5,3
502,2014-01-20,1,2,0,1,3742,10,0
503,2014-01-20,1,2,0,1,6893,15,2
504,2014-01-20,1,2,0,1,4126,11,1
505,2014-01-20,1,2,0,1,4810,10,1
506,2014-01-20,1,2,0,1,4609,21,1
507,2014-01-20,1,2,0,1,7034,29,2
508,2014-01-20,1,2,0,1,4041,10,2
509,2014-01-23,1,8,2,1,8330,102,30
510,2014-04-21,1,6,0,1,13997,18,5
511,2014-04-22,1,6,0,1,96537,187,36
512,2014-04-30,1,6,0,1,9397,30,12
513,2014-05-11,1,6,0,1,15903,49,15
514,2014-06-07,1,6,0,1,4389,14,4
515,2014-06-10,1,6,0,1,5918,24,5
516,2014-06-22,1,6,0,1,4183,19,3
517,2014-07-03,1,2,0,1,1332,5,0
518,2014-07-03,1,2,0,1,2785,26,1
519,2014-07-04,1,8,2,1,7234,39,6
520,2014-07-09,1,2,0,1,1346,5,0
521,2014-07-09,1,2,0,1,1662,8,1
522,2014-07-09,1,2,0,1,2150,12,2
523,2014-07-14,1,8,2,1,6654,52,11
524,2014-07-19,1,6,0,1,5157,55,4
525,2014-07-26,1,2,0,1,1081,7,0
526,2014-07-26,1,6,0,1,2090,7,0
527,2014-07-26,1,2,0,1,954,9,0
528,2014-07-27,1,2,0,1,2959,12,0
529,2014-07-27,1,2,0,1,1927,5,1
530,2014-07-27,1,2,0,1,1194,6,0
531,2014-08-12,1,2,0,1,8640,53,11
532,2014-08-13,1,2,0,1,20919,109,8
533,2014-08-14,1,2,0,1,204927,1172,159
534,2014-08-23,1,2,0,1,1498,2,2
535,2014-08-23,1,2,0,1,2778,7,3
536,2014-08-23,1,2,0,1,908,5,0
537,2014-08-24,1,2,0,1,1500,9,0
538,2014-08-28,1,1,0,1,2,9,0
539,2014-08-30,1,8,2,1,7651,31,8
540,2014-10-06,1,6,0,1,3809,16,11
541,2014-10-15,1,6,0,1,4317,9,3
542,2014-10-16,1,6,0,1,40715,29,4
543,2014-10-18,1,2,0,1,626,0,3
544,2014-10-18,1,2,0,1,2212,3,2
545,2014-10-18,1,2,0,1,909,0,0
546,2014-10-18,1,2,0,1,504,0,0
547,2014-10-18,1,2,0,1,721,0,0
548,2014-10-18,1,2,0,1,880,1,0
549,2014-10-18,1,2,0,1,929,2,1
550,2014-10-18,1,2,0,1,1014,0,2
551,2014-10-18,1,2,0,1,1116,1,0
552,2014-10-18,1,2,0,1,589,0,0
553,2014-10-18,1,6,0,1,893,2,0
554,2014-10-26,1,2,0,1,986,1,1
555,2014-10-26,1,2,0,1,878,1,0
556,2014-10-26,1,2,0,1,969,2,2
557,2014-10-26,1,2,0,1,934,0,0
558,2014-10-26,1,2,0,1,842,1,3
559,2014-11-06,1,6,0,1,5912,12,1
560,2014-11-07,1,6,0,1,2245,4,1
561,2014-11-07,1,6,0,1,1076,3,1
562,2014-11-07,1,6,0,1,2901,4,3
563,2014-11-11,1,6,0,1,3369,3,2
564,2014-11-11,1,6,0,1,1773,1,1
565,2014-11-11,1,6,0,1,949,1,2
566,2014-11-11,1,6,0,1,1591,1,1
567,2014-11-16,1,8,2,1,12570,55,14
568,2014-11-17,1,8,2,1,7701,85,8
569,2014-12-01,1,6,0,1,24194,26,1
570,2014-12-01,1,8,2,1,11002,45,13
571,2014-12-02,1,6,0,1,72401,111,19
572,2014-12-07,1,6,0,1,23486,23,2
573,2014-12-08,1,6,0,1,10373,9,5
574,2014-12-08,1,6,0,1,75258,110,28
575,2014-12-15,1,6,0,1,4360,11,0
576,2014-12-15,1,6,0,1,4879,7,0
577,2014-12-15,1,6,0,1,47435,73,9
578,2014-12-15,1,6,0,1,9629,10,3
579,2014-12-18,1,6,0,1,61020,72,19
580,2014-12-20,1,6,0,1,26679,32,4
581,2014-12-20,1,6,0,1,32067,70,14
582,2014-12-27,1,6,0,1,34513,85,4
583,2014-12-28,1,8,2,1,17899,65,7
584,2014-12-30,1,6,0,1,27890,51,6
585,2015-01-03,1,6,0,1,23304,65,5
586,2015-01-06,1,6,0,1,13342,30,5
587,2015-01-09,1,6,0,1,14349,24,0
588,2015-01-10,1,6,0,1,21897,83,29
589,2015-01-13,1,2,0,1,8339,22,1
590,2015-01-13,1,2,0,1,2121,12,1
591,2015-01-14,1,2,0,1,3652,12,2
592,2015-01-14,1,2,0,1,5724,12,2
593,2015-01-17,1,6,0,1,15130,63,20
594,2015-01-24,1,6,0,1,14714,16,9
595,2015-01-25,1,6,0,1,21714,72,16
596,2015-01-27,1,6,0,1,100478,236,96
597,2015-01-27,1,6,0,1,147414,368,134
598,2015-01-31,1,6,0,1,11006,39,13
599,2015-02-01,1,6,0,1,13866,24,7
600,2015-02-04,1,6,0,1,71414,149,17
601,2015-02-05,1,1,0,1,7486,27,3
602,2015-02-05,1,1,0,1,18566,75,15
603,2015-02-05,1,1,0,1,5746,14,4
604,2015-02-06,1,6,0,1,4501,17,4
605,2015-02-06,1,6,0,1,13299,30,14
606,2015-02-07,1,6,0,1,3282,24,6
607,2015-02-07,1,6,0,1,1850,9,7
608,2015-02-08,1,6,0,1,10211,32,20
609,2015-02-08,1,6,0,1,1442,9,3
610,2015-02-09,1,6,0,1,1248,5,6
611,2015-02-09,1,6,0,1,1001,8,4
612,2015-02-10,1,6,0,1,863,4,3
613,2015-02-10,1,6,0,1,1214,3,2
614,2015-02-10,1,6,0,1,33910,53,30
615,2015-02-10,1,6,0,1,643,4,0
616,2015-02-11,1,6,0,1,638,5,0
617,2015-02-11,1,6,0,1,579,5,5
618,2015-02-11,1,6,0,1,996,1,0
619,2015-02-11,1,6,0,1,729,5,1
620,2015-02-12,1,5,0,1,1394,3,1
621,2015-02-12,1,6,0,1,894,4,0
622,2015-02-12,1,6,0,1,874,7,4
623,2015-02-12,1,6,0,1,1155,6,0
624,2015-02-13,1,6,0,1,16049,28,10
625,2015-02-13,1,6,0,1,1539,2,4
626,2015-02-13,1,6,0,1,860,4,0
627,2015-02-14,1,6,0,1,1377,1,2
628,2015-02-14,1,6,0,1,8241,31,10
629,2015-02-15,1,6,0,1,10701,40,42
630,2015-02-17,1,6,0,1,12745,22,6
631,2015-02-17,1,6,0,1,44335,59,17
632,2015-02-21,1,6,0,1,6331,29,18
633,2015-02-22,1,6,0,1,11847,70,17
634,2015-02-23,1,6,0,1,5504,22,5
635,2015-02-23,1,6,0,1,32423,54,20
636,2015-02-24,1,6,0,1,1068,5,0
637,2015-02-24,1,6,0,1,1485,7,1
638,2015-02-24,1,6,0,1,1438,10,1
639,2015-02-25,1,1,0,1,1467,7,5
640,2015-02-28,1,6,0,1,1295,6,0
641,2015-02-28,1,6,0,1,668,1,0
642,2015-02-28,1,6,0,1,1015,4,0
643,2015-02-28,1,6,0,1,5723,15,8
644,2015-03-01,1,6,0,1,15277,47,25
645,2015-03-02,1,6,0,1,3673,3,5
646,2015-03-03,1,2,0,1,886,2,1
647,2015-03-03,1,2,0,1,1228,5,5
648,2015-03-03,1,6,0,1,5382,24,11
649,2015-03-03,1,2,0,1,1545,4,5
650,2015-03-03,1,2,0,1,859,2,0
651,2015-03-03,1,2,0,1,1178,3,2
652,2015-03-03,1,2,0,1,1167,3,1
653,2015-03-03,1,2,0,1,1366,4,0
654,2015-03-03,1,2,0,1,640,1,0
655,2015-03-04,1,2,0,1,1376,4,0
656,2015-03-06,1,2,0,1,2450,7,1
657,2015-03-06,1,1,0,1,7099,38,5
658,2015-03-06,1,2,0,1,2068,6,0
659,2015-03-06,1,2,0,1,2408,10,2
660,2015-03-06,1,2,0,1,1261,3,2
661,2015-03-06,1,2,0,1,1630,6,1
662,2015-03-06,1,6,0,1,83128,121,20
663,2015-03-07,1,6,0,1,112090,275,94
664,2015-03-15,1,6,0,1,34884,78,32
665,2015-03-15,1,6,0,1,17766,62,24
666,2015-03-16,1,7,0,1,2069,21,16
667,2015-03-17,1,6,0,1,19278,36,7
668,2015-03-17,1,2,0,1,1245,4,4
669,2015-03-17,1,2,0,1,1246,2,0
670,2015-03-17,1,2,0,1,1007,5,0
671,2015-03-22,1,6,0,1,17486,56,25
672,2015-03-22,1,2,0,1,1459,6,0
673,2015-03-22,1,2,0,1,1525,3,1
674,2015-03-23,1,6,0,1,22593,23,8
675,2015-03-24,1,2,0,1,2709,6,0
676,2015-03-24,1,2,0,1,2122,6,1
677,2015-03-24,1,2,0,1,1586,5,1
678,2015-03-24,1,2,0,1,1992,4,0
679,2015-03-25,1,2,0,1,12977,40,32
680,2015-03-26,1,6,0,1,2017,9,0
681,2015-03-29,1,6,0,1,1124,6,3
682,2015-03-29,1,6,0,1,844,3,1
683,2015-03-30,1,5,0,1,20218,36,8
684,2015-03-30,1,6,0,1,7563,26,8
685,2015-03-30,1,6,0,1,2360,5,2
686,2015-03-31,1,2,0,1,1142,1,2
687,2015-03-31,1,6,0,1,7491,6,4
688,2015-03-31,1,2,0,1,585,0,2
689,2015-03-31,1,6,0,1,3829,3,2
690,2015-03-31,1,2,0,1,1277,0,1
691,2015-03-31,1,2,0,1,1274,3,1
692,2015-03-31,1,8,2,1,5654,27,9
693,2015-04-02,1,2,0,1,4525,21,4
694,2015-04-02,1,2,0,1,1400,9,0
695,2015-04-02,1,6,0,1,759,3,0
696,2015-04-03,1,6,0,1,2256,8,0
697,2015-04-05,1,6,0,1,21475,50,25
698,2015-04-09,1,2,0,1,3333,10,3
699,2015-04-09,1,2,0,1,1712,6,0
700,2015-04-09,1,6,0,1,1013,5,1
701,2015-04-09,1,2,0,1,1500,0,0
702,2015-04-10,1,6,0,1,39127,63,32
703,2015-04-10,1,6,0,1,802,2,1
704,2015-04-11,1,6,0,1,15717,21,2
705,2015-04-11,1,6,0,1,632,3,0
706,2015-04-12,1,6,0,1,28308,83,37
707,2015-04-16,1,6,0,1,6814,31,8
708,2015-04-16,1,6,0,1,26638,124,24
709,2015-04-17,1,6,0,1,5213,20,2
710,2015-04-17,1,6,0,1,6753,25,5
711,2015-04-17,1,6,0,1,2919,10,1
712,2015-04-18,1,6,0,1,2740,11,3
713,2015-04-19,1,6,0,1,2053,11,3
714,2015-04-19,1,6,0,1,13883,44,7
715,2015-04-19,1,6,0,1,4045,18,1
716,2015-04-19,1,6,0,1,10772,35,12
717,2015-04-20,1,6,0,1,2557,11,2
718,2015-04-20,1,6,0,1,5228,14,5
719,2015-04-22,1,6,0,1,71230,576,94
720,2015-05-04,1,6,0,1,5500,21,4
721,2015-05-05,1,6,0,1,3052,21,3
722,2015-05-06,1,6,0,1,3587,12,1
723,2015-05-06,1,6,0,1,1707,7,1
724,2015-05-07,1,6,0,1,2707,13,2
725,2015-05-07,1,6,0,1,2787,11,1
726,2015-05-09,1,6,0,1,1442,4,0
727,2015-05-09,1,6,0,1,1954,8,2
728,2015-05-09,1,6,0,1,3323,16,1
729,2015-05-10,1,6,0,1,1558,5,2
730,2015-05-10,1,6,0,1,6264,38,6
731,2015-05-11,1,6,0,1,4534,33,2
732,2015-05-12,1,6,0,1,1928,11,2
733,2015-05-12,1,6,0,1,1602,5,1
734,2015-05-13,1,2,0,1,1097,2,1
735,2015-05-13,1,6,0,1,1762,6,0
736,2015-05-13,1,2,0,1,1122,2,1
737,2015-05-13,1,2,0,1,948,0,0
738,2015-05-13,1,2,0,1,1985,2,1
739,2015-05-13,1,2,0,1,1536,2,0
740,2015-05-13,1,2,0,1,1317,2,0
741,2015-05-13,1,2,0,1,738,5,1
742,2015-05-13,1,2,0,1,1081,2,0
743,2015-05-13,1,2,0,1,752,5,0
744,2015-05-14,1,6,0,1,2353,6,1
745,2015-05-15,1,6,0,1,1718,8,1
746,2015-05-15,1,6,0,1,1888,8,1
747,2015-05-16,1,6,0,1,4416,15,1
748,2015-05-16,1,6,0,1,63794,49,21
749,2015-05-18,1,6,0,1,19050,21,4
750,2015-05-18,1,6,0,1,1989,9,1
751,2015-05-20,1,1,0,1,2046,8,3
752,2015-05-21,1,6,0,1,4495,27,4
753,2015-05-23,1,6,0,1,6006,15,4
754,2015-05-23,1,1,0,1,683,6,1
755,2015-05-23,1,5,0,1,2053,20,1
756,2015-05-24,1,1,0,1,5705,36,14
757,2015-05-24,1,6,0,1,1643,12,0
758,2015-05-24,1,5,0,1,3361,21,0
759,2015-05-25,1,1,0,1,738,9,0
760,2015-05-25,1,6,0,1,2758,7,1
761,2015-05-25,1,6,0,1,2558,9,1
762,2015-05-26,1,5,0,1,4091,19,1
763,2015-05-29,1,1,0,1,3329,34,4
764,2015-06-01,1,6,0,1,28548,42,21
765,2015-06-01,1,5,0,1,2551,12,1
766,2015-06-02,1,6,0,1,14941,94,9
767,2015-06-03,1,6,0,1,6600,31,5
768,2015-06-03,1,6,0,1,1488,9,0
769,2015-06-03,1,6,0,1,10227,53,4
770,2015-06-04,1,6,0,1,8767,27,9
771,2015-06-04,1,7,0,1,760,3,1
772,2015-06-05,1,6,0,1,16846,15,5
773,2015-06-05,1,6,0,1,3383,17,11
774,2015-06-06,1,7,0,1,1806,14,1
775,2015-06-07,1,6,0,1,6353,28,1
776,2015-06-07,1,7,0,1,2761,10,1
777,2015-06-08,1,7,0,1,1912,9,3
778,2015-06-08,1,6,0,1,8682,41,3
779,2015-06-09,1,6,0,1,4998,14,3
780,2015-06-09,1,7,0,1,1248,14,1
781,2015-06-10,1,6,0,1,1812,12,1
782,2015-06-13,1,6,0,1,6805,17,2
783,2015-06-13,1,6,0,1,11800,38,24
784,2015-06-14,1,6,0,1,7689,35,6
785,2015-06-15,1,7,0,1,1000,8,0
786,2015-06-16,1,6,0,1,1194,2,0
787,2015-06-16,1,6,0,1,1091,1,1
788,2015-06-17,1,7,0,1,902,9,0
789,2015-06-17,1,6,0,1,20593,95,19
790,2015-06-18,1,6,0,1,9459,36,7
791,2015-06-19,1,7,0,1,1000,7,4
792,2015-06-19,1,7,0,1,1815,8,3
793,2015-06-19,1,7,0,1,3085,35,4
794,2015-06-21,1,6,0,1,6766,26,2
795,2015-06-22,1,6,0,1,2962,17,7
796,2015-06-22,1,6,0,1,6407,23,1
797,2015-06-23,1,6,0,1,888,3,2
798,2015-06-24,1,6,0,1,559,2,0
799,2015-06-24,1,1,0,1,4367,21,1
800,2015-06-25,1,6,0,1,509,2,0
801,2015-06-25,1,6,0,1,637,6,1
802,2015-06-25,1,6,0,1,10575,18,8
803,2015-06-25,1,6,0,1,13719,28,1
804,2015-06-26,1,6,0,1,536,2,0
805,2015-06-27,1,6,0,1,12566,17,3
806,2015-06-27,1,6,0,1,6192,17,6
807,2015-06-27,1,6,0,1,467,2,1
808,2015-06-28,1,6,0,1,23639,34,13
809,2015-06-28,1,6,0,1,504,4,0
810,2015-06-28,1,6,0,1,2673,9,1
811,2015-06-28,1,6,0,1,10395,49,6
812,2015-06-29,1,6,0,1,19975,19,8
813,2015-06-29,1,6,0,1,1887,5,0
814,2015-06-29,1,6,0,1,2113,10,1
815,2015-06-29,1,6,0,1,3640,18,4
816,2015-06-30,1,6,0,1,2569,14,0
817,2015-06-30,1,6,0,1,2456,13,0
818,2015-07-01,1,6,0,1,5256,15,0
819,2015-07-01,1,6,0,1,484,2,0
820,2015-07-03,1,6,0,1,5413,21,2
821,2015-07-04,1,6,0,1,7103,25,6
822,2015-07-05,1,6,0,1,1418,5,2
823,2015-07-05,1,6,0,1,2163,15,1
824,2015-07-05,1,6,0,1,9463,63,5
825,2015-07-06,1,6,0,1,3874,16,2
826,2015-07-06,1,6,0,1,2844,12,4
827,2015-07-07,1,6,0,1,481,1,0
828,2015-07-07,1,6,0,1,2171,9,2
829,2015-07-08,1,6,0,1,436,1,1
830,2015-07-10,1,6,0,1,448,1,0
831,2015-07-10,1,6,0,1,4832,12,0
832,2015-07-10,1,6,0,1,17669,43,10
833,2015-07-11,1,6,0,1,1275,9,0
834,2015-07-11,1,6,0,1,3987,6,1
835,2015-07-11,1,6,0,1,3629,8,0
836,2015-07-12,1,6,0,1,3475,4,1
837,2015-07-12,1,6,0,1,3577,5,0
838,2015-07-13,1,6,0,1,2675,4,0
839,2015-07-13,1,6,0,1,2857,2,1
840,2015-07-13,1,6,0,1,3190,4,0
841,2015-07-13,1,6,0,1,3222,6,0
842,2015-07-14,1,6,0,1,2905,5,3
843,2015-07-14,1,6,0,1,2944,5,0
844,2015-07-14,1,6,0,1,3193,6,1
845,2015-07-14,1,6,0,1,3798,7,5
846,2015-07-14,1,6,0,1,5057,9,2
847,2015-07-15,1,6,0,1,7773,28,15
848,2015-07-16,1,6,0,1,85722,339,67
849,2015-07-18,1,6,0,1,571,0,2
850,2015-07-19,1,6,0,1,2360,19,0
851,2015-07-19,1,6,0,1,1485,4,0
852,2015-07-19,1,6,0,1,2598,11,1
853,2015-07-19,1,6,0,1,9901,41,13
854,2015-07-19,1,6,0,1,4028,16,3
855,2015-07-20,1,7,0,1,1491,5,3
856,2015-07-21,1,6,0,1,2501,27,3
857,2015-07-21,1,6,0,1,4855,16,2
858,2015-07-22,1,2,0,1,2560,14,1
859,2015-07-27,1,6,0,1,20641,111,12
860,2015-07-27,1,6,0,1,7675,55,3
861,2015-07-28,1,6,0,1,6268,47,3
862,2015-07-28,1,6,0,1,40822,316,37
863,2015-07-29,1,6,0,1,10832,79,9
864,2015-07-29,1,6,0,1,294,3,2
865,2015-07-29,1,6,0,1,357,3,0
866,2015-07-29,1,6,0,1,366,2,0
867,2015-07-29,1,6,0,1,5704,38,10
868,2015-07-30,1,2,0,1,1691,9,0
869,2015-07-30,1,2,0,1,2125,11,6
870,2015-07-31,1,6,0,1,4374,47,7
871,2015-07-31,1,6,0,1,6332,45,6
872,2015-07-31,1,6,0,1,10370,22,10
873,2015-07-31,1,6,0,1,6352,13,1
874,2015-08-01,1,6,0,1,4958,4,0
875,2015-08-01,1,6,0,1,4364,8,1
876,2015-08-01,1,6,0,1,4515,7,2
877,2015-08-02,1,6,0,1,3715,5,0
878,2015-08-02,1,6,0,1,4458,9,1
879,2015-08-02,1,6,0,1,4199,11,0
880,2015-08-02,1,6,0,1,3543,6,0
881,2015-08-04,1,6,0,1,3128,10,2
882,2015-08-04,1,6,0,1,2767,6,0
883,2015-08-04,1,6,0,1,4357,6,3
884,2015-08-05,1,6,0,1,2225,2,1
885,2015-08-05,1,6,0,1,2617,3,0
886,2015-08-05,1,6,0,1,3778,6,9
887,2015-08-05,1,6,0,1,2436,7,0
888,2015-08-06,1,6,0,1,2937,3,2
889,2015-08-06,1,6,0,1,3047,4,1
890,2015-08-06,1,6,0,1,2398,2,0
891,2015-08-06,1,6,0,1,3466,4,2
892,2015-08-06,1,6,0,1,2373,4,0
893,2015-08-08,1,6,0,1,4838,5,3
894,2015-08-08,1,6,0,1,3544,9,0
895,2015-08-08,1,6,0,1,6650,12,1
896,2015-08-08,1,6,0,1,7390,9,3
897,2015-08-08,1,6,0,1,3878,4,2
898,2015-08-08,1,6,0,1,5863,5,3
899,2015-08-08,1,6,0,1,18452,35,8
900,2015-08-08,1,6,0,1,4132,6,2
901,2015-08-18,1,6,0,1,9527,17,12
902,2015-08-18,1,6,0,1,4521,5,5
903,2015-08-18,1,6,0,1,4898,10,2
904,2015-08-18,1,6,0,1,2671,7,3
905,2015-08-19,1,6,0,1,1877,3,0
906,2015-08-19,1,6,0,1,6028,38,2
907,2015-08-19,1,6,0,1,1756,9,0
908,2015-08-19,1,6,0,1,1433,7,0
909,2015-08-20,1,4,0,3,22313,125,13
910,2015-08-22,1,6,0,1,968,6,4
911,2015-08-22,1,6,0,1,1531,5,1
912,2015-08-22,1,6,0,1,1136,3,0
913,2015-08-22,1,6,0,1,866,4,2
914,2015-08-23,1,6,0,1,799,5,1
915,2015-08-23,1,6,0,1,764,3,1
916,2015-08-23,1,6,0,1,1269,6,2
917,2015-08-23,1,6,0,1,788,3,0
918,2015-08-23,1,6,0,1,1286,5,0
919,2015-08-23,1,6,0,1,742,4,1
920,2015-08-26,1,6,0,1,3912,17,1
921,2015-08-26,1,6,0,1,3748,10,5
922,2015-08-26,1,6,0,1,3498,19,15
923,2015-08-26,1,6,0,1,3155,15,0
924,2015-08-26,1,6,0,1,3215,13,7
925,2015-08-26,1,6,0,1,7288,39,5
926,2015-08-26,1,6,0,1,2847,15,2
927,2015-08-26,1,6,0,1,4239,16,3
928,2015-08-26,1,6,0,1,4196,21,1
929,2015-08-26,1,6,0,1,2975,16,6
930,2015-08-26,1,6,0,1,2948,13,0
931,2015-08-26,1,6,0,1,3828,14,4
932,2015-08-27,1,8,2,1,2466,19,3
933,2015-08-30,1,7,3,1,1372,8,1
934,2015-08-30,1,7,3,1,1052,9,0
935,2015-08-30,1,7,3,1,1548,5,1
936,2015-09-04,1,6,0,1,1248,7,4
937,2015-09-04,1,7,3,1,527,5,1
938,2015-09-04,1,7,3,1,3819,18,3
939,2015-09-08,1,6,0,1,1625,4,0
940,2015-09-08,1,6,0,1,1616,5,0
941,2015-09-08,1,6,0,1,4327,21,5
942,2015-09-09,1,6,0,1,826,3,0
943,2015-09-09,1,6,0,1,933,5,1
944,2015-09-09,1,6,0,1,1347,3,0
945,2015-09-09,1,6,0,1,1036,3,1
946,2015-09-11,1,6,0,1,755,1,1
947,2015-09-11,1,6,0,1,907,8,0
948,2015-09-11,1,6,0,1,854,6,0
949,2015-09-14,1,6,0,1,905,4,0
950,2015-09-14,1,6,0,1,985,2,0
951,2015-09-14,1,6,0,1,755,3,0
952,2015-09-17,1,6,0,1,1050,2,0
953,2015-09-17,1,6,0,1,890,2,0
954,2015-09-17,1,6,0,1,731,3,0
955,2015-09-17,1,6,0,1,2961,8,2
956,2015-09-20,1,8,2,1,3995,41,5
957,2015-09-23,1,6,0,1,2019,4,0
958,2015-09-23,1,6,0,1,2934,9,0
959,2015-09-23,1,6,0,1,1840,4,1
960,2015-09-23,1,6,0,1,6027,23,3
961,2015-09-24,1,6,0,1,1617,3,2
962,2015-09-24,1,6,0,1,1798,3,0
963,2015-09-24,1,6,0,1,1618,2,0
964,2015-09-24,1,6,0,1,1362,3,1
965,2015-09-24,1,6,0,1,1363,2,0
966,2015-09-24,1,6,0,1,1383,3,0
967,2015-09-24,1,6,0,1,1466,3,0
968,2015-09-26,1,6,0,1,1724,2,0
969,2015-09-26,1,6,0,1,872,4,1
970,2015-09-26,1,7,3,1,5309,55,5
971,2015-09-28,1,6,0,1,1198,1,0
972,2015-09-28,1,6,0,1,1335,3,0
973,2015-09-28,1,6,0,1,1844,7,2
974,2015-09-29,1,6,0,1,1756,6,3
975,2015-09-30,1,4,0,1,19364,77,14
976,2015-10-01,1,6,0,1,1556,3,1
977,2015-10-02,1,6,0,1,1395,5,0
978,2015-10-03,1,6,0,1,72054,267,22
979,2015-10-03,1,6,0,1,2199,9,1
980,2015-10-05,1,6,0,1,3414,10,3
981,2015-10-06,1,6,0,1,101370,587,112
982,2015-10-07,1,6,0,1,8937,44,13
983,2015-10-07,1,7,3,1,137886,1445,245
984,2015-10-07,1,6,0,1,3805,15,1
985,2015-10-08,1,6,0,1,26460,207,47
986,2015-10-08,1,6,0,1,1856,6,1
987,2015-10-08,1,6,0,1,4046,12,1
988,2015-10-10,1,6,0,1,1413,8,0
989,2015-10-10,1,6,0,1,1390,3,0
990,2015-10-12,1,6,0,1,2722,8,0
991,2015-10-12,1,6,0,1,1247,7,0
992,2015-10-13,1,6,0,1,2720,4,1
993,2015-10-13,1,6,0,1,2244,7,0
994,2015-10-14,1,6,0,1,1619,4,0
995,2015-10-14,1,6,0,1,1756,3,1
996,2015-10-14,1,6,0,1,1861,4,0
997,2015-10-16,1,6,0,1,1588,4,0
998,2015-10-16,1,6,0,1,2633,11,3
999,2015-10-20,1,6,0,1,1401,5,1
1000,2015-10-20,1,6,0,1,1545,3,2
1001,2015-10-22,1,6,0,1,1506,3,0
1002,2015-10-22,1,6,0,1,4236,20,1
1003,2015-10-22,1,6,0,1,1671,3,0
1004,2015-10-22,1,6,0,1,1337,2,0
1005,2015-10-23,1,6,0,1,2483,9,0
1006,2015-10-23,1,6,0,1,3346,18,1
1007,2015-10-23,1,6,0,1,3368,13,3
1008,2015-10-23,1,6,0,1,9627,42,7
1009,2015-10-23,1,6,0,1,3083,6,13
1010,2015-10-23,1,7,3,1,12602,45,6
1011,2015-10-24,1,6,0,1,964,4,0
1012,2015-10-24,1,6,0,1,2633,9,1
1013,2015-10-24,1,6,0,1,1577,17,5
1014,2015-10-24,1,6,0,1,2111,7,0
1015,2015-10-24,1,6,0,1,1241,8,1
1016,2015-10-26,1,6,0,1,1899,2,0
1017,2015-10-26,1,6,0,1,2131,3,2
1018,2015-10-28,1,6,0,1,1396,4,3
1019,2015-10-28,1,6,0,1,1674,5,5
1020,2015-10-28,1,6,0,1,1422,3,2
1021,2015-10-29,1,6,0,1,2628,17,3
1022,2015-10-29,1,6,0,1,1294,5,0
1023,2015-10-29,1,6,0,1,1548,7,0
1024,2015-11-03,1,6,0,1,13579,84,22
1025,2015-11-04,1,6,0,1,1649,3,0
1026,2015-11-04,1,6,0,1,1650,3,0
1027,2015-11-07,1,6,0,1,1236,2,0
1028,2015-11-07,1,6,0,1,1173,1,0
1029,2015-11-09,1,6,0,1,2195429,3358,173
1030,2015-11-10,1,6,0,1,4637,9,1
1031,2015-11-10,1,6,0,1,6120,2,2
1032,2015-11-10,1,6,0,1,4906,4,4
1033,2015-11-10,1,6,0,1,12420,17,0
1034,2015-11-12,1,6,0,1,3197,7,2
1035,2015-11-12,1,6,0,1,3441,7,0
1036,2015-11-13,1,8,2,1,3134,19,2
1037,2015-11-14,1,6,0,1,2827,3,2
1038,2015-11-14,1,6,0,1,2811,3,1
1039,2015-11-17,1,6,0,1,2123,1,0
1040,2015-11-17,1,6,0,1,3622,9,2
1041,2015-11-17,1,6,0,1,1788,3,0
1042,2015-11-18,1,6,0,1,3581,10,3
1043,2015-11-18,1,6,0,1,1564,9,0
1044,2015-11-18,1,6,0,1,992,3,0
1045,2015-11-19,1,6,0,1,1789,7,1
1046,2015-11-19,1,6,0,1,7436,32,0
1047,2015-11-19,1,6,0,1,1937,7,0
1048,2015-11-19,1,6,0,1,1870,3,1
1049,2015-11-20,1,6,0,1,2310,6,1
1050,2015-11-20,1,6,0,1,1790,5,2
1051,2015-11-20,1,6,0,1,922,4,3
1052,2015-11-23,1,6,0,1,1296,3,0
1053,2015-11-23,1,6,0,1,1168,4,1
1054,2015-11-25,1,6,0,1,1126,2,1
1055,2015-11-25,1,6,0,1,1221,2,2
1056,2015-11-25,1,6,0,1,1374,3,0
1057,2015-11-25,1,6,0,1,1388,7,0
1058,2015-11-25,1,1,0,1,5223,26,15
1059,2015-11-28,1,6,0,1,1351,1,0
1060,2015-11-28,1,6,0,1,1154,1,1
1061,2015-11-28,1,6,0,1,1233,2,0
1062,2015-11-28,1,6,0,1,1221,4,0
1063,2015-12-02,1,6,0,1,1089,5,1
1064,2015-12-02,1,6,0,1,964,0,0
1065,2015-12-02,1,6,0,1,1057,2,0
1066,2015-12-02,1,6,0,1,961,6,1
1067,2015-12-04,1,6,0,1,1046,3,1
1068,2015-12-04,1,6,0,1,1910,6,4
1069,2015-12-05,1,6,0,1,1784,7,3
1070,2015-12-05,1,6,0,1,4695,21,2
1071,2015-12-06,1,8,2,1,3334,15,7
1072,2015-12-06,1,6,0,1,1471,8,3
1073,2015-12-08,1,6,0,1,1101,3,0
1074,2015-12-08,1,6,0,1,947,3,0
1075,2015-12-08,1,6,0,1,906,3,0
1076,2015-12-08,1,6,0,1,977,1,0
1077,2015-12-08,1,6,0,1,1103,3,0
1078,2015-12-08,1,6,0,1,1059,4,0
1079,2015-12-08,1,6,0,1,1048,2,2
1080,2015-12-13,1,6,0,1,1005,5,2
1081,2015-12-13,1,6,0,1,813,1,1
1082,2015-12-13,1,6,0,1,777,1,0
1083,2015-12-13,1,6,0,1,674,1,0
1084,2015-12-13,1,6,0,1,860,2,0
1085,2015-12-15,1,6,0,1,11353,30,6
1086,2015-12-15,1,6,0,1,879,3,2
1087,2015-12-15,1,6,0,1,4781,15,3
1088,2015-12-16,1,6,0,1,3043,9,0
1089,2015-12-16,1,6,0,1,3364,5,2
1090,2015-12-16,1,6,0,1,2942,7,1
1091,2015-12-18,1,6,0,1,6713,16,2
1092,2015-12-18,1,6,0,1,13140,19,0
1093,2015-12-18,1,6,0,1,3884,8,2
1094,2015-12-18,1,6,0,1,3438,6,0
1095,2015-12-20,1,6,0,1,2451,6,0
1096,2015-12-20,1,6,0,1,2207,4,0
1097,2015-12-22,1,6,0,1,2457,7,1
1098,2015-12-22,1,6,0,1,2258,6,0
1099,2015-12-22,1,6,0,1,2813,7,0
1100,2015-12-22,1,6,0,1,2541,4,1
1101,2015-12-22,1,6,0,1,2374,2,0
1102,2015-12-22,1,1,0,1,14782,114,16
1103,2015-12-25,1,6,0,1,6152,9,2
1104,2015-12-25,1,6,0,1,2240,4,1
1105,2015-12-25,1,6,0,1,3137,8,1
1106,2015-12-25,1,6,0,1,2480,8,0
1107,2015-12-25,1,6,0,1,3215,4,0
1108,2015-12-25,1,6,0,1,2170,5,1
1109,2015-12-28,1,6,0,1,2460,3,2
1110,2015-12-28,1,6,0,1,1838,4,0
1111,2015-12-29,1,6,0,1,1730,4,0
1112,2015-12-29,1,6,0,1,1972,6,0
1113,2015-12-29,1,6,0,1,2200,10,0
1114,2015-12-29,1,6,0,1,8275,31,0
1115,2016-01-02,1,6,0,1,2002,4,3
1116,2016-01-02,1,6,0,1,1993,5,3
1117,2016-01-02,1,6,0,1,2373,1,0
1118,2016-01-02,1,6,0,1,1704,2,1
1119,2016-01-02,1,6,0,1,2049,2,0
1120,2016-01-02,1,6,0,1,1560,3,0
1121,2016-01-07,1,6,0,1,1512,3,0
1122,2016-01-07,1,6,0,1,1764,3,1
1123,2016-01-07,1,6,0,1,1779,3,0
1124,2016-01-07,1,6,0,1,2907,8,1
1125,2016-01-07,1,6,0,1,1417,1,0
1126,2016-01-07,1,6,0,1,1599,3,0
1127,2016-01-07,1,6,0,1,1717,3,0
1128,2016-01-08,1,6,0,1,2761,9,1
1129,2016-01-08,1,6,0,1,2093,2,0
1130,2016-01-12,1,6,0,1,2604,8,1
1131,2016-01-12,1,6,0,1,3546,11,0
1132,2016-01-12,1,6,0,1,11466,34,14
1133,2016-01-12,1,6,0,1,2365,7,0
1134,2016-01-12,1,6,0,1,3850,7,0
1135,2016-01-13,1,6,0,1,2332,6,0
1136,2016-01-13,1,6,0,1,2110,5,1
1137,2016-01-13,1,6,0,1,1980,6,2
1138,2016-01-13,1,6,0,1,2715,4,1
1139,2016-01-16,1,6,0,1,1787,4,1
1140,2016-01-16,1,6,0,1,2007,4,0
1141,2016-01-16,1,6,0,1,2431,5,0
1142,2016-01-16,1,6,0,1,1772,4,0
1143,2016-01-16,1,6,0,1,1636,5,0
1144,2016-01-16,1,6,0,1,2339,8,0
1145,2016-01-22,1,6,0,1,3604,12,1
1146,2016-01-22,1,6,0,1,4465,7,0
1147,2016-01-22,1,6,0,1,2694,9,2
1148,2016-01-22,1,6,0,1,2418,3,1
1149,2016-01-22,1,6,0,1,4110,10,0
1150,2016-01-22,1,6,0,1,3783,19,6
1151,2016-01-22,1,6,0,1,94864,247,31
1152,2016-01-22,1,6,0,1,4462,10,1
1153,2016-01-22,1,6,0,1,12173,29,6
1154,2016-01-24,1,6,0,1,36457,63,25
1155,2016-01-24,1,6,0,1,4705,12,0
1156,2016-01-24,1,6,0,1,27323,52,4
1157,2016-01-24,1,6,0,1,30569,64,12
1158,2016-01-24,1,6,0,1,5932,15,0
1159,2016-01-24,1,6,0,1,3836,12,2
1160,2016-01-24,1,6,0,1,3478,8,1
1161,2016-01-24,1,6,0,1,29370,53,9
1162,2016-01-27,1,6,0,1,27933,43,6
1163,2016-01-27,1,6,0,1,25920,41,5
1164,2016-01-27,1,6,0,1,31356,54,4
1165,2016-01-27,1,6,0,1,25276,31,6
1166,2016-01-29,1,6,0,1,2671,6,1
1167,2016-01-29,1,6,0,1,3790,9,1
1168,2016-01-29,1,6,0,1,2497,4,2
1169,2016-01-29,1,6,0,1,4688,10,1
1170,2016-01-29,1,6,0,1,2431,7,0
1171,2016-01-29,1,6,0,1,3152,7,0
1172,2016-02-01,1,6,0,1,17749,47,4
1173,2016-02-01,1,6,0,1,27676,47,12
1174,2016-02-01,1,6,0,1,22312,33,9
1175,2016-02-02,1,6,0,1,2572,3,0
1176,2016-02-02,1,6,0,1,1617,4,0
1177,2016-02-02,1,6,0,1,2457,5,0
1178,2016-02-02,1,6,0,1,2586,4,0
1179,2016-02-04,1,6,0,1,2781,7,1
1180,2016-02-05,1,6,0,1,4593,13,0
1181,2016-02-05,1,6,0,1,3067,7,0
1182,2016-02-05,1,6,0,1,4442,14,0
1183,2016-02-05,1,6,0,1,1695,2,0
1184,2016-02-05,1,6,0,1,2228,5,0
1185,2016-02-05,1,6,0,1,6360,9,1
1186,2016-02-05,1,6,0,1,2534,3,2
1187,2016-02-05,1,6,0,1,1932,2,0
1188,2016-02-05,1,6,0,1,2270,4,0
1189,2016-02-14,1,6,0,1,34649,52,6
1190,2016-02-14,1,5,0,1,2210,11,0
1191,2016-02-15,1,6,0,1,7695,27,4
1192,2016-02-19,1,6,0,1,5982,33,6
1193,2016-02-22,1,6,0,1,2265,6,1
1194,2016-02-22,1,6,0,1,1178,3,0
1195,2016-02-22,1,6,0,1,1272,4,0
1196,2016-02-27,1,5,0,1,772,2,1
1197,2016-02-27,1,6,0,1,939,2,0
1198,2016-02-27,1,6,0,1,1006,2,0
1199,2016-03-05,1,1,0,1,3261,22,5
1200,2016-03-06,1,6,0,1,607,2,0
1201,2016-03-06,1,6,0,1,580,0,1
1202,2016-03-06,1,6,0,1,1300,5,0
1203,2016-03-06,1,6,0,1,840,4,1
1204,2016-03-06,1,6,0,1,585,0,0
1205,2016-03-06,1,6,0,1,591,5,2
1206,2016-03-06,1,6,0,1,717,6,0
1207,2016-03-06,1,6,0,1,1682,10,3
1208,2016-03-06,1,6,0,1,1810,10,3
1209,2016-03-06,1,6,0,1,648,1,2
1210,2016-03-06,1,6,0,1,877,2,2
1211,2016-03-06,1,6,0,1,655,2,1
1212,2016-03-08,1,6,0,1,592,3,0
1213,2016-03-08,1,6,0,1,630,4,0
1214,2016-03-08,1,6,0,1,595,3,0
1215,2016-03-08,1,6,0,1,619,1,1
1216,2016-03-08,1,6,0,1,1040,4,0
1217,2016-03-11,1,6,0,1,908,5,3
1218,2016-03-11,1,6,0,1,1652,6,1
1219,2016-03-11,1,6,0,1,927,4,1
1220,2016-03-11,1,6,0,1,802,1,0
1221,2016-03-11,1,6,0,1,763,2,0
1222,2016-03-14,1,6,0,1,5928,26,2
1223,2016-03-14,1,6,0,1,2457,7,2
1224,2016-03-14,1,6,0,1,1608,9,1
1225,2016-03-14,1,6,0,1,1977,3,1
1226,2016-03-16,1,6,0,1,729,5,0
1227,2016-03-16,1,6,0,1,3406,22,6
1228,2016-03-16,1,6,0,1,1446,9,1
1229,2016-03-16,1,6,0,1,1409,11,0
1230,2016-03-16,1,6,0,1,887,6,0
1231,2016-03-17,1,5,0,1,1060,7,0
1232,2016-03-17,1,6,0,1,596,2,1
1233,2016-03-17,1,6,0,1,810,1,0
1234,2016-03-17,1,6,0,1,586,2,0
1235,2016-03-17,1,6,0,1,794,4,1
1236,2016-03-20,1,6,0,1,752,2,1
1237,2016-03-20,1,6,0,1,925,3,1
1238,2016-03-22,1,6,0,1,1178,2,1
1239,2016-03-22,1,6,0,1,617,3,1
1240,2016-03-22,1,6,0,1,1508,4,1
1241,2016-03-22,1,6,0,1,715,2,0
1242,2016-03-23,1,6,0,1,3881,12,4
1243,2016-03-25,1,6,0,1,3969,20,4
1244,2016-03-28,1,4,0,1,2693,9,1
1245,2016-03-28,1,6,0,1,135596,435,42
1246,2016-03-28,1,6,0,1,27890,82,7
1247,2016-03-28,1,6,0,1,25498,65,8
1248,2016-04-02,1,6,0,1,7990,28,3
1249,2016-04-02,1,6,0,1,14424,46,3
1250,2016-04-03,1,6,0,1,17477,61,8
1251,2016-04-07,1,6,0,1,3964,14,0
1252,2016-04-07,1,6,0,1,3622,14,0
1253,2016-04-07,1,6,0,1,3198,5,0
1254,2016-04-07,1,6,0,1,3912,11,1
1255,2016-04-14,1,6,0,1,1190,3,1
1256,2016-04-14,1,6,0,1,20411,55,
1257,2016-04-15,1,6,0,1,2950,10,2
1258,2016-04-15,1,6,0,1,1590,6,1
1259,2016-04-15,1,6,0,1,1088,4,0
1260,2016-04-18,1,6,0,1,960,3,1
1261,2016-04-18,1,6,0,1,1777,11,3
1262,2016-04-19,1,6,0,1,1330,7,0
1263,2016-04-19,1,6,0,1,1609,9,1
1264,2016-04-21,1,6,0,1,933,1,0
1265,2016-04-27,1,6,0,2,56290,600,40
1266,2016-05-04,1,6,0,1,903,4,1
1267,2016-05-06,1,6,0,1,1476,7,0
1268,2016-05-06,1,6,0,1,1643,5,1
1269,2016-05-06,1,6,0,1,4239,12,1
1270,2016-05-13,1,6,0,1,2817,9,0
1271,2016-05-13,1,6,0,1,4673,23,0
1272,2016-05-13,1,6,0,1,2662,6,0
1273,2016-05-13,1,6,0,1,2404,7,0
1274,2016-05-13,1,6,0,1,2162,11,0
1275,2016-05-14,1,6,0,1,1877,7,0
1276,2016-05-14,1,6,0,1,2374,6,0
1277,2016-05-14,1,6,0,1,1643,1,0
1278,2016-05-14,1,6,0,1,1679,3,0
1279,2016-05-14,1,6,0,1,3027,12,2
1280,2016-05-14,1,6,0,1,2572,2,1
1281,2016-05-14,1,6,0,1,2089,4,1
1282,2016-05-14,1,6,0,1,2149,9,1
1283,2016-05-16,1,4,4,1,93450,524,59
1284,2016-05-20,1,6,0,1,1458,4,1
1285,2016-05-20,1,6,0,1,1010,4,0
1286,2016-05-20,1,6,0,1,823,3,3
1287,2016-05-20,1,6,0,1,1468,7,0
1288,2016-05-20,1,6,0,1,1301,6,2
1289,2016-05-20,1,6,0,1,1199,1,0
1290,2016-05-20,1,6,0,1,1209,6,5
1291,2016-05-20,1,6,0,1,1137,5,1
1292,2016-05-20,1,6,0,1,1392,3,0
1293,2016-05-20,1,6,0,1,875,1,0
1294,2016-05-20,1,6,0,1,886,4,1
1295,2016-05-20,1,5,0,1,1142,9,4
1296,2016-05-20,1,6,0,1,4634,11,2
1297,2016-05-20,1,6,0,1,881,7,3
1298,2016-05-20,1,6,0,1,816,1,1
1299,2016-05-20,1,6,0,1,751,5,0
1300,2016-05-20,1,6,0,1,1456,4,1
1301,2016-05-20,1,6,0,1,3726,10,0
1302,2016-05-23,1,4,4,1,161747,622,68
1303,2016-05-25,1,1,0,1,1034,8,1
1304,2016-05-25,1,8,0,1,2627,21,5
1305,2016-05-26,1,1,0,1,2298,16,2
1306,2016-05-31,1,1,0,1,1301,4,0
1307,2016-06-02,1,6,0,3,156883,523,85
1308,2016-06-03,1,8,0,1,13371,99,12
1309,2016-06-04,1,8,0,1,7184,40,9
1310,2016-06-04,1,8,0,1,7642,39,2
1311,2016-06-06,1,4,4,1,13041,83,10
1312,2016-06-09,1,8,0,1,3011,12,2
1313,2016-06-11,1,1,0,1,24211,92,11
1314,2016-06-11,1,1,0,1,26245,118,19
1315,2016-06-11,1,1,0,1,56792,255,21
1316,2016-06-12,1,8,0,1,6648,37,3
1317,2016-06-12,1,8,0,1,6497,44,1
1318,2016-06-12,1,8,0,1,5943,26,2
1319,2016-06-13,1,7,5,1,16082,106,8
1320,2016-06-15,1,7,5,1,43593,175,9
1321,2016-06-16,1,7,5,1,16041,54,5
1322,2016-06-16,1,7,5,1,11979,54,4
1323,2016-06-19,1,9,0,1,4194,21,2
1324,2016-06-21,1,7,5,1,5463,32,3
1325,2016-06-21,1,4,4,1,86506,655,47
1326,2016-06-22,1,4,4,1,12425,52,7
1327,2016-06-24,1,1,0,1,983,5,2
1328,2016-06-24,1,1,0,1,1055,5,2
1329,2016-06-24,1,10,0,1,2339,12,1
1330,2016-06-28,1,1,0,1,2028,8,1
1331,2016-06-29,1,7,5,1,43741,372,28
1332,2016-07-05,1,6,0,1,13319,29,1
1333,2016-07-05,1,6,0,1,41162,119,32
1334,2016-07-05,1,6,0,1,18087,136,35
1335,2016-07-05,1,6,0,1,18104,37,4
1336,2016-07-07,1,6,0,1,8658,24,1
1337,2016-07-07,1,6,0,1,11710,31,1
1338,2016-07-08,1,6,0,1,8953,25,5
1339,2016-07-08,1,6,0,1,8745,22,1
1340,2016-07-09,1,5,0,1,4094,12,2
1341,2016-07-09,1,1,0,1,4425,26,2
1342,2016-07-09,1,1,0,1,3976,12,0
1343,2016-07-09,1,6,0,1,11480,57,3
1344,2016-07-10,1,6,0,1,5668,42,4
1345,2016-07-14,1,4,4,1,1513742,7312,1209
1346,2016-07-18,1,6,0,1,8415,17,6
1347,2016-07-18,1,6,0,1,26836,54,12
1348,2016-07-18,1,6,0,1,8221,24,4
1349,2016-07-19,1,4,4,1,544651,2672,331
1350,2016-07-20,1,8,0,1,5640,32,7
1351,2016-07-20,1,8,0,1,4903,27,1
1352,2016-07-20,1,10,0,1,7722,30,5
1353,2016-07-21,1,1,0,1,4330,14,2
1354,2016-07-21,1,6,0,1,9136,49,10
1355,2016-07-23,1,4,4,1,153059,805,79
1356,2016-07-25,1,4,4,1,819917,4245,254
1357,2016-07-27,1,4,4,1,253139,2230,237
1358,2016-07-31,1,4,4,1,159961,988,110
1359,2016-08-06,1,4,4,1,394127,2094,138
1360,2016-08-09,1,4,4,1,157762,1145,219
1361,2016-08-12,1,8,6,1,79793,733,57
1362,2016-08-15,1,4,4,1,67152,227,118
1363,2016-08-16,1,4,4,1,79159,197,71
1364,2016-08-20,1,4,4,1,425214,859,238
1365,2016-08-22,1,4,4,1,278791,1922,271
1366,2016-08-25,1,4,4,1,14875,259,36
1367,2016-08-29,1,4,4,1,290525,1840,158
1368,2016-08-30,1,8,6,1,274450,2045,106
1369,2016-09-02,1,1,0,1,21860,216,26
1370,2016-09-08,1,4,4,1,685679,3735,511
1371,2016-09-09,1,8,6,1,127924,731,51
1372,2016-09-14,1,2,0,1,10024,203,34
1373,2016-09-18,1,4,4,1,513160,2770,309
1374,2016-09-19,1,8,6,1,272969,1326,258
1375,2016-09-22,1,8,6,1,371550,4265,261
1376,2016-09-28,1,4,4,1,308071,1021,78
1377,2016-10-01,1,4,4,1,14420,223,16
1378,2016-10-05,1,8,6,1,10961,68,9
1379,2016-10-06,1,6,0,1,8965,62,14
1380,2016-10-12,1,8,6,1,105674,891,63
1381,2016-10-14,1,4,4,1,12312,126,3
1382,2016-10-15,1,4,4,1,18699,36,10
1383,2016-10-18,1,4,4,1,47982,676,83
1384,2016-10-19,1,8,6,1,15197,76,38
1385,2016-10-26,1,8,6,1,50638,295,31
1386,2016-10-28,1,6,0,1,12629,80,8
1387,2016-11-02,1,8,6,1,74494,520,30
1388,2016-11-08,1,8,6,1,107513,597,129
1389,2016-11-10,1,4,4,1,96704,641,64
1390,2016-11-10,1,4,4,1,337435,1528,159
1391,2016-11-16,1,8,6,1,64157,327,52
1392,2016-11-21,1,4,4,1,226410,1528,166
1393,2016-11-24,1,8,6,1,50490,291,65
1394,2016-11-27,1,4,4,1,130424,1051,78
1395,2016-11-30,1,8,6,1,198765,1032,107
1396,2016-12-03,1,4,4,1,616647,5399,523
1397,2016-12-07,1,8,6,1,90147,574,62
1398,2016-12-11,1,4,4,1,74141,613,44
1399,2016-12-14,1,8,6,1,116640,543,72
1400,2016-12-20,1,6,0,1,36020,160,16
1401,2016-12-22,1,7,5,1,557204,3197,813
1402,2016-12-26,1,8,6,1,606496,1554,184
1403,2016-12-26,1,8,6,1,36782,229,33
1404,2016-12-27,1,6,0,1,344522,2322,237
1405,2016-12-30,1,8,6,1,83462,364,40
1406,2016-12-30,1,4,4,1,105240,842,34
1407,2017-01-01,1,4,4,1,1164478,9059,845
1408,2017-01-04,1,4,4,1,193930,2149,196
1409,2017-01-06,1,8,6,1,37518,193,23
1410,2017-01-07,1,4,4,1,1443358,10135,825
1411,2017-01-13,1,8,6,1,20339,131,15
1412,2017-01-18,1,8,6,1,136282,487,103
1413,2017-01-20,1,8,6,1,208171,1013,182
1414,2017-01-31,1,4,4,1,927714,9818,460
1415,2017-02-01,1,4,4,1,312199,2081,103
1416,2017-02-06,1,8,6,1,71550,339,76
1417,2017-02-07,1,1,0,1,17760,191,37
1418,2017-02-08,1,8,6,1,194276,644,123
1419,2017-02-09,1,4,4,1,71439,468,28
1420,2017-02-12,1,4,4,1,570937,4951,459
1421,2017-02-13,1,8,6,1,316428,823,131
1422,2017-02-14,1,4,4,1,184481,1640,79
1423,2017-02-15,1,4,4,1,215889,1862,79
1424,2017-02-17,1,8,6,1,37630,335,43
1425,2017-02-22,1,1,0,1,213950,1740,338
1426,2017-02-23,1,8,6,1,90301,435,70
1427,2017-03-01,1,8,6,1,184357,792,119
1428,2017-03-02,1,8,6,1,15770,77,8
1429,2017-03-02,1,4,4,1,243896,1377,154
1430,2017-03-03,1,4,4,1,1054313,4605,480
1431,2017-03-04,1,5,0,1,699867,4249,335
1432,2017-03-05,1,4,4,1,80544,742,50
1433,2017-03-11,1,7,5,1,1321204,7069,192
1434,2017-03-12,1,4,4,1,112787,1125,37
1435,2017-03-13,1,7,5,1,1740697,11201,462
1436,2017-03-14,1,11,0,1,97535,745,75
1437,2017-03-15,1,4,4,1,560486,3511,196
1438,2017-03-17,1,4,4,1,260807,2463,240
1439,2017-03-18,1,4,0,1,792762,5550,339
1440,2017-03-19,1,4,4,1,51982,506,40
1441,2017-03-20,1,7,5,1,110727,1019,70
1442,2017-03-21,1,4,4,1,403463,2847,303
1443,2017-03-27,1,4,4,1,1815029,7853,896
1444,2017-03-28,1,4,4,1,91217,1022,70
1445,2017-03-29,1,4,4,1,319906,1439,158
1446,2017-03-31,1,4,4,1,83819,1326,90
1447,2017-04-01,1,1,0,1,36758,1604,423
1448,2017-04-06,1,2,0,3,24093,593,125
1449,2017-04-07,1,4,4,1,290198,2297,200
1450,2017-04-08,1,4,0,1,193119,2115,281
1451,2017-04-09,1,4,4,1,1878385,16841,3062
1452,2017-04-14,1,4,4,1,576670,4172,383
1453,2017-04-16,1,4,4,1,642393,4429,375
1454,2017-04-19,1,4,4,1,86820,1260,80
1455,2017-04-21,1,4,0,1,198406,2470,240
1456,2017-04-22,1,3,0,1,406540,2515,174
1457,2017-05-01,1,4,4,1,1922181,16304,1581
1458,2017-05-02,1,4,4,1,725196,4795,381
1459,2017-05-03,1,4,4,1,226232,1714,245
1460,2017-05-04,1,7,5,1,324002,3339,262
1461,2017-05-05,1,4,4,1,899194,8397,673
1462,2017-05-07,1,3,7,1,606893,4081,397
1463,2017-05-09,1,7,5,1,556681,3172,261
1464,2017-05-12,1,4,4,1,139249,1519,166
1465,2017-05-13,1,4,4,1,511941,3653,327
1466,2017-05-14,1,4,4,1,611977,6379,759
1467,2017-05-18,1,4,4,1,479845,3791,489
1468,2017-05-19,1,2,0,1,616896,6311,643
1469,2017-05-20,1,4,4,1,270395,3285,334
1470,2017-05-21,1,5,0,1,244971,1879,370
1471,2017-05-23,1,4,4,1,2240858,11477,885
1472,2017-05-25,1,7,5,1,450713,2930,328
1473,2017-05-26,1,3,7,1,1269324,6227,581
1474,2017-05-27,1,4,4,1,781431,4208,551
1475,2017-05-28,1,7,5,1,805048,11116,1423
1476,2017-05-29,1,4,4,1,123751,1385,150
1477,2017-05-30,1,4,4,1,157463,1605,152
1478,2017-06-02,1,11,0,3,512340,4631,659
1479,2017-06-03,1,4,4,1,422869,3670,569
1480,2017-06-04,1,12,8,1,279384,1851,444
1481,2017-06-06,1,9,0,1,86031,1119,139
1482,2017-06-08,1,12,8,1,406114,3713,143
1483,2017-06-09,1,4,4,1,206879,1859,94
1484,2017-06-10,1,7,5,3,156272,1098,156
1485,2017-06-11,1,7,5,1,408535,3106,241
1486,2017-06-15,1,4,4,1,337736,2396,647
1487,2017-06-16,1,7,5,1,330861,2092,174
1488,2017-06-17,1,3,7,1,381957,2421,441
1489,2017-06-18,1,4,4,1,66109,1049,1179
1490,2017-06-19,1,4,0,1,57149,711,248
1491,2017-06-21,1,4,4,1,756785,6148,1008
1492,2017-06-22,1,3,7,1,653626,4439,424
1493,2017-06-23,1,1,0,1,934078,11250,848
1494,2017-06-25,1,7,9,1,526710,3346,531
1495,2017-06-28,1,6,0,1,260115,4904,7518
1496,2017-06-29,1,11,10,1,2599840,12132,1194
1497,2017-06-30,1,8,0,1,1140044,9266,1011
1498,2017-07-01,1,1,0,1,159370,678,145
1499,2017-07-02,1,1,0,1,724208,13086,652
1500,2017-07-03,1,3,0,1,765501,6097,616
1501,2017-07-07,1,12,11,1,1059147,10940,674
1502,2017-07-08,1,8,0,1,138595,1603,340
1503,2017-07-09,1,1,0,3,60169,3182,370
1504,2017-07-10,1,4,4,1,227545,1785,161
1505,2017-07-11,1,3,0,1,1978723,13481,1686
1506,2017-07-12,1,8,0,1,663861,5505,612
1507,2017-07-14,1,11,10,1,1736520,10502,384
1508,2017-07-15,1,4,4,1,123987,1919,176
1509,2017-07-21,1,5,12,1,632836,6348,921
1510,2017-07-22,1,4,0,1,128200,1507,132
1511,2017-07-24,1,5,12,1,814524,7140,1475
1512,2017-07-27,1,9,0,1,332598,2944,396
1513,2017-07-28,1,12,8,1,709299,4725,352
1514,2017-07-29,1,5,0,1,1012012,12648,1988
1515,2017-07-30,1,5,12,1,576478,6391,832
1516,2017-08-04,1,1,0,1,114047,1985,271
1517,2017-08-05,1,11,10,1,760409,5172,262
1518,2017-08-06,1,9,0,1,8107980,19270,1671
1519,2017-08-08,1,1,0,1,97916,637,123
1520,2017-08-11,1,8,6,1,45136,833,126
1521,2017-08-12,1,11,10,1,620417,5925,271
1522,2017-08-13,1,8,0,3,510030,6135,403
1523,2017-08-14,1,4,4,1,408429,3095,242
1524,2017-08-18,1,8,6,1,587272,11579,704
1525,2017-08-19,1,4,4,1,261477,2262,168
1526,2017-08-20,1,5,12,1,547458,4827,631
1527,2017-08-25,1,8,6,1,786130,5836,634
1528,2017-08-26,1,6,0,1,62360,818,79
1529,2017-08-27,1,3,7,3,588802,5190,737
1530,2017-08-28,1,9,0,1,96786,1699,240
1531,2017-09-01,1,8,6,1,526215,9331,363
1532,2017-09-02,1,4,4,1,673223,6105,554
1533,2017-09-03,1,9,0,1,225713,2808,544
1534,2017-09-04,1,3,7,1,429835,3628,410
1535,2017-09-05,1,4,0,1,675688,4560,578
1536,2017-09-06,1,12,11,1,603341,4473,308
1537,2017-09-07,1,4,4,1,286054,3039,309
1538,2017-09-08,1,8,6,1,1108183,10621,573
1539,2017-09-09,1,4,4,1,993052,9470,1174
1540,2017-09-10,1,4,4,1,2714733,31246,2679
1541,2017-09-11,1,4,4,1,268924,1963,137
1542,2017-09-12,1,8,0,1,49232,690,127
1543,2017-09-13,1,4,4,1,1063852,9610,705
1544,2017-09-14,1,5,12,1,1330835,11910,1131
1545,2017-09-15,1,8,6,1,91365,1824,155
1546,2017-09-16,1,4,4,1,1371114,9915,918
1547,2017-09-17,1,4,4,1,747516,6293,540
1548,2017-09-22,1,8,6,1,534022,10516,408
1549,2017-09-23,1,8,0,1,282612,3068,464
1550,2017-09-24,1,4,4,1,537677,5066,713
1551,2017-09-27,1,4,4,3,1193712,14588,1538
1552,2017-09-28,1,4,4,1,683446,6135,818
1553,2017-09-29,1,8,6,1,1051436,19694,5225
1554,2017-09-30,1,4,4,1,1290576,10440,1313
1555,2017-10-01,1,1,0,1,891965,8768,765
1556,2017-10-04,1,11,10,1,5474922,43886,1477
1557,2017-10-05,1,4,4,1,833666,7458,1361
1558,2017-10-06,1,8,6,1,1127277,9884,393
1559,2017-10-07,1,11,10,1,1183137,8631,295
1560,2017-10-08,1,4,4,1,318668,3404,470
1561,2017-10-09,1,8,13,1,355005,6928,959
1562,2017-10-12,1,4,4,1,274326,2970,179
1563,2017-10-13,1,8,6,1,312001,3557,615
1564,2017-10-14,1,4,4,1,627011,5598,601
1565,2017-10-16,1,11,10,1,3082547,22143,733
1566,2017-10-18,1,7,9,1,559904,4494,970
1567,2017-10-20,1,8,6,1,129733,2782,274
1568,2017-10-21,1,5,0,1,544547,4990,1199
1569,2017-10-22,1,2,0,3,261285,2535,422
1570,2017-10-23,1,12,14,1,1263181,8369,442
1571,2017-10-24,1,1,0,1,205238,2345,225
1572,2017-10-26,1,3,7,1,1047191,8186,946
1573,2017-10-27,1,8,6,1,865763,13128,685
1574,2017-10-28,1,4,4,1,751622,5064,643
1575,2017-10-29,1,4,4,3,198776,2165,219
1576,2017-11-02,1,5,0,1,346387,3066,320
1577,2017-11-03,1,8,6,1,141696,2326,210
1578,2017-11-04,1,12,14,1,1077331,5903,276
1579,2017-11-05,1,5,0,1,914624,9375,657
1580,2017-11-06,1,5,0,1,669243,6128,634
1581,2017-11-07,1,12,8,1,782864,7143,471
1582,2017-11-08,1,12,8,1,1209928,8288,1066
1583,2017-11-09,1,4,4,3,217058,2240,286
1584,2017-11-10,1,8,6,1,461019,6574,812
1585,2017-11-11,1,12,11,1,257280,2160,234
1586,2017-11-12,1,1,0,1,225290,3628,429
1587,2017-11-13,1,7,9,1,965067,10642,1129
1588,2017-11-14,1,4,4,1,438389,3238,416
1589,2017-11-15,1,11,10,1,876648,6825,189
1590,2017-11-16,1,3,7,1,496009,4799,392
1591,2017-11-17,1,12,14,1,1311286,6320,280
1592,2017-11-18,1,2,0,1,161714,2092,203
1593,2017-11-19,1,4,4,1,760476,8832,497
1594,2017-11-20,1,4,4,1,339341,3151,460
1595,2017-11-21,1,4,4,1,256440,2127,291
1596,2017-11-22,1,11,10,1,1160836,8295,311
1597,2017-11-24,1,9,0,3,838874,5517,587
1598,2017-11-24,1,4,4,1,160845,2121,625
1599,2017-11-25,1,4,4,1,196290,2671,127
1600,2017-11-26,1,8,0,1,111765,1569,145
1601,2017-11-27,1,4,4,1,2047754,18904,3240
1602,2017-11-28,1,4,4,1,251545,3095,282
1603,2017-12-01,1,3,7,1,886749,5821,769
1604,2017-12-02,1,4,0,1,361863,3384,472
1605,2017-12-03,1,8,0,1,759938,6880,1140
1606,2017-12-08,1,12,8,1,855622,8281,525
1607,2017-12-09,1,8,6,1,1577126,21826,1740
1608,2017-12-10,1,9,0,1,425686,4281,297
1609,2017-12-15,1,4,4,1,183546,2868,245
1610,2017-12-16,1,12,14,1,1122439,10381,832
1611,2017-12-17,1,4,0,1,250618,2494,330
1612,2017-12-18,1,4,4,1,1373427,13505,2570
1613,2017-12-22,1,9,0,1,442525,6453,560
1614,2017-12-23,1,4,4,1,781922,5999,227
1615,2017-12-24,1,4,0,1,329860,3149,401
1616,2017-12-28,1,4,4,1,1250330,15859,1159
1617,2017-12-29,1,9,0,1,267722,3294,581
1618,2017-12-30,1,11,10,1,1904852,15327,364
1619,2017-12-31,1,8,6,1,474736,5778,290
1620,2018-01-01,1,12,8,1,707066,5477,304
1621,2018-01-02,1,9,0,1,478776,8131,477
1622,2018-01-03,1,3,0,1,297395,3414,484
1623,2018-01-06,1,4,4,1,313210,4300,347
1624,2018-01-07,1,4,0,1,463978,4667,423
1625,2018-01-08,1,12,8,1,613142,5335,446
1626,2018-01-10,1,12,0,1,1786074,15511,1390
1627,2018-01-13,1,5,0,1,259743,3903,451
1628,2018-01-14,1,3,0,1,1592570,11132,944
1629,2018-01-17,1,4,4,1,582552,5809,461
1630,2018-01-19,1,4,4,1,680289,7235,538
1631,2018-01-20,1,4,4,1,522886,5023,544
1632,2018-01-21,1,3,7,1,560073,4582,571
1633,2018-01-22,1,11,10,1,688925,7452,350
1634,2018-01-24,1,4,4,1,622676,7283,793
1635,2018-01-25,1,4,4,1,279110,3665,324
1636,2018-01-26,1,4,4,3,142478,2634,166
1637,2018-01-27,1,4,4,1,593963,5198,1489
1638,2018-01-28,1,9,0,1,1365062,12875,891
1639,2018-01-30,1,4,4,1,1108093,13296,2955
1640,2018-01-31,1,4,0,1,734680,5927,408
1641,2018-02-02,1,5,0,1,339433,4793,392
1642,2018-02-03,1,4,4,1,765016,7245,932
1643,2018-02-04,1,9,0,3,1686540,14030,1017
1644,2018-02-05,1,4,4,1,1081699,14069,1028
1645,2018-02-07,1,4,0,1,784771,8632,623
1646,2018-02-09,1,11,10,1,3598643,27884,1069
1647,2018-02-10,1,9,0,1,929993,7227,839
1648,2018-02-13,1,1,0,1,300423,4203,378
1649,2018-02-14,1,4,0,1,358832,4116,442
1650,2018-02-15,1,1,0,1,278587,5211,381
1651,2018-02-16,1,9,0,1,225696,2072,163
1652,2018-02-17,1,8,0,1,387021,4306,275
1653,2018-02-18,1,12,8,1,314042,2983,243
1654,2018-02-19,1,3,7,1,1199994,9597,786
1655,2018-02-23,1,12,8,1,275027,2854,151
1656,2018-02-24,1,1,0,1,1050142,12996,2982
1657,2018-02-26,1,4,4,1,494161,4578,269
1658,2018-02-28,1,4,4,1,332589,2431,252
1659,2018-03-02,1,3,7,1,2371949,18428,1325
1660,2018-03-03,1,5,0,1,223171,4277,1330
1661,2018-03-04,1,12,8,1,248703,2983,333
1662,2018-03-08,1,8,0,1,417043,4859,330
1663,2018-03-09,1,4,4,1,384291,4360,330
1664,2018-03-10,1,8,0,1,1143059,21516,6100
1665,2018-03-12,1,1,0,1,154431,2291,416
1666,2018-03-14,1,4,0,1,685588,7730,710
1667,2018-03-15,1,9,0,1,402251,4697,413
1668,2018-03-16,1,9,0,1,2995470,21971,1710
1669,2018-03-18,1,8,13,1,493080,12713,1490
1670,2018-03-21,1,4,0,1,587571,5079,591
1671,2018-03-22,1,4,4,1,640956,6137,910
1672,2018-03-23,1,4,4,1,705365,6467,366
1673,2018-03-24,1,9,0,1,1578651,18287,1716
1674,2018-03-28,1,4,4,1,377077,4756,470
1675,2018-03-30,1,9,0,1,435121,4804,583
1676,2018-03-31,1,3,7,1,1178466,9329,930
1677,2018-04-01,1,4,4,3,824859,8940,1265
1678,2018-04-02,1,3,7,1,681121,6294,796
1679,2018-04-04,1,4,0,1,362882,4855,492
1680,2018-04-05,1,3,7,1,664055,6435,801
1681,2018-04-08,1,8,0,1,1147124,14800,1128
1682,2018-04-13,1,3,7,1,2455636,31416,3343
1683,2018-04-14,1,8,13,1,449925,13892,1539
1684,2018-04-15,1,7,9,1,2315560,23287,2415
1685,2018-04-18,1,4,4,1,911567,13059,985
1686,2018-04-20,1,5,0,1,877271,9257,1519
1687,2018-04-21,1,5,15,1,2694898,26801,1496
1688,2018-04-27,1,12,8,1,452219,5520,545
1689,2018-04-28,1,5,15,1,1809542,18582,1108
1690,2018-04-29,1,5,0,1,1142795,10996,1348
1691,2018-05-04,1,12,0,1,333120,3476,325
1692,2018-05-05,1,5,15,1,889238,15931,943
1693,2018-05-10,1,8,0,1,863380,12609,626
1694,2018-05-11,1,5,0,1,427192,4389,473
1695,2018-05-12,1,5,15,1,2735621,27584,3712
1696,2018-05-13,1,11,10,1,2722716,18326,810
1697,2018-05-16,1,4,0,1,1154629,5368,529
1698,2018-05-18,1,4,4,1,442861,7498,593
1699,2018-05-19,1,5,15,1,2224234,22625,1271
1700,2018-05-20,1,7,9,1,590416,5188,568
1701,2018-05-23,1,3,7,1,800226,6575,757
1702,2018-05-25,1,4,4,3,611237,7514,421
1703,2018-05-26,1,5,15,1,894195,8247,608
1704,2018-05-27,1,2,0,3,234082,3842,337
1705,2018-05-30,1,5,0,1,692472,7329,777
1706,2018-05-31,1,5,0,1,393691,7113,841
1707,2018-06-01,1,9,0,1,406851,9252,616
1708,2018-06-02,1,5,15,3,1214889,9396,791
1709,2018-06-03,1,4,0,1,399430,4793,560
1710,2018-06-05,1,8,0,1,968017,8465,647
1711,2018-06-08,1,3,0,1,1462936,10847,1434
1712,2018-06-09,1,5,15,3,403127,4742,375
1713,2018-06-10,1,7,0,1,256190,4375,387
1714,2018-06-13,1,5,0,1,343899,4180,502
1715,2018-06-15,1,8,13,1,635408,12062,2319
1716,2018-06-16,1,5,15,1,1002925,11515,794
1717,2018-06-17,1,4,4,1,487797,5729,896
1718,2018-06-18,1,4,4,1,868327,7228,783
1719,2018-06-20,1,4,4,1,839139,7864,835
1720,2018-06-22,1,3,0,1,965322,7535,713
1721,2018-06-23,1,5,15,1,1531979,13615,1146
1722,2018-06-24,1,4,4,1,537382,7565,562
1723,2018-06-29,1,1,0,1,389469,5262,907
1724,2018-06-30,1,5,15,1,2395023,18991,2470
1725,2018-07-01,1,4,4,1,243155,3401,429
1726,2018-07-03,1,9,0,3,1455645,13103,1595
1727,2018-07-04,1,3,0,3,390580,4898,706
1728,2018-07-05,1,4,4,1,885787,10959,1760
1729,2018-07-06,1,9,0,1,241540,3138,716
1730,2018-07-07,1,5,15,1,1902885,25659,4132
1731,2018-07-08,1,4,4,1,453386,5603,740
1732,2018-07-09,1,5,0,1,972903,12301,2939
1733,2018-07-10,1,4,4,1,664010,6826,832
1734,2018-07-11,1,4,4,1,525311,6254,1142
1735,2018-07-13,1,3,0,1,1322921,10969,3365
1736,2018-07-14,1,4,4,1,224712,3136,365
1737,2018-07-15,1,4,4,1,323610,3684,687
1738,2018-07-16,1,4,4,1,349292,4704,1251
1739,2018-07-20,1,5,15,1,5595628,64062,4216
1740,2018-07-21,1,4,4,1,556906,6897,1006
1741,2018-07-22,1,4,4,3,822232,7442,986
1742,2018-07-23,1,3,7,1,379066,5851,488
1743,2018-07-24,1,12,14,3,468997,5166,528
1744,2018-07-25,1,4,4,1,1315312,33689,4584
1745,2018-07-27,1,4,4,1,1296845,16259,1230
1746,2018-07-28,1,1,0,1,1988949,33209,2284
1747,2018-07-29,1,5,0,1,466048,6174,1626
1748,2018-07-30,1,1,0,1,590465,24070,3733
1749,2018-08-01,1,8,0,1,526752,6991,1461
1750,2018-08-03,1,12,0,3,275456,3656,379
1751,2018-08-04,1,4,4,3,340443,4658,463
1752,2018-08-05,1,5,0,1,898574,15727,1731
1753,2018-08-08,1,4,4,1,570271,10798,1878
1754,2018-08-10,1,8,13,1,832828,17082,1486
1755,2018-08-11,1,3,7,1,347077,4869,474
1756,2018-08-12,1,3,7,3,842560,7514,980
1757,2018-08-14,1,9,0,1,592602,8597,1198
1758,2018-08-15,1,5,0,1,890415,10328,954
1759,2018-08-16,1,5,0,3,591082,5929,1033
1760,2018-08-17,1,9,0,1,222692,3021,347
1761,2018-08-18,1,12,14,1,2062049,17296,1660
1762,2018-08-19,1,1,0,1,1747304,17990,1248
1763,2018-08-20,1,1,0,1,946964,15152,1442
1764,2018-08-22,1,3,0,1,642593,6951,1353
1765,2018-08-25,1,3,0,1,780337,9035,640
1766,2018-08-26,1,4,0,1,273491,5060,569
1767,2018-08-28,1,1,0,1,633146,7351,810
1768,2018-08-31,1,9,0,1,818269,15517,2055
1769,2018-09-01,1,1,0,1,600731,7587,855
1770,2018-09-06,1,4,4,1,446513,5218,561
1771,2018-09-08,1,5,15,1,519420,6704,1392
1772,2018-09-11,1,1,0,1,539948,12850,1513
1773,2018-09-13,1,5,0,1,1489601,35249,1375
1774,2018-09-15,1,5,0,1,475221,5231,897
1775,2018-09-18,1,3,7,1,487716,6581,973
1776,2018-09-21,1,4,0,1,507560,5394,855
1777,2018-09-22,1,3,0,1,1004063,9062,1652
1778,2018-09-23,1,3,0,3,212688,4071,411
1779,2018-09-26,1,12,8,1,328571,3904,526
1780,2018-09-27,1,8,0,3,863337,10155,1100
1781,2018-09-28,1,4,4,1,407820,5106,334
1782,2018-09-29,1,4,0,1,1754094,19466,2797
1783,2018-09-30,1,3,0,1,2151284,20533,1482
1784,2018-10-05,1,11,0,1,631477,8282,857
1785,2018-10-06,1,5,15,1,493140,6040,867
1786,2018-10-10,1,5,0,1,668286,7901,594
1787,2018-10-14,1,8,0,3,202128,4972,344
1788,2018-10-15,1,9,0,1,301153,5457,860
1789,2018-10-19,1,4,4,1,505360,5565,600
1790,2018-10-20,1,4,4,1,355508,5151,956
1791,2018-10-21,1,1,0,1,1087987,18066,1984
1792,2018-10-22,1,5,0,1,1163359,13361,1753
1793,2018-10-24,1,4,4,1,698277,5117,879
1794,2018-10-26,1,9,0,1,504338,6855,996
1795,2018-10-27,1,8,0,1,1481418,15194,1261
1796,2018-11-02,1,11,0,1,1650163,12347,1272
1797,2018-11-03,1,13,0,1,334355,4698,613
1798,2018-11-07,1,3,0,3,477316,5902,615
1799,2018-11-08,1,8,0,1,2374065,26485,2663
1800,2018-11-09,1,4,0,3,1015709,8393,943
1801,2018-11-10,1,3,7,1,462130,5324,582
1802,2018-11-15,1,3,0,1,823199,11778,460
1803,2018-11-16,1,5,15,3,959360,11933,1141
1804,2018-11-17,1,5,0,3,555555,13160,1036
1805,2018-11-18,1,4,4,3,1244401,12574,1379
1806,2018-11-24,1,8,13,1,1155583,18371,3915
1807,2018-11-25,1,4,0,1,649933,9861,1487
1808,2018-11-27,1,2,0,1,349490,4976,751
1809,2018-11-30,1,1,0,1,455497,6142,1056
1810,2018-12-01,1,8,16,1,1952936,24758,1608
1811,2018-12-02,1,4,0,1,1505893,13707,1180
1812,2018-12-03,1,1,0,3,886152,14066,1097
1813,2018-12-04,1,1,0,1,882255,3572,426
1814,2018-12-06,1,1,0,1,783115,25001,2516
1815,2018-12-07,1,8,0,1,990783,6013,481
1816,2018-12-08,1,8,16,1,2196342,29696,1367
1817,2018-12-09,1,4,0,1,311358,5693,898
1818,2018-12-11,1,5,0,1,474023,6900,853
1819,2018-12-12,1,4,0,1,219685,2575,399
1820,2018-12-13,1,1,0,1,684637,16024,1675
1821,2018-12-14,1,5,0,1,1278108,12221,807
1822,2018-12-15,1,8,16,1,929539,11177,1371
1823,2018-12-16,1,3,0,1,2009234,25368,2583
1824,2018-12-21,1,5,15,1,590624,4681,1334
1825,2018-12-22,1,8,16,1,7332855,56884,5770
1826,2018-12-23,1,3,0,1,622593,8405,2003
1827,2018-12-24,1,5,0,1,372429,4622,720
1828,2018-12-26,1,8,13,1,374868,9316,1299
1829,2018-12-27,1,1,0,1,1340956,24142,1185
1830,2018-12-28,1,4,0,1,495172,4212,401
1831,2018-12-29,1,8,16,1,2071064,21699,1092
1832,2018-12-31,1,4,0,1,901312,12199,945
1833,2019-01-04,1,3,0,1,492816,7383,1182
1834,2019-01-05,1,8,16,1,2012538,23809,1122
1835,2019-01-06,1,4,0,1,1121075,16346,1280
1836,2019-01-08,1,8,16,3,771760,6751,545
1837,2019-01-11,1,4,4,1,548513,6459,886
1838,2019-01-12,1,8,16,1,377069,4697,298
1839,2019-01-13,1,8,0,1,455418,6556,884
1840,2019-01-15,1,1,0,3,646438,6626,750
1841,2019-01-18,1,4,0,1,506134,5857,711
1842,2019-01-19,1,8,16,1,1000400,8955,768
1843,2019-01-25,1,1,0,1,458015,5879,809
1844,2019-01-26,1,8,16,1,1625715,22977,1964
1845,2019-01-30,1,13,0,1,1690055,24283,1170
1846,2019-01-31,1,4,0,3,1546000,14176,1791
1847,2019-02-02,1,8,16,1,2737803,35875,4337
1848,2019-02-04,1,9,0,1,1024416,9870,991
1849,2019-02-09,1,8,16,1,945921,11638,792
1850,2019-02-10,1,8,13,1,1038849,23095,1849
1851,2019-02-16,1,8,16,1,851576,12663,1032
1852,2019-02-17,1,11,10,1,3277469,33570,1745
1853,2019-02-23,1,8,16,1,2440445,20686,2209
1854,2019-02-24,1,3,0,1,726089,8046,1066
1855,2019-02-27,1,5,0,3,245725,3023,330
1856,2019-02-28,1,8,13,1,339381,4600,388
1857,2019-03-01,1,5,0,1,1075958,8950,1888
1858,2019-03-02,1,8,16,1,816356,9834,1272
1859,2019-03-06,1,12,17,1,2274375,23571,2395
1860,2019-03-09,1,8,16,1,809976,12686,642
1861,2019-03-13,1,3,0,1,601060,8240,771
1862,2019-03-14,1,13,0,3,456401,5002,443
1863,2019-03-15,1,9,0,1,830424,11290,1105
1864,2019-03-16,1,8,16,1,456704,7795,736
1865,2019-03-19,1,12,17,1,598630,10553,811
1866,2019-03-21,1,8,0,1,797308,13116,3386
1867,2019-03-23,1,8,16,1,1923929,24457,1108
1868,2019-03-25,1,12,17,1,744414,6611,494
1869,2019-03-26,1,4,0,1,425405,5503,473
1870,2019-03-28,1,8,0,1,493638,5771,669
1871,2019-03-29,1,8,16,1,710634,13928,1457
1872,2019-03-30,1,8,16,1,10596964,168330,11104
1873,2019-04-01,1,1,0,1,1070267,11333,827
1874,2019-04-05,1,5,0,1,988057,15469,1553
1875,2019-04-06,1,8,16,1,3022487,44400,1467
1876,2019-04-11,1,12,17,1,1289488,21406,1253
1877,2019-04-13,1,8,16,1,829716,10789,634
1878,2019-04-15,1,3,0,1,689707,7791,596
1879,2019-04-20,1,8,16,1,2654513,28151,1410
1880,2019-04-21,1,4,0,1,2039623,26547,2857
1881,2019-04-24,1,12,17,1,1236377,11903,787
1882,2019-04-26,1,4,0,1,411272,4256,593
1883,2019-04-27,1,8,16,1,1285139,12938,1105
1884,2019-05-04,1,8,16,1,1306541,24943,1525
1885,2019-05-05,1,12,17,1,1624398,17574,1100
1886,2019-05-07,1,4,0,1,583796,6801,1215
1887,2019-05-11,1,8,16,1,1821193,17909,1757
1888,2019-05-12,1,12,17,1,1034286,11986,963
1889,2019-05-17,1,9,0,1,294242,4257,339
1890,2019-05-18,1,8,16,1,1044952,17384,977
1891,2019-05-21,1,5,0,3,993643,10283,1079
1892,2019-05-24,1,3,0,1,1510663,12178,1149
1893,2019-05-25,1,8,16,1,889807,12912,1178
1894,2019-05-30,1,12,17,1,1591554,17466,2341
1895,2019-06-01,1,8,16,1,2222571,19765,1481
1896,2019-06-07,1,4,0,1,271457,3389,417
1897,2019-06-08,1,8,16,1,322494,5758,405
1898,2019-06-09,1,5,0,3,420269,8969,1540
1899,2019-06-13,1,5,0,1,444958,10283,920
1900,2019-06-14,1,8,16,1,563085,12260,1086
1901,2019-06-15,1,8,16,1,9911712,107291,11851
1902,2019-06-16,1,4,0,1,523751,6869,1114
1903,2019-06-18,1,4,0,1,280874,3448,379
1904,2019-06-20,1,4,0,3,216856,3150,249
1905,2019-06-21,1,8,0,1,347048,4007,1086
1906,2019-06-22,1,8,16,1,730046,7615,856
1907,2019-06-27,1,12,17,1,336978,3137,480
1908,2019-06-28,1,5,0,1,3158431,31794,1632
1909,2019-06-29,1,8,16,1,1011563,14307,1784
1910,2019-06-30,1,4,0,1,737296,2952,312
1911,2019-07-04,1,8,0,1,431358,9005,480
1912,2019-07-06,1,8,16,1,1806732,23864,1684
1913,2019-07-08,1,13,0,1,557960,6007,567
1914,2019-07-09,1,4,0,1,435943,5704,1222
1915,2019-07-11,1,5,0,1,3357570,123862,13198
1916,2019-07-13,1,8,16,1,659824,10771,1026
1917,2019-07-15,1,5,0,3,223932,3301,548
1918,2019-07-18,1,4,0,1,297731,3672,490
1919,2019-07-19,1,11,10,1,227015,3462,551
1920,2019-07-20,1,8,16,1,761769,8674,536
1921,2019-07-21,1,5,0,1,443254,5964,1270
1922,2019-07-21,1,12,0,1,595265,7778,1849
1923,2019-07-22,1,4,0,1,219813,2676,246
1924,2019-07-24,1,1,0,1,654590,10491,1426
1925,2019-07-25,1,1,0,1,175234,2966,514
1926,2019-07-26,1,4,0,1,578841,7628,1167
1927,2019-07-27,1,8,16,1,888105,15182,890
1928,2019-07-28,1,5,0,1,906711,10328,916
1929,2019-07-31,1,4,0,1,664788,7779,950
1930,2019-08-02,1,4,0,1,239999,3839,326
1931,2019-08-03,1,8,16,1,420020,5804,824
1932,2019-08-04,1,4,0,1,928908,12271,1888
1933,2019-08-07,1,1,0,1,2273987,15209,1976
1934,2019-08-10,1,8,16,1,1030705,12307,702
1935,2019-08-14,1,8,0,1,105741,1600,99
1936,2019-08-15,1,4,0,1,439108,6043,756
1937,2019-08-17,1,8,16,1,585657,9578,665
1938,2019-08-19,1,5,0,1,378072,4500,387
1939,2019-08-22,1,5,0,1,110780,2076,261
1940,2019-08-23,1,5,0,1,710601,9611,757
1941,2019-08-24,1,8,16,1,441345,8211,1382
1942,2019-08-25,1,4,0,1,328959,4846,313
1943,2019-08-28,1,8,0,1,387305,4602,422
1944,2019-08-28,1,13,0,1,1291733,11169,1807
1945,2019-08-30,1,2,0,1,864796,10581,1566
1946,2019-08-31,1,8,16,1,1449640,19314,1468
1947,2019-09-01,1,4,0,3,1617290,6201,608
1948,2019-09-02,1,11,0,1,2489581,25530,1746
1949,2019-09-07,1,8,16,1,1306681,12913,1327
1950,2019-09-10,1,5,0,1,414732,6134,486
1951,2019-09-12,1,5,0,1,507073,6753,795
1952,2019-09-13,1,1,0,1,1021417,22238,2708
1953,2019-09-14,1,8,16,1,1343136,16398,1950
1954,2019-09-18,1,1,0,1,913439,6823,458
1955,2019-09-19,1,4,0,1,659786,7352,999
1956,2019-09-20,1,4,0,1,568338,10513,2860
1957,2019-09-21,1,8,16,1,1199438,20335,2099
1958,2019-09-23,1,4,4,1,151861,2255,346
1959,2019-09-24,1,4,0,1,495138,7531,376
1960,2019-09-28,1,8,16,1,451206,6302,435
1961,2019-09-29,1,1,0,1,487437,5691,399
1962,2019-09-30,1,7,0,1,972768,11340,894
1963,2019-10-03,1,4,0,1,306538,5619,773
1964,2019-10-04,1,5,0,1,450958,6063,1032
1965,2019-10-05,1,8,16,3,501067,8108,321
1966,2019-10-06,1,4,0,1,1149729,16926,2054
1967,2019-10-08,1,13,0,1,1363756,11240,1146
1968,2019-10-11,1,4,0,1,889285,8789,869
1969,2019-10-12,1,8,16,1,346173,4131,450
1970,2019-10-17,1,5,0,1,487921,13648,1500
1971,2019-10-18,1,1,0,1,292067,6706,714
1972,2019-10-19,1,8,16,1,486461,5070,447
1973,2019-10-23,1,4,0,1,342128,4068,510
1974,2019-10-24,1,5,0,1,1342730,10762,1103
1975,2019-10-26,1,8,16,1,221405,3606,354
1976,2019-10-28,1,4,0,1,585660,6487,494
1977,2019-10-31,1,4,0,1,382305,3417,478
1978,2019-11-02,1,8,16,1,942568,17963,1999
1979,2019-11-09,1,1,0,1,1081715,16014,2615
1980,2019-11-11,1,4,0,1,676354,7127,701
1981,2019-11-13,1,5,0,1,1493101,15468,1341
1982,2019-11-15,1,4,0,1,530372,6259,847
1983,2019-11-17,1,4,0,1,929195,24354,1430
1984,2019-11-20,1,1,0,1,447954,4872,398
1985,2019-11-22,1,13,0,1,340554,3572,449
1986,2019-11-26,1,12,17,1,824049,11511,777
1987,2019-11-29,1,3,0,3,1206101,5121,838
1988,2019-12-01,1,4,0,1,171373,2976,420
1989,2019-12-03,1,1,0,1,970439,8057,727
1990,2019-12-04,1,1,0,1,1197998,18572,1842
1991,2019-12-07,1,8,0,1,880234,14051,2042
1992,2019-12-08,1,8,0,1,1063187,14143,876
1993,2019-12-10,1,4,0,1,245084,3648,343
1994,2019-12-12,1,4,0,1,623967,10063,805
1995,2019-12-17,1,4,0,1,612068,6751,899
1996,2019-12-21,1,8,0,1,1251909,17608,889
1997,2019-12-22,1,3,0,1,746118,7658,462
1998,2019-12-24,1,1,0,1,297163,6524,1344
1999,2019-12-26,1,1,0,1,860071,10725,1886
2000,2019-12-28,1,3,0,1,685317,9186,810
2001,2019-12-31,1,1,0,1,751232,10139,740
2002,2020-01-02,1,4,0,1,844759,9385,738
2003,2020-01-05,1,1,0,1,1355679,19011,1228
2004,2020-01-09,1,4,0,1,495375,4696,569
2005,2020-01-10,1,1,0,3,742719,5681,475
2006,2020-01-12,1,12,0,1,297969,5151,196
2007,2020-01-14,1,4,0,1,485183,5245,466
2008,2020-01-17,1,8,0,1,142847,2107,192
2009,2020-01-18,1,5,0,1,736704,11944,856
2010,2020-01-21,1,3,0,1,883424,10341,532
2011,2020-01-22,1,1,0,1,747834,6705,1237
2012,2020-01-24,1,13,0,3,906174,9081,1140
2013,2020-01-30,1,1,0,1,374046,5098,413
2014,2020-01-31,1,1,0,1,686469,9338,1348
2015,2020-02-04,1,3,0,1,435145,4932,283
2016,2020-02-08,1,4,0,1,194360,2266,259
2017,2020-02-11,1,4,0,1,464574,6889,2642
2018,2020-02-14,1,8,0,1,200484,5592,609
2019,2020-02-18,1,13,0,1,984971,14201,1465
2020,2020-02-21,1,1,0,1,868240,14332,2036
2021,2020-02-24,1,1,0,1,521624,6477,1175
2022,2020-02-27,1,4,0,3,1073902,11122,1124
2023,2020-03-01,1,4,0,1,382200,5107,1098
2024,2020-03-04,1,1,0,1,288908,4910,521
2025,2020-03-05,1,8,0,1,376962,4561,338
2026,2020-03-07,1,13,0,3,622291,7482,480
2027,2020-03-08,1,4,0,1,636682,12561,1425
2028,2020-03-10,1,4,0,1,280058,5104,416
2029,2020-03-14,1,1,0,1,203601,3936,573
2030,2020-03-15,1,13,0,1,534021,6179,759
2031,2020-03-17,1,3,0,1,771272,7520,556
2032,2020-03-19,1,3,0,1,193573,3190,327
2033,2020-03-21,1,4,0,1,512331,7865,618
2034,2020-03-28,1,2,0,1,795363,9615,1590
2035,2020-03-30,1,3,0,1,424634,6671,719
2036,2020-04-03,1,4,4,1,434088,5174,1135
2037,2020-04-08,1,3,0,1,325680,4905,562
2038,2020-04-10,1,13,0,1,779115,8305,760
2039,2020-04-14,1,3,0,1,1427695,16688,2024
2040,2020-04-16,1,12,17,1,706619,11014,1559
2041,2020-04-18,1,4,0,3,494003,5928,882
2042,2020-04-21,1,10,18,1,1779573,18481,3343
2043,2020-04-23,1,7,0,1,714579,13804,3027
2044,2020-04-26,1,4,0,3,804453,11784,1688
2045,2020-04-27,1,5,15,1,2982059,27028,1744
2046,2020-05-03,1,3,0,1,820975,9768,1167
2047,2020-05-04,1,5,15,1,1587894,16659,1229
2048,2020-05-05,1,14,0,3,2336449,49198,4222
2049,2020-05-10,1,5,0,1,401690,8248,581
2050,2020-05-11,1,5,15,1,1635631,17134,1025
2051,2020-05-13,1,1,0,1,373723,6541,714
2052,2020-05-16,1,1,0,1,433498,5921,778
2053,2020-05-17,1,10,18,1,796613,7326,1214
2054,2020-05-18,1,5,15,1,2405247,25802,2309
2055,2020-05-21,1,4,0,3,169226,2710,209
2056,2020-05-22,1,10,18,1,3738401,34931,3710
2057,2020-05-25,1,5,15,3,934909,15679,1257
2058,2020-05-27,1,8,0,1,243846,3763,330
2059,2020-05-28,1,1,0,1,912870,14373,3426
2060,2020-05-29,1,4,0,1,699898,8363,976
2061,2020-05-30,1,10,18,1,630677,10048,870
2062,2020-05-31,1,13,0,1,424586,5419,529
2063,2020-06-01,1,5,15,1,940589,21306,1731
2064,2020-06-05,1,1,0,1,344212,4711,630
2065,2020-06-08,1,5,15,1,596438,8213,685
2066,2020-06-13,1,4,0,1,220019,3487,300
2067,2020-06-14,1,1,0,1,173100,2453,301
2068,2020-06-15,1,5,15,1,713010,11162,728
2069,2020-06-16,1,2,0,1,280068,3373,357
2070,2020-06-22,1,5,15,1,580685,7197,596
2071,2020-06-23,1,10,18,1,2181068,18487,1770
2072,2020-06-25,1,5,0,3,546300,7694,471
2073,2020-06-28,1,4,0,1,220161,4581,1179
2074,2020-06-29,1,5,15,1,2877145,24653,1964
2075,2020-06-30,1,4,0,1,530401,6412,741
2076,2020-07-01,1,3,0,1,652220,8910,1501
2077,2020-07-02,1,5,0,1,239234,3897,285
2078,2020-07-04,1,5,0,1,1064196,13219,924
2079,2020-07-06,1,5,15,1,1705944,19033,1647
2080,2020-07-08,1,12,0,1,636911,6738,965
2081,2020-07-11,1,5,0,1,338634,4692,336
2082,2020-07-13,1,5,15,1,1102224,11984,1321
2083,2020-07-14,1,2,0,1,236848,3497,504
2084,2020-07-16,1,1,0,1,576673,6592,721
2085,2020-07-17,1,1,0,3,450762,3721,348
2086,2020-07-18,1,8,0,1,498986,7516,1121
2087,2020-07-20,1,5,15,1,1564412,15808,1087
2088,2020-07-23,1,13,0,3,1399538,15566,1858
2089,2020-07-26,1,12,17,1,1909246,20988,2335
2090,2020-07-27,1,5,15,1,1864969,23206,2545
2091,2020-07-28,1,8,13,1,446147,9251,736
2092,2020-08-02,1,10,18,1,960902,7376,1193
2093,2020-08-03,1,5,15,1,1320327,17701,1071
2094,2020-08-04,1,2,0,3,525048,7807,1196
2095,2020-08-09,1,1,0,3,420428,5594,596
2096,2020-08-10,1,5,15,3,2043065,21539,1482
2097,2020-08-12,1,10,18,1,628011,4879,704
2098,2020-08-14,1,4,0,3,478655,5840,555
2099,2020-08-15,1,5,0,1,580894,9810,771
2100,2020-08-17,1,5,15,1,1026620,15547,1344
2101,2020-08-22,1,4,0,1,296834,4392,781
2102,2020-08-23,1,4,0,1,695409,5422,657
2103,2020-08-24,1,5,15,1,885955,11583,1198
2104,2020-08-25,1,5,0,1,525419,13508,1184
2105,2020-08-28,1,13,0,1,1316111,34392,3860
2106,2020-08-31,1,5,15,3,932434,10387,916
2107,2020-09-01,1,3,0,3,572565,7631,579
2108,2020-09-03,1,3,0,1,1991654,20759,819
2109,2020-09-04,1,8,0,1,1300443,15680,949
2110,2020-09-07,1,5,15,3,1385162,13729,1746
2111,2020-09-10,1,2,0,3,357902,4982,868
2112,2020-09-14,1,5,15,1,1144632,8719,1032
2113,2020-09-19,1,7,0,1,747630,11301,694
2114,2020-09-20,1,5,0,1,229748,4395,516
2115,2020-09-22,1,5,15,3,678369,7462,669
2116,2020-09-23,1,4,0,3,367214,4027,693
2117,2020-09-24,1,13,0,3,440449,5533,461
2118,2020-09-25,1,4,0,1,550718,8526,539
2119,2020-09-27,1,10,18,1,2697429,18079,1994
2120,2020-09-28,1,5,15,1,1872088,16665,596
2121,2020-09-29,1,4,0,1,418020,5848,795
2122,2020-10-05,1,5,15,3,504217,6819,434
2123,2020-10-06,1,10,18,1,534300,4412,450
2124,2020-10-07,1,4,0,1,1042450,10032,975
2125,2020-10-11,1,10,18,1,801260,5573,1017
2126,2020-10-12,1,5,15,1,734052,8087,879
2127,2020-10-19,1,5,15,1,526118,5915,906
2128,2020-10-20,1,13,0,1,946381,8259,902
2129,2020-10-23,1,1,0,4,326815,3999,357
2130,2020-10-26,1,4,0,3,1290946,17287,1578
2131,2020-10-26,1,5,15,1,1107389,12767,983
2132,2020-11-02,1,5,15,1,2177329,34427,2320
2133,2020-11-03,1,8,13,1,1294707,32621,2727
2134,2020-11-04,1,1,0,1,282945,5587,526
2135,2020-11-05,1,10,18,1,630327,5358,348
2136,2020-11-09,1,5,15,3,670700,7840,917
2137,2020-11-12,1,10,18,1,1827641,15440,1165
2138,2020-11-13,1,5,0,3,366720,6383,445
2139,2020-11-16,1,5,15,3,827369,8247,773
2140,2020-11-19,1,4,4,1,963493,12088,1273
2141,2020-11-19,1,8,0,1,360068,7291,536
2142,2020-11-20,1,1,0,4,375870,4608,817
2143,2020-11-22,1,4,4,3,1211746,13456,2492
2144,2020-11-23,1,5,15,1,1023927,11095,696
2145,2020-11-24,1,4,0,1,630661,8178,665
2146,2020-11-30,1,5,15,3,835825,9027,679
2147,2020-12-03,1,4,0,3,446068,2351,235
2148,2020-12-03,1,1,0,1,1102668,19582,2118
2149,2020-12-05,1,13,0,3,847053,14640,1545
2150,2020-12-07,1,5,15,3,1031200,15000,1398
2151,2020-12-08,1,5,0,1,932762,11829,1722
2152,2020-12-09,1,1,0,3,661900,8141,919
2153,2020-12-11,1,3,0,1,638982,6561,456
2154,2020-12-13,1,4,4,1,376855,5783,298
2155,2020-12-14,1,5,15,1,1220895,12231,1462
2156,2020-12-15,1,4,0,1,248633,2727,438
2157,2020-12-20,1,10,18,1,772085,6361,1125
2158,2020-12-21,1,5,15,1,2096888,16835,1182
2159,2020-12-23,1,4,0,1,552510,5927,440
2160,2020-12-26,1,1,0,1,674320,17026,1044
2161,2020-12-28,1,5,15,3,1149438,13586,1587
2162,2020-12-29,1,4,4,1,545905,7600,1039
2163,2020-12-30,1,11,0,1,200280,3275,299
2164,2020-12-31,1,8,0,1,593033,8748,221
2165,2021-01-03,1,13,0,1,263897,4113,437
2166,2021-01-04,1,5,15,1,2809267,26552,1789
2167,2021-01-08,1,1,0,1,547052,7654,548
2168,2021-01-09,1,1,0,1,946103,11854,771
2169,2021-01-11,1,5,15,3,690250,7119,2047
2170,2021-01-15,1,8,13,1,835804,23721,2326
2171,2021-01-18,1,5,15,3,869658,11243,1463
2172,2021-01-19,1,4,0,1,612765,7369,765
2173,2021-01-20,1,1,0,1,369957,3715,396
2174,2021-01-24,1,4,4,3,908684,13210,18481
2175,2021-01-25,1,5,15,1,2331605,19005,1609
2176,2021-01-29,1,4,4,1,430077,6045,1098
2177,2021-01-31,1,4,0,1,1108964,10964,856
2178,2021-02-01,1,5,15,3,1255773,22426,1882
2179,2021-02-02,1,5,0,3,403647,4218,575
2180,2021-02-03,1,4,4,1,332623,4496,738
2181,2021-02-06,1,4,0,3,782096,7801,1204
2182,2021-02-08,1,5,15,1,1292407,9090,1092
2183,2021-02-09,1,8,0,1,338370,6200,338
2184,2021-02-15,1,5,15,3,1398411,18325,1302
2185,2021-02-22,1,5,15,1,1279777,11966,1114
2186,2021-02-25,1,12,0,1,189049,4518,384
2187,2021-02-26,1,13,0,1,263695,3592,334
2188,2021-03-01,1,5,15,1,735399,9278,977
2189,2021-03-06,1,10,18,1,1470777,11033,1086
2190,2021-03-08,1,5,15,1,697659,9045,629
2191,2021-03-10,1,4,0,1,116935,2126,493
2192,2021-03-15,1,5,15,3,946355,8890,1032
2193,2021-03-16,1,10,18,1,385319,3050,688
2194,2021-03-17,1,8,0,1,1181965,19187,1266
2195,2021-03-22,1,5,15,1,928100,10221,816
2196,2021-03-23,1,2,0,1,236583,3146,359
2197,2021-03-24,1,4,4,1,117157,1825,169
2198,2021-03-25,1,4,0,3,213513,4514,326
2199,2021-03-26,1,2,0,1,620734,5396,1128
2200,2021-03-27,1,11,10,1,369283,4559,284
2201,2021-03-28,1,4,4,3,251674,2768,210
2202,2021-03-29,1,5,15,1,1113217,11590,1742
2203,2021-03-31,1,2,0,3,324350,3427,406
2204,2021-04-03,1,4,4,1,342254,4618,867
2205,2021-04-04,1,8,0,1,412137,4757,525
2206,2021-04-05,1,5,15,3,1311729,11791,892
2207,2021-04-06,1,12,17,1,480600,7518,465
2208,2021-04-11,1,4,4,3,437801,6086,725
2209,2021-04-12,1,5,15,1,593615,6173,593
2210,2021-04-13,1,12,17,1,435311,4869,255
2211,2021-04-14,1,4,4,1,440747,9734,519
2212,2021-04-16,1,13,0,1,221418,1546,149
2213,2021-04-17,1,3,7,1,332661,4904,281
2214,2021-04-18,1,4,4,1,423606,6573,2338
2215,2021-04-19,1,5,15,1,1463253,13495,1302
2216,2021-04-21,1,12,17,1,1244744,10008,569
2217,2021-04-22,1,4,4,1,219761,4337,347
2218,2021-04-24,1,4,4,3,541194,6912,565
2219,2021-04-26,1,5,15,1,1207555,17636,1268
2220,2021-04-29,1,4,0,1,171561,2848,533
2221,2021-04-30,1,4,4,1,156645,1631,119
2222,2021-05-01,1,13,0,1,597066,6960,780
2223,2021-05-03,1,5,15,1,734733,7653,1163
2224,2021-05-04,1,12,17,1,378938,5442,478
2225,2021-05-07,1,4,4,1,155858,2790,320
2226,2021-05-09,1,4,4,3,1370833,17717,4108
2227,2021-05-10,1,5,15,3,788813,9731,1005
2228,2021-05-12,1,4,4,1,274119,3666,287
2229,2021-05-13,1,4,4,3,215071,2958,460
2230,2021-05-16,1,10,18,1,589344,7241,512
2231,2021-05-17,1,5,15,1,1224521,12266,868
2232,2021-05-18,1,12,17,1,227337,4241,484
2233,2021-05-19,1,5,0,1,187233,3068,269
2234,2021-05-20,1,2,0,3,702553,9417,1367
2235,2021-05-24,1,5,15,3,727560,6882,1162
2236,2021-05-27,1,1,0,1,382323,5925,1494
2237,2021-05-31,1,5,15,3,1387410,14454,1089
2238,2021-06-02,1,12,17,1,366316,5677,935
2239,2021-06-05,1,4,4,3,386621,5891,454
2240,2021-06-06,1,1,0,3,535696,6477,502
2241,2021-06-07,1,5,15,3,998239,12222,1299
2242,2021-06-12,1,4,4,3,286650,3956,330
2243,2021-06-14,1,5,15,1,627517,7347,682
2244,2021-06-18,1,12,17,1,2380505,33784,3205
2245,2021-06-19,1,4,4,3,571420,6321,637
2246,2021-06-20,1,4,4,1,580188,7499,535
2247,2021-06-21,1,5,15,1,332919,8048,1926
2248,2021-06-25,1,4,4,1,521176,6030,1083
2249,2021-06-26,1,4,4,1,258576,2422,230
2250,2021-06-27,1,4,4,1,457415,6244,745
2251,2021-06-28,1,5,15,1,893427,9481,965
2252,2021-06-29,1,4,4,3,452123,5738,529
2253,2021-07-05,1,5,15,3,685312,7366,837
2254,2021-07-07,1,12,17,1,610222,7582,440
2255,2021-07-08,1,4,4,1,303367,3467,770
2256,2021-07-12,1,5,15,3,1263421,13088,911
2257,2021-07-13,1,1,0,1,299686,4602,538
2258,2021-07-19,1,5,15,3,934297,9115,1061
2259,2021-07-25,1,4,4,3,496226,7222,1961
2260,2021-07-26,1,5,15,1,781599,7947,839
2261,2021-07-27,1,10,18,1,734750,5641,599
2262,2021-07-28,1,12,17,1,339317,5187,342
2263,2021-08-02,1,5,15,1,457912,5648,865
2264,2021-08-03,1,4,4,1,289795,3787,330
2265,2021-08-08,1,10,18,1,596918,5452,399
2266,2021-08-09,1,5,15,1,503309,5944,698
2267,2021-08-11,1,4,4,1,710615,10590,874
2268,2021-08-12,2,4,4,1,488064,12070,377
2269,2021-08-12,2,3,7,1,1596641,40947,371
2270,2021-08-14,1,4,4,3,367415,5781,552
2271,2021-08-15,2,4,4,1,77824,2204,53
2272,2021-08-15,1,1,0,1,355602,4440,303
2273,2021-08-16,1,5,15,3,2491046,37605,2608
2274,2021-08-16,2,5,0,1,1627603,23394,1105
2275,2021-08-19,1,12,17,1,255780,4436,353
2276,2021-08-20,1,4,4,1,232533,2180,258
2277,2021-08-22,1,4,4,1,1376024,18931,1690
2278,2021-08-22,1,13,0,1,561597,7034,538
2279,2021-08-23,1,5,15,1,805085,9980,794
2280,2021-08-27,1,10,18,1,878413,8457,760
2281,2021-08-30,1,5,15,1,1030705,14767,1171
2282,2021-08-31,1,3,0,3,518398,7233,820
2283,2021-09-05,1,4,0,1,426730,8801,963
2284,2021-09-06,1,5,15,1,809466,9721,912
2285,2021-09-10,1,4,4,1,272620,3259,417
2286,2021-09-11,1,4,0,3,422779,7232,908
2287,2021-09-13,1,5,15,1,1083416,13501,886
2288,2021-09-15,1,4,4,1,1275977,19470,2153
2289,2021-09-20,1,5,15,3,1556212,16010,1241
2290,2021-09-21,2,4,4,1,436214,10410,365
2291,2021-09-22,1,4,4,3,1715048,31784,2191
2292,2021-09-24,1,4,4,3,1113589,14457,881
2293,2021-09-25,1,4,4,1,349210,10029,673
2294,2021-09-26,1,4,4,3,863042,12914,1542
2295,2021-09-27,1,5,15,3,1108654,12095,1222
2296,2021-10-01,1,5,0,1,956666,11547,732
2297,2021-10-03,1,5,0,3,552885,9359,767
2298,2021-10-04,1,5,15,1,860845,9467,951
2299,2021-10-09,1,10,18,1,692412,5979,408
2300,2021-10-11,1,5,15,1,643430,7725,1064
2301,2021-10-13,1,4,4,3,492516,5616,350
2302,2021-10-14,1,4,4,1,164788,2360,171
2303,2021-10-17,1,4,4,1,323954,6823,845
2304,2021-10-18,1,5,15,3,691691,8718,679
2305,2021-10-21,1,4,4,1,360244,3851,313
2306,2021-10-23,1,12,17,1,823106,11692,980
2307,2021-10-25,1,5,15,3,1049279,15766,1677
2308,2021-10-30,1,4,4,3,562776,7305,452
2309,2021-10-31,1,10,0,3,1452562,29263,2377
2310,2021-11-01,1,5,15,1,681213,10766,950
2311,2021-11-04,1,4,4,1,491752,7169,594
2312,2021-11-05,1,13,0,1,1940825,25084,1603
2313,2021-11-07,1,4,0,3,655601,4883,648
2314,2021-11-08,1,5,15,1,515757,6029,542
2315,2021-11-15,1,5,15,1,842174,9987,980
2316,2021-11-16,1,4,4,3,346032,4880,328
2317,2021-11-20,1,4,0,1,555055,19064,960
2318,2021-11-21,1,12,17,1,328329,4951,425
2319,2021-11-22,1,5,15,1,921211,13506,912
2320,2021-11-25,1,3,7,3,839398,9847,537
2321,2021-11-26,1,5,0,1,609633,8153,789
2322,2021-11-29,1,5,15,1,1166785,11468,746
2323,2021-12-01,1,1,0,1,777170,16959,882
2324,2021-12-04,1,4,4,1,376597,5218,483
2325,2021-12-05,1,4,4,3,706927,6294,650
2326,2021-12-06,1,5,15,3,767928,7579,696
2327,2021-12-08,2,4,4,1,74359,892,125
2328,2021-12-10,1,14,19,3,1964158,34673,3297
2329,2021-12-11,1,1,0,1,798932,18407,1150
2330,2021-12-13,1,5,15,3,3185880,27185,1441
2331,2021-12-15,1,4,4,1,576215,4703,384
2332,2021-12-17,1,1,0,1,384842,9955,736
2333,2021-12-20,1,5,15,1,898821,9956,1015
2334,2021-12-22,1,4,4,3,446612,5787,690
2335,2021-12-27,1,5,15,3,626495,6794,625
2336,2021-12-28,1,3,0,3,903787,10466,632
2337,2021-12-30,1,10,18,1,2067373,30297,2121
2338,2021-12-31,1,4,4,1,797819,2304,137
2339,2022-01-01,1,4,4,1,1254418,12187,981
2340,2022-01-03,1,5,15,3,950421,10413,825
2341,2022-01-04,1,4,4,1,278083,3770,176
2342,2022-01-06,1,4,4,1,242400,2840,176
2343,2022-01-08,1,1,0,1,901938,12071,446
2344,2022-01-09,1,4,4,3,1565595,51826,3736
2345,2022-01-10,1,5,15,1,608179,9612,1012
2346,2022-01-11,1,4,4,3,243431,3454,560
2347,2022-01-13,1,5,0,3,297296,3496,165
2348,2022-01-14,1,4,0,1,493118,6189,386
2349,2022-01-16,1,1,0,3,778291,16844,969
2350,2022-01-17,1,5,15,1,661634,7422,515
2351,2022-01-18,1,4,4,3,377233,3993,377
2352,2022-01-19,1,1,0,1,846165,11553,765
2353,2022-01-24,1,5,15,1,388008,4381,292
2354,2022-01-26,1,4,0,1,457778,6505,581
2355,2022-01-27,1,10,18,1,1082439,8921,514
2356,2022-01-30,1,4,4,1,231483,3039,392
2357,2022-01-31,1,5,15,3,826029,7667,392
2358,2022-02-01,1,1,0,1,320977,8177,568
2359,2022-02-02,1,3,0,1,460200,9480,678
2360,2022-02-03,1,1,0,1,336904,7073,562
2361,2022-02-04,1,5,0,1,195241,5510,334
2362,2022-02-07,1,5,15,1,1461542,38785,2198
2363,2022-02-12,1,10,18,1,2084741,19650,1144
2364,2022-02-14,1,5,15,1,2270104,22107,946
2365,2022-02-18,1,13,0,1,451932,3911,297
2366,2022-02-19,1,4,4,1,386679,6058,482
2367,2022-02-21,1,5,15,1,475276,6712,455
2368,2022-02-26,1,4,4,1,413585,5063,304
2369,2022-02-28,1,5,15,3,970610,9495,572
2370,2022-03-07,1,5,15,3,1848092,21190,1230
2371,2022-03-11,1,4,4,1,499069,6567,665
2372,2022-03-12,1,4,4,1,432815,5187,611
2373,2022-03-14,1,5,15,1,800162,10188,892
2374,2022-03-15,1,4,0,1,601982,7748,695
2375,2022-03-17,1,4,4,1,513505,5242,689
2376,2022-03-21,1,5,15,3,2427832,23228,1338
2377,2022-03-25,1,4,4,1,408550,5532,746
2378,2022-03-26,1,10,18,1,969889,9397,630
2379,2022-03-27,1,4,4,1,409638,4575,276
2380,2022-03-28,1,5,15,3,1181212,14266,2685
2381,2022-03-29,1,3,0,3,390262,4701,242
2382,2022-03-29,1,4,4,3,238412,3489,333
2383,2022-03-31,1,4,4,3,428058,3990,341
2384,2022-04-04,1,5,15,3,2292694,24795,1386
2385,2022-04-10,1,10,18,3,2165437,14836,905
2386,2022-04-11,1,5,15,1,879527,8793,725
2387,2022-04-12,1,10,18,3,1091143,8146,735
2388,2022-04-14,1,4,0,1,245436,2915,199
2389,2022-04-15,1,4,4,3,412393,5854,989
2390,2022-04-16,1,4,0,1,287613,3421,237
2391,2022-04-18,1,5,15,1,1460458,23464,1736
2392,2022-04-25,1,5,15,1,2796258,28725,1577
2393,2022-04-28,1,10,0,3,276180,3322,507
2394,2022-04-29,1,4,4,3,621045,6796,352
2395,2022-05-02,1,5,15,3,1053783,12664,1457
2396,2022-05-06,1,4,4,3,238527,3276,156
2397,2022-05-09,1,5,15,3,1993680,17901,8465
2398,2022-05-12,1,4,4,1,355856,5189,688
2399,2022-05-14,1,4,4,3,355709,7023,563
2400,2022-05-16,1,5,15,3,810975,13202,1197
2401,2022-05-17,1,4,4,1,282874,2891,572
2402,2022-05-20,1,4,4,1,241652,3983,623
2403,2022-05-23,1,5,15,3,1008425,14507,1264
2404,2022-05-24,1,4,4,3,134695,2450,143
2405,2022-05-25,1,5,0,1,317716,2824,276
2406,2022-05-26,1,5,0,3,272093,2609,258
2407,2022-05-28,1,4,4,1,605997,6698,494
2408,2022-05-30,1,5,15,3,843918,10211,1332
2409,2022-06-02,2,4,0,1,204164,4367,165
2410,2022-06-03,1,8,20,1,1124728,35962,2743
2411,2022-06-06,1,5,15,3,1613275,25807,2895
2412,2022-06-08,1,4,4,1,397788,6401,383
2413,2022-06-08,1,4,4,1,921344,11651,717
2414,2022-06-08,1,4,4,3,539396,5822,479
2415,2022-06-13,1,5,15,3,814139,10980,1410
2416,2022-06-15,1,4,4,1,301394,4406,371
2417,2022-06-15,1,14,19,3,753578,15619,1964
2418,2022-06-16,1,1,0,3,882966,12802,565
2419,2022-06-17,1,4,4,3,273891,3345,452
2420,2022-06-20,1,5,15,3,1655823,17502,1100
2421,2022-06-22,1,12,17,1,680871,10034,634
2422,2022-06-25,1,4,4,3,415595,3188,329
2423,2022-06-26,2,4,4,1,116862,2346,42
2424,2022-06-27,1,5,15,3,733477,8664,1070
2425,2022-06-28,1,4,4,3,680648,8144,525
2426,2022-07-04,1,5,15,1,847279,10012,761
2427,2022-07-05,1,4,4,3,408061,6097,1084
2428,2022-07-06,1,14,0,1,1059225,11629,1017
2429,2022-07-08,1,10,18,3,2214629,26252,1409
2430,2022-07-11,1,5,15,3,1164903,12060,1579
2431,2022-07-12,1,4,4,1,285360,3224,322
2432,2022-07-13,1,1,0,1,417820,8321,330
2433,2022-07-13,1,4,4,1,978488,16499,864
2434,2022-07-16,1,4,4,3,266843,3376,208
2435,2022-07-18,1,4,4,1,688159,8553,736
2436,2022-07-18,1,5,15,3,667623,8665,1042
2437,2022-07-19,2,4,4,1,133156,2288,121
2438,2022-07-25,1,5,15,3,591195,6999,589
2439,2022-07-26,1,4,4,3,349176,4903,417
2440,2022-07-27,1,4,0,1,421837,5518,1009
2441,2022-07-28,1,4,4,1,398925,6122,966
2442,2022-07-29,1,1,0,1,294205,5445,518
2443,2022-08-01,1,5,15,3,853376,12707,987
2444,2022-08-02,1,4,4,3,288899,4097,224
2445,2022-08-06,1,10,18,3,621151,5225,369
2446,2022-08-08,1,5,15,3,636226,8386,629
2447,2022-08-12,1,4,4,3,480709,4905,295
2448,2022-08-13,1,10,18,1,1344724,8206,428
2449,2022-08-15,1,5,15,3,889651,9405,721
2450,2022-08-16,1,4,4,3,655294,7059,583
2451,2022-08-22,1,5,15,3,1294554,17021,1064
2452,2022-08-24,1,4,4,1,928076,7719,552
2453,2022-08-26,1,4,4,3,174448,1663,220
2454,2022-08-27,1,4,4,3,613647,6527,366
2455,2022-08-28,1,5,0,1,866347,8221,536
2456,2022-08-29,1,5,15,3,495695,6791,500
2457,2022-08-31,1,4,4,3,402752,5140,470
2458,2022-09-04,1,4,4,1,486996,6426,473
2459,2022-09-05,1,5,15,1,697119,7898,743
2460,2022-09-08,1,4,4,1,1134541,17271,1893
2461,2022-09-12,1,5,15,3,2051780,29404,1900
2462,2022-09-14,1,4,4,3,1986321,30637,1886
2463,2022-09-15,1,4,4,3,658537,8489,605
2464,2022-09-16,1,5,0,3,994753,11732,1145
2465,2022-09-17,1,4,4,3,598986,8512,1196
2466,2022-09-19,1,5,15,3,520189,6080,1018
2467,2022-09-21,1,4,4,1,1121955,16715,1135
2468,2022-09-22,1,4,4,3,217427,3244,196
2469,2022-09-23,1,4,4,1,305604,4193,542
2470,2022-09-26,1,5,15,3,1740640,16466,1217
2471,2022-09-27,1,4,4,1,334657,2734,224
2472,2022-09-28,1,10,18,1,3476661,34778,1778
2473,2022-10-01,1,4,4,3,969935,9736,741
2474,2022-10-03,1,5,15,3,930183,11601,693
2475,2022-10-05,1,4,4,3,765447,5899,425
2476,2022-10-06,1,4,4,3,452994,4963,727
2477,2022-10-06,1,8,13,3,524602,17465,1604
2478,2022-10-07,1,10,18,3,1231266,17442,1675
2479,2022-10-08,1,11,10,1,895489,13603,531
2480,2022-10-10,1,5,15,3,1199315,16114,1557
2481,2022-10-11,1,4,4,3,344225,5282,512
2482,2022-10-13,1,4,4,3,339911,6002,526
2483,2022-10-14,1,10,18,3,705695,8282,711
2484,2022-10-17,1,5,15,3,929479,11710,614
2485,2022-10-21,1,10,18,3,1520206,14192,583
2486,2022-10-21,1,13,0,3,349043,4814,364
2487,2022-10-24,1,5,15,3,781157,8104,897
2488,2022-10-25,1,13,0,1,552015,4827,367
2489,2022-10-28,1,10,18,1,331797,4265,356
2490,2022-10-31,1,5,15,1,601209,7534,694
2491,2022-11-01,1,1,0,1,545800,12766,986
2492,2022-11-04,1,10,18,3,345700,4042,304
2493,2022-11-05,1,11,10,1,513917,7274,410
2494,2022-11-07,1,5,15,3,625577,9158,929
2495,2022-11-08,1,4,4,1,358478,2095,111
2496,2022-11-09,1,10,18,1,666479,13837,664
2497,2022-11-10,1,4,4,3,601790,5262,524
2498,2022-11-10,2,1,0,3,46855,655,8
2499,2022-11-11,1,10,18,1,298365,3383,344
2500,2022-11-12,1,1,0,1,659749,8734,943
2501,2022-11-14,1,5,15,3,1190817,11838,703
2502,2022-11-17,1,4,4,3,1028099,6910,555
2503,2022-11-18,1,10,18,1,454183,5114,399
2504,2022-11-21,1,5,15,3,2249152,28950,1112
2505,2022-11-24,1,10,18,1,1425635,10683,684
2506,2022-11-25,1,10,18,1,275539,3434,159
2507,2022-11-28,1,5,15,3,1206703,10653,796
2508,2022-12-02,1,10,18,1,349943,4372,281
2509,2022-12-05,1,5,15,3,529446,5067,495
2510,2022-12-06,1,11,0,3,910990,11676,701
2511,2022-12-08,1,1,0,3,720485,22038,2545
2512,2022-12-09,1,3,0,1,584372,6729,336
2513,2022-12-12,1,5,15,3,3184035,62657,3908
2514,2022-12-14,1,5,0,1,1101841,8806,583
2515,2022-12-16,1,10,18,3,307285,3906,246
2516,2022-12-19,1,5,15,3,796749,9312,605
2517,2022-12-23,1,5,15,3,597955,5258,317
2518,2022-12-26,1,5,15,3,514804,6577,486
2519,2022-12-27,1,4,4,3,712429,23343,7588
2520,2022-12-28,1,4,4,1,735265,7028,418
2521,2022-12-29,1,11,0,3,372607,4552,369
2522,2023-01-01,1,8,13,1,1091355,31302,2130
2523,2023-01-02,1,5,15,3,995720,9723,490
2524,2023-01-03,1,4,4,3,457304,6983,1547
2525,2023-01-04,1,10,18,1,1355302,2568,353
2526,2023-01-06,1,10,18,3,227829,2360,143
2527,2023-01-08,1,4,4,1,1203702,14052,588
2528,2023-01-09,1,5,15,3,1146603,10473,613
2529,2023-01-12,2,4,4,1,1935452,32775,627
2530,2023-01-13,1,10,18,1,793234,6695,503
2531,2023-01-16,1,5,15,3,1628328,19184,964
2532,2023-01-17,1,4,0,1,1609429,26931,1670
2533,2023-01-18,1,4,4,1,358135,4435,189
2534,2023-01-19,1,8,13,3,679234,13923,1007
2535,2023-01-20,1,1,0,1,733697,9473,443
2536,2023-01-23,2,4,4,1,1515040,26707,406
2537,2023-01-23,1,5,15,3,1165576,10334,769
2538,2023-01-24,1,8,0,1,249185,4067,212
2539,2023-01-25,1,10,18,3,729931,6481,404
2540,2023-01-26,1,4,4,1,370548,5508,484
2541,2023-01-27,1,2,0,1,557360,8224,331
2542,2023-01-28,1,12,17,1,554745,6057,437
2543,2023-01-30,1,5,15,1,477706,5886,372
2544,2023-02-06,1,5,15,3,648395,8145,704
2545,2023-02-07,2,4,4,1,807915,23023,230
2546,2023-02-08,1,8,0,1,1611493,27699,3414
2547,2023-02-09,2,3,0,1,49639,1169,38
2548,2023-02-10,1,10,18,1,248402,2950,153
2549,2023-02-11,2,4,0,1,71016,1383,21
2550,2023-02-13,1,5,15,3,535376,6999,799
2551,2023-02-14,2,1,0,1,384188,15737,82
2552,2023-02-15,2,12,8,1,42814,832,29
2553,2023-02-17,2,4,0,1,87277,1945,30
2554,2023-02-17,2,5,0,1,50100,905,31
2555,2023-02-19,2,1,0,1,175782,4492,102
2556,2023-02-20,1,5,15,3,1824050,16206,1339
2557,2023-02-24,1,4,4,1,243633,3190,341
2558,2023-02-25,2,4,0,1,50621,885,20
2559,2023-02-27,1,5,15,3,641728,8530,846
2560,2023-03-01,2,4,4,1,171353,2574,128
2561,2023-03-03,1,1,0,1,1633715,65991,11175
2562,2023-03-04,1,1,0,1,1304429,23177,1408
2563,2023-03-06,1,5,15,3,866387,12347,1219
2564,2023-03-07,1,4,4,3,304539,3830,484
2565,2023-03-09,2,4,0,1,61637,1123,47
2566,2023-03-09,2,4,4,1,168978,3256,117
2567,2023-03-13,1,5,15,3,716150,10816,516
2568,2023-03-14,1,4,4,1,548442,7467,941
2569,2023-03-16,2,13,0,1,53691,1479,53
2570,2023-03-17,1,4,4,1,259814,5284,725
2571,2023-03-17,1,11,0,3,726149,7743,417
2572,2023-03-18,1,10,0,3,290008,3046,688
2573,2023-03-18,1,10,18,3,585128,6705,313
2574,2023-03-20,1,5,15,3,577534,6751,749
2575,2023-03-24,1,10,18,3,443857,6257,271
2576,2023-03-25,1,13,0,1,635901,6071,361
2577,2023-03-27,1,5,15,3,615171,6846,649
2578,2023-03-30,2,4,4,1,206840,4322,51
2579,2023-03-31,2,1,0,1,481490,11558,121
2580,2023-03-31,1,4,4,3,168674,967,85
2581,2023-04-01,1,4,4,1,287850,2551,159
2582,2023-04-02,1,4,4,3,530190,3015,287
2583,2023-04-03,1,5,15,3,1227482,14873,2070
2584,2023-04-10,1,5,15,1,504573,6599,935
2585,2023-04-12,1,10,18,3,702373,6581,287
2586,2023-04-13,1,4,4,3,297707,4571,630
2587,2023-04-14,1,4,0,1,204993,3028,279
2588,2023-04-17,1,4,4,3,1425212,32409,2206
2589,2023-04-20,1,10,18,1,144963,1694,90
2590,2023-04-21,1,1,0,3,479914,10939,704
2591,2023-04-24,1,5,15,3,1109397,12595,970
2592,2023-05-01,1,5,15,3,819883,10566,1689
2593,2023-05-02,1,13,0,3,194266,3158,134
2594,2023-05-05,1,11,0,3,347300,4149,161
2595,2023-05-06,1,10,18,1,293949,3093,156
2596,2023-05-08,1,5,15,3,732063,8561,727
2597,2023-05-11,1,4,0,1,306336,4603,596
2598,2023-05-12,1,2,0,1,200032,1999,575
2599,2023-05-12,1,2,0,1,316443,4127,597
2600,2023-05-13,1,4,4,3,363771,3968,332
2601,2023-05-15,1,5,15,3,736736,7391,734
2602,2023-05-19,1,8,13,3,367374,8804,464
2603,2023-05-22,1,5,15,3,602188,6587,580
2604,2023-05-23,1,4,4,3,451950,6001,395
2605,2023-05-24,1,4,4,1,547714,5645,935
2606,2023-05-25,1,8,0,3,832864,9661,1148
2607,2023-05-27,1,10,18,1,700706,8150,423
2608,2023-05-28,1,13,0,3,760822,14592,768
2609,2023-05-29,1,5,15,3,1222392,16160,1151
2610,2023-05-29,2,3,0,1,883101,16296,738
2611,2023-05-30,1,4,0,1,368455,1793,136
2612,2023-06-01,1,2,0,3,201651,1412,149
2613,2023-06-02,1,4,4,1,512660,6537,674
2614,2023-06-03,1,10,18,1,411692,10038,896
2615,2023-06-04,1,10,18,1,861018,11342,946
2616,2023-06-05,1,5,15,3,1172987,18984,1449
2617,2023-06-06,2,1,0,1,157995,3142,98
2618,2023-06-07,1,4,4,1,884550,17308,1760
2619,2023-06-12,1,5,15,3,979804,14096,810
2620,2023-06-16,2,4,0,1,64993,1142,27
2621,2023-06-19,1,5,15,3,742239,8619,619
2622,2023-06-21,1,5,0,1,821376,13064,585
2623,2023-06-22,1,13,0,1,291061,3502,192
2624,2023-06-24,1,10,18,1,405167,5216,329
2625,2023-06-26,1,5,15,1,722833,7262,498
2626,2023-06-29,1,2,0,1,360125,820,108
2627,2023-06-29,1,4,4,1,263774,3160,581
2628,2023-06-30,1,14,19,3,910653,27888,4325
2629,2023-07-03,1,5,15,3,1219028,11442,423
2630,2023-07-04,1,1,0,1,405539,3266,300
2631,2023-07-08,1,1,0,1,660317,10793,821
2632,2023-07-10,1,5,15,3,455960,4972,472
2633,2023-07-13,2,13,0,1,1571745,30367,408
2634,2023-07-13,2,13,0,1,912578,16659,259
2635,2023-07-14,2,13,0,1,618376,11158,514
2636,2023-07-14,2,13,0,1,739181,13202,116
2637,2023-07-17,1,5,15,3,1495874,12041,636
2638,2023-07-18,1,10,18,3,491708,5854,243
2639,2023-07-18,2,5,0,1,91245,1414,66
2640,2023-07-19,1,4,4,3,302567,1829,122
2641,2023-07-20,2,4,0,1,646660,10512,318
2642,2023-07-20,1,4,4,3,486268,5860,666
2643,2023-07-22,1,13,0,3,497312,7237,383
2644,2023-07-22,2,13,0,1,594919,9865,156
2645,2023-07-24,1,5,15,3,1823700,25523,1494
2646,2023-07-25,2,5,0,1,113202,2013,27
2647,2023-07-25,2,5,0,1,118150,1819,24
2648,2023-07-26,1,4,4,1,537619,4320,572
2649,2023-07-27,2,1,0,1,156354,2715,55
2650,2023-07-27,2,1,0,1,52521,1025,27
2651,2023-07-28,1,10,18,3,983743,9097,604
2652,2023-07-29,1,4,4,1,236520,2463,141
2653,2023-07-31,1,5,15,3,564777,9224,727
2654,2023-07-31,2,4,0,1,468014,5114,82
2655,2023-08-01,2,10,18,1,28078,530,12
2656,2023-08-07,1,5,15,3,556676,6717,888
2657,2023-08-08,2,5,0,1,53744,1345,23
2658,2023-08-08,1,8,0,3,2002456,22949,882
2659,2023-08-08,2,5,0,1,36955,865,11
2660,2023-08-09,2,10,0,1,39934,564,23
2661,2023-08-10,2,3,0,1,35734,638,3
2662,2023-08-11,1,4,4,3,764071,7116,295
2663,2023-08-11,2,13,0,1,38750,532,4
2664,2023-08-12,2,13,0,1,53747,887,7
2665,2023-08-14,1,5,15,1,1670798,16806,1147
2666,2023-08-15,2,4,0,1,90901,789,43
2667,2023-08-16,2,3,0,1,165979,3785,60
2668,2023-08-16,2,3,0,1,69102,1195,15
2669,2023-08-17,2,12,0,1,30383,506,7
2670,2023-08-18,2,10,0,1,187411,2179,57
2671,2023-08-21,1,5,15,3,509260,5768,362
2672,2023-08-21,2,3,0,1,60633,1551,12
2673,2023-08-22,2,4,0,1,233835,3692,72
2674,2023-08-23,2,5,0,1,500716,9651,253
2675,2023-08-25,1,10,18,1,898536,10252,553
2676,2023-08-25,2,10,0,1,27861,596,7
2677,2023-08-28,1,4,0,1,198503,5262,551
2678,2023-08-28,2,10,0,1,26703,499,6
2679,2023-08-28,1,5,15,3,641737,7160,427
2680,2023-08-31,1,4,0,1,431336,2243,164
2681,2023-08-31,2,1,0,1,57385,1259,24
2682,2023-09-01,2,3,0,1,37000,786,21
2683,2023-09-04,2,3,0,1,46547,1070,43
2684,2023-09-04,2,13,0,1,95742,1940,64
2685,2023-09-04,1,5,15,3,470783,5813,401
2686,2023-09-06,1,4,4,1,110936,2112,202
2687,2023-09-07,2,5,0,1,108330,1458,41
2688,2023-09-08,1,8,13,1,894681,19710,1417
2689,2023-09-11,2,3,0,1,36423,659,12
2690,2023-09-11,1,5,15,3,485072,6111,350
2691,2023-09-12,1,12,0,1,275074,3848,354
2692,2023-09-12,2,4,0,1,108269,2456,35
2693,2023-09-13,2,4,0,1,521346,10739,500
2694,2023-09-13,2,1,0,1,63698,1551,37
2695,2023-09-13,1,4,0,3,1101848,14390,1504
2696,2023-09-13,2,4,0,1,247181,4685,168
2697,2023-09-14,1,4,0,1,1169986,15260,1527
2698,2023-09-15,1,2,0,3,175307,1434,134
2699,2023-09-18,2,5,0,1,92458,1190,60
2700,2023-09-18,1,5,15,3,1073316,14935,1607
2701,2023-09-19,1,4,4,1,1255231,16563,1533
2702,2023-09-20,2,4,0,1,248433,5802,103
2703,2023-09-20,1,4,4,3,814135,9800,1138
2704,2023-09-22,1,10,18,1,840217,6616,675
2705,2023-09-22,1,4,4,3,571404,6027,612
2706,2023-09-23,2,10,0,1,33092,567,4
2707,2023-09-23,1,10,18,1,345204,4358,196
2708,2023-09-25,2,1,0,1,114570,1914,58
2709,2023-09-25,1,5,15,3,833229,8859,737
2710,2023-09-26,1,10,18,1,489470,4537,303
2711,2023-09-27,2,1,0,1,58243,1306,22
2712,2023-09-28,1,8,13,1,809412,18143,2426
2713,2023-10-02,1,5,15,3,726918,10800,1299
2714,2023-10-02,2,1,0,1,53999,765,32
2715,2023-10-03,2,1,0,1,73549,1945,47
2716,2023-10-05,1,13,0,1,259493,4003,249
2717,2023-10-07,1,4,4,3,2924482,38153,14274
2718,2023-10-09,1,5,15,1,918665,12004,1682
2719,2023-10-10,2,1,0,1,1704168,46353,1186
2720,2023-10-11,2,3,0,1,430378,15064,195
2721,2023-10-12,2,4,0,1,76788,2037,55
2722,2023-10-13,1,8,13,1,327812,5369,561
2723,2023-10-14,2,1,0,1,651687,18791,367
2724,2023-10-15,1,4,4,1,248910,3203,191
2725,2023-10-16,1,5,15,3,494805,6656,627
2726,2023-10-17,1,4,4,1,375319,2954,138
2727,2023-10-21,2,11,0,1,88793,1718,53
2728,2023-10-23,2,11,0,1,319725,7685,181
2729,2023-10-23,1,5,15,3,441880,4846,403
2730,2023-10-24,1,4,0,1,120282,2311,243
2731,2023-10-25,2,1,0,1,124604,2483,89
2732,2023-10-26,2,1,0,1,101674,2380,55
2733,2023-10-26,2,1,0,3,248539,2519,60
2734,2023-10-27,2,1,0,1,1906659,26558,982
2735,2023-10-28,1,4,4,1,486889,8499,3072
2736,2023-10-30,2,1,0,1,348965,10305,189
2737,2023-10-30,1,5,15,3,601575,8529,1289
2738,2023-11-01,1,2,0,3,222979,1130,143
2739,2023-11-02,1,1,0,3,191158,1338,1326
2740,2023-11-06,1,5,15,1,806647,12148,4269
2741,2023-11-07,2,4,0,3,259383,3880,397
2742,2023-11-07,1,1,0,1,2186462,72918,19934
2743,2023-11-13,1,5,15,1,1535262,23993,2349
2744,2023-11-15,1,8,0,3,332148,7429,988
2745,2023-11-15,2,1,0,1,54452,1133,68
2746,2023-11-16,2,5,15,1,85620,1957,44
2747,2023-11-17,2,4,0,1,419628,6242,324
2748,2023-11-20,1,5,15,3,707550,9941,603
2749,2023-11-22,2,5,15,1,42399,785,39
2750,2023-11-22,1,4,4,1,229839,3025,270
2751,2023-11-23,2,4,0,1,99333,1557,62
2752,2023-11-24,2,4,0,1,1041038,15620,660
2753,2023-11-25,1,4,4,1,133936,2477,264
2754,2023-11-27,1,5,15,3,560689,8335,818
2755,2023-11-28,2,4,0,1,118506,1752,134
2756,2023-12-01,2,4,0,1,205736,3194,87
2757,2023-12-04,1,5,15,3,334307,5760,483
2758,2023-12-06,2,5,0,1,884440,20095,898
2759,2023-12-07,2,4,0,1,62345,775,26
2760,2023-12-08,1,8,13,1,250090,5928,333
2761,2023-12-08,2,1,0,1,105187,1979,59
2762,2023-12-11,1,5,15,3,384048,5973,652
2763,2023-12-12,2,1,0,3,42701,617,38
2764,2023-12-13,2,4,0,1,767494,14669,276
2765,2023-12-15,1,8,20,1,866033,22300,2192
2766,2023-12-16,1,10,18,3,180948,2674,131
2767,2023-12-17,2,6,0,1,67710,1156,40
2768,2023-12-18,1,5,15,3,401573,5903,412
2769,2023-12-20,1,8,0,3,409337,7818,906
2770,2023-12-21,2,5,0,1,136332,2474,57
2771,2023-12-22,2,4,0,1,377390,6752,113
2772,2023-12-23,2,1,0,1,33909,593,26
2773,2023-12-25,2,5,15,1,1631218,36474,514
2774,2023-12-25,1,5,15,3,782148,11023,1127
2775,2023-12-26,2,1,0,1,74298,1125,62
2776,2023-12-28,1,10,18,3,966281,9628,408
2777,2024-01-01,1,5,15,1,426155,5652,313
2778,2024-01-04,2,1,0,1,150493,3102,96
2779,2024-01-05,1,8,13,1,307407,9677,627
2780,2024-01-05,2,1,0,1,73953,1195,27
2781,2024-01-08,2,1,0,1,45083,903,20
2782,2024-01-08,1,5,15,1,395789,5545,1035
2783,2024-01-08,2,1,0,1,273423,7826,134
2784,2024-01-11,1,8,13,1,294721,10337,641
2785,2024-01-15,1,5,15,3,391892,5173,427
2786,2024-01-17,2,1,0,1,532236,11364,442
2787,2024-01-18,2,4,0,1,76108,1668,22
2788,2024-01-19,2,1,0,1,64542,1569,58
2789,2024-01-22,2,1,0,1,73396,899,42
2790,2024-01-22,1,5,15,1,311343,4772,644
2791,2024-01-26,2,13,0,1,31467,392,15
2792,2024-01-27,1,13,0,1,336676,3216,271
2793,2024-01-29,1,5,15,3,529061,7228,667
2794,2024-01-30,2,4,0,1,61688,923,46
2795,2024-02-01,1,1,0,1,468821,8407,319
2796,2024-02-02,1,8,13,1,145054,4054,230
2797,2024-02-03,1,5,0,1,1061057,13543,558
2798,2024-02-05,1,5,15,1,251792,3947,263
2799,2024-02-07,2,3,0,1,70033,982,30
2800,2024-02-12,2,3,0,1,47511,849,27
2801,2024-02-12,1,5,15,3,316442,4219,250
2802,2024-02-15,1,10,18,3,1262407,22784,1522
2803,2024-02-15,2,1,0,3,124434,920,41
2804,2024-02-19,2,4,0,1,444492,8922,230
2805,2024-02-19,1,5,15,1,1578593,22155,1811
2806,2024-02-21,1,4,4,1,389784,6918,556
2807,2024-02-21,1,10,18,3,844512,10258,759
2808,2024-02-22,2,1,0,1,162344,3672,93
2809,2024-02-23,2,5,0,1,260210,6590,144
2810,2024-02-25,2,1,0,1,58861,558,25
2811,2024-02-26,1,5,15,3,1712534,26849,2644
2812,2024-02-29,2,4,0,1,92149,1926,67
2813,2024-03-01,2,5,0,1,1184108,21102,218
2814,2024-03-04,2,1,0,1,110459,2048,103
2815,2024-03-04,1,5,15,1,652718,8666,699
2816,2024-03-04,2,1,0,3,45270,539,28
2817,2024-03-05,2,1,0,1,164109,4332,72
2818,2024-03-06,2,4,0,1,1784957,32605,689
2819,2024-03-07,1,10,18,3,788678,11372,571
2820,2024-03-11,1,5,15,3,774536,8541,679
2821,2024-03-11,2,1,0,1,105050,1379,69
2822,2024-03-13,2,1,0,1,99247,1186,58
2823,2024-03-14,2,1,0,1,1104996,18326,136
2824,2024-03-15,2,4,0,1,52754,1083,25
2825,2024-03-18,1,5,15,1,714979,7966,603
2826,2024-03-18,2,1,0,1,60334,1125,43
2827,2024-03-18,2,8,0,1,218954,4859,138
2828,2024-03-19,2,14,0,1,811099,13277,761
2829,2024-03-22,2,1,0,1,229443,5777,121
2830,2024-03-22,2,8,0,1,327206,6849,188
2831,2024-03-24,2,1,0,1,2289969,40716,714
2832,2024-03-25,2,5,0,1,246811,5301,126
2833,2024-03-25,1,5,15,3,645737,6487,494
2834,2024-03-26,2,8,0,1,1343725,22787,345
2835,2024-03-27,1,4,0,1,134948,1791,194
2836,2024-03-27,2,4,0,1,41908,724,28
2837,2024-03-28,1,4,4,3,220552,2394,146
2838,2024-03-28,2,1,0,1,248335,5187,91
2839,2024-03-29,2,14,0,3,492130,8715,523
2840,2024-04-01,1,5,15,1,315708,4496,767
2841,2024-04-04,2,1,0,1,260478,5958,108
2842,2024-04-07,1,10,18,3,422673,3437,325
2843,2024-04-08,1,5,15,3,443958,7033,527
2844,2024-04-10,2,1,0,1,247271,4885,177
2845,2024-04-12,1,13,0,3,692135,10605,737
2846,2024-04-12,2,1,0,1,61685,1508,70
2847,2024-04-13,2,5,0,1,234087,5010,78
2848,2024-04-15,2,1,0,3,61400,690,29
2849,2024-04-15,1,5,15,3,368632,4551,348
2850,2024-04-16,1,8,0,3,377766,7032,326
2851,2024-04-17,2,1,0,1,198607,4084,120
2852,2024-04-18,1,8,13,1,333031,7969,1282
2853,2024-04-19,1,3,21,3,962143,18891,2066
2854,2024-04-21,2,6,0,1,196220,3425,116
2855,2024-04-22,1,5,15,3,480153,5613,487
2856,2024-04-24,1,13,0,1,232494,3318,309
2857,2024-04-24,2,1,0,1,20620,381,21
2858,2024-04-25,2,1,0,1,45623,854,50
2859,2024-04-26,1,3,21,3,772015,14205,1095
2860,2024-04-26,2,1,0,1,51296,1061,48
2861,2024-04-27,2,4,0,1,51073,827,25
2862,2024-04-28,2,3,0,1,40000,697,9
2863,2024-04-29,1,5,15,1,459543,5168,439
2864,2024-04-30,2,5,0,1,33435,619,15
2865,2024-05-01,2,4,0,1,343153,9690,113
2866,2024-05-01,1,4,0,1,619200,10492,519
2867,2024-05-03,2,1,0,1,1071562,17360,316
2868,2024-05-03,1,5,22,3,519215,7493,881
2869,2024-05-06,1,5,15,3,460436,5269,326
2870,2024-05-07,2,1,0,1,336381,8936,168
2871,2024-05-08,2,1,0,1,193172,,60
2872,2024-05-09,2,13,0,1,408778,7634,284
2873,2024-05-11,2,1,0,1,694636,17062,508
2874,2024-05-12,2,1,0,1,50131,2208,71
2875,2024-05-13,1,5,15,3,341154,4735,391
2876,2024-05-13,2,1,0,1,318521,7530,136
2877,2024-05-17,2,1,0,1,1617916,41964,544
2878,2024-05-17,1,1,0,1,1388141,33297,2609
2879,2024-05-20,2,5,0,1,96524,1688,98
2880,2024-05-20,1,5,15,3,934365,7069,472
2881,2024-05-22,1,5,0,1,310000,6736,290
2882,2024-05-23,2,1,0,1,169782,3375,146
2883,2024-05-24,1,5,22,3,279385,4125,387
2884,2024-05-27,1,5,15,3,384598,4887,466
2885,2024-05-28,1,1,0,1,1282968,19952,1255
2886,2024-05-30,1,5,0,1,146856,2731,418
2887,2024-05-30,2,5,0,1,37021,698,27
2888,2024-05-31,2,1,0,1,1775042,28909,467
2889,2024-06-03,1,5,15,1,415526,5111,460
2890,2024-06-03,2,10,0,1,113889,2403,64
2891,2024-06-04,2,4,0,1,46618,740,27
2892,2024-06-05,2,1,0,1,391752,8963,252
2893,2024-06-05,2,5,0,1,59465,1317,61
2894,2024-06-06,2,1,0,1,90200,1726,44
2895,2024-06-07,2,1,0,1,493382,9740,177
2896,2024-06-10,1,5,15,3,1008906,8751,880
2897,2024-06-11,2,5,0,1,73942,1633,52
2898,2024-06-11,2,1,0,1,165498,2937,41
2899,2024-06-12,1,4,0,3,314626,1381,91
2900,2024-06-12,2,1,0,1,57975,763,32
2901,2024-06-13,2,5,0,1,1399393,23077,643
2902,2024-06-14,1,10,18,3,699913,5860,328
2903,2024-06-15,2,1,0,1,170097,2716,57
2904,2024-06-15,2,1,0,1,118124,1411,32
2905,2024-06-17,1,5,15,3,397549,4671,410
2906,2024-06-18,2,1,0,1,147454,3082,85
2907,2024-06-18,1,8,13,3,280979,2409,144
2908,2024-06-19,1,5,23,3,334308,3355,357
2909,2024-06-20,1,10,18,1,435306,6407,437
2910,2024-06-22,2,1,0,1,183038,4150,131
2911,2024-06-23,2,1,0,1,108461,2519,72
2912,2024-06-24,1,5,15,3,873875,8931,815
2913,2024-06-24,2,1,0,1,576006,13147,508
2914,2024-06-25,2,4,0,1,66906,753,27
2915,2024-06-26,1,12,0,1,430365,5083,462
2916,2024-06-27,2,12,0,1,158162,2712,111
2917,2024-06-28,2,1,0,1,36080,1011,81
2918,2024-07-01,1,5,15,3,563525,5013,253
2919,2024-07-03,2,3,0,3,38553,682,18
2920,2024-07-05,2,1,0,1,49845,945,41
2921,2024-07-05,2,11,10,1,500893,9227,86
2922,2024-07-08,1,5,15,3,352780,3850,288
2923,2024-07-13,1,4,4,1,494442,5292,704
2924,2024-07-15,1,5,15,1,1209534,14853,1183
2925,2024-07-22,1,5,15,1,1468182,25256,3296
2926,2024-07-24,1,13,0,3,665714,9644,437
2927,2024-07-25,1,1,0,3,622591,11448,1003
2928,2024-07-28,1,13,0,3,389749,4976,317
2929,2024-07-28,2,3,0,1,87166,1776,49
2930,2024-07-29,2,3,0,1,222838,3688,159
2931,2024-07-29,1,5,15,3,787795,9834,1214
2932,2024-07-30,1,10,18,3,2327383,28515,1915
2933,2024-07-30,2,10,0,1,219942,,136
2934,2024-07-31,1,8,20,2,1868645,49860,6408
2935,2024-08-02,2,1,0,3,343101,3273,61
2936,2024-08-03,2,13,0,1,208835,3769,63
2937,2024-08-03,1,4,0,3,731976,9220,450
2938,2024-08-04,1,8,13,1,481145,11092,1845
2939,2024-08-04,1,5,24,1,621749,8162,1000
2940,2024-08-05,2,5,0,1,192983,4376,151
2941,2024-08-05,1,5,15,1,475541,8555,1008
2942,2024-08-09,2,1,0,1,96166,2251,56
2943,2024-08-12,1,5,15,3,1200062,12441,797
2944,2024-08-14,2,1,0,1,257390,791,20
2945,2024-08-16,1,10,18,3,369894,4194,411
2946,2024-08-19,1,5,15,3,838599,8741,600
2947,2024-08-20,2,3,0,1,64565,1261,22
2948,2024-08-20,1,10,18,3,621277,6583,564
2949,2024-08-23,2,3,0,1,55055,1051,30
2950,2024-08-26,1,5,15,3,404458,4757,426
2951,2024-08-28,1,8,13,1,542198,8571,545
2952,2024-08-30,1,5,23,3,211669,2165,177
2953,2024-08-31,1,10,18,3,656203,6041,535
2954,2024-09-02,2,1,0,1,31637,686,9
2955,2024-09-02,1,5,15,1,336658,3274,286
2956,2024-09-04,2,10,0,1,66535,1157,18
2957,2024-09-07,2,14,0,3,661739,14136,687
2958,2024-09-07,1,8,20,1,2562355,48992,3885
2959,2024-09-09,2,4,0,1,148939,3585,90
2960,2024-09-09,1,5,15,3,464352,4635,461
2961,2024-09-10,2,4,0,1,152500,3268,148
2962,2024-09-10,2,4,0,1,343415,5780,200
2963,2024-09-10,2,4,0,1,432672,8768,458
2964,2024-09-10,1,4,0,3,709267,8474,815
2965,2024-09-10,1,4,0,1,563765,7933,1064
2966,2024-09-11,1,4,0,1,439223,6895,434
2967,2024-09-12,1,4,0,1,752982,10848,4417
2968,2024-09-16,1,5,15,1,376045,4476,429
2969,2024-09-16,2,4,0,3,146948,2478,65
2970,2024-09-18,2,4,0,1,198376,3498,58
2971,2024-09-18,1,5,24,1,1515257,24671,3122
2972,2024-09-18,2,4,0,1,215396,3684,96
2973,2024-09-18,1,5,0,1,1106805,20240,1140
2974,2024-09-18,2,4,0,1,151445,3573,114
2975,2024-09-18,1,4,0,3,461510,6490,542
2976,2024-09-18,2,4,0,1,85324,2186,40
2977,2024-09-19,1,5,0,3,574760,8652,1041
2978,2024-09-20,1,5,24,1,1071241,14100,3031
2979,2024-09-20,2,4,0,1,239339,9654,101
2980,2024-09-20,1,8,13,3,1015400,15011,914
2981,2024-09-23,1,5,15,3,305711,3599,412
2982,2024-09-25,1,5,24,3,786004,8623,2337
2983,2024-09-26,1,8,0,3,482429,17206,1359
2984,2024-09-27,1,5,24,3,628167,7022,2479
2985,2024-09-28,1,5,0,1,285952,3714,202
2986,2024-09-30,1,5,15,3,518130,5494,423
2987,2024-10-01,1,1,0,1,748654,12198,469
2988,2024-10-02,1,5,24,1,550398,5660,1499
2989,2024-10-04,1,5,24,1,790455,19744,1517
2990,2024-10-04,1,5,24,1,552528,6802,1325
2991,2024-10-06,1,8,13,1,870358,14768,1983
2992,2024-10-07,1,5,15,1,522957,5624,689
2993,2024-10-09,1,5,24,1,557548,7095,1181
2994,2024-10-10,1,5,0,1,436280,6869,284
2995,2024-10-11,1,5,24,1,460537,5035,1476
2996,2024-10-12,1,8,13,1,778416,17388,2979
2997,2024-10-14,1,5,15,3,1032854,10059,840
2998,2024-10-16,1,5,24,3,405631,4843,3123
2999,2024-10-17,1,5,0,1,475317,6222,645
3000,2024-10-17,2,5,0,1,41576,968,58
3001,2024-10-18,1,5,24,3,348117,3784,1449
3002,2024-10-21,2,13,0,1,109774,1849,51
3003,2024-10-21,1,8,13,1,975790,20650,3953
3004,2024-10-21,1,5,15,1,520383,5571,564
3005,2024-10-22,2,1,0,1,1041929,21853,227
3006,2024-10-23,1,5,24,1,329639,3261,1295
3007,2024-10-23,2,1,0,1,1011856,31446,423
3008,2024-10-25,1,5,24,1,275117,2885,1340
3009,2024-10-28,1,5,15,3,831588,8076,489
3010,2024-10-29,1,4,0,3,659810,10312,578
3011,2024-10-30,1,5,24,1,242214,2595,875
3012,2024-10-31,2,3,0,1,41185,915,22
3013,2024-10-31,1,8,13,1,787132,16674,2161
3014,2024-11-01,1,5,24,3,239208,2436,661
3015,2024-11-02,2,1,0,1,38899,1005,33
3016,2024-11-04,1,5,15,3,417019,5339,304
3017,2024-11-05,2,1,0,1,376061,10983,347
3018,2024-11-05,1,13,0,1,692836,6334,273
3019,2024-11-06,1,5,24,1,220372,2502,1592
3020,2024-11-07,2,5,0,1,54410,1149,42
3021,2024-11-08,1,5,24,1,232576,2507,1104
3022,2024-11-08,2,1,0,1,84051,848,32
3023,2024-11-09,1,5,0,3,556721,5884,709
3024,2024-11-11,1,5,15,3,330445,3595,217
3025,2024-11-13,2,14,0,3,480094,9625,217
3026,2024-11-13,1,8,13,1,429444,9475,2146
3027,2024-11-15,1,5,24,3,256054,2741,1624
3028,2024-11-16,1,3,0,1,1376836,23790,1852
3029,2024-11-16,2,1,0,1,32713,706,16
3030,2024-11-17,2,12,0,1,21019,483,14
3031,2024-11-17,1,12,17,1,290332,4585,476
3032,2024-11-18,2,3,0,1,22468,526,6
3033,2024-11-18,1,5,15,1,616066,5424,672
3034,2024-11-22,1,5,24,1,215363,2263,1049
3035,2024-11-22,1,4,0,1,263050,2933,517
3036,2024-11-23,1,6,0,3,202419,2550,188
3037,2024-11-25,2,1,0,1,253089,9403,102
3038,2024-11-25,1,5,15,3,724540,11311,774
3039,2024-11-26,1,4,4,1,326702,3810,317
3040,2024-11-28,1,8,13,3,377003,7290,612
3041,2024-11-29,1,5,24,3,209761,2251,1230
3042,2024-11-30,1,10,18,3,2112492,19013,1699
3043,2024-12-02,1,5,15,3,624363,9551,640
3044,2024-12-02,2,4,0,1,115935,1990,33
3045,2024-12-03,1,10,18,3,667710,6876,454
3046,2024-12-03,2,1,0,1,65769,1762,56
3047,2024-12-05,2,1,0,1,214123,6135,35
3048,2024-12-05,1,8,13,1,449722,8352,700
3049,2024-12-05,1,1,0,1,280719,6861,383
3050,2024-12-06,1,5,24,1,197037,2682,845
3051,2024-12-09,1,5,15,3,1103182,14323,844
3052,2024-12-09,2,3,0,1,38399,735,21
3053,2024-12-12,1,3,0,1,749128,9826,450
3054,2024-12-13,1,5,24,1,208142,2472,3057
3055,2024-12-16,1,5,15,1,889266,10799,627
3056,2024-12-17,1,1,0,1,197391,3501,243
3057,2024-12-18,1,8,0,3,484187,6843,396
3058,2024-12-19,1,4,4,1,253201,3423,328
3059,2024-12-20,2,1,0,1,404686,7160,170
3060,2024-12-20,1,5,24,1,213926,2397,1206
3061,2024-12-23,1,5,15,3,686867,8542,767
3062,2024-12-25,2,1,0,1,5048014,74075,534
3063,2024-12-26,1,8,0,1,1103973,8783,373
3064,2024-12-27,1,5,24,1,448767,5416,1324
3065,2024-12-28,2,1,0,1,387876,,118
3066,2024-12-28,1,8,13,1,376207,6598,538
3067,2024-12-30,1,5,15,3,1070545,8585,488
3068,2024-12-31,2,1,0,1,138684,2807,48
3069,2025-01-03,1,5,24,3,357281,6964,1368
3070,2025-01-06,1,5,15,3,879844,7351,284
3071,2025-01-07,1,13,0,1,522620,4897,554
3072,2025-01-08,2,8,0,1,1347658,39702,221
3073,2025-01-10,1,13,0,1,601475,8052,466
3074,2025-01-10,1,8,0,1,525805,9885,465
3075,2025-01-10,2,13,0,1,834434,8230,78
3076,2025-01-11,2,5,0,1,109624,2449,46
3077,2025-01-13,1,5,15,3,828201,9254,523
3078,2025-01-13,2,1,0,1,24793,729,9
3079,2025-01-13,2,13,0,1,697563,13503,172
3080,2025-01-15,2,4,0,1,70645,1542,46
3081,2025-01-16,2,13,0,1,200335,4008,115
3082,2025-01-18,2,3,0,1,86040,1975,67
3083,2025-01-19,2,1,0,1,259370,4604,88
3084,2025-01-20,2,1,0,1,273301,5725,244
3085,2025-01-20,1,5,15,3,770137,8020,523
3086,2025-01-21,1,13,0,1,568770,7856,452
3087,2025-01-23,2,4,0,1,181788,4126,140
3088,2025-01-23,2,5,0,1,303346,4277,90
3089,2025-01-23,1,1,0,1,251384,4253,359
3090,2025-01-23,2,1,0,1,144593,2415,81
3091,2025-01-23,2,4,0,1,86836,1164,21
3092,2025-01-24,2,1,0,1,42591,649,30
3093,2025-01-24,1,6,0,1,368253,2173,215
3094,2025-01-25,1,8,13,3,467217,6424,340
3095,2025-01-27,1,5,15,3,748370,8886,382
3096,2025-02-02,1,10,18,1,1561556,20406,889
3097,2025-02-03,1,5,15,3,500658,5270,557
3098,2025-02-06,1,5,0,1,304416,2370,380
3099,2025-02-07,1,13,0,1,469103,5210,428
3100,2025-02-10,1,5,15,3,453511,4710,407
3101,2025-02-15,1,5,0,1,306568,3608,600
3102,2025-02-17,1,8,13,1,366287,7225,2933
3103,2025-02-17,1,5,15,3,869597,9332,567
3104,2025-02-18,2,4,0,1,102114,1986,145
3105,2025-02-19,1,4,0,1,217951,3794,335
3106,2025-02-19,2,4,0,1,1027941,15800,157
3107,2025-02-20,2,1,0,1,1609424,20804,527
3108,2025-02-21,2,1,0,1,104636,2615,70
3109,2025-02-22,2,1,0,1,75370,1428,84
3110,2025-02-23,2,3,0,1,261093,7113,86
3111,2025-02-24,2,1,0,1,232563,3914,102
3112,2025-02-24,1,5,15,3,894126,10084,809
3113,2025-02-25,2,13,0,1,87271,1250,117
3114,2025-02-26,2,3,0,1,37542,923,17
3115,2025-02-27,2,4,0,1,214039,3052,75
3116,2025-02-27,2,4,0,1,212932,3984,109
3117,2025-02-27,1,5,0,1,447373,5680,669
3118,2025-02-28,2,4,0,1,451183,6036,188
3119,2025-03-03,1,5,15,3,443995,5692,529
3120,2025-03-03,2,1,0,1,118738,2878,61
3121,2025-03-04,2,3,0,1,341255,8662,153
3122,2025-03-05,2,1,0,1,251251,5247,102
3123,2025-03-06,2,4,0,1,368498,11152,475
3124,2025-03-07,1,8,13,1,950856,15105,712
3125,2025-03-07,2,5,0,1,291405,4978,102
3126,2025-03-08,2,4,0,1,230491,5760,103
3127,2025-03-09,2,1,0,1,224392,2424,40
3128,2025-03-10,2,13,0,1,388314,8066,129
3129,2025-03-10,1,5,15,3,837733,8370,794
3130,2025-03-11,2,13,0,1,1904514,19566,327
3131,2025-03-11,2,13,0,1,996024,17256,765
3132,2025-03-12,1,8,13,1,3043162,90419,6329
3133,2025-03-14,2,1,0,1,55485,1040,17
3134,2025-03-15,2,11,0,1,187386,6352,94
3135,2025-03-16,2,1,0,1,234252,6302,158
3136,2025-03-17,1,5,15,1,1687968,20526,1102
3137,2025-03-18,2,1,0,1,526993,9882,127
3138,2025-03-19,2,4,0,1,283405,4405,82
3139,2025-03-20,2,1,0,1,98710,2394,52
3140,2025-03-20,1,5,0,1,281918,3923,149
3141,2025-03-22,1,10,18,3,2447358,26225,1607
3142,2025-03-24,1,5,15,1,468636,5241,490
3143,2025-03-24,2,10,0,1,84758,1338,40
3144,2025-03-26,1,4,4,1,407391,3867,227
3145,2025-03-26,2,1,0,1,46257,599,19
3146,2025-03-27,2,4,0,1,2065120,36101,321
3147,2025-03-29,2,11,0,1,423853,5041,69
3148,2025-03-31,1,5,15,3,431079,4781,433
3149,2025-04-02,2,1,0,1,101964,1206,41
3150,2025-04-03,2,11,0,1,75180,689,9
3151,2025-04-07,1,5,15,1,754052,8101,563
3152,2025-04-07,2,1,0,1,2353920,36944,827
3153,2025-04-10,1,11,0,3,730774,8145,560
3154,2025-04-10,2,12,14,1,117390,965,28
3155,2025-04-11,2,11,0,1,555098,4206,221
3156,2025-04-14,1,5,15,3,687153,6454,350
3157,2025-04-15,1,10,18,3,1855552,19595,1512
3158,2025-04-18,2,1,0,1,377268,3684,174
3159,2025-04-21,2,5,0,1,543396,4489,201
3160,2025-04-21,1,5,15,3,504071,5498,439
3161,2025-04-22,2,1,0,1,118847,1779,87
3162,2025-04-24,2,1,0,1,412814,4235,95
3163,2025-04-25,1,11,0,1,856642,11555,539
3164,2025-04-25,2,4,0,1,1205161,12986,244
3165,2025-04-26,2,11,0,1,583392,5194,24
3166,2025-04-27,2,4,0,1,729898,5030,83
3167,2025-04-28,1,5,15,1,1562441,14897,1222
3168,2025-04-29,2,4,0,1,264361,2066,113
3169,2025-04-29,1,4,4,1,608575,4877,540
3170,2025-04-30,2,1,0,1,281977,2408,26
3171,2025-05-02,1,13,0,3,548144,5398,516
3172,2025-05-02,2,13,0,1,621727,5464,364
3173,2025-05-03,2,4,0,1,333479,3195,118
3174,2025-05-05,2,3,0,1,424359,6511,120
3175,2025-05-05,1,5,15,3,629776,7865,499
3176,2025-05-06,2,5,15,1,798073,11041,118
3177,2025-05-10,1,11,0,3,1271254,16929,1260
3178,2025-05-10,2,11,0,1,73266,1240,10
3179,2025-05-12,1,5,15,3,1012209,11351,764
3180,2025-05-12,2,13,0,1,522689,6209,75
3181,2025-05-13,2,4,0,1,90600,1080,62
3182,2025-05-14,2,1,0,1,66096,1187,54
3183,2025-05-15,1,4,4,1,312340,5724,503
3184,2025-05-19,1,5,15,1,632382,7580,463
3185,2025-05-20,2,1,0,1,489436,6567,334
3186,2025-05-21,1,4,4,1,540482,8261,768
3187,2025-05-22,1,8,13,1,355812,7257,1089
3188,2025-05-23,1,13,0,3,443333,4914,628
3189,2025-05-26,1,5,15,1,1830450,17394,745
3190,2025-06-01,1,5,0,3,1339883,14246,637
3191,2025-06-01,2,1,0,3,121776,1945,28
3192,2025-06-02,2,1,0,1,427897,4810,121
3193,2025-06-02,1,5,15,1,1050332,14306,693
3194,2025-06-03,2,11,0,1,151130,1453,52
3195,2025-06-07,2,1,0,1,1348532,25307,376
3196,2025-06-09,2,3,0,1,301142,3653,105
3197,2025-06-09,1,5,15,3,702952,10327,757
3198,2025-06-10,2,4,0,1,116989,1271,34
3199,2025-06-10,2,4,0,1,587499,7918,356
3200,2025-06-13,2,11,0,1,504764,4815,75
3201,2025-06-16,2,4,0,1,38707,454,5
3202,2025-06-16,1,5,15,3,952299,13988,887
3203,2025-06-18,1,8,13,3,329683,8059,840
3204,2025-06-18,2,4,0,1,357816,4706,81
3205,2025-06-19,2,13,0,1,253355,2337,43
3206,2025-06-20,1,11,0,1,641807,7077,380
3207,2025-06-23,1,5,15,1,759329,8046,398
3208,2025-06-24,2,1,0,1,460348,4176,194
3209,2025-06-24,1,4,4,1,565560,7393,556
3210,2025-06-24,2,4,0,1,113540,2042,122
3211,2025-06-25,2,1,0,1,27687,529,11
3212,2025-06-25,1,5,0,3,475989,6002,396
3213,2025-06-26,2,1,0,1,72489,949,59
3214,2025-06-27,1,1,0,1,177057,2755,212
3215,2025-06-27,2,4,0,1,421659,5521,116
3216,2025-06-28,2,11,0,1,272927,1858,39
3217,2025-06-28,2,1,0,1,65479,1353,24
3218,2025-06-29,2,11,0,1,192061,2444,44
3219,2025-06-30,2,4,0,3,194253,2321,125
3220,2025-06-30,1,5,15,3,640141,6609,550
3221,2025-07-01,2,11,0,1,177107,1937,46
3222,2025-07-03,2,4,0,1,926832,16237,242
3223,2025-07-04,2,3,0,1,473339,7162,212
3224,2025-07-05,2,5,0,1,43829,634,17
3225,2025-07-05,1,3,0,3,762212,7959,375
3226,2025-07-07,1,5,15,3,504795,4664,415
3227,2025-07-07,2,1,0,3,35059,557,36
3228,2025-07-09,2,1,0,1,142766,1665,48
3229,2025-07-09,1,5,0,4,337769,4509,716
3230,2025-07-09,2,4,0,1,117052,1446,80
3231,2025-07-10,2,1,0,1,538710,7382,247
3232,2025-07-11,2,11,0,1,844378,9777,131
3233,2025-07-14,1,5,15,3,716269,7537,576
3234,2025-07-16,2,4,0,1,154203,2560,67
3235,2025-07-18,2,5,0,1,148101,2058,17
3236,2025-07-18,1,4,4,1,415734,4127,520
3237,2025-07-21,2,1,0,3,227348,3868,197
3238,2025-07-21,1,5,15,3,656091,11982,1116
3239,2025-07-22,2,3,0,1,175562,1586,45
3240,2025-07-22,2,1,0,1,1222598,14601,172
3241,2025-07-23,1,4,4,3,251394,2213,371
3242,2025-07-24,2,4,0,1,226573,3071,86
3243,2025-07-24,2,4,0,1,95585,1146,62
3244,2025-07-26,2,4,0,1,310015,3545,79
3245,2025-07-28,1,5,15,3,461585,9195,1540
3246,2025-07-30,1,8,0,3,317357,5023,264
3247,2025-07-31,2,4,0,1,475987,6399,257
3248,2025-08-01,2,1,0,1,470569,6245,168
3249,2025-08-04,1,5,15,3,555629,6437,555
3250,2025-08-05,2,1,0,1,245419,2714,77
3251,2025-08-06,1,10,18,1,494325,4801,201
3252,2025-08-07,2,4,0,1,1281218,15260,224
3253,2025-08-07,2,1,0,3,176123,2878,90
3254,2025-08-08,1,4,0,3,983582,8520,1268
3255,2025-08-11,1,5,15,3,938547,9506,417
3256,2025-08-14,2,4,0,1,67937,755,35
3257,2025-08-18,1,5,15,3,462052,5234,601
3258,2025-08-18,2,1,0,1,141186,1619,21
3259,2025-08-18,2,1,0,3,108414,658,35
3260,2025-08-20,2,5,0,1,215573,3574,155
3261,2025-08-20,1,4,0,1,933345,8212,733
3262,2025-08-25,1,5,15,1,446631,5578,558
3263,2025-08-26,2,1,0,1,85587,1601,70
3264,2025-08-26,2,13,0,1,464133,5466,117
3265,2025-08-27,2,1,0,1,71899,1164,31
3266,2025-08-27,1,7,25,3,348133,5495,283
3267,2025-08-28,2,1,0,1,342177,3686,200
3268,2025-08-28,2,1,0,1,249156,2082,97
3269,2025-08-30,2,1,0,1,1547361,21015,569
3270,2025-09-01,1,5,15,1,485646,5083,228
3271,2025-09-02,2,10,0,1,218846,3540,68
3272,2025-09-02,1,11,0,3,1595472,17142,840
3273,2025-09-03,2,11,0,1,241103,3348,30
3274,2025-09-04,2,1,0,1,157712,3291,109
3275,2025-09-05,2,12,0,1,59056,826,19
3276,2025-09-05,2,4,0,1,749803,3083,172
3277,2025-09-06,2,1,0,1,1340631,39597,396
3278,2025-09-08,2,1,0,3,231177,2141,81
3279,2025-09-08,1,5,15,3,494670,5886,315
3280,2025-09-09,1,7,25,1,205002,3355,163
3281,2025-09-09,2,5,0,3,68546,760,21
3282,2025-09-10,2,4,0,1,668955,6734,352
3283,2025-09-10,2,4,0,1,946940,10122,570
3284,2025-09-10,2,4,0,1,1728479,23753,912
3285,2025-09-10,1,5,0,3,1315227,16776,961
3286,2025-09-10,1,4,0,1,758486,11293,828
3287,2025-09-13,2,13,0,1,176612,2034,32
3288,2025-09-15,1,5,15,3,290651,3616,217
3289,2025-09-16,1,7,25,1,876517,10727,378
3290,2025-09-16,2,1,0,1,568135,4137,70
3291,2025-09-17,1,4,0,3,412332,5700,357
3292,2025-09-17,1,5,0,3,975841,12846,818
3293,2025-09-17,1,4,0,3,629372,9364,463
3294,2025-09-17,2,4,0,1,418686,4173,187
3295,2025-09-17,2,5,0,1,583747,8819,436
3296,2025-09-17,2,4,0,1,256121,2493,132
3297,2025-09-17,1,5,0,1,1096036,19234,1160
3298,2025-09-17,2,4,0,1,188242,2410,46
3299,2025-09-19,2,4,0,1,633500,7410,251
3300,2025-09-22,1,5,15,3,604009,6801,604
3301,2025-09-23,1,1,0,1,421449,7856,629
3302,2025-09-23,2,4,0,1,648159,7725,229
3303,2025-09-24,1,4,0,3,755313,11366,590
3304,2025-09-27,1,7,25,1,492206,5831,367
3305,2025-09-29,1,5,15,1,391047,4391,417
3306,2025-10-03,2,4,0,1,203846,2825,72
3307,2025-10-03,1,4,4,1,420024,4169,316
3308,2025-10-03,2,4,0,1,640720,6764,96
3309,2025-10-05,2,1,0,1,622106,7067,163
3310,2025-10-06,2,1,0,1,486228,8235,92
3311,2025-10-06,1,5,15,3,562993,6291,607
3312,2025-10-07,1,1,0,1,1431545,22127,1534
3313,2025-10-11,1,7,25,1,1909072,17730,857
3314,2025-10-13,1,5,15,3,374244,4839,383
3315,2025-10-14,1,1,0,1,200818,3045,433
3316,2025-10-14,2,5,0,3,153062,2345,83
3317,2025-10-16,2,4,0,1,507346,5296,128
3318,2025-10-16,1,5,0,3,698833,7957,611
3319,2025-10-18,2,1,0,1,108595,1361,74
3320,2025-10-20,2,4,0,1,148370,1803,55
3321,2025-10-20,1,5,15,1,539102,5626,460
3322,2025-10-21,1,5,0,3,800554,4782,425
3323,2025-10-27,1,5,15,3,1319576,9908,767
3324,2025-10-28,1,4,0,3,446884,3854,560
3325,2025-10-29,1,1,0,3,642146,7740,453
3326,2025-10-30,1,4,0,1,363810,2431,374
3327,2025-10-31,1,1,0,3,1144986,15516,1667
3328,2025-11-03,1,5,15,3,1130620,8328,1443
3329,2025-11-06,2,13,0,1,103724,830,24
3330,2025-11-06,1,4,4,3,182642,1676,181
3331,2025-11-07,2,1,0,1,116523,1356,33
3332,2025-11-07,1,4,4,3,447642,3402,262
3333,2025-11-10,1,5,15,3,1216837,31707,3086
3334,2025-11-12,2,1,0,3,26122,378,16
3335,2025-11-13,2,13,0,1,117838,1558,71
3336,2025-11-13,2,1,0,1,533772,1959,44
3337,2025-11-14,2,1,0,1,138849,2486,97
3338,2025-11-17,1,10,18,1,549407,5751,450
3339,2025-11-18,1,5,0,3,1436377,24762,1772
3340,2025-11-19,2,4,0,1,737247,7902,542
3341,2025-11-19,1,11,26,3,863669,14413,988
3342,2025-11-20,2,1,0,3,53703,656,9
3343,2025-11-21,1,7,25,3,455669,5766,384
3344,2025-11-21,2,1,0,1,53303,1045,18
3345,2025-11-22,1,10,18,1,569784,5770,878
3346,2025-11-25,1,11,26,3,1298151,25317,1702
3347,2025-11-25,2,11,0,1,48506,1042,20
3348,2025-11-28,2,4,0,1,97313,1182,32
3349,2025-11-29,1,11,26,3,668753,13129,845
3350,2025-12-02,1,10,18,1,1293905,11077,664
3351,2025-12-05,2,1,0,3,63500,1253,83
3352,2025-12-06,2,4,0,1,30965,480,6
3353,2025-12-09,1,11,26,1,574758,8521,566
3354,2025-12-10,1,4,0,3,812558,12916,568
3355,2025-12-15,1,10,18,3,697176,8419,427
3356,2025-12-17,1,10,18,1,319702,2791,226
3357,2025-12-17,2,1,0,1,35932,557,23
3358,2025-12-18,2,4,0,1,385682,3095,182
3359,2025-12-18,1,4,4,1,396115,4365,536
3360,2025-12-20,1,4,4,1,232503,2471,146
3361,2025-12-23,1,11,26,3,483427,8340,527
3362,2025-12-23,2,5,0,1,33640,498,6
3363,2025-12-24,2,13,0,1,70606,919,15
3364,2025-12-25,2,11,0,1,23053,397,5
3365,2025-12-29,1,1,0,1,1579921,6464,629
3366,2025-12-29,2,11,0,1,38326,758,6
3367,2025-12-30,1,11,0,3,1616662,16944,560
3368,2025-12-31,2,11,0,1,64954,748,18
3369,2026-01-03,2,11,0,1,46427,750,12
3370,2026-01-05,1,11,26,3,478199,7753,563
3371,2026-01-06,1,4,0,3,344295,3541,207
3372,2026-01-12,1,7,25,3,637635,9632,422
3373,2026-01-13,1,1,0,1,1443737,10929,872
3374,2026-01-15,1,11,26,1,660247,8313,482
3375,2026-01-19,1,8,13,1,915432,8391,644
3376,2026-01-21,1,11,26,3,540924,7782,319
3377,2026-01-23,2,1,0,1,157332,1541,37
3378,2026-01-23,1,11,26,3,388099,8398,641
3379,2026-01-26,1,5,0,3,558773,8807,670
3380,2026-01-28,2,1,0,1,77354,1379,20
3381,2026-01-28,1,8,27,3,702072,15635,7673
3382,2026-01-29,2,13,0,1,1045865,15095,320
3383,2026-02-02,2,11,0,1,126051,1721,17
3384,2026-02-03,2,1,0,1,263517,3401,43
3385,2026-02-05,2,7,0,1,20363,271,10
3386,2026-02-05,2,11,0,1,380553,6050,98
3387,2026-02-05,1,11,26,1,554555,7499,327
3388,2026-02-06,2,1,0,1,56801,1260,20
3389,2026-02-07,2,14,0,1,405633,7231,239
3390,2026-02-08,1,1,0,1,435496,2892,235
3391,2026-02-10,1,11,0,3,684895,7982,217
3392,2026-02-11,1,4,0,3,522978,10216,517
3393,2026-02-25,1,4,4,1,605163,2559,240
3394,2026-02-26,2,4,0,1,95053,1864,114
3395,2026-02-26,1,1,0,3,610222,7987,410
3396,2026-02-26,2,1,0,1,209544,3799,155
3397,2026-02-26,1,4,0,1,342763,6410,842
3398,2026-02-27,1,1,0,1,296497,4333,358
3399,2026-02-28,1,1,0,3,569885,9949,996
3400,2026-03-03,2,4,0,1,327496,5124,192
3401,2026-03-03,1,5,0,1,537313,6450,277
3402,2026-03-04,2,4,0,1,649109,9923,129
3403,2026-03-04,2,2,0,1,204514,2729,202
3404,2026-03-04,2,4,0,1,287408,3638,139
3405,2026-03-05,2,4,0,1,777349,10720,572
3406,2026-03-05,1,5,0,1,170879,2718,307
3407,2026-03-05,2,4,0,1,88711,1085,37
3408,2026-03-05,2,4,0,1,147799,2210,61
3409,2026-03-05,1,2,0,1,445313,5185,448
3410,2026-03-06,1,5,0,3,1146336,9971,610
3411,2026-03-09,1,5,0,1,391098,4890,468
3412,2026-03-09,2,5,0,1,127976,2139,58
3413,2026-03-11,2,13,0,1,110663,1804,47
3414,2026-03-12,1,1,0,3,588948,6868,1186
3415,2026-03-17,2,1,0,3,26589,366,14
3416,2026-03-18,2,1,0,1,747827,11351,548
3417,2026-03-19,2,3,0,1,191283,3119,67
3418,2026-03-20,2,1,0,1,271397,1148,22
3419,2026-03-20,1,8,27,1,468851,16614,1160
3420,2026-03-21,2,1,0,1,538194,12130,182
3421,2026-03-22,2,1,0,1,1944106,34793,663
3422,2026-03-24,1,5,0,1,385585,4216,330
3423,2026-03-25,1,3,0,3,341024,4457,310
3424,2026-03-26,1,11,0,3,839793,9289,598
3425,2026-03-27,2,3,0,1,675544,13221,234
3426,2026-03-30,1,13,0,3,214256,3123,142
3427,2026-03-30,2,13,0,1,54861,1179,40
3428,2026-03-31,1,5,0,1,121014,848,88
3429,2026-04-08,2,4,0,1,573735,7374,220
3430,2026-04-08,2,3,0,1,542816,7074,164
3431,2026-04-09,1,5,0,1,2067815,23681,1087
3432,2026-04-10,2,4,0,1,312098,5022,136
3433,2026-04-10,1,5,0,1,299973,2403,328
3434,2026-04-14,1,10,18,3,734341,7520,480
3435,2026-04-15,1,8,0,3,313535,3515,269
3436,2026-04-16,1,4,0,3,216832,1590,247
3437,2026-04-16,2,13,0,1,153221,2078,35
3438,2026-04-27,2,6,0,1,106037,1839,144
3439,2026-04-29,1,8,27,3,445804,6665,518
3440,2026-05-05,1,13,0,3,459575,5598,357
3441,2026-05-06,1,2,0,1,857162,6461,348
3442,2026-05-08,1,4,0,3,730446,5633,655
3443,2026-05-12,1,10,18,1,3707731,67017,4798
3444,2026-05-12,2,4,0,1,371472,3571,99
3445,2026-05-13,2,4,0,1,418003,5684,281
3446,2026-05-13,2,10,0,1,294107,3258,107
3447,2026-05-14,2,10,0,1,912394,12502,460
3448,2026-05-14,1,4,0,3,653737,8027,1071
3449,2026-05-15,1,5,0,1,671110,9376,567
3450,2026-05-16,2,4,0,1,77355,814,12
3451,2026-05-16,1,4,4,3,255003,1174,219
3452,2026-05-17,2,4,0,1,134167,1933,59
3453,2026-05-21,1,13,0,1,458502,3818,527
3454,2026-05-21,2,3,0,1,66611,675,31
3455,2026-05-22,1,10,18,3,196829,2327,351
3456,2026-05-25,2,13,0,1,2106201,25583,789
3457,2026-05-26,1,11,28,3,1406085,21167,1715
3458,2026-05-27,2,11,28,1,935052,12986,162
3459,2026-05-29,1,3,29,3,1572936,35090,3577
3460,2026-05-30,2,4,0,1,151896,2537,118
3461,2026-05-31,2,1,0,1,239578,4368,108
3462,2026-06-01,2,3,29,1,51125,981,27
3463,2026-06-01,1,5,0,3,676389,9420,963
3464,2026-06-02,2,13,0,1,258842,3995,167
3465,2026-06-02,2,4,0,1,271321,4393,77
3466,2026-06-04,2,4,0,1,539162,2970,35
3467,2026-06-06,2,4,0,1,139502,2410,117
3468,2026-06-06,1,14,0,1,983286,10311,1087
3469,2026-06-09,2,4,0,1,128824,2072,39
3470,2026-06-09,1,4,0,1,550742,6342,408
3471,2026-06-10,2,4,0,1,138996,2074,56
3472,2026-06-11,1,3,0,3,860298,9568,1081
3473,2026-06-15,1,11,28,1,1627974,27626,2298
3474,2026-06-16,2,13,0,1,321742,4158,242
3475,2026-06-16,2,4,0,1,104699,1781,59
3476,2026-06-17,2,13,0,1,605937,10119,147
3477,2026-06-17,2,3,0,1,48252,663,23
3478,2026-06-21,1,1,0,3,954430,17062,706
3479,2026-06-23,2,4,0,1,111595,1923,39
3480,2026-06-24,2,4,0,1,98556,2005,35
3481,2026-06-25,1,4,4,1,271075,4170,493
3482,2026-06-25,2,4,0,1,73144,1063,23
3483,2026-06-26,1,3,29,3,1276172,24307,2414
3484,2026-07-09,2,11,0,1,796566,11591,384
3485,2026-07-11,2,11,0,1,255333,4756,83
3486,2026-07-11,1,11,0,3,3890576,64666,5152
3487,2026-07-14,2,4,0,1,125507,2652,70
3488,2026-07-15,2,1,0,1,1291936,33551,384
3489,2026-07-17,2,4,0,1,821810,12699,704
3490,2026-07-19,2,11,0,1,158444,1860,45
3491,2026-07-20,1,13,0,3,922143,15286,1592
3492,2026-07-20,2,13,0,3,127001,1787,113
3493,2026-07-22,2,1,0,1,33611,518,12
3494,2026-07-22,1,4,4,1,343121,3967,333
3495,2026-07-22,2,4,0,1,90827,1582,73
3496,2026-07-23,2,5,0,1,136651,1764,95
3497,2026-07-24,1,3,29,3,1098210,20599,1632
3498,2026-07-28,1,11,28,3,1233594,20735,793
3499,2026-07-30,2,3,0,1,56309,1792,28
3500,2026-07-30,1,10,18,3,908940,11550,864
3501,2026-07-31,2,1,0,1,58799,2550,202
3502,2026-07-31,1,1,0,1,1133627,18866,973
3503,2026-08-02,2,11,28,1,185778,3626,39
3504,2026-08-03,1,4,0,3,343999,3876,435
3505,2026-08-05,2,1,0,1,879874,17972,231
3506,2026-08-06,2,8,13,1,410155,9447,272
3507,2026-08-10,2,4,0,1,262258,2988,109
3508,2026-08-11,2,4,0,1,428144,4896,282
3509,2026-08-14,1,5,0,3,1277594,21968,3704
3510,2026-08-14,2,5,0,1,78268,1702,42
3511,2026-08-15,2,1,0,1,239209,4899,235
3512,2026-08-28,1,3,29,1,1597184,22098,4110
3513,2026-09-04,1,9,0,3,1018809,12179,1060
3514,2026-09-07,1,1,0,3,1793630,31048,5234
3515,2026-09-10,2,8,0,1,556226,7460,296
3516,2026-09-10,1,4,0,1,1698932,24415,2641
3517,2026-09-14,2,4,0,1,466938,5869,128
3518,2026-09-16,2,4,0,1,89716,1574,47
3519,2026-09-16,1,4,4,1,1364211,16069,1076
3520,2026-09-17,1,11,28,3,825846,9906,797
3521,2026-09-22,1,3,29,3,988188,9789,972
3522,2026-09-23,2,3,0,1,43674,567,25
3523,2026-09-25,1,11,28,3,1514128,15023,933
3524,2026-10-01,2,1,0,3,49221,1158,51
3525,2026-10-01,1,4,4,1,830745,5177,396
3526,2026-10-02,2,4,0,1,76982,1062,33
3527,2026-10-02,2,5,0,1,341891,5629,128
3528,2026-10-08,1,1,0,3,535029,6694,392
